symbol,tf_pair,exit_mode,cascade_phase_filter,bias_filter,tl_break_filter,htf_level_break_context,m15_tl_state,flip_window,direction,spread_pips,total_trades,win_rate,avg_r,total_r,profit_factor,expectancy_r,sqn,sharpe,sortino,calmar,max_dd_r,avg_win_r,avg_loss_r,largest_win_r,largest_loss_r,max_win_streak,max_loss_streak,avg_hold_hours,avg_sl_pips,flip_count,avg_flip_pips,avg_flip_duration_mins,gross_pnl_pips,total_spread_cost_pips,net_after_spread,safety_sl_hits,open_at_close,total_pnl_pips
GBPUSD,M5@M15,signal_flip,any,any,any,any,any,always,both,1.5,32197,0.8247662825729105,0.958794421770806,30870.303997754527,36.92215081581857,0.9587944217708059,96.1616767560813,0.5359130388834016,0.5999304015638759,355.81846530874725,86.7585777791719,1.251999634840058,-0.4212240881643215,40.49999999988343,-86.21706417745122,65,12,0.4754195525463035,5.179542918868254,32196,5.454723041730954,28.525127345011803,214669.0566411683,48295.5,166373.5566411683,0,1,166373.5566411683
GBPUSD,M5@M15,signal_flip,h4_correction,any,any,any,any,windowed,both,1.5,2173,0.7975149562816383,0.9090710942777518,1975.4114878655612,20.786603193959674,0.9090710942777517,24.67862546977783,0.5294087364711567,1.405491708933139,261.32387219257413,7.55924620009398,1.255238287087659,-0.4543555992212695,24.99999999999013,-6.823529411764859,33,10,0.43913943856419696,4.988214436153844,2021,4.318664437317963,19.539831766452252,13277.806288681571,3259.5,10018.306288681571,0,0,10018.306288681571
GBPUSD,M5@M15,signal_flip,any,any,after_correction_break,any,any,windowed,both,1.5,31821,0.8238584582508406,0.9575136506327264,30469.041876783875,36.1736060249687,0.9575136506327265,95.3758852621881,0.5346648951097576,0.5947920608413781,351.19342267616753,86.7585777791719,1.2530108451593884,-0.4246013273710144,40.49999999988343,-86.21706417745122,61,12,0.47738128908582383,5.157325241807857,31652,5.3497702155392615,28.201219512195124,211240.38317986514,47731.5,163508.88317986514,0,1,163508.88317986514
GBPUSD,M5@M15,signal_flip,h4_correction,any,after_correction_break,any,any,windowed,both,1.5,2169,0.8008298755186722,0.9165638072927347,1988.026898017948,22.738995606675225,0.9165638072927348,24.9145531852879,0.5349624842706376,1.4499354138404303,262.9927436406598,7.55924620009398,1.2549636825375663,-0.44408569108752544,24.99999999999013,-6.823529411764859,33,10,0.4371446134931612,4.98111294398479,2019,4.33874236147578,19.43288756810302,13373.883407438901,3253.5,10120.383407438901,0,0,10120.383407438901
GBPUSD,M5@M15,signal_flip,any,any,any,any,after_correction_break,windowed,both,1.5,32220,0.824487895716946,0.9580797330697906,30869.32899950854,36.82699296398091,0.9580797330697907,96.07739402317463,0.5352521825191439,0.5982468546910655,355.8072272470945,86.7585777791719,1.2521052636508545,-0.42313834294894764,40.49999999988343,-86.21706417745122,65,12,0.4752741568384027,5.177181870982924,32219,5.4518989109588,28.516403364474378,214712.90011689966,48330.0,166382.90011689966,0,1,166382.90011689966
GBPUSD,M5@M15,signal_flip,any,any,any,after_h4_lo_x,any,windowed,both,1.5,19987,0.5928353429729324,0.4816165193601391,9626.069372451075,2.9662383528331073,0.48161651936013916,41.03419498017778,0.29024992186856213,0.41395307861676967,107.25056299432165,89.7530894356305,1.1616921245705045,-0.5085795787152626,33.560309885170675,-86.21706417745122,38,25,0.587198345591301,7.78140482780181,10696,6.034614504448526,35.193062827225134,84962.22363007549,29980.5,54981.723630075496,0,1,54981.723630075496
GBPUSD,M5@M15,signal_flip,h4_correction,any,any,any,after_correction_break,windowed,both,1.5,2173,0.7975149562816383,0.9090710942777518,1975.4114878655612,20.786603193959674,0.9090710942777517,24.67862546977783,0.5294087364711567,1.405491708933139,261.32387219257413,7.55924620009398,1.255238287087659,-0.4543555992212695,24.99999999999013,-6.823529411764859,33,10,0.43913943856419696,4.988214436153844,2021,4.318664437317963,19.539831766452252,13277.806288681571,3259.5,10018.306288681571,0,0,10018.306288681571
GBPUSD,M5@M15,signal_flip,h4_correction,any,any,after_h4_lo_x,after_correction_break,windowed,both,1.5,1336,0.5441616766467066,0.39686239389552364,530.2081582444193,2.36884035880584,0.3968623938955235,9.541427266047984,0.261041835775251,0.6415110279555358,40.33943637273422,13.143667981508827,1.1671736205810803,-0.5227045384532444,23.087425914003013,-7.153846153848913,19,11,0.5687999001996008,7.755732500719959,604,4.461647072003577,19.70198675496689,4871.66372748474,2004.0,2867.6637274847394,0,0,2867.6637274847394
EURUSD,M5@M15,signal_flip,any,any,any,any,any,always,both,1.0,32278,0.8565586467563046,1.0352872662786226,33417.00238094123,56.96051925264679,1.0352872662786223,108.45809777463828,0.6036826225308114,1.6963122193707583,1896.6592761424383,17.618874829699052,1.2681468509744778,-0.35523148051857206,61.00000000027756,-17.618874829699376,91,10,0.4743969060453973,4.36341524198374,32277,4.787677393967646,28.463766768906652,181487.7828192524,32278.0,149209.7828192524,0,1,149209.7828192524
EURUSD,M5@M15,signal_flip,h4_correction,any,any,any,any,windowed,both,1.0,2384,0.8330536912751678,0.9980019271895703,2379.236594419936,30.845807529529893,0.9980019271895704,30.394869178205166,0.6225111762696502,1.7952147074270624,386.77337577149007,6.151500448225306,1.264625044042886,-0.3324340277618993,20.920000000010976,-5.79467617529813,40,6,0.44816135346756153,4.399662016617396,2231,4.045658027346964,25.77319587628866,12837.278553383201,2384.0,10453.278553383201,0,0,10453.278553383201
EURUSD,M5@M15,signal_flip,any,any,after_correction_break,any,any,windowed,both,1.0,31972,0.8558738896534468,1.0320422360976982,32996.45437251541,55.89900792632144,1.032042236097698,108.18067268848138,0.605013096114288,1.690867315200855,1872.7901010395576,17.618874829699052,1.2655781266130863,-0.3547798359646037,61.00000000027756,-17.618874829699376,90,10,0.4755906209600067,4.335872615263355,31817,4.66472851305893,28.098972247540623,178119.54778528996,31972.0,146147.54778528996,0,1,146147.54778528996
EURUSD,M5@M15,signal_flip,h4_correction,any,after_correction_break,any,any,windowed,both,1.0,2373,0.8352296670880741,1.0057974810768489,2386.757422595363,33.88125727701597,1.0057974810768489,30.656495182406616,0.6293230420903942,2.1289448391451127,410.7721292212278,5.810417145682095,1.2657509819591621,-0.31192077659257517,20.920000000010976,-5.79467617529813,40,6,0.447921056328136,4.388366474255112,2219,4.039305838497303,25.74808472284813,12829.693133709448,2373.0,10456.693133709448,0,0,10456.693133709448
EURUSD,M5@M15,signal_flip,any,any,any,any,after_correction_break,windowed,both,1.0,32280,0.8565365551425032,1.0352788771869652,33418.80215559508,57.00379426852409,1.035278877186965,108.46646017200199,0.6037104648325573,1.6973583533448862,1896.7614265164689,17.618874829699052,1.2681165634481235,-0.3548591464439515,61.00000000027756,-17.618874829699376,91,10,0.47438042131350683,4.3632756770210595,32279,4.787361491112026,28.46277765730041,181493.1611457638,32280.0,149213.1611457638,0,1,149213.1611457638
EURUSD,M5@M15,signal_flip,any,any,any,after_h4_lo_x,any,windowed,both,1.0,20062,0.6166882663742399,0.5181095473279875,10394.313738494082,3.291619155641957,0.5181095473279875,48.38641941486303,0.3416145600174885,0.7757255621488838,505.9609403020688,20.54370784489504,1.13418612951802,-0.47306073548801797,48.015731881798956,-12.689655172408829,37,20,0.5886626457980261,6.744915432696666,10482,5.234058453027576,31.803091013165428,70250.10240891961,20062.0,50188.102408919614,0,1,50188.102408919614
EURUSD,M5@M15,signal_flip,h4_correction,any,any,any,after_correction_break,windowed,both,1.0,2384,0.8330536912751678,0.9980019271895703,2379.236594419936,30.845807529529893,0.9980019271895704,30.394869178205166,0.6225111762696502,1.7952147074270624,386.77337577149007,6.151500448225306,1.264625044042886,-0.3324340277618993,20.920000000010976,-5.79467617529813,40,6,0.44816135346756153,4.399662016617396,2231,4.045658027346964,25.77319587628866,12837.278553383201,2384.0,10453.278553383201,0,0,10453.278553383201
EURUSD,M5@M15,signal_flip,h4_correction,any,any,after_h4_lo_x,after_correction_break,windowed,both,1.0,1454,0.6031636863823934,0.466453478527857,678.2233577795049,2.9397496398963274,0.4664534785278571,12.860369010448972,0.3372649633325248,0.748351608204157,69.31137705695234,9.785166398039053,1.0923369757984622,-0.48484604851949253,16.923973498876435,-5.79467617529813,16,11,0.5298601558917927,6.689646787645968,675,4.553155789562666,27.6,4827.365366131775,1454.0,3373.3653661317753,0,0,3373.3653661317753
USDJPY,M5@M15,signal_flip,any,any,any,any,any,always,both,1.0,31520,0.9331535532994923,1.2765279095925273,40236.1597103565,128.72961760071283,1.276527909592527,113.44686247640001,0.6389978324513419,2.3114495669050954,4964.668429333585,8.104500891262433,1.3917886238416473,-0.3324722746549171,79.77605985336561,-7.000000000014211,152,5,0.48587140439932314,7.914268317953242,31519,9.62793209360465,29.152891906469115,330313.362618143,31520.0,298793.362618143,0,1,298793.362618143
USDJPY,M5@M15,signal_flip,h4_correction,any,any,any,any,windowed,both,1.0,2229,0.9210408254822791,1.2433932138501906,2771.5234736720777,56.09803786330984,1.2433932138501909,36.248311363817116,0.7677728409919448,2.2301866276556948,650.7055112097783,4.259259259260489,1.38145859395853,-0.36710806661810624,19.002595269443923,-4.259259259260624,126,3,0.49046657694033197,7.573898308316053,2064,8.168203429905306,22.870639534883722,22316.358290003824,2229.0,20087.358290003824,0,0,20087.358290003824
USDJPY,M5@M15,signal_flip,any,any,after_correction_break,any,any,windowed,both,1.0,31186,0.9327903546463157,1.2761902960239704,39799.270571803565,125.4629344699829,1.2761902960239704,112.61439149363972,0.6376965350060811,2.306882016553494,4910.761452899792,8.104500891262433,1.3921590764459375,-0.33331916126373085,79.77605985336561,-7.000000000014211,152,5,0.48735543726885994,7.869889908026571,31032,9.443314637661699,28.718741943799948,324814.53906799963,31186.0,293628.53906799963,0,1,293628.53906799963
USDJPY,M5@M15,signal_flip,h4_correction,any,after_correction_break,any,any,windowed,both,1.0,2224,0.9226618705035972,1.2452957820507788,2769.5378192809344,59.97245106495123,1.245295782050779,36.44474580151958,0.7728007483462377,2.3832352871998483,650.2393140918578,4.259259259260489,1.3793662365288928,-0.35419591904857967,19.002595269443923,-4.259259259260624,126,3,0.4899580335731415,7.5500522337350775,2060,8.155021295415741,22.82766990291262,22314.430279235698,2224.0,20090.430279235698,0,0,20090.430279235698
USDJPY,M5@M15,signal_flip,any,any,any,any,after_correction_break,windowed,both,1.0,31518,0.9331493115045371,1.276566673184234,40234.82840542073,128.72726643437284,1.276566673184234,113.44345097932437,0.6389988900711019,2.311519757369862,4964.504161977256,8.104500891262433,1.3918380023840944,-0.3324722746549171,79.77605985336561,-7.000000000014211,152,5,0.48588372781690886,7.914516700992645,31516,9.628436085109945,29.153128569615433,330305.862618143,31518.0,298787.862618143,0,1,298787.862618143
USDJPY,M5@M15,signal_flip,any,any,any,after_h4_lo_x,any,windowed,both,1.0,19294,0.6853425935523997,0.7160458103320397,13815.387864546277,4.615777773113381,0.7160458103320397,52.75817450105506,0.3798206939414552,1.119751127668043,603.5389086139662,22.890633341723515,1.250027809518466,-0.4469988240349697,79.77605985336561,-10.72413793103607,44,17,0.5934271448809647,12.002307353751803,10146,10.882492336956672,31.664202641435047,134346.22104658227,19294.0,115052.22104658229,0,1,115052.22104658229
USDJPY,M5@M15,signal_flip,h4_correction,any,any,any,after_correction_break,windowed,both,1.0,2229,0.9210408254822791,1.2433932138501906,2771.5234736720777,56.09803786330984,1.2433932138501909,36.248311363817116,0.7677728409919448,2.2301866276556948,650.7055112097783,4.259259259260489,1.38145859395853,-0.36710806661810624,19.002595269443923,-4.259259259260624,126,3,0.49046657694033197,7.573898308316053,2064,8.168203429905306,22.870639534883722,22316.358290003824,2229.0,20087.358290003824,0,0,20087.358290003824
USDJPY,M5@M15,signal_flip,h4_correction,any,any,after_h4_lo_x,after_correction_break,windowed,both,1.0,1334,0.6664167916041979,0.6697133485488098,893.397606964112,4.065378232109977,0.6697133485488098,14.909411565778617,0.4082090121855655,1.0430249184947475,74.05425064026954,12.064096243494987,1.256695244502918,-0.5029313829190604,17.392156862749292,-5.01707656080038,20,10,0.67103948025987,11.500955942583566,564,9.738441005630232,21.45390070921986,8709.30399896206,1334.0,7375.303998962058,0,0,7375.303998962058
USDCHF,M5@M15,signal_flip,any,any,any,any,any,always,both,1.5,32019,0.7292232736812517,0.8136892246799036,26053.51528502579,17.23483685969827,0.8136892246799035,71.25806780522629,0.3982265029449682,1.2847680586758063,854.3059507351857,30.496703508391874,1.2882039734751547,-0.46421675797526585,128.70776516972185,-22.971316819320688,78,15,0.47824208542844354,3.726757476689114,32018,3.7041943287061314,28.695109001186832,153622.65235389653,48028.5,105594.15235389654,0,1,105594.15235389654
USDCHF,M5@M15,signal_flip,h4_correction,any,any,any,any,windowed,both,1.5,2512,0.7082006369426752,0.7591987982374776,1907.1073811725475,11.819598313350582,0.7591987982374778,23.53446896236003,0.46956377529424675,1.3577327193108872,170.07067665834978,11.213616707151004,1.2688828968723596,-0.4778107672078904,22.92493682312358,-5.277413747384695,25,9,0.48424230360934184,3.596583361258455,2352,3.0320577984823243,20.771683673469386,11127.286476889814,3768.0,7359.286476889814,0,0,7359.286476889814
USDCHF,M5@M15,signal_flip,any,any,after_correction_break,any,any,windowed,both,1.5,31661,0.7280565996020341,0.8117069540139381,25699.453871035283,16.959025487668082,0.8117069540139379,70.65157961447383,0.3970631304871473,1.2823989379158418,842.6961249750643,30.496703508391874,1.288193754274389,-0.4639605526996113,128.70776516972185,-22.971316819320688,78,15,0.48007538191044713,3.700234560093825,31499,3.6330065180113773,28.15105241436236,150934.815202792,47491.5,103443.315202792,0,1,103443.315202792
USDCHF,M5@M15,signal_flip,h4_correction,any,after_correction_break,any,any,windowed,both,1.5,2505,0.7101796407185629,0.7643175654113143,1914.6155013553462,12.478338552906429,0.7643175654113143,23.678954589765798,0.4731062218902788,1.3802414158872722,170.7402305033649,11.213616707151004,1.2688454442664077,-0.4719842203782325,22.92493682312358,-5.277413747384695,25,9,0.48389886892880907,3.5907592361675587,2346,3.035541517205495,20.73316283034953,11167.58647688981,3757.5,7410.086476889811,0,0,7410.086476889811
USDCHF,M5@M15,signal_flip,any,any,any,any,after_correction_break,windowed,both,1.5,32029,0.7290892628555372,0.8133408554759175,26050.49426003812,17.225892095440276,0.8133408554759176,71.24510858479248,0.39809192009863925,1.2842970136924758,854.2068900289411,30.496703508391874,1.2880993013854407,-0.4643541115494585,128.70776516972185,-22.971316819320688,78,15,0.47814220446054095,3.7260108952275717,32028,3.703210639410596,28.689115773698013,153636.19703676138,48043.5,105592.69703676138,0,1,105592.69703676138
USDCHF,M5@M15,signal_flip,any,any,any,after_h4_lo_x,any,windowed,both,1.5,20799,0.5534400692340978,0.42737546849972197,8888.982369325702,2.6960098008492968,0.4273754684997222,28.987006776608716,0.20099356097114437,0.6749256383079193,208.04158312000365,42.72695023762779,1.2137497554713235,-0.5472104937451212,128.70776516972185,-10.185813593206214,29,18,0.5729522252672404,5.484138521954631,12104,4.01818727826097,35.70803040317251,68361.16548916016,31198.5,37162.665489160165,0,1,37162.665489160165
USDCHF,M5@M15,signal_flip,h4_correction,any,any,any,after_correction_break,windowed,both,1.5,2512,0.7082006369426752,0.7591987982374776,1907.1073811725475,11.819598313350582,0.7591987982374778,23.53446896236003,0.46956377529424675,1.3577327193108872,170.07067665834978,11.213616707151004,1.2688828968723596,-0.4778107672078904,22.92493682312358,-5.277413747384695,25,9,0.48424230360934184,3.596583361258455,2352,3.0320577984823243,20.771683673469386,11127.286476889814,3768.0,7359.286476889814,0,0,7359.286476889814
USDCHF,M5@M15,signal_flip,h4_correction,any,any,after_h4_lo_x,after_correction_break,windowed,both,1.5,1617,0.5250463821892394,0.35352145474552416,571.6441923235119,2.115543955643459,0.35352145474552427,9.244985323542661,0.22990648206673361,0.546769473282904,28.175305201033144,20.288837627304588,1.189080210508893,-0.5701626385397623,22.92493682312358,-6.200000000000777,14,18,0.5162853019995878,5.449109181927294,789,3.1390464306200134,19.809885931558934,4599.773269637258,2425.5,2174.2732696372577,0,0,2174.2732696372577
USDCAD,M5@M15,signal_flip,any,any,any,any,any,always,both,1.5,23610,0.7691232528589581,0.806452753874699,19040.34951898172,23.259420628901793,0.8064527538746991,24.96975996419639,0.16250486750857873,0.08151425185416675,25.728833107309484,740.0393729310799,1.2287302025608282,-0.6002865949954935,40.56119838637302,-715.2877596054888,84,10,0.46843145559791044,4.262924467321333,23609,4.281313016005875,28.106442458384514,128166.80645152103,35415.0,92751.80645152103,0,1,92751.80645152103
USDCAD,M5@M15,signal_flip,h4_correction,any,any,any,any,windowed,both,1.5,1635,0.7602446483180428,0.8339197187254825,1363.4587401161643,14.914144049042163,0.8339197187254825,18.74692719689189,0.46362966300626807,0.886687500494874,102.08498500007165,13.356114418934453,1.251533530714821,-0.4902995881692824,29.803889633394576,-13.356114418934473,55,6,0.45932721712538227,4.5476793906358814,1504,4.134685678996058,25.086436170212767,8974.193731736867,2452.5,6521.6937317368665,0,0,6521.6937317368665
USDCAD,M5@M15,signal_flip,any,any,after_correction_break,any,any,windowed,both,1.5,23296,0.7679429945054945,0.8017112022928434,18676.664168614127,22.755270133817543,0.8017112022928433,24.533075610679912,0.16073531975517544,0.08072092592685413,25.237392565535146,740.0393729310799,1.2258541584666691,-0.6018991354707051,40.56119838637302,-715.2877596054888,83,10,0.47017728365384615,4.226866187081453,23173,4.15057875565634,27.376472618996246,125144.47242040795,34944.0,90200.47242040795,0,1,90200.47242040795
USDCAD,M5@M15,signal_flip,h4_correction,any,after_correction_break,any,any,windowed,both,1.5,1590,0.7635220125786164,0.8402510774272437,1335.999213109318,19.34451730888919,0.8402510774272437,20.15188789660161,0.5053789821467869,1.3284226885800487,137.04468155391294,9.748639625856185,1.2397472745242386,-0.44961164405082,29.803889633394576,-5.666666666679003,55,6,0.45985324947589096,4.4757940876975,1489,4.069614234578271,24.979852249832103,8808.60796327905,2385.0,6423.607963279051,0,0,6423.607963279051
USDCAD,M5@M15,signal_flip,any,any,any,any,after_correction_break,windowed,both,1.5,23611,0.7691753843547499,0.8065828072281092,19044.226661462963,23.2868491778722,0.8065828072281089,24.974862169396452,0.162534630965826,0.08151968258339305,25.734072210285703,740.0393729310799,1.2287716828707562,-0.6002744717711781,40.56119838637302,-715.2877596054888,84,10,0.4684504397667754,4.2627035512454645,23610,4.281343455945899,28.107581533248624,128182.30645152103,35416.5,92765.80645152103,0,1,92765.80645152103
USDCAD,M5@M15,signal_flip,any,any,any,after_h4_lo_x,any,windowed,both,1.5,14928,0.5587486602357985,0.3461889489305639,5167.908629635458,2.555926415913966,0.34618894893056396,6.965972744188032,0.05701392730556305,0.038887758037736184,6.976867720413909,740.720454612384,1.1415895395089906,-0.6610125579792062,40.56119838637302,-715.2877596054888,34,25,0.571297784923187,6.270757168736768,8178,4.6834402823696895,31.485081927121545,51358.26673232613,22392.0,28966.26673232613,0,0,28966.26673232613
USDCAD,M5@M15,signal_flip,h4_correction,any,any,any,after_correction_break,windowed,both,1.5,1635,0.7602446483180428,0.8339197187254825,1363.4587401161643,14.914144049042163,0.8339197187254825,18.74692719689189,0.46362966300626807,0.886687500494874,102.08498500007165,13.356114418934453,1.251533530714821,-0.4902995881692824,29.803889633394576,-13.356114418934473,55,6,0.45932721712538227,4.5476793906358814,1504,4.134685678996058,25.086436170212767,8974.193731736867,2452.5,6521.6937317368665,0,0,6521.6937317368665
USDCAD,M5@M15,signal_flip,h4_correction,any,any,after_h4_lo_x,after_correction_break,windowed,both,1.5,1088,0.6112132352941176,0.5156296754289214,561.0050868666668,3.584260739981065,0.5156296754289216,8.941978323462358,0.2710935377177855,0.5951033925453609,34.58723145167965,16.220005572010677,1.1911227037285226,-0.5463156291082765,29.803889633394576,-13.356114418934473,22,10,0.45128676470588236,6.542860424580812,588,4.887011719581615,19.67687074829932,4672.49553880142,1632.0,3040.4955388014196,0,0,3040.4955388014196
AUDUSD,M5@M15,signal_flip,any,any,any,any,any,always,both,1.2,23483,0.7894647191585402,0.9042373255734525,21234.205116441393,28.00768864880927,0.9042373255734526,80.04602296659924,0.522351649058371,1.1671769032501234,733.509871464679,28.94876530296824,1.2474296004376817,-0.382664289254206,62.84909826746216,-22.353575159909212,110,14,0.47099674942156733,3.5744500350109623,23482,3.6239067112860903,28.25973085767822,107417.2898278354,28179.6,79237.68982783539,0,1,79237.68982783539
AUDUSD,M5@M15,signal_flip,h4_correction,any,any,any,any,windowed,both,1.2,1786,0.7984322508398656,0.9657071602056971,1724.7529881273747,22.313951373516723,0.9657071602056971,23.310898147548595,0.5515924073987888,1.5445192257754885,197.4995119858779,8.732948100908231,1.3034566531139062,-0.3721561089251532,23.1672003821312,-8.732948100908226,35,8,0.4617861142217245,3.987879992616849,1646,3.600586116849392,21.47023086269745,8730.928234127176,2143.2,6587.728234127175,0,0,6587.728234127175
AUDUSD,M5@M15,signal_flip,any,any,after_correction_break,any,any,windowed,both,1.2,23157,0.788055447596839,0.9009221743889749,20862.654792325488,27.359201816609588,0.9009221743889749,79.39793879070251,0.5217567547846944,1.1636297414324275,720.675115984527,28.94876530296824,1.2460891747806655,-0.382482998827806,62.84909826746216,-22.353575159909212,110,14,0.47304990571605415,3.5592246198596653,23034,3.555902214621075,27.96735260918642,105350.14438161335,27788.399999999998,77561.74438161336,0,1,77561.74438161336
AUDUSD,M5@M15,signal_flip,h4_correction,any,after_correction_break,any,any,windowed,both,1.2,1744,0.7998853211009175,0.9758563711141823,1701.8935112231336,23.282323416683354,0.9758563711141826,23.28920012158972,0.5576752009558567,2.281387025410581,304.98576046305254,5.580239249987244,1.308471514025945,-0.35365114854744745,23.1672003821312,-2.586653089346075,35,8,0.46449732415902145,3.970635644861602,1630,3.560554951234787,21.401840490797547,8559.997653804978,2092.7999999999997,6467.197653804978,0,0,6467.197653804978
AUDUSD,M5@M15,signal_flip,any,any,any,any,after_correction_break,windowed,both,1.2,23483,0.7894647191585402,0.9042373255734525,21234.205116441393,28.00768864880927,0.9042373255734526,80.04602296659924,0.522351649058371,1.1671769032501234,733.509871464679,28.94876530296824,1.2474296004376817,-0.382664289254206,62.84909826746216,-22.353575159909212,110,14,0.47099674942156733,3.5744500350109623,23482,3.6239067112860903,28.25973085767822,107417.2898278354,28179.6,79237.68982783539,0,1,79237.68982783539
AUDUSD,M5@M15,signal_flip,any,any,any,after_h4_lo_x,any,windowed,both,1.2,14985,0.5712379045712379,0.44155586198851204,6616.714591897906,2.706109314173394,0.44155586198851204,34.44168399778159,0.28135588538559264,0.5687654321826524,213.28242043012855,31.023253480309904,1.1543045748521423,-0.5080361974842779,39.66666666665104,-22.353575159909212,41,17,0.5911244577911244,5.294092694764209,8302,3.8710451288724967,33.29258010118044,43373.386024699576,17982.0,25391.386024699576,0,1,25391.386024699576
AUDUSD,M5@M15,signal_flip,h4_correction,any,any,any,after_correction_break,windowed,both,1.2,1786,0.7984322508398656,0.9657071602056971,1724.7529881273747,22.313951373516723,0.9657071602056971,23.310898147548595,0.5515924073987888,1.5445192257754885,197.4995119858779,8.732948100908231,1.3034566531139062,-0.3721561089251532,23.1672003821312,-8.732948100908226,35,8,0.4617861142217245,3.987879992616849,1646,3.600586116849392,21.47023086269745,8730.928234127176,2143.2,6587.728234127175,0,0,6587.728234127175
AUDUSD,M5@M15,signal_flip,h4_correction,any,any,after_h4_lo_x,after_correction_break,windowed,both,1.2,1141,0.5705521472392638,0.4400711925632227,502.1212307146373,2.2610018888878107,0.4400711925632229,9.872561035822375,0.2922718611954617,0.6207784719852998,38.79862587292438,12.941727172483255,1.1506055385538854,-0.5039244385386575,12.333333333332254,-8.732948100908226,29,10,0.551562956470932,6.2764699295592825,551,3.4412274040629147,25.217785843920144,3051.921192696376,1369.2,1682.7211926963757,0,0,1682.7211926963757
NZDUSD,M5@M15,signal_flip,any,any,any,any,any,always,both,1.5,26757,0.7075905370557237,0.724972212750598,19398.081496567655,13.655660550464136,0.7249722127505976,28.9297136023606,0.17685829135141198,0.10403258967625578,32.09238304464319,604.4450320059841,1.2408861222288277,-0.5234682330765148,126.33992315863887,-595.9383017374138,77,16,0.4753491298227255,3.272553756775092,26756,3.0620172340638345,28.520892510091194,110886.67912997327,40135.5,70751.17912997327,0,1,70751.17912997327
NZDUSD,M5@M15,signal_flip,h4_correction,any,any,any,any,windowed,both,1.5,2087,0.6966938188787734,0.7096328855132988,1481.003832066252,10.302123814118609,0.7096328855132988,19.838473571895385,0.4342572009316514,0.8894080772403419,116.112529957246,12.754901065471358,1.2304357688173049,-0.4866505146826329,18.789725168617533,-10.597848941048465,26,9,0.45655646062929245,3.477716703156434,1960,2.8136210238278805,20.757653061224488,8671.17334369709,3130.5,5540.673343697089,0,0,5540.673343697089
NZDUSD,M5@M15,signal_flip,any,any,after_correction_break,any,any,windowed,both,1.5,26375,0.7061611374407583,0.7219897424541136,19042.479457227164,13.367587039136005,0.7219897424541136,28.477013322066085,0.1753469452090002,0.10313177755476685,31.50407141908421,604.4450320059841,1.2401484225790655,-0.5232625694590772,126.33992315863887,-595.9383017374138,77,16,0.47682464454976303,3.2511837035181723,26216,2.98685876830158,27.765677448886176,108497.5489172267,39562.5,68935.0489172267,0,1,68935.0489172267
NZDUSD,M5@M15,signal_flip,h4_correction,any,after_correction_break,any,any,windowed,both,1.5,2069,0.6988883518608023,0.7142287924653616,1477.7393716108306,10.95657162934032,0.7142287924653615,19.872420368260194,0.4368884063467625,0.8962279039964715,115.85659222486652,12.754901065471358,1.2298523682972922,-0.4825475970257646,18.789725168617533,-10.597848941048465,26,9,0.45629933945545353,3.4331733639278066,1942,2.786788806598941,20.68228630278064,8624.19809611065,3103.5,5520.698096110649,0,0,5520.698096110649
NZDUSD,M5@M15,signal_flip,any,any,any,any,after_correction_break,windowed,both,1.5,26770,0.70762047067613,0.7250454194576703,19409.465878881743,13.663554568534817,0.7250454194576704,28.946158069630464,0.17691585017258166,0.10406401691487432,32.11121748236916,604.4450320059841,1.2408499329345946,-0.5233108982621935,126.33992315863887,-595.9383017374138,77,16,0.4752988419872992,3.27240151699666,26769,3.0620144710165684,28.517875154096156,110946.51139000384,40155.0,70791.51139000384,0,1,70791.51139000384
NZDUSD,M5@M15,signal_flip,any,any,any,after_h4_lo_x,any,windowed,both,1.5,17275,0.5349927641099855,0.3227058832777817,5574.744133623689,2.202826603745067,0.3227058832777816,8.578863493354625,0.065271069572678,0.04734202400207868,9.284386957235641,600.4428896922591,1.158864357018711,-0.6392979277907693,126.33992315863887,-595.9383017374138,23,23,0.5946792088760251,4.782847204377132,10045,3.3023328798230818,35.34046789447486,47404.79778308245,25912.5,21492.297783082457,0,1,21492.297783082457
NZDUSD,M5@M15,signal_flip,h4_correction,any,any,any,after_correction_break,windowed,both,1.5,2087,0.6966938188787734,0.7096328855132988,1481.003832066252,10.302123814118609,0.7096328855132988,19.838473571895385,0.4342572009316514,0.8894080772403419,116.112529957246,12.754901065471358,1.2304357688173049,-0.4866505146826329,18.789725168617533,-10.597848941048465,26,9,0.45655646062929245,3.477716703156434,1960,2.8136210238278805,20.757653061224488,8671.17334369709,3130.5,5540.673343697089,0,0,5540.673343697089
NZDUSD,M5@M15,signal_flip,h4_correction,any,any,after_h4_lo_x,after_correction_break,windowed,both,1.5,1290,0.49224806201550386,0.26287336861629435,339.1066455150199,1.8640860897519995,0.26287336861629423,6.663179753772499,0.18551826511360706,0.387467687668676,14.540654398438408,23.32127813665926,1.1269447603717682,-0.574814163848936,13.8139534883742,-9.2473184983796,17,13,0.600968992248062,5.101328741867391,621,3.0361481196106763,24.685990338164252,3315.1360981878497,1935.0,1380.1360981878495,0,0,1380.1360981878495
GBPJPY,M5@M15,signal_flip,any,any,any,any,any,always,both,2.5,32344,0.8635604748948801,0.9960291704705185,32215.56748969868,51.123534145596594,0.996029170470519,115.52775386042931,0.6423762348189928,2.561200455466718,1844.9339959395088,17.461636871888913,1.1988428098062833,-0.28762996397027885,42.78205128204952,-11.945635176417577,110,10,0.4734803982191442,10.503248780133132,32343,10.98602817610763,28.409547661008563,422549.32145535544,80860.0,341689.32145535544,0,1,341689.32145535544
GBPJPY,M5@M15,signal_flip,h4_correction,any,any,any,any,windowed,both,2.5,2618,0.851031321619557,0.9358924417744421,2450.1664125654893,29.42345628344718,0.935892441774442,34.6083433016255,0.6763881479545165,2.429084454746174,546.4394687368975,4.483875255623616,1.1530312887990424,-0.3045828176378911,19.88617886178555,-4.159999999999591,63,4,0.46686401833460656,10.498406708328549,2464,9.32558355271388,21.422483766233768,31936.80765250924,6545.0,25391.80765250924,0,0,25391.80765250924
GBPJPY,M5@M15,signal_flip,any,any,after_correction_break,any,any,windowed,both,2.5,31989,0.8628278470724311,0.9945071878526776,31813.290432219565,49.906457990084526,0.9945071878526777,114.72797028058292,0.6414591114309804,2.535490585931567,1821.896232616946,17.461636871888913,1.1986123182929442,-0.28933640952238987,42.78205128204952,-11.945635176417577,109,10,0.4735846697302198,10.464463341140503,31821,10.761928466686042,27.772383017504165,415999.15432672447,79972.5,336026.65432672447,0,1,336026.65432672447
GBPJPY,M5@M15,signal_flip,h4_correction,any,after_correction_break,any,any,windowed,both,2.5,2613,0.8515116724071948,0.9380857075912794,2451.2179539360127,30.488545727412706,0.9380857075912796,34.653272573203054,0.677913917103185,2.4621874592033515,546.6739849333962,4.483875255623616,1.1542857837134655,-0.3017214299650705,19.88617886178555,-4.159999999999591,63,4,0.46683250414593697,10.48585697587848,2458,9.318811177334013,21.397477624084623,31941.007652509245,6532.5,25408.507652509245,0,0,25408.507652509245
GBPJPY,M5@M15,signal_flip,any,any,any,any,after_correction_break,windowed,both,2.5,32349,0.8636124764289468,0.9959946962219507,32219.432428084114,51.15581708384169,0.9959946962219507,115.54160126485739,0.6424035793323236,2.560819052937262,1845.155334775827,17.461636871888913,1.198715216164468,-0.28764156072140934,42.78205128204952,-11.945635176417577,110,10,0.47343812791740086,10.502469849087813,32348,10.985109385409832,28.407011252627672,422594.5028518398,80872.5,341722.0028518398,0,1,341722.0028518398
GBPJPY,M5@M15,signal_flip,any,any,any,after_h4_lo_x,any,windowed,both,2.5,20219,0.6197635887036945,0.4996137640886118,10101.690696107615,3.1785764029706227,0.4996137640886117,47.6980189014338,0.3354443684645977,0.5930928698925921,139.4151802277211,72.45760956308695,1.0969622325294648,-0.4740300519925965,34.59530166610235,-51.71428571427224,37,16,0.5793931450615758,15.462155874380803,10640,12.30709907888106,34.044642857142854,165847.09412015282,50547.5,115299.59412015283,0,0,115299.59412015283
GBPJPY,M5@M15,signal_flip,h4_correction,any,any,any,after_correction_break,windowed,both,2.5,2618,0.851031321619557,0.9358924417744421,2450.1664125654893,29.42345628344718,0.935892441774442,34.6083433016255,0.6763881479545165,2.429084454746174,546.4394687368975,4.483875255623616,1.1530312887990424,-0.3045828176378911,19.88617886178555,-4.159999999999591,63,4,0.46686401833460656,10.498406708328549,2464,9.32558355271388,21.422483766233768,31936.80765250924,6545.0,25391.80765250924,0,0,25391.80765250924
GBPJPY,M5@M15,signal_flip,h4_correction,any,any,after_h4_lo_x,after_correction_break,windowed,both,2.5,1651,0.6099333737129012,0.4199483238940259,693.3346827490366,2.4532697427933434,0.4199483238940259,14.314963461860144,0.35230329676287225,0.6905842073354939,42.66820330682461,16.249446403058187,0.9905754658927488,-0.4723211357219895,8.460770231709501,-6.115853658536087,27,14,0.5847466182111851,15.181831525819323,795,9.79785161510275,19.446540880503143,11206.640992044324,4127.5,7079.140992044324,0,0,7079.140992044324
GBPAUD,M5@M15,signal_flip,any,any,any,any,any,always,both,3.0,26331,0.7863734761307964,0.8189307901383034,21563.26663513165,24.403582502372565,0.8189307901383033,89.12231414770581,0.5492281373068516,1.98877606835579,945.2593292379137,22.81201144295119,1.130499978372695,-0.3279761630317085,42.8484848484919,-15.50000000000222,100,11,0.46646221817123035,8.882932265724122,26330,8.343920978981396,27.988606152677555,281395.71051118796,78993.0,202402.71051118796,0,1,202402.71051118796
GBPAUD,M5@M15,signal_flip,h4_correction,any,any,any,any,windowed,both,3.0,1858,0.7761033369214209,0.790775429283777,1469.2607476092564,15.678593452352406,0.7907754292837768,22.588522966804593,0.5240406529384042,0.883022452058123,82.17033523915171,17.880671209787124,1.1253083583743972,-0.3688315028043834,21.095238095232354,-15.50000000000222,46,7,0.39509329027628276,9.457568896387414,1752,7.716268290244953,19.306506849315067,19739.52627912916,5574.0,14165.526279129163,0,0,14165.526279129163
GBPAUD,M5@M15,signal_flip,any,any,after_correction_break,any,any,windowed,both,3.0,26043,0.785470183926583,0.817172736822529,21281.62958506912,24.15569686922374,0.817172736822529,88.46757453080755,0.5481994748125639,1.9848886026303452,945.0124997551934,22.519945070125686,1.1300723320174302,-0.32846429902978874,42.8484848484919,-15.50000000000222,100,11,0.4671888799293476,8.833827051430942,25921,8.1845235247326,27.302187415608966,277116.128557695,78129.0,198987.12855769502,0,1,198987.12855769502
GBPAUD,M5@M15,signal_flip,h4_correction,any,after_correction_break,any,any,windowed,both,3.0,1857,0.7781367797522887,0.7931155714763763,1472.81561623163,16.218678660689857,0.7931155714763765,22.659412390193935,0.525826768993591,0.8814260131172036,82.36914593147225,17.880671209787124,1.1240659196751572,-0.36762047985187224,21.095238095232354,-15.50000000000222,46,7,0.3946329204810627,9.438851958417121,1751,7.725512014370649,19.274700171330668,19804.55178021254,5571.0,14233.55178021254,0,0,14233.55178021254
GBPAUD,M5@M15,signal_flip,any,any,any,any,after_correction_break,windowed,both,3.0,26328,0.7863871163780006,0.8190072457511733,21562.82276613688,24.405123151893658,0.8190072457511736,89.12168687794278,0.5492555620463495,1.9888113373250726,945.2398715502003,22.81201144295119,1.1305796955430636,-0.32800484537458996,42.8484848484919,-15.50000000000222,100,11,0.4664995442114859,8.883112636310463,26326,8.34466456645826,27.990959507711008,281381.31051118794,78984.0,202397.31051118794,0,1,202397.31051118794
GBPAUD,M5@M15,signal_flip,any,any,any,after_h4_lo_x,any,windowed,both,3.0,17216,0.5712128252788105,0.39601479324589955,6817.790680521419,2.5849202046614743,0.39601479324589955,36.742736246533696,0.28003052090717034,0.6858050057588486,208.755567413726,32.65920408728289,1.0534437718136855,-0.4797853388640446,35.600000000006894,-15.50000000000222,25,17,0.5656753407682775,12.748451616298638,9686,8.826596532690441,32.66725170348957,116746.63935646776,51648.0,65098.63935646776,0,1,65098.63935646776
GBPAUD,M5@M15,signal_flip,h4_correction,any,any,any,after_correction_break,windowed,both,3.0,1858,0.7761033369214209,0.790775429283777,1469.2607476092564,15.678593452352406,0.7907754292837768,22.588522966804593,0.5240406529384042,0.883022452058123,82.17033523915171,17.880671209787124,1.1253083583743972,-0.3688315028043834,21.095238095232354,-15.50000000000222,46,7,0.39509329027628276,9.457568896387414,1752,7.716268290244953,19.306506849315067,19739.52627912916,5574.0,14165.526279129163,0,0,14165.526279129163
GBPAUD,M5@M15,signal_flip,h4_correction,any,any,after_h4_lo_x,after_correction_break,windowed,both,3.0,1223,0.5363859362224039,0.331569071445064,405.5089743773126,2.3184899120119287,0.33156907144506403,7.8453699411243605,0.22433663364391312,0.3681319943974609,17.47263530087596,23.208232037956122,1.0520409806953022,-0.5019927847597971,21.095238095232354,-15.50000000000222,25,13,0.4993867538838921,14.148710625050251,606,9.063506251887084,18.39108910891089,8184.075487431266,3669.0,4515.075487431266,0,0,4515.075487431266
GBPNZD,M5@M15,signal_flip,any,any,any,any,any,always,both,4.0,26300,0.727148288973384,0.7095051124001412,18659.984456123726,14.850093416574689,0.7095051124001414,80.75295753486144,0.49794406784361983,1.8903668049677897,1338.6983152211876,13.938901875020747,1.103591589961993,-0.3407331536105683,45.24094582491425,-10.80000000002487,116,12,0.4670722433460076,9.939802433608742,26299,8.704289597940399,28.02463972014145,305238.39599610196,105200.0,200038.39599610196,0,1,200038.39599610196
GBPNZD,M5@M15,signal_flip,h4_correction,any,any,any,any,windowed,both,4.0,2135,0.7161592505854801,0.715196957105293,1526.9455034198043,10.238537078844821,0.7151969571052929,18.81115675843564,0.4071144926339736,1.2262314557365768,163.24947317668705,9.353448275861638,1.1500096031605835,-0.38187983467447534,45.24094582491425,-9.35344827586169,24,10,0.4569476971116316,10.157137542539331,2000,7.834359019512425,20.5825,24525.867973164834,8540.0,15985.867973164834,0,0,15985.867973164834
GBPNZD,M5@M15,signal_flip,any,any,after_correction_break,any,any,windowed,both,4.0,26006,0.7254864262093363,0.7075111723928017,18399.53554924722,14.452229723422018,0.7075111723928018,79.87141683473003,0.4952843545198673,1.8789850939564487,1320.0132775322973,13.938901875020747,1.1044978146980144,-0.3416479507858574,45.24094582491425,-10.80000000002487,114,12,0.4687315747647979,9.865212044399614,25858,8.49031008641017,27.382434836414262,299373.9454963,104024.0,195349.9454963,0,1,195349.9454963
GBPNZD,M5@M15,signal_flip,h4_correction,any,after_correction_break,any,any,windowed,both,4.0,2129,0.7172381399718177,0.7195622492145337,1531.9480285777465,10.469223129154349,0.7195622492145336,18.888756317509873,0.4093695477141787,1.2361918722936023,163.7843053594717,9.353448275861638,1.1528847067418186,-0.3795795990315864,45.24094582491425,-9.35344827586169,24,10,0.4558478158759981,10.107107710750977,1997,7.8419635573827495,20.520781171757637,24542.151158233333,8516.0,16026.151158233333,0,0,16026.151158233333
GBPNZD,M5@M15,signal_flip,any,any,any,any,after_correction_break,windowed,both,4.0,26301,0.7271966845367096,0.7095737754666169,18662.4998685475,14.855566163130275,0.709573775466617,80.76615626033669,0.4980159867769313,1.8909338827876174,1338.8787750914362,13.938901875020747,1.1035509763350968,-0.34062942227701254,45.24094582491425,-10.80000000002487,116,12,0.46706398996235887,9.939869358728181,26300,8.704151372212031,28.024144486692016,305256.7959961019,105204.0,200052.79599610195,0,1,200052.79599610195
GBPNZD,M5@M15,signal_flip,any,any,any,after_h4_lo_x,any,windowed,both,4.0,17334,0.5324795200184609,0.324331375263134,5621.960058811175,2.1323073460827047,0.32433137526313405,30.84496395948406,0.23427981424762484,0.5856681714306691,196.99222153793784,28.538995169047666,1.0444636585996734,-0.4958587746870461,45.24094582491425,-10.80000000002487,23,21,0.5880783431406484,14.336090738983756,9829,9.47901853134748,34.08383355376946,128523.8654981372,69336.0,59187.865498137195,0,1,59187.865498137195
GBPNZD,M5@M15,signal_flip,h4_correction,any,any,any,after_correction_break,windowed,both,4.0,2135,0.7161592505854801,0.715196957105293,1526.9455034198043,10.238537078844821,0.7151969571052929,18.81115675843564,0.4071144926339736,1.2262314557365768,163.24947317668705,9.353448275861638,1.1500096031605835,-0.38187983467447534,45.24094582491425,-9.35344827586169,24,10,0.4569476971116316,10.157137542539331,2000,7.834359019512425,20.5825,24525.867973164834,8540.0,15985.867973164834,0,0,15985.867973164834
GBPNZD,M5@M15,signal_flip,h4_correction,any,any,after_h4_lo_x,after_correction_break,windowed,both,4.0,1404,0.5128205128205128,0.3430507598890057,481.64326688416395,2.0206378382079415,0.3430507598890057,7.035609910894582,0.18776653765405385,0.5733329246302932,30.633544703771644,15.722740268607026,1.1386584089264102,-0.49443097593984114,45.24094582491425,-9.35344827586169,15,12,0.5839268755935423,14.026038827596523,730,8.433576936059913,23.21232876712329,10249.068208652021,5616.0,4633.068208652022,0,0,4633.068208652022
EURJPY,M5@M15,signal_flip,any,any,any,any,any,always,both,1.5,32810,0.902194452910698,1.0579355723040764,34710.86612729652,78.07504576698511,1.0579355723040764,123.57554589544785,0.6822278157211664,2.804584309645755,3626.6984823249854,9.570926917818724,1.2032269788370817,-0.28228596860695443,63.51737604643937,-9.465251771049981,125,6,0.4667606420806664,8.42824444244331,32809,9.059619330478759,28.00649212106434,338938.19984347944,49215.0,289723.19984347944,0,1,289723.19984347944
EURJPY,M5@M15,signal_flip,h4_correction,any,any,any,any,windowed,both,1.5,2491,0.8871938980329185,0.9788419424280919,2438.295278588377,28.37130474525763,0.9788419424280915,33.43688017909301,0.6699445911140681,1.7921363206262986,511.60659863234116,4.765957446808898,1.1476322947492659,-0.3486551345462673,19.805555555570272,-4.7659574468088906,88,6,0.4436973103171417,8.471327571662943,2349,7.413376293581451,19.576415495955725,23127.081341409932,3736.5,19390.581341409932,0,0,19390.581341409932
EURJPY,M5@M15,signal_flip,any,any,after_correction_break,any,any,windowed,both,1.5,32454,0.9015529672767609,1.0574611075124865,34318.842783210006,76.59774919754672,1.057461107512487,122.71878978741704,0.6812036210224863,2.7992653769324662,3585.738672742001,9.570926917818724,1.2037103703002927,-0.281852563820349,63.51737604643937,-9.465251771049981,125,6,0.46843737803249724,8.383274569770784,32290,8.867220009009836,27.842366057602973,333290.9628334165,48681.0,284609.9628334165,0,1,284609.9628334165
EURJPY,M5@M15,signal_flip,h4_correction,any,after_correction_break,any,any,windowed,both,1.5,2490,0.8883534136546185,0.981013240269844,2442.7229682719117,28.896151963056553,0.9810132402698442,33.51140015777337,0.6715724939814428,1.7892203622085825,512.5356228070112,4.765957446808898,1.1481051000334916,-0.3485090395761567,19.805555555570272,-4.7659574468088906,88,6,0.44323962516733606,8.467621277515018,2348,7.4297363345923495,19.544293015332197,23179.381341409935,3735.0,19444.381341409935,0,0,19444.381341409935
EURJPY,M5@M15,signal_flip,any,any,any,any,after_correction_break,windowed,both,1.5,32809,0.9021914718522357,1.0579013470316276,34708.68529476045,78.07177359871056,1.0579013470316276,123.56701066183429,0.6821910911241097,2.8044935785420693,3626.4706222070686,9.570926917818724,1.2031939516223105,-0.28228596860695443,63.51737604643937,-9.465251771049981,125,6,0.4667672488240015,8.428644584003322,32807,9.059708312667345,28.006827811137867,338924.3998434795,49213.5,289710.8998434795,0,1,289710.8998434795
EURJPY,M5@M15,signal_flip,any,any,any,after_h4_lo_x,any,windowed,both,1.5,20310,0.6496307237813885,0.5665132218897103,11505.883536580015,3.7177271471073285,0.5665132218897104,52.93110053460825,0.37141202638500725,0.5625287621809272,204.2459057671744,56.333484352415326,1.1201790875149322,-0.4600561191810003,28.15166907360258,-52.608813806470145,61,19,0.5818480223206959,12.656596811433468,10780,10.305129301817816,33.75278293135436,135858.97321335494,30465.0,105393.97321335494,0,1,105393.97321335494
EURJPY,M5@M15,signal_flip,h4_correction,any,any,any,after_correction_break,windowed,both,1.5,2491,0.8871938980329185,0.9788419424280919,2438.295278588377,28.37130474525763,0.9788419424280915,33.43688017909301,0.6699445911140681,1.7921363206262986,511.60659863234116,4.765957446808898,1.1476322947492659,-0.3486551345462673,19.805555555570272,-4.7659574468088906,88,6,0.4436973103171417,8.471327571662943,2349,7.413376293581451,19.576415495955725,23127.081341409932,3736.5,19390.581341409932,0,0,19390.581341409932
EURJPY,M5@M15,signal_flip,h4_correction,any,any,after_h4_lo_x,after_correction_break,windowed,both,1.5,1539,0.6140350877192983,0.4837605696375356,744.5075166721671,2.8334303560460903,0.48376056963753555,12.823300325323478,0.32687409497518877,0.6958906242880554,49.44633337285469,15.056880174676223,1.087819470690812,-0.47724222749267703,19.805555555570272,-9.196898422898592,37,12,0.5271280051981806,13.06170291978889,698,7.8961223618251335,18.266475644699142,8546.676514399329,2308.5,6238.176514399328,0,0,6238.176514399328
EURGBP,M5@M15,signal_flip,any,any,any,any,any,always,both,1.5,33191,0.547618330270254,0.3272583069906613,10862.030467327018,4.98019189673578,0.32725830699066116,30.335477012506693,0.1665101299594667,0.17206998378755428,48.865033141537026,222.28636243559413,1.1437501484029942,-0.6611236916447409,48.30060048323847,-215.08824485068948,33,34,0.4612796641659888,2.4416413045399894,33190,2.0635329524265322,27.677613739078037,95370.58680194193,49786.5,45584.08680194193,0,1,45584.08680194193
EURGBP,M5@M15,signal_flip,h4_correction,any,any,any,any,windowed,both,1.5,2521,0.5144783815946053,0.23884150379586175,602.1194310693671,3.3646609298844687,0.23884150379586178,8.522832350547706,0.169745208034721,0.4314541086687298,18.76311146109258,32.09059607826396,1.0709213825737778,-0.6428640540268156,18.00000000000908,-5.699999999997613,15,19,0.45035039005685573,2.386454868806836,2351,1.6774240399927627,22.301148447469163,6305.917401012575,3781.5,2524.4174010125753,0,0,2524.4174010125753
EURGBP,M5@M15,signal_flip,any,any,after_correction_break,any,any,windowed,both,1.5,32728,0.5442434612564165,0.3192760297696214,10449.26590230012,4.834843649981248,0.31927602976962144,29.48983525188789,0.1630093865611692,0.16742550446761703,46.970012694167046,222.46674639706362,1.1404147355750938,-0.661289981748686,48.30060048323847,-215.08824485068948,33,34,0.46312281023384666,2.4191021994014865,32518,1.9980034173989534,26.85712528445784,92832.38316874413,49092.0,43740.38316874413,0,1,43740.38316874413
EURGBP,M5@M15,signal_flip,h4_correction,any,after_correction_break,any,any,windowed,both,1.5,2498,0.5172137710168134,0.23893617892469524,596.8625749538886,3.526830307696861,0.23893617892469526,8.557430882632898,0.17121711820279023,0.4342326419536458,18.5992984829024,32.09059607826396,1.06096101657013,-0.6417073453190042,18.00000000000908,-5.699999999997613,15,19,0.449759807846277,2.368771986617391,2328,1.6686954831411454,22.22938144329897,6319.047162222432,3747.0,2572.047162222432,0,0,2572.047162222432
EURGBP,M5@M15,signal_flip,any,any,any,any,after_correction_break,windowed,both,1.5,33201,0.5475738682569802,0.3271929497332121,10863.133124092357,4.979558026258804,0.32719294973321206,30.33787752472604,0.16649822632344366,0.17207081269724478,48.86999366522034,222.28636243559413,1.1437063845204913,-0.6610378101651125,48.30060048323847,-215.08824485068948,33,34,0.4612436372398422,2.441272485787863,33200,2.063117489964104,27.675451807228917,95387.7121993626,49801.5,45586.2121993626,0,1,45586.2121993626
EURGBP,M5@M15,signal_flip,any,any,any,after_h4_lo_x,any,windowed,both,1.5,22142,0.4173968024568693,0.030292141605248277,670.7285994234079,1.3905157315550583,0.030292141605248235,2.225761939922502,0.014957888397421246,0.014787811752357502,2.4981499604181976,268.4901267140608,1.0589016439471821,-0.7066387902276318,32.20519606423074,-215.08824485068948,21,28,0.5565629422214193,3.6498523909763345,12660,2.3117831897818726,32.691153238546605,41920.45466254476,33213.0,8707.45466254476,0,0,8707.45466254476
EURGBP,M5@M15,signal_flip,h4_correction,any,any,any,after_correction_break,windowed,both,1.5,2521,0.5144783815946053,0.23884150379586175,602.1194310693671,3.3646609298844687,0.23884150379586178,8.522832350547706,0.169745208034721,0.4314541086687298,18.76311146109258,32.09059607826396,1.0709213825737778,-0.6428640540268156,18.00000000000908,-5.699999999997613,15,19,0.45035039005685573,2.386454868806836,2351,1.6774240399927627,22.301148447469163,6305.917401012575,3781.5,2524.4174010125753,0,0,2524.4174010125753
EURGBP,M5@M15,signal_flip,h4_correction,any,any,after_h4_lo_x,after_correction_break,windowed,both,1.5,1708,0.40339578454332553,0.02591616768337571,44.26481440320569,1.2854716678467888,0.02591616768337579,0.8129647185209321,0.019671060091634596,0.044962757529931015,0.7046361109406446,62.819395310460266,1.0451503731532747,-0.6632421910690879,11.733333333334517,-6.100000000000666,13,19,0.5767466822794692,3.7294051161869866,876,2.076078126572799,25.753424657534246,3064.5658914047804,2562.0,502.5658914047803,0,0,502.5658914047803
EURAUD,M5@M15,signal_flip,any,any,any,any,any,always,both,2.5,26351,0.7938218663428332,0.8420677246602816,22189.32661252317,26.691107742349995,0.8420677246602816,92.42563278189019,0.569369084365042,2.3078459437326275,1516.4105263407025,14.632796480296747,1.1439696544998366,-0.3203074949943863,34.3362350149553,-11.789473684217231,73,11,0.4660417694458148,7.7792567972859334,26350,7.4612718777201215,27.96337760910816,248287.935982023,65877.5,182410.435982023,0,1,182410.435982023
EURAUD,M5@M15,signal_flip,h4_correction,any,any,any,any,windowed,both,2.5,2157,0.7737598516458044,0.7448999702198779,1606.749235764273,16.234864042679384,0.744899970219878,25.022351898718366,0.5387695654594944,1.2237401128077485,109.80465954869473,14.632796480296292,1.0655902056165987,-0.35188692092177576,25.347530163731594,-11.789473684217231,44,6,0.4187142636377685,7.5784024080571974,2036,5.887383208198237,21.2450884086444,18099.379060951047,5392.5,12706.879060951049,0,0,12706.879060951049
EURAUD,M5@M15,signal_flip,any,any,after_correction_break,any,any,windowed,both,2.5,26057,0.7929155313351499,0.840054930522245,21889.31132461823,26.242081008873335,0.8400549305222452,92.41093615619714,0.5724811131464683,2.2997379230030077,1495.907590465874,14.632796480296747,1.1433340067689628,-0.32118469036979214,28.161290322596837,-11.789473684217231,73,11,0.46774379245500247,7.743872288371121,25941,7.336610407322376,27.46116186731429,244357.46865101552,65142.5,179214.96865101552,0,1,179214.96865101552
EURAUD,M5@M15,signal_flip,h4_correction,any,after_correction_break,any,any,windowed,both,2.5,2150,0.7758139534883721,0.748852849433767,1610.0336262825952,17.526209557759856,0.7488528494337671,25.1181731772529,0.5417124543014804,1.2285795515193254,110.02911360453736,14.632796480296292,1.0658640172885436,-0.3481899472089039,25.347530163731594,-11.789473684217231,44,6,0.4181395348837209,7.57720947073487,2029,5.888078961011141,21.22720551996057,18139.279060951056,5375.0,12764.279060951054,0,0,12764.279060951054
EURAUD,M5@M15,signal_flip,any,any,any,any,after_correction_break,windowed,both,2.5,26356,0.7938609804219153,0.8421701289246643,22196.235917938535,26.700273808727474,0.8421701289246644,92.45152136324303,0.5694745404116364,2.3081266019971056,1516.8827057648248,14.632796480296747,1.1440265037634638,-0.3203074949943863,34.3362350149553,-11.789473684217231,73,11,0.466003945970557,7.7795068930266655,26355,7.462325718962996,27.961107949155757,248365.5163273675,65890.0,182475.5163273675,0,1,182475.5163273675
EURAUD,M5@M15,signal_flip,any,any,any,after_h4_lo_x,any,windowed,both,2.5,17038,0.576417419884963,0.40793287452078764,6950.36031608518,2.5020040110511332,0.4079328745207876,37.84658197887633,0.2899461566730022,0.6736937544157617,244.32445905085285,28.447255518689417,1.0608833667531024,-0.4806117817371537,28.161290322596837,-16.992152274104903,29,22,0.5827464099855226,11.157501300401982,9456,7.597195725530309,30.33682318104907,97375.67927338534,42595.0,54780.679273385336,0,1,54780.679273385336
EURAUD,M5@M15,signal_flip,h4_correction,any,any,any,after_correction_break,windowed,both,2.5,2157,0.7737598516458044,0.7448999702198779,1606.749235764273,16.234864042679384,0.744899970219878,25.022351898718366,0.5387695654594944,1.2237401128077485,109.80465954869473,14.632796480296292,1.0655902056165987,-0.35188692092177576,25.347530163731594,-11.789473684217231,44,6,0.4187142636377685,7.5784024080571974,2036,5.887383208198237,21.2450884086444,18099.379060951047,5392.5,12706.879060951049,0,0,12706.879060951049
EURAUD,M5@M15,signal_flip,h4_correction,any,any,after_h4_lo_x,after_correction_break,windowed,both,2.5,1489,0.5822699798522498,0.355025273571634,528.6326323481628,2.2742776010011942,0.35502527357163394,10.25850099492962,0.265849933510865,0.5563893576588085,27.308505973334093,19.357801296942284,0.9517371348001802,-0.47672582560063215,25.347530163731594,-11.789473684217231,30,20,0.48214685471233487,10.370766381745408,825,5.7165690844623995,18.30909090909091,7501.029304870761,3722.5,3778.529304870761,0,0,3778.529304870761
EURCHF,M5@M15,signal_flip,any,any,any,any,any,always,both,2.0,27228,0.5174452769208168,0.27447384140197284,7473.373753692815,4.364089231341314,0.27447384140197273,26.796101178540898,0.16239166625050144,0.38570861188111555,38.665900724858645,193.28073609023977,1.2245704702569193,-0.7443184109716737,41.32674186457179,-12.022095638081685,51,29,0.46727327261152735,3.142267682282952,27227,2.7340692537469167,28.036875160686083,101141.93554680573,54456.0,46685.93554680573,0,1,46685.93554680573
EURCHF,M5@M15,signal_flip,h4_correction,any,any,any,any,windowed,both,2.0,2498,0.5124099279423538,0.23045941921537766,575.687629200013,3.731705630905365,0.23045941921537755,6.677816211202838,0.1336097788286482,0.32386485827777123,5.746095743657037,100.18761518819093,1.196507691656663,-0.7847637242368763,35.33333333336171,-4.999999999994449,22,19,0.40712570056044833,3.3517929217358904,2360,2.581528877172388,19.014830508474578,9039.048573433296,4996.0,4043.0485734332956,0,0,4043.0485734332956
EURCHF,M5@M15,signal_flip,any,any,after_correction_break,any,any,windowed,both,2.0,26861,0.5144633483489074,0.26902624941356373,7226.31408549764,4.224410946869015,0.26902624941356373,26.086313652145225,0.15916648420531757,0.37762201190209127,36.90784509878318,195.793443539078,1.2267885272794932,-0.7457963941862891,41.32674186457179,-12.022095638081685,51,29,0.46916533263839766,3.0942120385105176,26695,2.647416740422704,26.88780670537554,98274.73522614432,53722.0,44552.735226144316,0,1,44552.735226144316
EURCHF,M5@M15,signal_flip,h4_correction,any,after_correction_break,any,any,windowed,both,2.0,2484,0.5136876006441223,0.23205797996763833,576.4320222396137,3.777410781159882,0.23205797996763827,6.694463399055563,0.1343197812077937,0.32572811609556046,6.018713808328647,95.77328987498157,1.1976557475883909,-0.7878946288767988,35.33333333336171,-4.999999999994449,28,19,0.4072732152442297,3.333095573022127,2347,2.591691432073186,18.9944610140605,9023.549615340944,4968.0,4055.549615340944,0,0,4055.549615340944
EURCHF,M5@M15,signal_flip,any,any,any,any,after_correction_break,windowed,both,2.0,27226,0.5174098288400794,0.2744237387135332,7471.460710214555,4.363685707250496,0.27442373871353326,26.789402727203942,0.16235703479216462,0.3856382043030715,38.65600297965673,193.28073609023977,1.2246085264407949,-0.7443184109716737,41.32674186457179,-12.022095638081685,51,29,0.4672769901319817,3.142278133152142,27224,2.733933425351429,28.036842491918897,101132.33554680573,54452.0,46680.33554680573,0,1,46680.33554680573
EURCHF,M5@M15,signal_flip,any,any,any,after_h4_lo_x,any,windowed,both,2.0,18015,0.39755759089647513,0.008460443281898888,152.4148857234076,1.3948173249718188,0.008460443281898822,0.7508392995042849,0.0055940953252438235,0.011525407947898286,0.15937334449025567,956.3386287142043,1.1435280397225984,-0.7405816764737715,38.60089766299009,-14.877084733714204,25,37,0.5758164492552503,5.0782706912560895,10048,3.4338376296006166,36.801353503184714,45804.36217326024,36030.0,9774.36217326024,0,0,9774.36217326024
EURCHF,M5@M15,signal_flip,h4_correction,any,any,any,after_correction_break,windowed,both,2.0,2498,0.5124099279423538,0.23045941921537766,575.687629200013,3.731705630905365,0.23045941921537755,6.677816211202838,0.1336097788286482,0.32386485827777123,5.746095743657037,100.18761518819093,1.196507691656663,-0.7847637242368763,35.33333333336171,-4.999999999994449,22,19,0.40712570056044833,3.3517929217358904,2360,2.581528877172388,19.014830508474578,9039.048573433296,4996.0,4043.0485734332956,0,0,4043.0485734332956
EURCHF,M5@M15,signal_flip,h4_correction,any,any,after_h4_lo_x,after_correction_break,windowed,both,2.0,1696,0.40625,0.0009010308856824589,1.5281483821175188,1.3578738837907718,0.0009010308856824967,0.025965511670094348,0.0006304983598508798,0.0013404693888399162,0.008827252238339453,173.11710834321732,1.0890817565064916,-0.7436436761180291,18.625000000007113,-4.999999999994449,18,18,0.497936320754717,5.2081767362906195,905,3.160744328065628,19.14917127071823,4252.023252572051,3392.0,860.0232525720509,0,0,860.0232525720509
AUDJPY,M5@M15,signal_flip,any,any,any,any,any,always,both,2.0,23419,0.7941415090311286,0.8888561819670775,20816.122925486867,27.76345939156994,0.8888561819670775,81.41860136529675,0.5320340946838096,2.3087153698518206,1355.4290208501864,15.357589814942912,1.2056096788584851,-0.3330856423818953,69.70915541513034,-8.43695913841531,63,15,0.4721237741435017,6.1196789231251225,23418,6.064148510299703,28.32842258092066,178978.4392993419,46838.0,132140.4392993419,0,1,132140.4392993419
AUDJPY,M5@M15,signal_flip,h4_correction,any,any,any,any,windowed,both,2.0,1705,0.7730205278592376,0.8245609782482644,1405.876467913292,17.49930446585058,0.8245609782482645,22.35603758316677,0.5414179365928836,2.0328348376150425,218.53898628416286,6.433069411630072,1.175624629647136,-0.371051147187686,15.00000000001279,-3.2162162162169117,42,7,0.456158357771261,5.76128327272276,1570,4.75563548750022,22.53184713375796,11733.34500761603,3410.0,8323.34500761603,0,0,8323.34500761603
AUDJPY,M5@M15,signal_flip,any,any,after_correction_break,any,any,windowed,both,2.0,23104,0.7928930055401662,0.8881750039587025,20520.3952914617,27.187410148853203,0.8881750039587025,80.72067097192821,0.5310570458679488,2.3363745798399056,1336.1728981389635,15.357589814942912,1.2069912350931893,-0.33238811791228223,69.70915541513034,-8.43695913841531,62,15,0.4743298418744229,6.094204198841562,22981,5.957273549761973,27.518819894695618,175655.41655343436,46208.0,129447.41655343436,0,1,129447.41655343436
AUDJPY,M5@M15,signal_flip,h4_correction,any,after_correction_break,any,any,windowed,both,2.0,1677,0.7722122838401908,0.8254180571680368,1384.226081870798,18.111777211116483,0.8254180571680367,22.21064118109348,0.5423686328091518,2.156438502044898,215.1735032375548,6.433069411630072,1.1763724154411854,-0.3643355919516693,15.00000000001279,-3.2162162162169117,42,7,0.45572450805008946,5.730702531227744,1565,4.750868788515706,22.396166134185304,11524.997142142556,3354.0,8170.997142142556,0,0,8170.997142142556
AUDJPY,M5@M15,signal_flip,any,any,any,any,after_correction_break,windowed,both,2.0,23423,0.7942193570422235,0.8889933666842306,20822.89162784462,27.810895539882402,0.8889933666842306,81.44062232722509,0.532132549232665,2.3088309953143074,1355.8697607344595,15.357589814942912,1.205626915538776,-0.3330676103574932,69.70915541513034,-8.43695913841531,63,15,0.4721356501444449,6.120153724999669,23422,6.065362898736165,28.329135001280846,179051.73929934192,46846.0,132205.73929934192,0,1,132205.73929934192
AUDJPY,M5@M15,signal_flip,any,any,any,after_h4_lo_x,any,windowed,both,2.0,14610,0.5844626967830253,0.4571030871442078,6678.276103176887,2.848032033581227,0.4571030871442079,33.83766266554031,0.27994663306164813,0.7880074447789213,305.6359730534755,21.850425643477593,1.1303095924417659,-0.48977722066930696,69.70915541513034,-15.239130434785027,29,22,0.5824834588181611,9.086802716852263,7923,6.90288125803022,35.84942572257983,74106.19514989934,29220.0,44886.19514989934,0,1,44886.19514989934
AUDJPY,M5@M15,signal_flip,h4_correction,any,any,any,after_correction_break,windowed,both,2.0,1705,0.7730205278592376,0.8245609782482644,1405.876467913292,17.49930446585058,0.8245609782482645,22.35603758316677,0.5414179365928836,2.0328348376150425,218.53898628416286,6.433069411630072,1.175624629647136,-0.371051147187686,15.00000000001279,-3.2162162162169117,42,7,0.456158357771261,5.76128327272276,1570,4.75563548750022,22.53184713375796,11733.34500761603,3410.0,8323.34500761603,0,0,8323.34500761603
AUDJPY,M5@M15,signal_flip,h4_correction,any,any,after_h4_lo_x,after_correction_break,windowed,both,2.0,1076,0.5092936802973977,0.3062437582289377,329.51828385433674,1.740085271422773,0.30624375822893773,6.6605351025226005,0.20304999625125691,0.5444060836840661,17.57303034606016,18.75136372983127,1.1250665936441364,-0.5435950936792607,14.765094702157942,-4.4680851063834295,14,20,0.5566140024783147,8.93021740312948,461,4.903232997858423,25.683297180043382,3833.2337096816905,2152.0,1681.2337096816905,0,0,1681.2337096816905
AUDNZD,M5@M15,signal_flip,any,any,any,any,any,always,both,2.5,24037,0.48325498190289967,0.2454402002554721,5899.646093540804,3.3193946143570363,0.24544020025547203,28.080531321085157,0.18111949109203054,0.5166267263621124,49.233425733933764,119.8300952166836,1.08729905353446,-0.5418581203055716,39.34508328617683,-14.235294117647289,49,23,0.46012397553771267,3.7665459791661027,24036,2.854027474717541,27.60713097021135,96930.13429876434,60092.5,36837.63429876434,0,1,36837.63429876434
AUDNZD,M5@M15,signal_flip,h4_correction,any,any,any,any,windowed,both,2.5,2360,0.46016949152542375,0.15639778006164898,369.0987609454915,2.3150437776411614,0.156397780061649,5.976124174359706,0.12301656934588065,0.24259873409600044,11.546729638650735,31.965653695570694,1.0317926654295593,-0.5898179542472605,9.937196263288623,-10.923076923079813,19,25,0.44841101694915253,3.7484343275593552,2207,2.341404505393538,20.994562754870866,8365.79886197577,5900.0,2465.7988619757716,0,0,2465.7988619757716
AUDNZD,M5@M15,signal_flip,any,any,after_correction_break,any,any,windowed,both,2.5,23703,0.480023625701388,0.23981689595917505,5684.379884920335,3.198951536173636,0.23981689595917505,27.29679081728014,0.17730048899532466,0.5042421574838271,48.26939098383878,117.76365454504158,1.086787584908349,-0.5420762073969061,39.34508328617683,-14.235294117647289,48,23,0.46235708560097877,3.726920939622225,23554,2.75472274059862,26.575740850810902,94013.9324832776,59257.5,34756.43248327761,0,1,34756.43248327761
AUDNZD,M5@M15,signal_flip,h4_correction,any,after_correction_break,any,any,windowed,both,2.5,2326,0.4621668099742046,0.1673251325493345,389.1982583097527,2.451322620472882,0.1673251325493345,6.489686065886192,0.1345608845720682,0.29777849559868863,12.175513819186575,31.965653695570637,1.0297571256858702,-0.5737735026399348,9.937196263288623,-9.594731669100257,19,25,0.44926913155631987,3.7512099238572394,2193,2.307723924801747,20.971272229822162,8366.15695640356,5815.0,2551.1569564035594,0,0,2551.1569564035594
AUDNZD,M5@M15,signal_flip,any,any,any,any,after_correction_break,windowed,both,2.5,24039,0.4832979741253796,0.2456379213982503,5904.889992492563,3.321290380020224,0.2456379213982503,28.09944538901595,0.18123394723954642,0.5170429093126631,49.277186852059224,119.83009521668353,1.0875632384926874,-0.5418581203055716,39.34508328617683,-14.235294117647289,49,23,0.46011342679257317,3.766623250809751,24038,2.855042589121841,27.60649804476246,96965.24367376433,60097.5,36867.74367376433,0,1,36867.74367376433
AUDNZD,M5@M15,signal_flip,any,any,any,after_h4_lo_x,any,windowed,both,2.5,15928,0.3600577599196384,-0.02940526664558079,-468.3670871308076,1.0765901372102948,-0.029405266645580685,-2.9380488887101186,-0.023279754420410203,-0.05303306745489532,-0.6917357047326127,677.0896513312881,1.0470158509924352,-0.6350439510028869,39.34508328617683,-12.280000000007318,18,34,0.5820986104135275,5.914031348182819,8488,3.647807838670143,37.707940622054664,41988.82950966933,39820.0,2168.8295096693364,0,1,2168.8295096693364
AUDNZD,M5@M15,signal_flip,h4_correction,any,any,any,after_correction_break,windowed,both,2.5,2360,0.46016949152542375,0.15639778006164898,369.0987609454915,2.3150437776411614,0.156397780061649,5.976124174359706,0.12301656934588065,0.24259873409600044,11.546729638650735,31.965653695570694,1.0317926654295593,-0.5898179542472605,9.937196263288623,-10.923076923079813,19,25,0.44841101694915253,3.7484343275593552,2207,2.341404505393538,20.994562754870866,8365.79886197577,5900.0,2465.7988619757716,0,0,2465.7988619757716
AUDNZD,M5@M15,signal_flip,h4_correction,any,any,after_h4_lo_x,after_correction_break,windowed,both,2.5,1653,0.3587416817906836,-0.06652877216930955,-109.97206039586888,0.9288380743483008,-0.06652877216930947,-2.2563843001371833,-0.055497911810345364,-0.09385926635582804,-0.9120717314458523,120.5739160685715,0.9794060307807411,-0.6516602232536303,9.937196263288623,-10.923076923079813,19,18,0.5640754184311353,5.552839353569467,883,2.800986953181158,22.2480181200453,3928.543993796999,4132.5,-203.95600620300104,0,0,-203.95600620300104
CADJPY,M5@M15,signal_flip,any,any,any,any,any,always,both,2.0,23223,0.7826292899280886,0.8685922556004231,20171.317951808596,24.32565958797102,0.8685922556004232,84.47293522477636,0.5543172885985734,1.7953028930952588,1093.233121681366,18.45106734489127,1.2080814798304698,-0.35371690651944554,32.78571428572437,-13.666666666660351,49,10,0.4761730468357519,5.604945504529898,23222,5.495762695254047,28.570321247093272,164004.26373190532,46446.0,117558.2637319053,0,1,117558.2637319053
CADJPY,M5@M15,signal_flip,h4_correction,any,any,any,any,windowed,both,2.0,1667,0.7768446310737852,0.8537782085523166,1423.2482736567097,21.353201558767875,0.8537782085523167,23.648111482306703,0.5792001480019446,1.3788876055397055,138.40864968560678,10.282943131730548,1.2046137647060178,-0.3675444936494115,13.068181818182794,-10.282943131730555,30,6,0.5436912617476505,5.904525212964516,1530,5.2466322308535895,22.875816993464053,12417.605369129877,3334.0,9083.605369129877,0,0,9083.605369129877
CADJPY,M5@M15,signal_flip,any,any,after_correction_break,any,any,windowed,both,2.0,22885,0.7816910640157309,0.8675068137686948,19852.89343309654,23.711702921648453,0.8675068137686948,83.46643907647773,0.5517424858429665,1.7852589160565246,1075.975338553702,18.45106734489127,1.2090633809448903,-0.3554926718628029,32.78571428572437,-13.666666666660351,49,10,0.47858131235889595,5.566140323913863,22757,5.354533459499583,27.797381025618492,160484.5306660867,45770.0,114714.5306660867,0,1,114714.5306660867
CADJPY,M5@M15,signal_flip,h4_correction,any,after_correction_break,any,any,windowed,both,2.0,1639,0.7779133618059793,0.856213703457964,1403.3342599676007,22.778611563792516,0.8562137034579639,24.149732069487367,0.59651702058183,2.608743874679268,296.4044836466691,4.734524399571683,1.1971742070774953,-0.3380847638906694,13.068181818182794,-2.8715072302389637,30,6,0.5453020134228188,5.896889662823951,1523,5.162255513196401,22.767564018384768,12127.519224629777,3278.0,8849.519224629777,0,0,8849.519224629777
CADJPY,M5@M15,signal_flip,any,any,any,any,after_correction_break,windowed,both,2.0,23226,0.7827004219409283,0.8695258374892745,20195.607101525857,24.373367421505467,0.8695258374892746,84.26408498803708,0.5529110867854417,1.7970519710038906,1094.549530605752,18.45106734489127,1.2091358042440907,-0.35372947965671375,32.78571428572437,-13.666666666660351,49,10,0.4762227675880479,5.604412959214675,23225,5.497917513364111,28.57330462863294,164090.50460928932,46452.0,117638.50460928932,0,1,117638.50460928932
CADJPY,M5@M15,signal_flip,any,any,any,after_h4_lo_x,any,windowed,both,2.0,14541,0.57430713155904,0.4308325397141924,6264.735959984044,2.6064514327213804,0.4308325397141923,33.37233862656286,0.27675119477420973,0.45907468371989213,92.9689406355563,67.38525702408697,1.1321731923501215,-0.5153541792135372,32.78571428572437,-54.78260869562714,33,22,0.5768631226646493,8.233423549668622,7929,6.085848254942547,33.622146550636906,66592.88975383024,29082.0,37510.88975383024,0,1,37510.88975383024
CADJPY,M5@M15,signal_flip,h4_correction,any,any,any,after_correction_break,windowed,both,2.0,1667,0.7768446310737852,0.8537782085523166,1423.2482736567097,21.353201558767875,0.8537782085523167,23.648111482306703,0.5792001480019446,1.3788876055397055,138.40864968560678,10.282943131730548,1.2046137647060178,-0.3675444936494115,13.068181818182794,-10.282943131730555,30,6,0.5436912617476505,5.904525212964516,1530,5.2466322308535895,22.875816993464053,12417.605369129877,3334.0,9083.605369129877,0,0,9083.605369129877
CADJPY,M5@M15,signal_flip,h4_correction,any,any,after_h4_lo_x,after_correction_break,windowed,both,2.0,999,0.5375375375375375,0.39081673177878606,390.42591504700755,2.596083244545388,0.39081673177878595,8.46021548815608,0.2676693725457492,0.5509673418110204,23.889924692981698,16.342701790169542,1.1822232938487425,-0.5290649215362933,13.068181818182794,-10.282943131730555,40,19,0.6698365031698365,9.258740863745931,398,7.349207055749447,28.002512562814072,4960.4557362171545,1998.0,2962.4557362171545,0,0,2962.4557362171545
CADCHF,M5@M15,signal_flip,any,any,any,any,any,always,both,2.5,23474,0.40282866149782737,-0.060940979576756774,-1430.5285545847937,1.992295378322557,-0.060940979576756704,-5.457605845829126,-0.03562120585029893,-0.07137366440319892,-0.3895452894224102,3672.303563741918,1.2918001733659918,-0.9734477809911262,30.369950923486332,-9.15384615384806,30,35,0.47116668086677455,2.6615796458689855,23473,2.4302998052852347,28.269927150342948,77603.87939287789,58685.0,18918.879392877883,0,1,18918.879392877883
CADCHF,M5@M15,signal_flip,h4_correction,any,any,any,any,windowed,both,2.5,1933,0.39213657527159856,-0.04981783329464372,-96.29787175854572,1.6597353406006061,-0.04981783329464362,-1.1489889094166448,-0.026133640326822798,-0.05768230037967533,-0.2959044810966929,325.43566559601516,1.3866515173950236,-0.9764933803778503,25.285714285709755,-12.06666666666785,21,33,0.5025435419899983,2.573914629275441,1785,2.108285047143037,20.140056022408963,5972.40371451643,4832.5,1139.9037145164305,0,0,1139.9037145164305
CADCHF,M5@M15,signal_flip,any,any,after_correction_break,any,any,windowed,both,2.5,23132,0.40018156666090265,-0.06896277813168974,-1595.2469837422436,1.9367085034187406,-0.06896277813168972,-6.136209778082526,-0.04034536107351105,-0.0806764930721072,-0.4284360242515863,3723.4193518831703,1.2900380195335328,-0.9756489319325522,30.369950923486332,-9.15384615384806,29,35,0.4730820220185602,2.633622754865595,22990,2.3596901750120485,26.481296215745978,75542.31433332396,57830.0,17712.31433332396,0,1,17712.31433332396
CADCHF,M5@M15,signal_flip,h4_correction,any,after_correction_break,any,any,windowed,both,2.5,1910,0.39214659685863873,-0.05703950669975808,-108.94545779653741,1.6722029625453012,-0.05703950669975821,-1.3114638530878684,-0.030008178971950402,-0.06604533889250558,-0.33581004018944666,324.42585020708736,1.374510983627808,-0.9805806929662071,25.285714285709755,-11.800000000001628,21,33,0.5041448516579407,2.557108426743437,1779,2.102221462552343,20.134907251264757,5914.63045086932,4775.0,1139.63045086932,0,0,1139.63045086932
CADCHF,M5@M15,signal_flip,any,any,any,any,after_correction_break,windowed,both,2.5,23476,0.40283693985346736,-0.06071536131462108,-1425.3538222220518,1.9927565982181485,-0.060715361314621075,-5.436753432215744,-0.035483592811038606,-0.07110953332091187,-0.38813616507500204,3672.3035637419193,1.292226734081755,-0.9733891180849704,30.369950923486332,-9.15384615384806,30,35,0.4711513886522406,2.6614238781969006,23475,2.4305310850708595,28.269009584664538,77618.16928545601,58690.0,18928.169285456013,0,1,18928.169285456013
CADCHF,M5@M15,signal_flip,any,any,any,after_h4_lo_x,any,windowed,both,2.5,15533,0.3198351895963433,-0.25082780925573633,-3896.1083611693634,0.8554758365412158,-0.2508278092557364,-20.30068270877118,-0.162885705148184,-0.2881049158400498,-0.992260034154581,3926.499331890255,1.1976369342487039,-0.9319421344549847,28.10421229974301,-20.928571428567007,16,40,0.5777001652395973,3.994951062947351,8792,2.8437495045188586,38.1864194722475,35202.178130909175,38832.5,-3630.321869090829,0,1,-3630.321869090829
CADCHF,M5@M15,signal_flip,h4_correction,any,any,any,after_correction_break,windowed,both,2.5,1933,0.39213657527159856,-0.04981783329464372,-96.29787175854572,1.6597353406006061,-0.04981783329464362,-1.1489889094166448,-0.026133640326822798,-0.05768230037967533,-0.2959044810966929,325.43566559601516,1.3866515173950236,-0.9764933803778503,25.285714285709755,-12.06666666666785,21,33,0.5025435419899983,2.573914629275441,1785,2.108285047143037,20.140056022408963,5972.40371451643,4832.5,1139.9037145164305,0,0,1139.9037145164305
CADCHF,M5@M15,signal_flip,h4_correction,any,any,after_h4_lo_x,after_correction_break,windowed,both,2.5,1232,0.32954545454545453,-0.1901138789062103,-234.22029881245112,0.8785984437188991,-0.19011387890621023,-3.7169055864263805,-0.10589517581879973,-0.17999034155772747,-0.8214916523978466,285.1158598249745,1.3052636424740522,-0.9251299487371868,21.064516129030164,-20.250000000007287,12,26,0.6356195887445888,3.922503939248709,622,2.5446297231708406,22.942122186495176,2839.4294639604295,3080.0,-240.5705360395704,0,0,-240.5705360395704
NZDJPY,M5@M15,signal_flip,any,any,any,any,any,always,both,2.5,28277,0.6902783180676875,0.6772198849337578,19149.746686271905,11.773980136130003,0.6772198849337577,68.86939606940877,0.4095525257954161,1.3744054274083184,818.5755462296665,23.393988220726897,1.1631427318497243,-0.4057588829302235,113.50000000025935,-21.46578727739657,61,14,0.47001980408105526,5.435175819683884,28276,4.794357313311206,28.202008770688924,185034.13334678288,70692.5,114341.63334678288,0,1,114341.63334678288
NZDJPY,M5@M15,signal_flip,h4_correction,any,any,any,any,windowed,both,2.5,2141,0.6851938346567025,0.6602048439041924,1413.498570798877,9.902597975422177,0.6602048439041924,21.154558006636222,0.45718884154302264,1.4020944446411523,152.99372145794962,9.238931881184271,1.1475340871061273,-0.4004954525012058,14.8655150735998,-5.250000000003109,23,10,0.4778530281799782,5.311243749555069,2006,4.081931311046662,25.002492522432703,13528.22251767748,5352.5,8175.722517677479,0,0,8175.722517677479
NZDJPY,M5@M15,signal_flip,any,any,after_correction_break,any,any,windowed,both,2.5,27954,0.688881734277742,0.6739495301780541,18839.58516659733,11.566723404612054,0.673949530178054,68.21737251842865,0.4080120669727556,1.392519015345336,805.3173742263238,23.393988220726897,1.1611497098641765,-0.4048148552670031,113.50000000025935,-21.46578727739657,61,14,0.4718436240490329,5.406078064544463,27816,4.687071359845283,27.633556226632155,181617.39434798382,69885.0,111732.39434798382,0,1,111732.39434798382
NZDJPY,M5@M15,signal_flip,h4_correction,any,after_correction_break,any,any,windowed,both,2.5,2132,0.6871482176360225,0.6645680100435052,1416.8589974127538,10.113399373572294,0.6645680100435052,21.251082247511054,0.4602432756098967,1.4549650691621865,153.357446037489,9.238931881184271,1.1481337706613675,-0.39753669656094487,14.8655150735998,-5.250000000003109,23,10,0.4784631019387117,5.284736341423491,1997,4.059171415225714,25.025037556334503,13473.163599688676,5330.0,8143.163599688675,0,0,8143.163599688675
NZDJPY,M5@M15,signal_flip,any,any,any,any,after_correction_break,windowed,both,2.5,28278,0.6903246339910885,0.6772308194652212,19150.73311283756,11.77576603800283,0.6772308194652212,68.87315875856693,0.40956765975588666,1.3743681524376459,818.6177120440778,23.393988220726897,1.163065684669635,-0.4057864699781225,113.50000000025935,-21.46578727739657,61,14,0.47000612961784194,5.4352276356336136,28277,4.794361049304653,28.201188244863317,185043.73334678286,70695.0,114348.73334678286,0,1,114348.73334678286
NZDJPY,M5@M15,signal_flip,any,any,any,after_h4_lo_x,any,windowed,both,2.5,18157,0.5116484000660902,0.3006947119076017,5459.713884106305,1.9612334825175373,0.3006947119076018,24.959593634982753,0.18523176440401307,0.5465564441015787,143.84035925609965,37.95675923184808,1.0953641560081329,-0.5318844169628093,113.50000000025935,-9.19498015903133,24,26,0.5937930274825136,7.97930764220657,10135,5.417394638069445,34.307844104588064,77070.36122705854,45392.5,31677.861227058536,0,1,31677.861227058536
NZDJPY,M5@M15,signal_flip,h4_correction,any,any,any,after_correction_break,windowed,both,2.5,2141,0.6851938346567025,0.6602048439041924,1413.498570798877,9.902597975422177,0.6602048439041924,21.154558006636222,0.45718884154302264,1.4020944446411523,152.99372145794962,9.238931881184271,1.1475340871061273,-0.4004954525012058,14.8655150735998,-5.250000000003109,23,10,0.4778530281799782,5.311243749555069,2006,4.081931311046662,25.002492522432703,13528.22251767748,5352.5,8175.722517677479,0,0,8175.722517677479
NZDJPY,M5@M15,signal_flip,h4_correction,any,any,after_h4_lo_x,after_correction_break,windowed,both,2.5,1396,0.5100286532951289,0.2895960734494549,404.2761185354399,2.003284999223624,0.28959607344945487,7.9433030996508105,0.21259763328146045,0.5118795378547424,18.29373886601055,22.099152146889878,1.0836965945663721,-0.5370114865435933,12.66710508972261,-5.250000000003109,14,18,0.6187917860553964,7.610822869399808,728,4.42543486125646,27.01236263736264,5902.804793400362,3490.0,2412.8047934003616,0,0,2412.8047934003616
USDMXN,M5@M15,signal_flip,any,any,any,any,any,always,both,50.0,23021,0.6281221493419052,0.5350009260164597,12316.25631782493,8.81454973292669,0.5350009260164598,9.960553913547727,0.06564798465366496,0.07065878113504963,13.917969277754453,884.9176249807078,1.590125718924682,-1.2471628989400751,570.8044350992216,-544.3249985393098,52,24,0.4803367939417633,96.90259188394948,23020,98.9551899182962,28.82015638575152,2964955.7899058457,1151050.0,1813905.7899058457,0,1,1813905.7899058457
USDMXN,M5@M15,signal_flip,h4_correction,any,any,any,any,windowed,both,50.0,1648,0.6225728155339806,0.3477012696552134,573.0116923917925,7.738917151077768,0.3477012696552135,2.9502953908071583,0.07267531069488646,0.04914691507433268,2.6488716180830525,216.32293859770834,1.3525121196987406,-1.309751997458386,23.950835544422983,-170.4922979782592,25,17,0.45924352750809067,102.4691160359234,1506,89.3175097560653,21.16201859229748,214969.92480241612,82400.0,132569.92480241612,0,0,132569.92480241612
USDMXN,M5@M15,signal_flip,any,any,after_correction_break,any,any,windowed,both,50.0,22645,0.62539191874586,0.5289448693854414,11977.956567233332,8.608867070956903,0.5289448693854413,9.698354593503922,0.06444836384065299,0.06955784191742172,13.355193800187132,896.8762824741261,1.5934516645206338,-1.2482029831083221,570.8044350992216,-544.3249985393098,52,24,0.48070582174137044,95.851207453844,22509,95.5162967338522,27.880847660935625,2885306.287489154,1132250.0,1753056.287489154,0,1,1753056.287489154
USDMXN,M5@M15,signal_flip,h4_correction,any,after_correction_break,any,any,windowed,both,50.0,1612,0.6228287841191067,0.35038681809190936,564.8235507641588,8.123014642129498,0.35038681809190925,2.9100964059550884,0.07248111370310978,0.048977048489268,2.6110201462016485,216.3229385977084,1.359596002399283,-1.3161362428367145,23.950835544422983,-170.4922979782592,25,17,0.4605045492142267,101.13698014921971,1495,88.504903079552,21.03010033444816,210379.75979570256,80600.0,129779.75979570256,0,0,129779.75979570256
USDMXN,M5@M15,signal_flip,any,any,any,any,after_correction_break,windowed,both,50.0,23027,0.6281756199244365,0.5355840576758717,12332.894096102318,8.814923369588616,0.5355840576758715,9.973583671239007,0.06572529664956098,0.07073993437161621,13.936770777247418,884.9176249807078,1.5908089350766677,-1.2471568733685707,570.8044350992216,-544.3249985393098,52,24,0.4803202038187056,96.88789104372627,23026,98.96079245796834,28.819160948493007,2965848.925123846,1151350.0,1814498.925123846,0,1,1814498.925123846
USDMXN,M5@M15,signal_flip,any,any,any,after_h4_lo_x,any,windowed,both,50.0,14923,0.47664678683910744,0.19585110391858718,2922.686023777077,1.9908200779391276,0.19585110391858718,3.2531808625940677,0.02663055020394053,0.02828091717679408,4.351716498644759,671.6168262999852,1.520917053609298,-1.0109599204284072,401.60676961754876,-544.3249985393098,36,32,0.5654470727512341,146.3437910470991,8530,105.01181808325143,29.118405627198126,1262162.8927994047,746150.0,516012.89279940474,0,1,516012.89279940474
USDMXN,M5@M15,signal_flip,h4_correction,any,any,any,after_correction_break,windowed,both,50.0,1648,0.6225728155339806,0.3477012696552134,573.0116923917925,7.738917151077768,0.3477012696552135,2.9502953908071583,0.07267531069488646,0.04914691507433268,2.6488716180830525,216.32293859770834,1.3525121196987406,-1.309751997458386,23.950835544422983,-170.4922979782592,25,17,0.45924352750809067,102.4691160359234,1506,89.3175097560653,21.16201859229748,214969.92480241612,82400.0,132569.92480241612,0,0,132569.92480241612
USDMXN,M5@M15,signal_flip,h4_correction,any,any,after_h4_lo_x,after_correction_break,windowed,both,50.0,1116,0.507168458781362,0.19029949443623387,212.37423579083682,1.9726806060948334,0.19029949443623362,3.3967369343487146,0.10167866049986705,0.13118230550277762,6.058741784307967,35.05253126001875,1.1550303359430452,-0.8024962442780486,22.131585762579512,-28.754059147572303,15,15,0.5779569892473119,147.98151785702308,607,87.97509755251234,19.184514003294893,95378.15706019428,55800.0,39578.15706019428,0,0,39578.15706019428
USDTRY,M5@M15,signal_flip,any,any,any,any,any,always,both,100.0,27238,0.18051986195755929,-6.9174931338974295,-188418.67798109853,0.7862017966194893,-6.9174931338974295,-3.04012056754149,-0.018420575727896685,-0.016694348757776433,-1.0000101998138193,188416.7561652652,5.2444229730761,-9.596590911684663,1794.57249681233,-54335.25903470306,16,82,0.4059983601341264,85.6223934157966,27237,104.21888920513236,24.360612402246943,2384029.322945757,2723800.0,-339770.67705424305,0,1,-339770.67705424305
USDTRY,M5@M15,signal_flip,h4_correction,any,any,any,any,windowed,both,100.0,2114,0.20293282876064334,-28.494923120082706,-60238.26747585487,0.799744855077683,-28.4949231200827,-1.108471831108313,-0.024108609896178572,-0.02152632103867431,-0.998878731870975,60305.88654442973,4.782364057292109,-36.967300686310466,626.1554358140468,-54335.25903470306,6,47,0.5665799432355724,83.26539649543693,1985,95.53378357100647,28.31486146095718,187380.14828913982,211400.0,-24019.851710860188,0,1,-24019.851710860188
USDTRY,M5@M15,signal_flip,any,any,after_correction_break,any,any,windowed,both,100.0,26856,0.17679475722371166,-7.033761432698483,-188898.69703655085,0.6874696232485364,-7.033761432698483,-3.0480562115444503,-0.018599544467308136,-0.016893907230853992,-1.0000293161031313,188893.15942520835,5.126387270619508,-9.645322227132798,1794.57249681233,-54335.25903470306,16,82,0.4064237662595571,81.28443571983468,26704,97.72850320469894,23.425704014379868,2193193.6424462353,2685600.0,-492406.3575537646,0,1,-492406.3575537646
USDTRY,M5@M15,signal_flip,h4_correction,any,after_correction_break,any,any,windowed,both,100.0,2062,0.20223084384093112,-29.03235669161062,-59864.71949810115,0.709382940494122,-29.032356691610616,-1.1016081164650988,-0.024259553122073927,-0.021670585526765884,-0.9986526437762533,59945.48742366696,4.703475768163512,-37.58423640937707,626.1554358140468,-54335.25903470306,6,47,0.5700371807306822,78.73216020692959,1946,90.15327953376675,28.347893114080165,172132.16261638666,206200.0,-34067.83738361334,0,1,-34067.83738361334
USDTRY,M5@M15,signal_flip,any,any,any,any,after_correction_break,windowed,both,100.0,27246,0.18046685752036995,-6.915954207994258,-188432.0883510119,0.7859751775460563,-6.9159542079942575,-3.04033686298927,-0.018419181570886886,-0.01669362466266883,-1.0000121607247396,188429.79690811894,5.2444229730761,-9.593753240612061,1794.57249681233,-54335.25903470306,16,82,0.40594643862095964,85.61682569406385,27245,104.20510554086522,24.35749678840154,2384371.107765074,2724600.0,-340228.89223492594,0,1,-340228.89223492594
USDTRY,M5@M15,signal_flip,any,any,any,after_h4_lo_x,any,windowed,both,100.0,17051,0.14902351768224736,-2.22480374439405,-37935.12864566273,0.50904192058811,-2.224803744394049,-3.789773836048203,-0.029022736975219697,-0.02768892584849084,-1.0000604078962165,37932.837202769784,6.193518566861478,-3.6990254530708446,1794.57249681233,-9569.625400280867,12,84,0.521440580220124,146.2516959089697,8149,133.51609279765302,31.738863664253284,941186.4890701615,1705100.0,-763913.5109298385,0,1,-763913.5109298385
USDTRY,M5@M15,signal_flip,h4_correction,any,any,any,after_correction_break,windowed,both,100.0,2114,0.20293282876064334,-28.494923120082706,-60238.26747585487,0.799744855077683,-28.4949231200827,-1.108471831108313,-0.024108609896178572,-0.02152632103867431,-0.998878731870975,60305.88654442973,4.782364057292109,-36.967300686310466,626.1554358140468,-54335.25903470306,6,47,0.5665799432355724,83.26539649543693,1985,95.53378357100647,28.31486146095718,187380.14828913982,211400.0,-24019.851710860188,0,1,-24019.851710860188
USDTRY,M5@M15,signal_flip,h4_correction,any,any,after_h4_lo_x,after_correction_break,windowed,both,100.0,1507,0.1619110816191108,-2.1880961336736604,-3297.46087344621,0.550825571078678,-2.1880961336736604,-3.4063684368496796,-0.08774754887830837,-0.10868936030458659,-0.9738872638795693,3385.875342809672,5.697086238932582,-3.711440946750401,626.1554358140468,-592.9032959813059,6,45,0.7152178721521787,148.1841706977872,834,108.80826045414875,35.01798561151079,95776.84220970368,150700.0,-54923.15779029632,0,1,-54923.15779029632
USDZAR,M5@M15,signal_flip,any,any,any,any,any,always,both,50.0,23544,0.7213727488956847,0.7844911063835603,18470.05860869457,14.079594234251712,0.7844911063835602,15.056645516037264,0.09812690503540954,0.09397077100855553,21.694992656685848,851.3512265699046,1.5106054336423702,-1.0954365969950415,680.2687683996315,-454.32862371429337,49,18,0.469542841771435,125.58039413801049,23543,122.46793597994214,28.173767149471182,3678088.5004149005,1177200.0,2500888.5004149005,0,1,2500888.5004149005
USDZAR,M5@M15,signal_flip,h4_correction,any,any,any,any,windowed,both,50.0,1499,0.7118078719146097,0.6044193190530994,906.0245592605954,8.611605845762751,0.6044193190530993,9.052377075116112,0.23380932047065855,0.188961052205137,17.354218127866606,52.20774295822309,1.224972803971166,-0.9282903300385141,27.199999999960525,-48.52941176449567,36,9,0.43106515454747607,124.78674807096944,1374,97.48804444964881,22.783842794759824,204140.8738025053,74950.0,129190.87380250529,0,0,129190.87380250529
USDZAR,M5@M15,signal_flip,any,any,after_correction_break,any,any,windowed,both,50.0,23226,0.7186773443554637,0.7812375894211379,18145.024251895356,13.653807003589641,0.7812375894211381,14.794488080348332,0.0970761918805737,0.09339674669606954,21.313206213376453,851.3512265699046,1.5171279878291921,-1.098695457751687,680.2687683996315,-454.32862371429337,49,18,0.4716302132667413,124.51814731938462,23090,119.78758922508261,27.23971416197488,3593805.2828023494,1161300.0,2432505.2828023494,0,1,2432505.2828023494
USDZAR,M5@M15,signal_flip,h4_correction,any,after_correction_break,any,any,windowed,both,50.0,1465,0.7133105802047781,0.6170566140085418,903.9879395225132,9.212390815459619,0.6170566140085416,9.059143947673562,0.2366836991070219,0.19079570486938108,17.315208210511784,52.20774295822309,1.2388763342656308,-0.9300900709168345,27.199999999960525,-48.52941176449567,36,9,0.4324800910125142,125.49426292720185,1364,98.80775796944879,22.76026392961877,203298.97773241025,73250.0,130048.97773241023,0,0,130048.97773241023
USDZAR,M5@M15,signal_flip,any,any,any,any,after_correction_break,windowed,both,50.0,23557,0.7215265101668293,0.7844877552166013,18480.178049637492,14.090122877319514,0.7844877552166014,15.064834573291675,0.0981531803394153,0.09397027393711947,21.706878985884778,851.3512265699046,1.5100104498121514,-1.0953459703993378,680.2687683996315,-454.32862371429337,49,18,0.46945352407635377,125.56695268123065,23556,122.43372857928746,28.168407199864152,3679687.3956884695,1177850.0,2501837.3956884695,0,1,2501837.3956884695
USDZAR,M5@M15,signal_flip,any,any,any,after_h4_lo_x,any,windowed,both,50.0,15429,0.5268649944908937,0.3459719408443289,5338.001075287159,2.1682128914308505,0.3459719408443288,4.821342935270121,0.03881495918352066,0.046967213713776476,6.263169723227851,852.2842763609658,1.4692091558911817,-0.9048219387605844,680.2687683996315,-454.32862371429337,24,22,0.5981107006286862,191.2225422402772,8620,132.30742518135975,34.11542923433875,1496431.6297841077,771450.0,724981.6297841076,0,1,724981.6297841076
USDZAR,M5@M15,signal_flip,h4_correction,any,any,any,after_correction_break,windowed,both,50.0,1499,0.7118078719146097,0.6044193190530994,906.0245592605954,8.611605845762751,0.6044193190530993,9.052377075116112,0.23380932047065855,0.188961052205137,17.354218127866606,52.20774295822309,1.224972803971166,-0.9282903300385141,27.199999999960525,-48.52941176449567,36,9,0.43106515454747607,124.78674807096944,1374,97.48804444964881,22.783842794759824,204140.8738025053,74950.0,129190.87380250529,0,0,129190.87380250529
USDZAR,M5@M15,signal_flip,h4_correction,any,any,after_h4_lo_x,after_correction_break,windowed,both,50.0,1003,0.5064805583250249,0.16415939435357943,164.65187253664033,1.7315506402988994,0.16415939435357957,1.9866978117859913,0.06273087523089045,0.05538831621726854,2.3012546612808253,71.54874047924747,1.1503879208030405,-0.8479700832955642,13.252810629722836,-48.52941176449567,19,17,0.5453639082751744,193.6296931873964,465,97.657507665429,24.78494623655914,81497.79917712862,50150.0,31347.79917712862,0,0,31347.79917712862
XAUUSD,M5@M15,signal_flip,any,any,any,any,any,always,both,2.5,32136,0.9784353995519044,1.3454849660521173,43238.50486905104,379.0609488179337,1.3454849660521173,148.3566682095056,0.8275822398852603,2.9971947244529016,8319.500495538514,5.197247706426424,1.3808134361565214,-0.2574487792477036,33.74596304322817,-5.197247706423877,325,4,0.49552163720853043,394.32668135290214,32135,498.00041288449285,29.731134277267778,16001809.76804318,80340.0,15921469.76804318,0,1,15921469.76804318
XAUUSD,M5@M15,signal_flip,h4_correction,any,any,any,any,windowed,both,2.5,2307,0.964456003467707,1.2784272335017377,2949.331627688507,40.366818434900686,1.2784272335017377,40.058187021723015,0.8340027690330569,1.1981616498802619,356.9970684544536,8.261500971022087,1.3453798189511115,-0.5382740180209106,17.199786819508784,-7.013136062852178,133,2,0.5446828492992342,298.75271802681317,2149,320.08745689257086,25.151233131689157,803249.5232696165,5767.5,797482.0232696165,0,0,797482.0232696165
XAUUSD,M5@M15,signal_flip,any,any,after_correction_break,any,any,windowed,both,2.5,31790,0.9780748663101604,1.3441274477697924,42729.811564601936,353.42079698729793,1.3441274477697922,147.56467883365383,0.8276317691878226,2.9962551234649575,8221.62305478846,5.197247706426424,1.3800357590290455,-0.2577335593808004,33.74596304322817,-5.197247706423877,319,4,0.4973445527943798,391.3996236023009,31621,487.2452145630664,28.92460706492521,15711915.945807042,79475.0,15632440.945807042,0,1,15632440.945807042
XAUUSD,M5@M15,signal_flip,h4_correction,any,after_correction_break,any,any,windowed,both,2.5,2290,0.9681222707423581,1.2849602063388346,2942.558872515929,52.170034353825,1.284960206338835,40.221056251801244,0.8404961536402694,1.2633533303431073,356.17727127760475,8.261500971022087,1.3430399566745939,-0.47891385522798297,17.199786819508784,-7.013136062852178,129,2,0.5451965065502183,295.02965131563116,2132,316.32663829779216,25.128986866791745,791053.7293428571,5725.0,785328.7293428571,0,0,785328.7293428571
XAUUSD,M5@M15,signal_flip,any,any,any,any,after_correction_break,windowed,both,2.5,32137,0.97843607057286,1.3454947896177643,43240.16605394627,379.07053006860156,1.3454947896177645,148.3627490053077,0.8276032840864774,2.997216607372351,8319.820123347128,5.197247706426424,1.3808223526893766,-0.2574487792477036,33.74596304322817,-5.197247706423877,325,4,0.4955165904305525,394.3247108304093,32136,497.997472244311,29.73083146626836,16002215.76804318,80342.5,15921873.26804318,0,1,15921873.26804318
XAUUSD,M5@M15,signal_flip,any,any,any,after_h4_lo_x,any,windowed,both,2.5,18873,0.707518677475759,0.7141416267022573,13477.994920751675,5.053084366874232,0.7141416267022574,64.64432004509005,0.4705544683257368,1.0373623710128068,826.7344596061926,16.302689169593577,1.179137038358021,-0.41069238268894054,60.46460176990551,-15.953358208953532,42,17,0.6013131634257052,614.5856266374819,9408,572.374546819096,29.3734056122449,5823129.684094224,47182.5,5775947.184094224,0,1,5775947.184094224
XAUUSD,M5@M15,signal_flip,h4_correction,any,any,any,after_correction_break,windowed,both,2.5,2307,0.964456003467707,1.2784272335017377,2949.331627688507,40.366818434900686,1.2784272335017377,40.058187021723015,0.8340027690330569,1.1981616498802619,356.9970684544536,8.261500971022087,1.3453798189511115,-0.5382740180209106,17.199786819508784,-7.013136062852178,133,2,0.5446828492992342,298.75271802681317,2149,320.08745689257086,25.151233131689157,803249.5232696165,5767.5,797482.0232696165,0,0,797482.0232696165
XAUUSD,M5@M15,signal_flip,h4_correction,any,any,after_h4_lo_x,after_correction_break,windowed,both,2.5,1432,0.7311452513966481,0.7362325390578799,1054.2849959308828,4.927481404911307,0.7362325390578799,19.68528935324922,0.5201999353232354,0.8426649348720779,99.86681132037013,10.556910569105526,1.17110432326129,-0.44639280655503066,17.199786819508784,-10.556910569105515,52,9,0.675046554934823,455.94311819049545,713,371.20387387093996,23.688639551192146,337225.7277195577,3580.0,333645.7277195577,0,0,333645.7277195577
XAGUSD,M5@M15,signal_flip,any,any,any,any,any,always,both,2.0,32012,0.7925777833312507,0.892245431811113,28562.560763137368,54.51075245821019,0.8922454318111127,98.39600056273949,0.5499472594850587,1.7335321898415528,1251.2079013725788,22.827989442685066,1.2362163854865613,-0.422096591781279,51.27777777777594,-11.583333333333137,185,18,0.49755300095797406,11.430718518991174,32011,13.032548117019415,29.854112648776983,466185.63877005223,64024.0,402161.63877005223,0,1,402161.63877005223
XAGUSD,M5@M15,signal_flip,h4_correction,any,any,any,any,windowed,both,2.0,1973,0.7698935631018753,0.7882727975983057,1555.2622296614547,24.93486660063548,0.7882727975983058,23.028983618795877,0.5184551922523543,1.0204908424809715,88.43002133074053,17.587491286975478,1.1880219689552118,-0.5492139673601527,19.650000000000453,-11.583333333333137,70,18,0.6090555837134651,9.92989658638999,1827,9.066999634791134,26.483305966064588,22532.330915163,3946.0,18586.330915163,0,0,18586.330915163
XAGUSD,M5@M15,signal_flip,any,any,after_correction_break,any,any,windowed,both,2.0,31587,0.791338208756767,0.8921489208982383,28180.30796441264,53.55599082100142,0.8921489208982382,97.37441417447234,0.5478865860206339,1.7290646603029975,1234.4629839244408,22.827989442685066,1.2388491917196838,-0.4226925249298383,51.27777777777594,-11.583333333333137,185,18,0.49999736178385623,11.294300446154738,31417,12.706579579838616,29.32663844415444,456462.9192133426,63174.0,393288.9192133426,0,1,393288.9192133426
XAGUSD,M5@M15,signal_flip,h4_correction,any,after_correction_break,any,any,windowed,both,2.0,1969,0.770949720670391,0.7925591021236097,1560.5488720813848,25.965742280983367,0.7925591021236097,23.174740614796175,0.5222663248279616,1.041157021072555,88.73061237773341,17.587491286975478,1.188223774306606,-0.5391902822972069,19.650000000000453,-11.583333333333137,70,18,0.6095733875063484,9.951820022350502,1822,9.058619787433361,26.501097694840833,22533.430915163,3938.0,18595.430915163,0,0,18595.430915163
XAGUSD,M5@M15,signal_flip,any,any,any,any,after_correction_break,windowed,both,2.0,32012,0.7925777833312507,0.892245431811113,28562.560763137368,54.51075245821019,0.8922454318111127,98.39600056273949,0.5499472594850587,1.7335321898415528,1251.2079013725788,22.827989442685066,1.2362163854865613,-0.422096591781279,51.27777777777594,-11.583333333333137,185,18,0.49755300095797406,11.430718518991174,32011,13.032548117019415,29.854112648776983,466185.63877005223,64024.0,402161.63877005223,0,1,402161.63877005223
XAGUSD,M5@M15,signal_flip,any,any,any,after_h4_lo_x,any,windowed,both,2.0,19144,0.5603322189720017,0.39511299313492776,7564.043140575069,3.518750707185047,0.39511299313492776,36.79581576220119,0.26593903765947186,0.6055226389877204,274.18008411333636,27.587864979457663,1.1154587683293702,-0.5229277732320419,51.27777777777594,-15.08108108108147,39,27,0.5774785833681572,17.687494988593645,9342,15.107865353440204,29.078355812459858,172512.02791975305,38288.0,134224.02791975305,0,0,134224.02791975305
XAGUSD,M5@M15,signal_flip,h4_correction,any,any,any,after_correction_break,windowed,both,2.0,1973,0.7698935631018753,0.7882727975983057,1555.2622296614547,24.93486660063548,0.7882727975983058,23.028983618795877,0.5184551922523543,1.0204908424809715,88.43002133074053,17.587491286975478,1.1880219689552118,-0.5492139673601527,19.650000000000453,-11.583333333333137,70,18,0.6090555837134651,9.92989658638999,1827,9.066999634791134,26.483305966064588,22532.330915163,3946.0,18586.330915163,0,0,18586.330915163
XAGUSD,M5@M15,signal_flip,h4_correction,any,any,after_h4_lo_x,after_correction_break,windowed,both,2.0,1206,0.5812603648424544,0.39578657537700407,477.3186099046669,3.6847762442363368,0.395786575377004,9.920099074836537,0.28565534564633827,0.6946132808506311,27.475642404285722,17.37242765360105,1.0854668370004579,-0.5615715699656515,19.650000000000453,-5.517241379311164,24,12,0.6826976229961305,14.220120406923284,568,9.903595302721271,19.83274647887324,9365.199163862515,2412.0,6953.199163862516,0,0,6953.199163862516
XPTUSD,M5@M15,signal_flip,any,any,any,any,any,always,both,3.0,27043,0.968383685242022,1.5564399364774764,42090.805202159994,222.1936943359474,1.5564399364774761,4.581847171157548,0.027862056270743556,2.961439615854603,7642.446654902951,5.507503958193411,1.6165934803128783,-0.28601738043657354,9184.483675544654,-5.507503958193824,263,3,0.47769909650063475,408.79818022655246,27042,480.0872277247737,28.663005694845054,12947523.81213333,81129.0,12866394.81213333,0,1,12866394.81213333
XPTUSD,M5@M15,signal_flip,h4_correction,any,any,any,any,windowed,both,3.0,2009,0.9561971129915381,1.127537689448421,2265.2232181018762,99.40710857776747,1.127537689448421,38.53973863377038,0.8598422806627953,3.392349556722391,1062.3187908213158,2.1323384634386002,1.1902970028192328,-0.242469594475779,15.35292261752252,-2.0148698884759084,103,3,0.5503982080637133,395.1327432452265,1886,385.4791942313302,23.01961823966066,848405.0768615507,6027.0,842378.0768615507,0,0,842378.0768615507
XPTUSD,M5@M15,signal_flip,any,any,after_correction_break,any,any,windowed,both,3.0,26749,0.9680361882687203,1.5603290324531836,41737.24128908986,217.68107238203774,1.5603290324531838,4.543375329515687,0.027779526574590045,2.9685367116528623,7578.249894309772,5.507503958193411,1.6213152633570693,-0.2866621523716269,9184.483675544654,-5.507503958193824,263,3,0.47928271461861505,406.94698247814324,26621,474.1862155962959,27.5981368092859,12756873.679049257,80247.0,12676626.679049257,0,1,12676626.679049257
XPTUSD,M5@M15,signal_flip,h4_correction,any,after_correction_break,any,any,windowed,both,3.0,1991,0.9578101456554495,1.134078755222256,2257.95080164751,107.9444748972529,1.134078755222256,38.56265712013822,0.864233946043196,4.126814364139073,1546.5416449642503,1.459999999999809,1.1940525828378956,-0.2274699264804199,15.35292261752252,-1.459999999999809,107,3,0.55106311736146,393.0670629581702,1870,386.14109769690555,23.018716577540108,844218.1692344751,5973.0,838245.1692344751,0,0,838245.1692344751
XPTUSD,M5@M15,signal_flip,any,any,any,any,after_correction_break,windowed,both,3.0,27043,0.968383685242022,1.5564399364774764,42090.805202159994,222.1936943359474,1.5564399364774761,4.581847171157548,0.027862056270743556,2.961439615854603,7642.446654902951,5.507503958193411,1.6165934803128783,-0.28601738043657354,9184.483675544654,-5.507503958193824,263,3,0.47769909650063475,408.79818022655246,27042,480.0872277247737,28.663005694845054,12947523.81213333,81129.0,12866394.81213333,0,1,12866394.81213333
XPTUSD,M5@M15,signal_flip,any,any,any,after_h4_lo_x,any,windowed,both,3.0,17372,0.6800023025558369,0.6175369483990254,10727.851867587906,4.502744723165037,0.6175369483990254,59.85556567829786,0.4541294109753214,1.1093783586823518,738.7684674388455,14.521263887695568,1.091373272294216,-0.38937589458962113,35.51506379785694,-11.90333495267225,47,25,0.5837170926394966,615.1831127488732,8561,526.7001441062249,33.168438266557644,4716043.583618328,52116.0,4663927.583618328,0,0,4663927.583618328
XPTUSD,M5@M15,signal_flip,h4_correction,any,any,any,after_correction_break,windowed,both,3.0,2009,0.9561971129915381,1.127537689448421,2265.2232181018762,99.40710857776747,1.127537689448421,38.53973863377038,0.8598422806627953,3.392349556722391,1062.3187908213158,2.1323384634386002,1.1902970028192328,-0.242469594475779,15.35292261752252,-2.0148698884759084,103,3,0.5503982080637133,395.1327432452265,1886,385.4791942313302,23.01961823966066,848405.0768615507,6027.0,842378.0768615507,0,0,842378.0768615507
XPTUSD,M5@M15,signal_flip,h4_correction,any,any,after_h4_lo_x,after_correction_break,windowed,both,3.0,1256,0.64171974522293,0.5173597585984843,649.803856799696,3.866555482849997,0.5173597585984844,14.994036885524599,0.4230812269782188,1.251361415288,76.49811831672555,8.494377000350646,0.9907994520719307,-0.3306233368228441,15.35292261752252,-4.239811912225813,35,11,0.6843152866242038,618.6289862133355,502,391.57401175961644,24.01394422310757,278874.323059791,3768.0,275106.323059791,0,0,275106.323059791
XBRUSD,M5@M15,signal_flip,any,any,any,any,any,always,both,3.0,26509,0.7981817495944773,0.9985703532717813,26471.101494881932,49.499421355733645,0.9985703532717813,24.279010479641677,0.14911945576993826,0.062221535623485605,26.538387458129566,997.464579814663,1.405776011518084,-0.6119089967905579,150.39629584413737,-997.1295750168508,125,13,0.5359657726306789,13.128159516054572,26508,14.965264306085256,32.158593632111064,460567.0471209077,79527.0,381040.0471209077,0,1,381040.0471209077
XBRUSD,M5@M15,signal_flip,h4_correction,any,any,any,any,windowed,both,3.0,2345,0.774413646055437,0.9800532022202196,2298.2247592064136,23.994670566808466,0.9800532022202194,23.979190090388535,0.4951799902742556,1.8241440657130878,216.30597023981,10.624878992745607,1.372516416296937,-0.367230723608361,32.99999999998295,-3.999999999997158,89,10,0.5467306325515281,12.051572440193954,2198,11.95105959891879,24.044585987261147,36079.35262925978,7035.0,29044.352629259778,0,0,29044.352629259778
XBRUSD,M5@M15,signal_flip,any,any,after_correction_break,any,any,windowed,both,3.0,26114,0.7971586122386459,0.9938088858228344,25952.325244377807,48.62112452825531,0.9938088858228342,23.861045863460156,0.14765656995930226,0.06165176342878539,26.01829254849326,997.464579814663,1.4029836876198791,-0.6142318634709322,150.39629584413737,-997.1295750168508,125,13,0.5395700901176891,13.006512252191692,25946,14.523493358199953,30.753873429430357,449977.79592741217,78342.0,371635.79592741217,0,1,371635.79592741217
XBRUSD,M5@M15,signal_flip,h4_correction,any,after_correction_break,any,any,windowed,both,3.0,2333,0.7766823831975996,0.9832654126528063,2293.958207718995,25.528220610361277,0.9832654126528063,23.98406293101961,0.49655274337379296,1.8215083793594844,215.90440787939798,10.624878992745607,1.3719696444813554,-0.3686195548583852,32.99999999998295,-3.999999999997158,89,10,0.5468638376910987,11.978353645655018,2185,11.994929411732313,24.03203661327231,36152.857096565676,6999.0,29153.857096565676,0,0,29153.857096565676
XBRUSD,M5@M15,signal_flip,any,any,any,any,after_correction_break,windowed,both,3.0,26519,0.7982955616727629,0.9986321811977804,26482.726813184217,49.56939388627144,0.9986321811977803,24.28960294524092,0.14915638321574154,0.06221754352382432,26.550042326420176,997.464579814663,1.405574200175324,-0.6119422330393857,150.39629584413737,-997.1295750168508,125,13,0.5358925047450256,13.128163300946536,26518,14.965096030130328,32.15419714910627,460758.2374221957,79557.0,381201.2374221957,0,1,381201.2374221957
XBRUSD,M5@M15,signal_flip,any,any,any,after_h4_lo_x,any,windowed,both,3.0,16481,0.6040288817426127,0.5510694657804368,9082.17586552743,3.4283670692565162,0.5510694657804369,40.63722794730451,0.3165426948575646,0.7376060553422642,312.4754217074708,29.065248767084995,1.237741879617616,-0.49640584524455833,56.40272564292461,-24.318096610174972,58,18,0.6308628117225896,19.8472409798551,9370,15.544694236533662,31.173425827107792,180410.9748873709,49443.0,130967.97488737089,0,1,130967.97488737089
XBRUSD,M5@M15,signal_flip,h4_correction,any,any,any,after_correction_break,windowed,both,3.0,2345,0.774413646055437,0.9800532022202196,2298.2247592064136,23.994670566808466,0.9800532022202194,23.979190090388535,0.4951799902742556,1.8241440657130878,216.30597023981,10.624878992745607,1.372516416296937,-0.367230723608361,32.99999999998295,-3.999999999997158,89,10,0.5467306325515281,12.051572440193954,2198,11.95105959891879,24.044585987261147,36079.35262925978,7035.0,29044.352629259778,0,0,29044.352629259778
XBRUSD,M5@M15,signal_flip,h4_correction,any,any,after_h4_lo_x,after_correction_break,windowed,both,3.0,1550,0.567741935483871,0.48370731697028435,749.746341303941,3.3630733885921504,0.48370731697028446,12.497766867261223,0.3174435958721897,0.8643076125721654,45.095978685304374,16.62556979938134,1.2346915596604238,-0.5026600465630329,14.333333333339333,-4.363636363636422,22,14,0.6198924731182796,17.52093615917632,832,14.07975145985166,22.87860576923077,16263.913214758108,4650.0,11613.913214758108,0,0,11613.913214758108
XTIUSD,M5@M15,signal_flip,any,any,any,any,any,always,both,3.0,31675,0.788034727703236,0.9858654655270118,31227.288620568193,46.22676588448626,0.9858654655270117,58.250470707792445,0.3272963238243456,0.22102217465447874,99.4586514043919,313.972572316512,1.386340482832008,-0.5030021107241075,207.9053828800289,-311.50576766610936,220,11,0.502757169166009,12.844037188955133,31674,14.586158228642253,30.16527751468081,537671.4413750633,95025.0,442646.4413750633,0,1,442646.4413750633
XTIUSD,M5@M15,signal_flip,h4_correction,any,any,any,any,windowed,both,3.0,2885,0.7705372616984402,0.7840438206276983,2261.9664225109113,27.421507196398306,0.7840438206276981,6.953547027000801,0.12945936945060502,0.05744733303305244,7.204344015854551,313.9725723165103,1.286617155288225,-0.9036004738592374,24.03817540386617,-311.50576766610936,43,9,0.5421432697862507,12.027208838314548,2721,10.846852389652016,24.932010290334436,41551.91304556189,8655.0,32896.91304556189,0,0,32896.91304556189
XTIUSD,M5@M15,signal_flip,any,any,after_correction_break,any,any,windowed,both,3.0,31230,0.7864233109189882,0.9807600624612424,30629.136750664722,45.42117842024483,0.9807600624612426,57.93291429430513,0.327822972552344,0.21910991025471277,97.55354273362406,313.972572316512,1.383762331209674,-0.5031583364085451,207.9053828800289,-311.50576766610936,218,11,0.5052753762407941,12.76194364822558,31050,14.168039744230928,28.877133655394523,526017.4558946076,93690.0,432327.45589460764,0,1,432327.45589460764
XTIUSD,M5@M15,signal_flip,h4_correction,any,after_correction_break,any,any,windowed,both,3.0,2873,0.7709711103376262,0.7910079551530732,2272.5658551547813,28.413493870615227,0.7910079551530733,6.9800594024448674,0.130224082304823,0.05773514498502907,7.2381031196057695,313.9725723165103,1.295324684169424,-0.9066539821892019,24.03817540386617,-311.50576766610936,43,9,0.5430154310244808,11.954309385228353,2711,10.821085198907157,24.948358539284396,41427.17302559332,8619.0,32808.17302559332,0,0,32808.17302559332
XTIUSD,M5@M15,signal_flip,any,any,any,any,after_correction_break,windowed,both,3.0,31675,0.788034727703236,0.9858654655270118,31227.288620568193,46.22676588448626,0.9858654655270117,58.250470707792445,0.3272963238243456,0.22102217465447874,99.4586514043919,313.972572316512,1.386340482832008,-0.5030021107241075,207.9053828800289,-311.50576766610936,220,11,0.502757169166009,12.844037188955133,31674,14.586158228642253,30.16527751468081,537671.4413750633,95025.0,442646.4413750633,0,1,442646.4413750633
XTIUSD,M5@M15,signal_flip,any,any,any,after_h4_lo_x,any,windowed,both,3.0,19276,0.5822784810126582,0.4911462336851462,9467.334800514971,3.401028856606282,0.4911462336851461,23.68936893252742,0.1706259304921994,0.13292583039675773,30.15338164943626,313.97257231651065,1.2430479275947524,-0.5569591578252141,65.31289645315506,-311.50576766610936,33,26,0.607344193124438,19.777724762637224,10447,15.39816148269615,29.840145496314733,206877.63848002636,57828.0,149049.63848002636,0,1,149049.63848002636
XTIUSD,M5@M15,signal_flip,h4_correction,any,any,any,after_correction_break,windowed,both,3.0,2885,0.7705372616984402,0.7840438206276983,2261.9664225109113,27.421507196398306,0.7840438206276981,6.953547027000801,0.12945936945060502,0.05744733303305244,7.204344015854551,313.9725723165103,1.286617155288225,-0.9036004738592374,24.03817540386617,-311.50576766610936,43,9,0.5421432697862507,12.027208838314548,2721,10.846852389652016,24.932010290334436,41551.91304556189,8655.0,32896.91304556189,0,0,32896.91304556189
XTIUSD,M5@M15,signal_flip,h4_correction,any,any,after_h4_lo_x,after_correction_break,windowed,both,3.0,1847,0.5587439090416892,0.24320496456958435,449.1995695600217,2.6609785125456638,0.24320496456958451,1.4076080006376244,0.032752788359904576,0.021290485142518127,1.3939180003428135,322.2568109813832,1.1732362408121209,-0.9344542711142163,24.03817540386617,-311.50576766610936,25,12,0.678216928352283,17.558408813020705,974,11.116504639658364,21.940451745379878,15640.578742686303,5541.0,10099.578742686303,0,0,10099.578742686303
XNGUSD,M5@M15,signal_flip,any,any,any,any,any,always,both,5.0,26182,0.9581773737682378,1.4465527038321706,37873.64289173401,267.5707402126318,1.4465527038321704,79.20356519344742,0.4894894340203832,0.5391330386379399,502.2091321397299,75.41408641927364,1.5345207162251635,-0.5688386449377089,211.77976016860555,-75.41408641927354,195,4,0.4932396302803453,103.96328496499713,26181,136.45408340886223,29.595508192964363,3676845.2730464255,130910.0,3545935.2730464255,0,1,3545935.2730464255
XNGUSD,M5@M15,signal_flip,h4_correction,any,any,any,any,windowed,both,5.0,2007,0.9486796213253612,1.4015817966947506,2812.9746659663706,51.565355047748064,1.4015817966947504,18.227661028640366,0.40687148813845064,0.9569030283904348,270.04556793277845,10.416666666666401,1.5122415426489713,-0.6440119537599732,108.57188912244696,-10.416666666666346,109,2,0.43435475834578974,106.87883770234174,1887,116.71859046256522,20.079491255961845,258998.66600498382,10035.0,248963.66600498382,0,0,248963.66600498382
XNGUSD,M5@M15,signal_flip,any,any,after_correction_break,any,any,windowed,both,5.0,25822,0.9577104794361397,1.4401878352656108,37188.53028222872,255.2564872439001,1.4401878352656108,78.93614678878895,0.4912255916598068,0.5360120229209187,493.12445523074604,75.41408641927364,1.5288978101082378,-0.5687843972052383,211.77976016860555,-75.41408641927354,193,4,0.49552384271809563,103.25455829385503,25677,132.61407895394063,27.67262530669471,3582389.2398399157,129110.0,3453279.2398399157,0,1,3453279.2398399157
XNGUSD,M5@M15,signal_flip,h4_correction,any,after_correction_break,any,any,windowed,both,5.0,1996,0.9509018036072144,1.405298956402996,2804.9767169803854,63.334561493073714,1.405298956402996,18.20573391754558,0.4075002904436487,0.9795772706474731,269.27776483012383,10.416666666666401,1.5090477011885126,-0.6040389783205816,108.57188912244696,-10.416666666666346,109,2,0.4329909819639279,105.7634030959621,1878,116.20804258367824,20.01863684771033,257984.38977427097,9980.0,248004.38977427097,0,0,248004.38977427097
XNGUSD,M5@M15,signal_flip,any,any,any,any,after_correction_break,windowed,both,5.0,26181,0.9581757763263435,1.4465864707892704,37873.08039173401,267.5673572734674,1.4465864707892704,79.20252417038309,0.48949234831648974,0.5391456236492835,502.20167332100374,75.41408641927364,1.5345594637622848,-0.5688386449377089,211.77976016860555,-75.41408641927354,195,4,0.4932552869129012,103.96420025795634,26179,136.46068825117163,29.597196225982657,3676795.2730464255,130905.0,3545890.2730464255,0,1,3545890.2730464255
XNGUSD,M5@M15,signal_flip,any,any,any,after_h4_lo_x,any,windowed,both,5.0,15748,0.7306324612649225,0.8471797104040059,13341.386079442413,5.44986624199787,0.8471797104040057,50.99616766106033,0.40637299264508125,0.9839175199538279,577.9956351118263,23.08215714615426,1.335363049272806,-0.47696868587709174,71.07763727165866,-16.797113150574567,59,12,0.5818569553805775,156.71161156916267,8846,140.1719163931067,29.459642776396112,1443383.6287431596,78740.0,1364643.6287431596,0,1,1364643.6287431596
XNGUSD,M5@M15,signal_flip,h4_correction,any,any,any,after_correction_break,windowed,both,5.0,2007,0.9486796213253612,1.4015817966947506,2812.9746659663706,51.565355047748064,1.4015817966947504,18.227661028640366,0.40687148813845064,0.9569030283904348,270.04556793277845,10.416666666666401,1.5122415426489713,-0.6440119537599732,108.57188912244696,-10.416666666666346,109,2,0.43435475834578974,106.87883770234174,1887,116.71859046256522,20.079491255961845,258998.66600498382,10035.0,248963.66600498382,0,0,248963.66600498382
XNGUSD,M5@M15,signal_flip,h4_correction,any,any,after_h4_lo_x,after_correction_break,windowed,both,5.0,1329,0.7697516930022573,0.8088888527119106,1075.013285254131,5.874858384114881,0.8088888527119105,16.843554459150447,0.4620311479263613,0.7483120898025128,96.85109107985544,11.099650744954062,1.2280163557676504,-0.5923119173077693,22.25000000000233,-10.416666666666346,45,8,0.49059443190368696,154.0336871829493,779,118.30808571087675,18.286264441591783,122088.5228028397,6645.0,115443.5228028397,0,0,115443.5228028397
BTCUSD,M5@M15,signal_flip,any,any,any,any,any,always,both,10.0,35385,0.9815175922000848,1.3559878756080488,47981.63097839069,481.3301750068946,1.355987875608049,153.75536558498152,0.8173737388217196,3.365286616681288,8097.656867979757,5.925372210833302,1.3863131373171322,-0.2544504491903793,69.77866766422113,-5.925372210830262,496,3,0.3398261975413311,19598.63173034599,35384,24646.692042213646,20.390006782726655,868870541.221687,353850.0,868516691.221687,0,1,868516691.221687
BTCUSD,M5@M15,signal_flip,h4_correction,any,any,any,any,windowed,both,10.0,2680,0.9705223880597015,1.3132605969812565,3519.5383999097708,69.09529697676852,1.3132605969812565,45.3533235432482,0.8760758751170734,1.2261683400307677,587.8090062456848,5.987554396944233,1.3675582200939824,-0.47443709562887065,16.438424983027492,-5.987554396944047,142,2,0.3474502487562189,19089.591984914798,2513,21150.656013210693,19.67966573816156,60877421.81221108,26800.0,60850621.81221108,0,0,60850621.81221108
BTCUSD,M5@M15,signal_flip,any,any,after_correction_break,any,any,windowed,both,10.0,35002,0.9810296554482602,1.3555098125701712,47445.55445958101,428.89958045427466,1.3555098125701712,152.79158152878182,0.8166820232241514,3.326216331511522,8007.185501838476,5.925372210833302,1.3867072631358046,-0.2578306355062096,69.77866766422113,-5.925372210830262,403,3,0.34014246804944476,19471.378141232937,34836,24228.546910806035,20.286485245148697,854193335.4079723,350020.0,853843315.4079723,0,1,853843315.4079723
BTCUSD,M5@M15,signal_flip,h4_correction,any,after_correction_break,any,any,windowed,both,10.0,2677,0.9708629062383265,1.3155099317345724,3521.620087253454,71.24829745200326,1.3155099317345726,45.426592101959876,0.8779827266436331,1.2319754757423873,588.1566752947955,5.987554396944233,1.368731825804721,-0.45787087196178067,16.438424983027492,-5.987554396944047,142,2,0.346127505914581,19083.188503172867,2510,21179.403410836047,19.64541832669323,60923245.81221108,26770.0,60896475.81221108,0,0,60896475.81221108
BTCUSD,M5@M15,signal_flip,any,any,any,any,after_correction_break,windowed,both,10.0,35394,0.9815505452901622,1.356048693751379,47995.98746663617,485.4778531243185,1.3560486937513792,153.79506194887597,0.8174808128354379,3.3628707242956066,8100.079751764043,5.925372210833302,1.386319254512506,-0.25441003733944606,69.77866766422113,-5.925372210830262,496,3,0.3398598632536588,19600.7294271552,35393,24652.55199206763,20.39202667194078,869328920.6552489,353940.0,868974980.6552489,0,1,868974980.6552489
BTCUSD,M5@M15,signal_flip,any,any,any,after_h4_lo_x,any,windowed,both,10.0,21807,0.7137616361718714,0.7030573431385316,15331.571481821988,5.5312654510324615,0.7030573431385316,69.73234110268754,0.47221120059728694,1.028353538375412,539.5716870766553,28.414336498801276,1.1420172514441895,-0.39152948364416007,57.67288888888822,-14.648388920293888,36,11,0.42225355772611245,30566.010211534496,10665,28486.01858321302,21.781059540553212,333764178.35406303,218070.0,333546108.35406303,0,0,333546108.35406303
BTCUSD,M5@M15,signal_flip,h4_correction,any,any,any,after_correction_break,windowed,both,10.0,2680,0.9705223880597015,1.3132605969812565,3519.5383999097708,69.09529697676852,1.3132605969812565,45.3533235432482,0.8760758751170734,1.2261683400307677,587.8090062456848,5.987554396944233,1.3675582200939824,-0.47443709562887065,16.438424983027492,-5.987554396944047,142,2,0.3474502487562189,19089.591984914798,2513,21150.656013210693,19.67966573816156,60877421.81221108,26800.0,60850621.81221108,0,0,60850621.81221108
BTCUSD,M5@M15,signal_flip,h4_correction,any,any,after_h4_lo_x,after_correction_break,windowed,both,10.0,1713,0.7215411558669002,0.7002465868882645,1199.5224033395984,4.776744325715267,0.7002465868882646,20.258564110590115,0.4894743954330238,1.0128341325000059,152.88611648767338,7.8458556662750425,1.1378424458847773,-0.43364960120332824,13.808158067224861,-7.0224676953816685,36,9,0.4257637672698969,29169.601078421358,777,23218.473608409146,19.292149292149293,24041955.11688343,17130.0,24024825.11688343,0,0,24024825.11688343
ETHUSD,M5@M15,signal_flip,any,any,any,any,any,always,both,5.0,36284,0.9821960092602801,1.2830748354854626,46555.087330754664,544.0598388212887,1.2830748354854626,157.63243945797836,0.8275381372345921,3.887393745538242,11710.175340867283,3.9756097560966737,1.3101942636717296,-0.21302761296993866,37.655794554946574,-3.97560975609746,370,3,0.3314913827949877,974.1701841284926,36283,1178.1376137331883,19.889893338478075,42772517.03908125,181420.0,42591097.03908125,0,1,42591097.03908125
ETHUSD,M5@M15,signal_flip,h4_correction,any,any,any,any,windowed,both,5.0,2423,0.9694593479158069,1.2340495489536185,2990.102057114631,74.68064660291564,1.2340495489536187,41.091611503357456,0.8347885168764196,1.7363015500761148,685.7006771994177,4.36065204037277,1.2850386866901033,-0.3845110529788494,15.371386159296499,-4.360652040372815,233,2,0.3337460448479846,956.6466768212371,2291,999.160304650629,18.921868179834135,2572106.040650418,12115.0,2559991.040650418,0,0,2559991.040650418
ETHUSD,M5@M15,signal_flip,any,any,after_correction_break,any,any,windowed,both,5.0,35942,0.9820265984085471,1.2827235121590144,46103.648474019436,552.0213057151437,1.2827235121590146,157.11559615965973,0.8287397646974047,4.005799000151303,11596.623235798888,3.9756097560966737,1.310011927348362,-0.20825466512147717,37.655794554946574,-3.97560975609746,366,3,0.33148776732884466,967.6352450667675,35777,1158.287983128811,19.760879894904548,42098604.360186026,179710.0,41918894.360186026,0,1,41918894.360186026
ETHUSD,M5@M15,signal_flip,h4_correction,any,after_correction_break,any,any,windowed,both,5.0,2402,0.9712739383846795,1.239106549650372,2976.333932260205,89.50001222243142,1.2391065496503717,41.018766352288345,0.83694340821391,1.7141045255339273,682.5433225820452,4.36065204037277,1.2867299872891855,-0.3711177983402445,15.371386159296499,-4.360652040372815,233,2,0.33291701359977793,949.7383254731503,2270,997.7179975338596,18.878854625550662,2556693.5052758073,12010.0,2544683.5052758073,0,0,2544683.5052758073
ETHUSD,M5@M15,signal_flip,any,any,any,any,after_correction_break,windowed,both,5.0,36284,0.9821960092602801,1.2830748354854626,46555.087330754664,544.0598388212887,1.2830748354854626,157.63243945797836,0.8275381372345921,3.887393745538242,11710.175340867283,3.9756097560966737,1.3101942636717296,-0.21302761296993866,37.655794554946574,-3.97560975609746,370,3,0.3314913827949877,974.1701841284926,36283,1178.1376137331883,19.889893338478075,42772517.03908125,181420.0,42591097.03908125,0,1,42591097.03908125
ETHUSD,M5@M15,signal_flip,any,any,any,after_h4_lo_x,any,windowed,both,5.0,22154,0.6950437844181637,0.6380853975748051,14136.143897872218,4.945968468023455,0.6380853975748049,66.59376950695197,0.4474118916523771,0.8847110273481277,753.124446766108,18.76999738698214,1.0882377977740134,-0.38788361637833463,37.655794554946574,-18.169117647058364,58,13,0.41735126839396947,1510.3677832114493,10408,1373.3590664525275,21.195714834742507,15398260.236278772,110770.0,15287490.236278772,0,0,15287490.236278772
ETHUSD,M5@M15,signal_flip,h4_correction,any,any,any,after_correction_break,windowed,both,5.0,2423,0.9694593479158069,1.2340495489536185,2990.102057114631,74.68064660291564,1.2340495489536187,41.091611503357456,0.8347885168764196,1.7363015500761148,685.7006771994177,4.36065204037277,1.2850386866901033,-0.3845110529788494,15.371386159296499,-4.360652040372815,233,2,0.3337460448479846,956.6466768212371,2291,999.160304650629,18.921868179834135,2572106.040650418,12115.0,2559991.040650418,0,0,2559991.040650418
ETHUSD,M5@M15,signal_flip,h4_correction,any,any,after_h4_lo_x,after_correction_break,windowed,both,5.0,1434,0.6757322175732218,0.5525048592750781,792.291968200462,3.967668761152508,0.552504859275078,15.902118857494385,0.41993340123989037,0.6768175280629679,62.583852618282364,12.659686725150777,1.0178203969675594,-0.41715268056151245,12.805560335416164,-11.844717356459482,41,12,0.42573221757322177,1471.690927813481,550,1132.7528363387596,18.954545454545453,819493.0164484933,7170.0,812323.0164484933,0,0,812323.0164484933
US500,M5@M15,signal_flip,any,any,any,any,any,always,both,1.0,31415,0.9713194333916919,1.4178484284743722,44541.70838052201,389.810217356911,1.4178484284743726,129.65570399004767,0.7315147635860927,4.5321704169058625,12346.377599221274,3.607674236638559,1.4648764909458156,-0.17484224661287837,86.8484147319985,-3.6076742366400176,251,2,0.50809326754735,452.2620093931623,31414,584.6341750465771,30.486248169605908,18303939.97491313,31415.0,18272524.97491313,0,1,18272524.97491313
US500,M5@M15,signal_flip,h4_correction,any,any,any,any,windowed,both,1.0,2763,0.9482446615997104,1.3168027990834348,3638.326133867525,56.754324905645205,1.316802799083435,41.722207935391246,0.7937373935673987,2.3381717553596792,1051.1014827918689,3.461441348368794,1.4076492439306778,-0.34765654007584057,25.684615384611345,-3.461441348368795,177,2,0.5076909156713717,464.12812546448873,2584,498.79228530070577,23.779024767801857,1505330.464523358,2763.0,1502567.464523358,0,0,1502567.464523358
US500,M5@M15,signal_flip,any,any,after_correction_break,any,any,windowed,both,1.0,30965,0.9706119812691749,1.4114861317817646,43706.66807062204,292.98618306242395,1.411486131781765,133.66390852129175,0.7595889078544499,4.473920836874282,8666.894085199376,5.042944755175995,1.4596325921033915,-0.17866976378579966,56.58836865191548,-3.539147286821696,247,3,0.5103799989235158,448.1082830109606,30773,567.6412313258134,29.647743151463946,17817574.832122486,30965.0,17786609.832122486,0,1,17786609.832122486
US500,M5@M15,signal_flip,h4_correction,any,after_correction_break,any,any,windowed,both,1.0,2752,0.951671511627907,1.3261672761457801,3649.6123439531825,74.34323241753775,1.3261672761457803,42.01432727391298,0.8008906053447362,2.5110568969747664,1054.362034957797,3.461441348368794,1.4092146044680223,-0.3091782341997192,25.684615384611345,-3.461441348368795,177,2,0.5060259205426356,460.9602875900411,2575,500.0144615440275,23.66990291262136,1509955.8254732518,2752.0,1507203.8254732518,0,0,1507203.8254732518
US500,M5@M15,signal_flip,any,any,any,any,after_correction_break,windowed,both,1.0,31413,0.9713176073600102,1.4178055672901129,44537.526285283915,389.7937691485528,1.4178055672901124,129.6448836630514,0.7314770002214227,4.532033410588803,12345.218377250614,3.607674236638559,1.464835446692531,-0.17484224661287837,86.8484147319985,-3.6076742366400176,251,2,0.5081123526353208,452.28125378302593,31411,584.6582081090437,30.48804558912483,18303164.974913135,31413.0,18271751.974913135,0,1,18271751.974913135
US500,M5@M15,signal_flip,any,any,any,after_h4_lo_x,any,windowed,both,1.0,18364,0.7195600087126988,0.7967823172138971,14632.11047331601,6.400807045381404,0.796782317213897,62.97029502173748,0.464677972725336,0.9462867524243301,656.4100999892393,22.291111111111604,1.2752861351427374,-0.43097485756507303,39.38705144036539,-22.2911111111112,59,15,0.610701190735497,724.708063192398,9562,743.971899141845,28.647772432545494,7794795.275395516,18364.0,7776431.275395516,0,1,7776431.275395516
US500,M5@M15,signal_flip,h4_correction,any,any,any,after_correction_break,windowed,both,1.0,2763,0.9482446615997104,1.3168027990834348,3638.326133867525,56.754324905645205,1.316802799083435,41.722207935391246,0.7937373935673987,2.3381717553596792,1051.1014827918689,3.461441348368794,1.4076492439306778,-0.34765654007584057,25.684615384611345,-3.461441348368795,177,2,0.5076909156713717,464.12812546448873,2584,498.79228530070577,23.779024767801857,1505330.464523358,2763.0,1502567.464523358,0,0,1502567.464523358
US500,M5@M15,signal_flip,h4_correction,any,any,after_h4_lo_x,after_correction_break,windowed,both,1.0,1641,0.7038391224862889,0.7928861209820578,1301.1261245315568,5.152986178465048,0.792886120982058,19.100758681353216,0.47151588376541204,1.4482035823125003,242.0774804016381,5.374833389594187,1.297867719064872,-0.40722446705425935,25.684615384611345,-4.618333333333339,47,8,0.694495226487914,730.4593241508313,774,593.2839740919628,19.41860465116279,624367.7104447277,1641.0,622726.7104447277,0,0,622726.7104447277
USTEC,M5@M15,signal_flip,any,any,any,any,any,always,both,1.5,31417,0.9794378839481809,1.4045512364774795,44126.78619641292,363.6795071972081,1.4045512364774793,131.25760564294717,0.7405290870337365,3.132670531254993,6931.150482493681,6.366444691666402,1.4398192047739018,-0.27537237412501325,59.68555555555536,-5.833076923077058,287,3,0.5079521702687505,2155.581485675944,31416,2782.1231367621813,30.477782021899667,86974512.46452075,47125.5,86927386.96452075,0,1,86927386.96452075
USTEC,M5@M15,signal_flip,h4_correction,any,any,any,any,windowed,both,1.5,2780,0.9611510791366906,1.291327129690276,3589.8894205389624,67.3170733779108,1.291327129690276,40.397140787571274,0.7661754461743415,2.1325040143238385,1074.5743775475335,3.3407547169811096,1.360740206037582,-0.42600379623566437,32.41104651163346,-3.3407547169810883,183,4,0.4381294964028777,2176.7447021827475,2613,2368.2185473354157,21.706850363566783,7127405.631845426,4170.0,7123235.631845426,0,0,7123235.631845426
USTEC,M5@M15,signal_flip,any,any,after_correction_break,any,any,windowed,both,1.5,30988,0.9791854911578676,1.40263255776552,43464.77770003795,333.9777354740673,1.40263255776552,131.02973424943647,0.7443429623765755,3.1751817824996404,6827.166464971071,6.366444691666402,1.4382717277784827,-0.27395555960397455,59.68555555555536,-5.833076923077058,278,3,0.5101356439051676,2132.657282124061,30791,2695.555953164885,29.712415965704263,84802855.34580347,46482.0,84756373.34580347,0,1,84756373.34580347
USTEC,M5@M15,signal_flip,h4_correction,any,after_correction_break,any,any,windowed,both,1.5,2764,0.9627351664254703,1.2862912457043774,3555.309003126895,80.94810393982225,1.2862912457043774,42.94374827101443,0.8168285878660404,3.0100416886461026,1534.9480536774618,2.3162406015037504,1.349822726088214,-0.3550414659596004,25.8899425287335,-2.316240601503742,182,4,0.43780149541726965,2157.9338347335934,2599,2355.3128108761225,21.685263562908812,7060948.563125027,4146.0,7056802.563125027,0,0,7056802.563125027
USTEC,M5@M15,signal_flip,any,any,any,any,after_correction_break,windowed,both,1.5,31420,0.9794716740929345,1.404717951916773,44136.23804922496,370.9487451285968,1.4047179519167732,131.28295941456398,0.7406367671800957,3.1433044582535787,6932.635118467102,6.366444691666402,1.4398970527166275,-0.273788756789462,59.68555555555536,-5.833076923077058,287,3,0.5079275408444728,2155.435165809952,31419,2782.0438576823162,30.476304147172094,86989709.46452077,47130.0,86942579.46452077,0,1,86942579.46452077
USTEC,M5@M15,signal_flip,any,any,any,after_h4_lo_x,any,windowed,both,1.5,18200,0.720054945054945,0.776981479698157,14141.062930506481,6.238690931332188,0.776981479698157,59.705326739496066,0.44256532646679225,0.8390350241151076,469.33526380233104,30.12998174469635,1.2548633436440022,-0.4521925785963085,48.24897540986158,-29.569830861223313,46,15,0.6054761904761904,3412.938472309542,9367,3646.8508998590023,29.88630297854169,36719351.34067835,27300.0,36692051.34067835,0,0,36692051.34067835
USTEC,M5@M15,signal_flip,h4_correction,any,any,any,after_correction_break,windowed,both,1.5,2780,0.9611510791366906,1.291327129690276,3589.8894205389624,67.3170733779108,1.291327129690276,40.397140787571274,0.7661754461743415,2.1325040143238385,1074.5743775475335,3.3407547169811096,1.360740206037582,-0.42600379623566437,32.41104651163346,-3.3407547169810883,183,4,0.4381294964028777,2176.7447021827475,2613,2368.2185473354157,21.706850363566783,7127405.631845426,4170.0,7123235.631845426,0,0,7123235.631845426
USTEC,M5@M15,signal_flip,h4_correction,any,any,after_h4_lo_x,after_correction_break,windowed,both,1.5,1635,0.6874617737003058,0.7049339920391895,1152.5670769840788,4.717154941752645,0.7049339920391897,14.85100633613714,0.3672797675380507,0.46203673492631653,30.978156923192987,37.20579890668593,1.246777577350537,-0.48690982379242365,32.41104651163346,-29.569830861223313,29,11,0.5520897043832823,3430.027013608108,759,2711.95741010051,19.176548089591567,2690862.380662797,2452.5,2688409.880662797,0,0,2688409.880662797
US30,M5@M15,signal_flip,any,any,any,any,any,always,both,3.0,31396,0.9771945470760607,1.3917827338921214,43696.41071327686,316.6606356315633,1.3917827338921211,110.33017874699952,0.622668880948859,0.16049091623485445,188.27599831736077,232.08699517620698,1.4382346916705573,-0.5986447306922598,58.19655913978524,-231.93919029816004,274,2,0.5083662462309424,3059.8536983736926,31395,3969.3607990400665,30.50262780697563,123931643.28586307,94188.0,123837455.28586307,0,1,123837455.28586307
US30,M5@M15,signal_flip,h4_correction,any,any,any,any,windowed,both,3.0,2349,0.9587058322690507,1.3171856604454468,3094.0691163863517,63.16509805246957,1.3171856604454468,35.6102188024841,0.7347390692317883,1.6492933456389205,612.7447325925516,5.049523809523748,1.3932184390676776,-0.4480289525160347,40.27757009346901,-5.049523809523736,113,2,0.4729672200936569,3376.7301811154207,2187,3611.447370123548,24.778235025148604,9126637.441385798,7047.0,9119590.441385798,0,0,9119590.441385798
US30,M5@M15,signal_flip,any,any,after_correction_break,any,any,windowed,both,3.0,30969,0.9768155252026219,1.3904259732594546,43060.10196587181,295.1370928572627,1.3904259732594544,109.53968046892435,0.6224548837073184,0.16056374599999146,185.53431627299653,232.08699517620698,1.43764238265888,-0.5989105180247059,58.19655913978524,-231.93919029816004,271,3,0.5092296597672942,3028.2723204504277,30787,3854.2923547886758,29.776204242050216,120965664.12632963,92907.0,120872757.12632963,0,1,120872757.12632963
US30,M5@M15,signal_flip,h4_correction,any,after_correction_break,any,any,windowed,both,3.0,2327,0.9621830683283197,1.3240811942741086,3081.1369390758477,81.06766881540649,1.3240811942741084,35.57685834251084,0.7375125295267113,1.6070899584434972,610.1836639060127,5.049523809523748,1.3938232771955248,-0.45037930187419845,40.27757009346901,-5.049523809523736,110,2,0.4719596046411689,3331.2086335344798,2169,3602.187362980732,24.700322729368374,9085384.26718554,6981.0,9078403.26718554,0,0,9078403.26718554
US30,M5@M15,signal_flip,any,any,any,any,after_correction_break,windowed,both,3.0,31395,0.9771938206720815,1.391804558939678,43695.704127911005,316.6532512028433,1.3918045589396777,110.32855974127924,0.6226696602531792,0.16049343295085755,188.27295383240235,232.08699517620698,1.4382585402094867,-0.5986447306922598,58.19655913978524,-231.93919029816004,274,2,0.5083744757657801,3059.820567419668,31393,3969.1280949849615,30.501544930398495,123928743.28586306,94185.0,123834558.28586306,0,1,123834558.28586306
US30,M5@M15,signal_flip,any,any,any,after_h4_lo_x,any,windowed,both,3.0,19149,0.733510888297039,0.8045000888443224,15405.37220127984,6.52832907627376,0.8045000888443223,47.10004489759856,0.34036764637556666,0.240518877460426,65.90596635791232,233.7477629509085,1.2671059520262706,-0.46882186966119316,40.27757009346901,-231.93919029816004,47,14,0.58741100492628,4866.898052284892,10406,4853.926841915325,27.886315587161253,54943674.56820963,57447.0,54886227.56820963,0,0,54886227.56820963
US30,M5@M15,signal_flip,h4_correction,any,any,any,after_correction_break,windowed,both,3.0,2349,0.9587058322690507,1.3171856604454468,3094.0691163863517,63.16509805246957,1.3171856604454468,35.6102188024841,0.7347390692317883,1.6492933456389205,612.7447325925516,5.049523809523748,1.3932184390676776,-0.4480289525160347,40.27757009346901,-5.049523809523736,113,2,0.4729672200936569,3376.7301811154207,2187,3611.447370123548,24.778235025148604,9126637.441385798,7047.0,9119590.441385798,0,0,9119590.441385798
US30,M5@M15,signal_flip,h4_correction,any,any,after_h4_lo_x,after_correction_break,windowed,both,3.0,1457,0.7295813315030886,0.8342373680832698,1215.483845297324,6.705506362312466,0.8342373680832699,17.11580704852533,0.44840206713485325,1.4528899734074143,222.45769566886068,5.463887601832539,1.2818817686787984,-0.37349359088385425,40.27757009346901,-5.049523809523736,43,12,0.5279112331274307,5569.339561171161,725,4340.155282889161,18.924137931034483,4346577.447698664,4371.0,4342206.447698664,0,0,4342206.447698664
DE40,M5@M15,signal_flip,any,any,any,any,any,always,both,2.0,31592,0.9765130412762725,1.4869313809447275,46975.13618680551,463.94740090354793,1.4869313809447273,52.81370295808421,0.2971379057801768,2.425916379498799,3770.579789008492,12.458332356138271,1.528709140548453,-0.2500549853287673,756.9603258950909,-12.458332356139245,364,3,0.5112845024056724,1826.125756040901,31591,2412.874018396206,30.67772466841822,75965725.11515447,63184.0,75902541.11515447,0,1,75902541.11515447
DE40,M5@M15,signal_flip,h4_correction,any,any,any,any,windowed,both,2.0,2215,0.9683972911963883,1.4148847487124054,3133.969718397982,81.91292913901175,1.4148847487124054,40.19975365433918,0.8541546832781166,1.7828141093521563,563.8559858012666,5.558103127954666,1.476106608447988,-0.46112795318508537,22.650558042969205,-5.558103127954661,195,3,0.5594808126410835,1792.2071141622037,2068,2154.415643617768,24.455996131528046,5081101.04869668,4430.0,5076671.04869668,0,0,5076671.04869668
DE40,M5@M15,signal_flip,any,any,after_correction_break,any,any,windowed,both,2.0,31201,0.9763148617031505,1.4861461865100873,46369.24716530092,448.1600320071231,1.4861461865100876,52.21655459929728,0.29561329052019136,2.4190765461201225,3721.946552698492,12.458332356138271,1.5283092810403538,-0.25184053281463836,756.9603258950909,-12.458332356139245,359,3,0.5135759537621658,1811.3082946004263,31034,2357.3007036786703,29.406457433782304,74429139.76308534,62402.0,74366737.76308534,0,1,74366737.76308534
DE40,M5@M15,signal_flip,h4_correction,any,after_correction_break,any,any,windowed,both,2.0,2199,0.9708958617553434,1.4261191493421632,3136.036009403421,108.61870105773461,1.426119149342163,40.50116206144134,0.8636839906004014,2.8996194467359024,1150.1354557715126,2.7266666666664605,1.4801363260457716,-0.3758601047547838,22.650558042969205,-2.7266666666664605,205,3,0.5593830529028346,1775.7220613863176,2053,2156.6378201202156,24.381393083292743,5081890.942401936,4398.0,5077492.942401936,0,0,5077492.942401936
DE40,M5@M15,signal_flip,any,any,any,any,after_correction_break,windowed,both,2.0,31592,0.9765130412762725,1.4869313809447275,46975.13618680551,463.94740090354793,1.4869313809447273,52.81370295808421,0.2971379057801768,2.425916379498799,3770.579789008492,12.458332356138271,1.528709140548453,-0.2500549853287673,756.9603258950909,-12.458332356139245,364,3,0.5112845024056724,1826.125756040901,31591,2412.874018396206,30.67772466841822,75965725.11515447,63184.0,75902541.11515447,0,1,75902541.11515447
DE40,M5@M15,signal_flip,any,any,any,after_h4_lo_x,any,windowed,both,2.0,18429,0.7126811004395247,0.8181922865732364,15078.46564925814,5.820956552165103,0.8181922865732365,19.09361713714337,0.14064921897699822,1.04219060416384,813.4023995653507,18.537522949668528,1.321481914562892,-0.43019411078580744,756.9603258950909,-16.749333333333198,45,14,0.612232532059978,2926.2289745483413,9139,2903.471733058906,29.682131524236787,29640472.618016288,36858.0,29603614.618016288,0,0,29603614.618016288
DE40,M5@M15,signal_flip,h4_correction,any,any,any,after_correction_break,windowed,both,2.0,2215,0.9683972911963883,1.4148847487124054,3133.969718397982,81.91292913901175,1.4148847487124054,40.19975365433918,0.8541546832781166,1.7828141093521563,563.8559858012666,5.558103127954666,1.476106608447988,-0.46112795318508537,22.650558042969205,-5.558103127954661,195,3,0.5594808126410835,1792.2071141622037,2068,2154.415643617768,24.455996131528046,5081101.04869668,4430.0,5076671.04869668,0,0,5076671.04869668
DE40,M5@M15,signal_flip,h4_correction,any,any,after_h4_lo_x,after_correction_break,windowed,both,2.0,1240,0.7217741935483871,0.7753516273665598,961.4360179345348,5.301933080427469,0.7753516273665598,17.433575251189094,0.4950802688574795,1.18470703456264,127.35524881897804,7.549245334215584,1.2529140056267742,-0.4635420785548661,14.018000000000029,-5.558103127954661,46,14,0.6315860215053763,2792.167394260545,570,2355.713191007523,29.70175438596491,1863024.990567177,2480.0,1860544.990567177,0,0,1860544.990567177
UK100,M5@M15,signal_flip,any,any,any,any,any,always,both,2.0,31344,0.9717968351199592,1.4289961503725865,44790.455337278734,309.1016029835831,1.4289961503725863,139.5920065085869,0.7884666717623566,1.99820734199619,3794.643217591994,11.80360122649472,1.4792975576017087,-0.30424012134581535,52.40000000028376,-11.803601226495106,224,4,0.5187515952016335,593.3340182735652,31343,778.0585527788154,31.125929234597837,24293136.531232037,62688.0,24230448.531232037,0,1,24230448.531232037
UK100,M5@M15,signal_flip,h4_correction,any,any,any,any,windowed,both,2.0,2821,0.9585253456221198,1.3616545626937937,3841.227521359197,68.450235284804,1.3616545626937937,44.29572824796649,0.8339889626775789,1.0024937211200868,291.38599271513345,13.182608695657109,1.440590990090512,-0.46265398158591686,22.183290440066223,-13.182608695657008,226,2,0.48717948717948717,609.5479053985783,2626,682.0624511592753,24.645849200304646,2089133.191843106,5642.0,2083491.191843106,0,1,2083491.191843106
UK100,M5@M15,signal_flip,any,any,after_correction_break,any,any,windowed,both,2.0,30843,0.9715332490354376,1.4297662720664432,44098.28112934559,290.71206416674715,1.4297662720664432,138.15147098607108,0.78664213806154,1.6399403705197155,2934.9349783054245,15.02530088581625,1.4810933034736027,-0.32195866656173067,52.40000000028376,-15.02530088581716,218,4,0.52212009207924,590.1665850181123,30636,765.8655258602873,29.993961352657006,23798920.952319235,61686.0,23737234.952319235,0,1,23737234.952319235
UK100,M5@M15,signal_flip,h4_correction,any,after_correction_break,any,any,windowed,both,2.0,2794,0.9620615604867573,1.374672289035626,3840.8343755655446,88.5532586135686,1.374672289035626,44.48784586589363,0.8416435054040403,1.0390919835428887,291.35616965031153,13.182608695657109,1.4460519361898934,-0.4354078199329617,22.183290440066223,-13.182608695657008,224,2,0.487145072774994,604.9497523194082,2603,684.5645940881287,24.644640799077987,2088362.5522282245,5588.0,2082774.5522282245,0,1,2082774.5522282245
UK100,M5@M15,signal_flip,any,any,any,any,after_correction_break,windowed,both,2.0,31343,0.9717959352965575,1.4290075957930475,44789.38507494185,309.0880228589081,1.4290075957930473,139.58384593293098,0.7884331550473562,1.9982233464642156,3794.552545066182,11.80360122649472,1.4793109866447085,-0.30424012134581535,52.40000000028376,-11.803601226495106,224,4,0.5187654872432973,593.3387079893272,31341,778.0706702239643,31.1272773683035,24292066.531232037,62686.0,24229380.531232037,0,1,24229380.531232037
UK100,M5@M15,signal_flip,any,any,any,after_h4_lo_x,any,windowed,both,2.0,18974,0.7177189838726679,0.8010955865530155,15199.987659256909,6.016532426104607,0.8010955865530155,65.437299947913,0.4750572202598159,1.1856914864749815,705.4221914953907,21.547362476696662,1.2762912734307423,-0.4071222745188449,44.22499999994094,-15.183333333325097,46,13,0.6264888795193423,931.6293564916516,9912,885.6257487674756,31.11682808716707,9859716.136502227,37948.0,9821768.136502227,0,0,9821768.136502227
UK100,M5@M15,signal_flip,h4_correction,any,any,any,after_correction_break,windowed,both,2.0,2821,0.9585253456221198,1.3616545626937937,3841.227521359197,68.450235284804,1.3616545626937937,44.29572824796649,0.8339889626775789,1.0024937211200868,291.38599271513345,13.182608695657109,1.440590990090512,-0.46265398158591686,22.183290440066223,-13.182608695657008,226,2,0.48717948717948717,609.5479053985783,2626,682.0624511592753,24.645849200304646,2089133.191843106,5642.0,2083491.191843106,0,1,2083491.191843106
UK100,M5@M15,signal_flip,h4_correction,any,any,after_h4_lo_x,after_correction_break,windowed,both,2.0,1830,0.7300546448087432,0.8081760876025204,1478.962240312609,6.222765758785666,0.8081760876025204,22.553344797077763,0.5272121551870562,1.0857809830179723,112.19040741153552,13.182608695656995,1.252018131911116,-0.3921740565195114,22.183290440066223,-13.182608695657008,42,14,0.5684881602914389,887.1615429691032,937,733.7365757117254,22.566702241195305,929218.2797470898,3660.0,925558.2797470898,0,0,925558.2797470898
F40,M5@M15,signal_flip,any,any,any,any,any,always,both,2.0,25711,0.9636731360118237,1.507905723224627,38769.764049828154,366.59865402419115,1.5079057232246267,50.731592409273375,0.31638727674559525,0.3474542171240908,308.7184869053168,125.58290382434643,1.5804226465936366,-0.4158114184391395,622.3767372786397,-125.58290382434564,207,3,0.6253127714467219,711.2231952988501,25710,946.0886764904567,37.51983663943991,24244263.425670143,51422.0,24192841.425670143,0,1,24192841.425670143
F40,M5@M15,signal_flip,h4_correction,any,any,any,any,windowed,both,2.0,2251,0.9515770768547313,1.3901493937216882,3129.2262852675217,63.74849454775662,1.3901493937216882,36.00246761149298,0.758830050090761,1.771462859961327,611.8667763520812,5.114228139536863,1.48156887956063,-0.4063693096454093,26.265279373047168,-5.114228139536635,104,2,0.6470827780245816,677.902306323897,2095,768.5243207378488,26.69928400954654,1840158.1345834602,4502.0,1835656.1345834602,0,1,1835656.1345834602
F40,M5@M15,signal_flip,any,any,after_correction_break,any,any,windowed,both,2.0,25233,0.9633020251258273,1.504423239453419,37961.1116011279,344.5295632854179,1.5044232394534185,49.76216831124751,0.3132671470723103,0.34531752977157787,302.27929475356245,125.58290382434643,1.5774598411329726,-0.41274811802489775,622.3767372786397,-125.58290382434564,201,3,0.6283306252394351,706.3178442581211,25028,920.2816872221176,35.5947338980342,23556783.410414163,50466.0,23506317.410414163,0,1,23506317.410414163
F40,M5@M15,signal_flip,h4_correction,any,after_correction_break,any,any,windowed,both,2.0,2232,0.9543010752688172,1.401383893288382,3127.8888498196707,78.24390418977544,1.401383893288382,36.153889324186,0.7652580892870755,2.0156654766190223,611.6052636836275,5.114228139536863,1.4847416956670505,-0.3393231563838164,26.265279373047168,-5.114228139536635,125,2,0.6479241338112306,676.8941929367485,2077,772.0849925361973,26.701974000962927,1843651.195512299,4464.0,1839187.195512299,0,1,1839187.195512299
F40,M5@M15,signal_flip,any,any,any,any,after_correction_break,windowed,both,2.0,25711,0.9637120298704834,1.5079739059018877,38771.51709464322,366.75767519321107,1.5079739059018877,50.73398786299608,0.3164022159786038,0.34728509928141654,308.7324461685738,125.58290382434643,1.5804281895291574,-0.41621927707397893,622.3767372786397,-125.58290382434564,207,3,0.6253127714467219,711.1959695977883,25710,946.094260041627,37.51983663943991,24244463.425670143,51422.0,24193041.425670143,0,1,24193041.425670143
F40,M5@M15,signal_flip,any,any,any,after_h4_lo_x,any,windowed,both,2.0,15165,0.7170458292120013,0.8361897556151221,12680.817643903276,6.201710007475263,0.8361897556151221,35.11185127215511,0.28512317659747105,0.7578207718167161,315.38893582309043,40.206919785595346,1.344842436868862,-0.4528079735746168,279.10674426041237,-38.768490197903425,72,14,0.7533355313770744,1137.0472596440684,7847,1131.8973770512825,34.60367019243023,9949471.60324404,30330.0,9919141.60324404,0,0,9919141.60324404
F40,M5@M15,signal_flip,h4_correction,any,any,any,after_correction_break,windowed,both,2.0,2251,0.9515770768547313,1.3901493937216882,3129.2262852675217,63.74849454775662,1.3901493937216882,36.00246761149298,0.758830050090761,1.771462859961327,611.8667763520812,5.114228139536863,1.48156887956063,-0.4063693096454093,26.265279373047168,-5.114228139536635,104,2,0.6470827780245816,677.902306323897,2095,768.5243207378488,26.69928400954654,1840158.1345834602,4502.0,1835656.1345834602,0,1,1835656.1345834602
F40,M5@M15,signal_flip,h4_correction,any,any,after_h4_lo_x,after_correction_break,windowed,both,2.0,1408,0.7357954545454546,0.8710729418592181,1226.4707021377808,6.0611794828624435,0.8710729418592182,18.66960607473534,0.4975466736513289,1.1913150225984923,128.81149336122897,9.52143842241128,1.3435265310422946,-0.44468490328504845,22.77292633536069,-6.231506803391919,38,10,0.8026160037878788,1043.3316188842562,729,878.5187175979593,23.984910836762687,820212.8765118853,2816.0,817396.8765118853,0,0,817396.8765118853
JP225,M5@M15,signal_flip,any,any,any,any,any,always,both,10.0,26294,0.9739484292994599,1.4266464083180352,37512.24066031454,403.4701556019593,1.4266464083180352,113.77934429850919,0.7016735362432893,1.3449571582168272,1414.131039692754,26.526707644055932,1.4715652002597472,-0.2526606615145232,82.09205290079845,-26.526707644056238,354,3,0.5087504120078091,5244.812001648122,26293,6928.006983618503,30.525805347430875,181528253.62028152,262940.0,181265313.62028152,0,1,181265313.62028152
JP225,M5@M15,signal_flip,h4_correction,any,any,any,any,windowed,both,10.0,2131,0.9666823087752229,1.3734989369457515,2926.926234631402,50.90135430312315,1.3734989369457513,32.85200970067776,0.7116561675971971,0.43156611306617,110.3388431729192,26.526707644056273,1.4507232057712882,-0.8670925247529183,27.653899063429225,-26.526707644056238,181,2,0.4286719849835758,5299.484814418788,1993,6067.348297769067,21.73607626693427,13911237.452812105,21310.0,13889927.452812105,0,0,13889927.452812105
JP225,M5@M15,signal_flip,any,any,after_correction_break,any,any,windowed,both,10.0,25979,0.9734015935948266,1.4254711257471755,37032.31437578606,341.112665052043,1.4254711257471755,112.90448431903238,0.700486833380492,1.3392874429696384,1396.0388478169928,26.526707644055932,1.471577398652363,-0.2618449802244385,82.09205290079845,-26.526707644056238,347,3,0.510700950767928,5206.636778639569,25825,6764.330291108135,29.896611810261376,177848672.93797725,259790.0,177588882.93797725,0,1,177588882.93797725
JP225,M5@M15,signal_flip,h4_correction,any,after_correction_break,any,any,windowed,both,10.0,2126,0.9684854186265287,1.3785966804880865,2930.8965427176768,65.44968423972055,1.3785966804880863,32.97590645170881,0.7151795905974103,0.4237764226552195,110.48851527469488,26.526707644056273,1.4508378137626488,-0.8414703853674972,27.653899063429225,-26.526707644056238,181,2,0.4280730636563186,5290.435641814863,1988,6048.102294660316,21.68762575452716,13966535.830673076,21260.0,13945275.830673076,0,0,13945275.830673076
JP225,M5@M15,signal_flip,any,any,any,any,after_correction_break,windowed,both,10.0,26298,0.9739523918168682,1.4268066326318813,37522.16082495334,403.70167364360424,1.4268066326318811,113.79835849136917,0.7017374219458967,1.3451082081452264,1414.5050086289639,26.526707644055932,1.471722694650789,-0.2526606615145232,82.09205290079845,-26.526707644056238,354,3,0.5087237305752021,5246.533760023204,26297,6930.918324482389,30.524204281857244,181632565.1789136,262980.0,181369585.1789136,0,1,181369585.1789136
JP225,M5@M15,signal_flip,any,any,any,after_h4_lo_x,any,windowed,both,10.0,15382,0.7188272006241061,0.784109706560068,12061.175506306996,5.696250607411662,0.784109706560068,52.79333688576592,0.4256696728258545,0.9327551109598178,383.6540643411466,31.43763256364764,1.2612019913676877,-0.4355918872244066,66.64117297338501,-26.526707644056238,51,13,0.6004204048021496,8181.148321011235,7739,7931.4953180256,29.842356893655513,69751081.8393848,153820.0,69597261.8393848,0,1,69597261.8393848
JP225,M5@M15,signal_flip,h4_correction,any,any,any,after_correction_break,windowed,both,10.0,2131,0.9666823087752229,1.3734989369457515,2926.926234631402,50.90135430312315,1.3734989369457513,32.85200970067776,0.7116561675971971,0.43156611306617,110.3388431729192,26.526707644056273,1.4507232057712882,-0.8670925247529183,27.653899063429225,-26.526707644056238,181,2,0.4286719849835758,5299.484814418788,1993,6067.348297769067,21.73607626693427,13911237.452812105,21310.0,13889927.452812105,0,0,13889927.452812105
JP225,M5@M15,signal_flip,h4_correction,any,any,after_h4_lo_x,after_correction_break,windowed,both,10.0,1319,0.7255496588324488,0.8168048931948503,1077.3656541240082,5.984708414929165,0.8168048931948506,15.995563903834046,0.44043026777749444,0.5309821693417439,40.61437508870085,26.526707644056245,1.3039500409807416,-0.4710346273330438,20.19893349996551,-26.526707644056238,73,8,0.5208491281273692,7969.028458296846,604,6705.67960326597,20.19039735099338,5854703.162836328,13190.0,5841513.162836328,0,0,5841513.162836328
HK50,M5@M15,signal_flip,any,any,any,any,any,always,both,10.0,25054,0.9761315558393869,1.5286659917921588,38299.19775836081,280.60899010004056,1.5286659917921586,86.99575484497602,0.5496161988472053,1.3808791881142082,2363.0452791545767,16.20755983654408,1.5769116588822256,-0.444404299770856,122.19323868831493,-15.35,348,3,0.7838402384183496,3011.275464259378,25053,4059.4700242864606,47.031493234343195,101235800.51844884,250540.0,100985260.51844884,0,1,100985260.51844884
HK50,M5@M15,signal_flip,h4_correction,any,any,any,any,windowed,both,10.0,1806,0.9601328903654485,1.4151310660210563,2555.726705234029,46.781671278922026,1.4151310660210568,32.65674535952667,0.7684471900360423,1.3859078200736326,362.25750605727103,7.05499999999995,1.5014492264276882,-0.6636979637719834,20.284656170101318,-7.054999999999927,202,3,0.9317552602436323,2729.937196816992,1643,3028.707734402892,28.371880706025564,6149985.818847841,18060.0,6131925.818847841,0,0,6131925.818847841
HK50,M5@M15,signal_flip,any,any,after_correction_break,any,any,windowed,both,10.0,24649,0.975577102519372,1.5261402025788375,37617.8298533659,250.14750201959288,1.5261402025788375,85.97517504524122,0.547612579905995,1.3822779636719913,2450.6729546166857,15.349999999999909,1.5754313384412293,-0.442803226130357,122.19323868831493,-15.35,339,3,0.7897514436014983,2972.4136222325806,24448,3913.841197838509,44.688931609947645,98304229.66707002,246490.0,98057739.66707002,0,1,98057739.66707002
HK50,M5@M15,signal_flip,h4_correction,any,after_correction_break,any,any,windowed,both,10.0,1772,0.9650112866817155,1.4173110863020602,2511.475244927251,58.619945838505544,1.41731108630206,33.17638905430705,0.7881289063798679,2.1682496124636637,688.0346081336995,3.6502164502155665,1.4883545239638059,-0.5421127588847995,20.284656170101318,-3.1822222222221574,261,3,0.939663280662152,2686.4227537721817,1613,2992.1880923369945,28.357098574085555,6030937.01191934,17720.0,6013217.01191934,0,0,6013217.01191934
HK50,M5@M15,signal_flip,any,any,any,any,after_correction_break,windowed,both,10.0,25054,0.9761714696256086,1.5288349360906393,38303.43048881495,282.18786966797524,1.5288349360906393,87.00587809377718,0.5496801548590359,1.3800319431489556,2363.306436941241,16.20755983654408,1.5769852778725484,-0.4437160001910147,122.19323868831493,-15.35,348,3,0.7838435645672016,3011.2175931671873,25053,4059.5111371272383,47.03169281124017,101240850.51844884,250540.0,100990310.51844884,0,1,100990310.51844884
HK50,M5@M15,signal_flip,any,any,any,after_h4_lo_x,any,windowed,both,10.0,15359,0.7592291164789374,0.918196282891567,14102.576708931598,7.239849448067723,0.9181962828915671,53.78122671667526,0.43395953362576417,0.8137417676067398,333.2071563207182,42.32375098017883,1.3553431911977363,-0.4602704823215859,87.10249802570858,-42.32375098017881,63,11,0.8956692058944811,4514.880849478682,8866,4454.305690438208,46.95635010151139,44303811.484485045,153590.0,44150221.484485045,0,1,44150221.484485045
HK50,M5@M15,signal_flip,h4_correction,any,any,any,after_correction_break,windowed,both,10.0,1806,0.9601328903654485,1.4151310660210563,2555.726705234029,46.781671278922026,1.4151310660210568,32.65674535952667,0.7684471900360423,1.3859078200736326,362.25750605727103,7.05499999999995,1.5014492264276882,-0.6636979637719834,20.284656170101318,-7.054999999999927,202,3,0.9317552602436323,2729.937196816992,1643,3028.707734402892,28.371880706025564,6149985.818847841,18060.0,6131925.818847841,0,0,6131925.818847841
HK50,M5@M15,signal_flip,h4_correction,any,any,after_h4_lo_x,after_correction_break,windowed,both,10.0,1167,0.7712082262210797,1.017602692204197,1187.5423418022972,8.551247220967129,1.017602692204197,19.355257857981726,0.566582992019463,1.4328293549477265,168.32634185716591,7.05499999999995,1.4528277088922883,-0.44944792584554893,17.763855070177534,-7.054999999999927,65,7,0.9745786918023421,3948.9216636092106,641,3648.6025969682278,26.08424336973479,3446226.255270876,11670.0,3434556.255270876,0,0,3434556.255270876
