tf_pair,touch_type,bias_alignment,zone_role,age_bucket,test_count_cls,count,avg_zone_age,avg_bias_strength,avg_price_distance_at_touch
H1@D1,body_close,against_daily,continuation,fresh,retested_1,19,7.894736842105263,1.631578947368421,1.732743921894174
H1@D1,body_close,against_daily,continuation,fresh,retested_2plus,9734,6.921101294431888,1.753852475857818,1.749205504006166
H1@D1,body_close,against_daily,continuation,mature,retested_1,2,103.0,3.0,1.6604653128734208
H1@D1,body_close,against_daily,continuation,mature,retested_2plus,5840,104.45325342465753,2.366095890410959,3.1622432446512203
H1@D1,body_close,against_daily,continuation,old,retested_1,4,272.25,2.25,3.3678490673594137
H1@D1,body_close,against_daily,continuation,old,retested_2plus,4533,473.57555702625194,2.3909110964041473,3.7248545625157097
H1@D1,body_close,against_daily,continuation,young,retested_1,26,21.53846153846154,2.230769230769231,2.451530970413987
H1@D1,body_close,against_daily,continuation,young,retested_2plus,15278,23.941026312344547,2.3524021468778638,2.0688892254554445
H1@D1,body_close,against_daily,pullback,fresh,retested_2plus,208,8.788461538461538,1.6490384615384615,1.6619632437752416
H1@D1,body_close,against_daily,pullback,mature,retested_2plus,2827,102.95330739299611,2.265298903431199,4.597124604167968
H1@D1,body_close,against_daily,pullback,old,retested_1,2,253.0,3.0,2.183669659524446
H1@D1,body_close,against_daily,pullback,old,retested_2plus,2009,587.1239422598308,2.1617720258835242,6.920631811494661
H1@D1,body_close,against_daily,pullback,young,retested_1,2,43.0,3.0,1.2363053834428392
H1@D1,body_close,against_daily,pullback,young,retested_2plus,3747,28.89591673338671,2.0392313851080863,2.821902435790708
H1@D1,body_close,against_daily,push,fresh,retested_2plus,142,6.901408450704225,1.7464788732394365,2.3007244458865124
H1@D1,body_close,against_daily,push,mature,retested_1,1,131.0,2.0,1.4770046388336695
H1@D1,body_close,against_daily,push,mature,retested_2plus,336,141.6220238095238,2.3273809523809526,9.732503234742726
H1@D1,body_close,against_daily,push,old,retested_1,1,658.0,3.0,0.12378509183916414
H1@D1,body_close,against_daily,push,old,retested_2plus,323,534.1455108359133,2.343653250773994,2.1343144059196666
H1@D1,body_close,against_daily,push,young,retested_1,2,19.5,3.0,0.9226391500087252
H1@D1,body_close,against_daily,push,young,retested_2plus,434,26.536866359447004,2.230414746543779,2.233003381099102
H1@D1,body_close,against_daily,reversal,fresh,retested_1,2,7.5,2.0,2.4524236984885164
H1@D1,body_close,against_daily,reversal,fresh,retested_2plus,599,7.215358931552587,1.8731218697829717,1.6580395570671758
H1@D1,body_close,against_daily,reversal,mature,retested_1,2,76.5,2.5,2.104425097424534
H1@D1,body_close,against_daily,reversal,mature,retested_2plus,976,99.88319672131148,2.346311475409836,6.042600812179198
H1@D1,body_close,against_daily,reversal,old,retested_2plus,555,302.53873873873874,2.0774774774774776,3.1745677437131543
H1@D1,body_close,against_daily,reversal,young,retested_1,2,14.0,2.5,6.007785682660769
H1@D1,body_close,against_daily,reversal,young,retested_2plus,1107,24.684733514001806,2.3423667570009035,4.046318728599309
H1@D1,body_close,at_transition,continuation,fresh,retested_1,33,4.606060606060606,1.393939393939394,1.7476068555529767
H1@D1,body_close,at_transition,continuation,fresh,retested_2plus,757,6.542932628797886,1.3725231175693526,1.7508310707218957
H1@D1,body_close,at_transition,continuation,mature,retested_2plus,260,101.3,1.5,3.4667868395187633
H1@D1,body_close,at_transition,continuation,old,retested_2plus,229,446.2227074235808,1.4716157205240175,5.139292798960122
H1@D1,body_close,at_transition,continuation,young,retested_2plus,721,22.789181692094314,1.4993065187239945,2.222279716170081
H1@D1,body_close,at_transition,pullback,fresh,retested_1,33,4.333333333333333,1.2424242424242424,1.8586107727798364
H1@D1,body_close,at_transition,pullback,fresh,retested_2plus,17,8.647058823529411,1.3529411764705883,1.7340015048844069
H1@D1,body_close,at_transition,pullback,mature,retested_2plus,139,100.84172661870504,1.474820143884892,4.898303074518169
H1@D1,body_close,at_transition,pullback,old,retested_2plus,121,477.73553719008265,1.4297520661157024,7.416269307072458
H1@D1,body_close,at_transition,pullback,young,retested_1,1,13.0,2.0,0.8547854785478167
H1@D1,body_close,at_transition,pullback,young,retested_2plus,245,28.20408163265306,1.4244897959183673,3.0146509522116967
H1@D1,body_close,at_transition,push,fresh,retested_2plus,5,8.4,1.6,1.7094066704622186
H1@D1,body_close,at_transition,push,mature,retested_2plus,16,130.625,1.3125,10.994366104936669
H1@D1,body_close,at_transition,push,old,retested_2plus,14,509.92857142857144,1.5,2.549558235220925
H1@D1,body_close,at_transition,push,young,retested_2plus,20,23.0,1.4,2.157394851201003
H1@D1,body_close,at_transition,reversal,fresh,retested_2plus,39,6.717948717948718,1.358974358974359,1.49345887844601
H1@D1,body_close,at_transition,reversal,mature,retested_2plus,63,98.03174603174604,1.507936507936508,4.907359502758009
H1@D1,body_close,at_transition,reversal,old,retested_2plus,40,321.9,1.475,3.3415083818733273
H1@D1,body_close,at_transition,reversal,young,retested_2plus,66,28.196969696969695,1.4545454545454546,3.257686045813147
H1@D1,body_close,neutral,continuation,fresh,retested_1,76,4.526315789473684,1.381578947368421,2.302574962847074
H1@D1,body_close,neutral,continuation,fresh,retested_2plus,7570,5.896036988110964,1.4062087186261558,1.9317159518078033
H1@D1,body_close,neutral,continuation,mature,retested_1,3,98.0,2.0,1.2092882206387137
H1@D1,body_close,neutral,continuation,mature,retested_2plus,2339,106.57973492945703,1.5207353569901667,3.636068352816395
H1@D1,body_close,neutral,continuation,old,retested_2plus,2310,407.3844155844156,1.405194805194805,5.03880935699447
H1@D1,body_close,neutral,continuation,young,retested_1,11,18.727272727272727,1.3636363636363635,1.8329028971843415
H1@D1,body_close,neutral,continuation,young,retested_2plus,6678,22.81551362683438,1.5073375262054507,2.0809819841079564
H1@D1,body_close,neutral,pullback,fresh,retested_1,38,3.263157894736842,1.3421052631578947,1.618932833972803
H1@D1,body_close,neutral,pullback,fresh,retested_2plus,232,8.517241379310345,1.4094827586206897,2.0165724192365757
H1@D1,body_close,neutral,pullback,mature,retested_2plus,1267,104.4238358326756,1.44672454617206,4.760804263283029
H1@D1,body_close,neutral,pullback,old,retested_2plus,959,442.33889468196037,1.4066736183524504,8.126815893791072
H1@D1,body_close,neutral,pullback,young,retested_1,1,23.0,1.0,2.5243307908955996
H1@D1,body_close,neutral,pullback,young,retested_2plus,2176,29.451746323529413,1.4269301470588236,3.189309005131438
H1@D1,body_close,neutral,push,fresh,retested_2plus,30,8.666666666666666,1.6666666666666667,1.2292209436662351
H1@D1,body_close,neutral,push,mature,retested_2plus,146,122.04794520547945,1.2602739726027397,8.787140571453074
H1@D1,body_close,neutral,push,old,retested_2plus,74,278.3378378378378,1.6081081081081081,3.8679094594918926
H1@D1,body_close,neutral,push,young,retested_1,1,15.0,1.0,2.92554043234599
H1@D1,body_close,neutral,push,young,retested_2plus,166,23.10843373493976,1.3674698795180722,2.485777761348144
H1@D1,body_close,neutral,reversal,fresh,retested_1,7,5.571428571428571,1.5714285714285714,1.525333103006345
H1@D1,body_close,neutral,reversal,fresh,retested_2plus,403,6.397022332506204,1.466501240694789,1.6477675213321457
H1@D1,body_close,neutral,reversal,mature,retested_2plus,852,102.10680751173709,1.4119718309859155,5.084861786795124
H1@D1,body_close,neutral,reversal,old,retested_2plus,307,294.64820846905536,1.5439739413680782,3.546662320192362
H1@D1,body_close,neutral,reversal,young,retested_2plus,718,30.998607242339833,1.3690807799442897,3.1279585925994953
H1@D1,body_close,with_daily,continuation,fresh,retested_1,263,3.722433460076046,1.8935361216730038,2.3801982090202762
H1@D1,body_close,with_daily,continuation,fresh,retested_2plus,11205,4.722980812137439,2.037929495760821,2.0847976121096305
H1@D1,body_close,with_daily,continuation,mature,retested_2plus,1690,105.95029585798817,1.8846153846153846,4.962517662823258
H1@D1,body_close,with_daily,continuation,old,retested_1,1,628.0,3.0,5.743407707910791
H1@D1,body_close,with_daily,continuation,old,retested_2plus,1956,387.5040899795501,2.026073619631902,6.687305205259697
H1@D1,body_close,with_daily,continuation,young,retested_1,5,13.2,2.2,2.329704531663192
H1@D1,body_close,with_daily,continuation,young,retested_2plus,3788,24.443241816261878,1.7666314677930306,2.682434237263257
H1@D1,body_close,with_daily,pullback,fresh,retested_1,125,3.512,1.856,2.289236926018796
H1@D1,body_close,with_daily,pullback,fresh,retested_2plus,520,8.078846153846154,1.4730769230769232,2.365703041130165
H1@D1,body_close,with_daily,pullback,mature,retested_1,1,76.0,1.0,2.539195230998485
H1@D1,body_close,with_daily,pullback,mature,retested_2plus,1105,104.84072398190045,1.9782805429864254,6.373240323413182
H1@D1,body_close,with_daily,pullback,old,retested_2plus,1401,357.6124197002141,2.206281227694504,9.48170191162209
H1@D1,body_close,with_daily,pullback,young,retested_2plus,2340,24.917521367521367,1.9457264957264957,3.301133673746097
H1@D1,body_close,with_daily,push,fresh,retested_2plus,13,9.0,1.0,1.4432331666049694
H1@D1,body_close,with_daily,push,mature,retested_2plus,173,128.7398843930636,1.8381502890173411,15.49879120931065
H1@D1,body_close,with_daily,push,old,retested_2plus,65,488.0,1.3692307692307693,1.9011585814295429
H1@D1,body_close,with_daily,push,young,retested_2plus,214,23.714953271028037,2.060747663551402,2.6196062383180334
H1@D1,body_close,with_daily,reversal,fresh,retested_1,22,4.090909090909091,2.0454545454545454,2.4513576237628665
H1@D1,body_close,with_daily,reversal,fresh,retested_2plus,568,5.056338028169014,2.13556338028169,1.9435997735155581
H1@D1,body_close,with_daily,reversal,mature,retested_2plus,209,94.35406698564593,1.7416267942583732,7.79723530363739
H1@D1,body_close,with_daily,reversal,old,retested_1,1,1014.0,3.0,0.8960585939226599
H1@D1,body_close,with_daily,reversal,old,retested_2plus,319,287.7241379310345,1.9968652037617556,3.383896224327913
H1@D1,body_close,with_daily,reversal,young,retested_2plus,420,27.273809523809526,1.7976190476190477,3.198123152319819
H1@D1,near_miss,against_daily,continuation,fresh,first_touch,46,7.543478260869565,1.6521739130434783,3.4482335798820998
H1@D1,near_miss,against_daily,continuation,fresh,retested_1,17,7.764705882352941,1.588235294117647,3.1779407730649347
H1@D1,near_miss,against_daily,continuation,fresh,retested_2plus,597,7.338358458961474,1.7001675041876048,3.877136204174596
H1@D1,near_miss,against_daily,continuation,mature,first_touch,6,124.83333333333333,2.8333333333333335,4.9751288006482435
H1@D1,near_miss,against_daily,continuation,mature,retested_1,11,132.8181818181818,2.8181818181818183,3.575430530137403
H1@D1,near_miss,against_daily,continuation,mature,retested_2plus,461,96.41648590021693,2.281995661605206,5.154212779278161
H1@D1,near_miss,against_daily,continuation,old,first_touch,3,239.0,2.3333333333333335,4.183326596585763
H1@D1,near_miss,against_daily,continuation,old,retested_1,3,530.6666666666666,2.3333333333333335,2.337679478512022
H1@D1,near_miss,against_daily,continuation,old,retested_2plus,306,450.60130718954247,2.477124183006536,4.330423834209975
H1@D1,near_miss,against_daily,continuation,young,first_touch,62,24.483870967741936,2.0,3.5663946168811282
H1@D1,near_miss,against_daily,continuation,young,retested_1,37,22.89189189189189,2.135135135135135,4.226820606165061
H1@D1,near_miss,against_daily,continuation,young,retested_2plus,1294,24.010046367851622,2.2890262751159196,4.095220056840308
H1@D1,near_miss,against_daily,pullback,fresh,retested_2plus,23,9.217391304347826,1.391304347826087,4.113587766954909
H1@D1,near_miss,against_daily,pullback,mature,first_touch,2,72.0,3.0,2.5777831610680533
H1@D1,near_miss,against_daily,pullback,mature,retested_2plus,368,98.39945652173913,2.375,5.960862940423905
H1@D1,near_miss,against_daily,pullback,old,first_touch,1,288.0,3.0,3.2197802197803354
H1@D1,near_miss,against_daily,pullback,old,retested_2plus,196,735.6683673469388,2.336734693877551,5.870688822064512
H1@D1,near_miss,against_daily,pullback,young,first_touch,3,20.666666666666668,2.0,3.6550507702938813
H1@D1,near_miss,against_daily,pullback,young,retested_2plus,523,28.204588910133843,2.120458891013384,5.133979385483286
H1@D1,near_miss,against_daily,push,fresh,retested_2plus,11,7.454545454545454,2.1818181818181817,4.010207391161154
H1@D1,near_miss,against_daily,push,mature,first_touch,3,99.33333333333333,2.3333333333333335,3.0584910528493126
H1@D1,near_miss,against_daily,push,mature,retested_2plus,25,143.0,2.24,10.777339264294257
H1@D1,near_miss,against_daily,push,old,first_touch,3,593.6666666666666,2.0,1.9559424096463085
H1@D1,near_miss,against_daily,push,old,retested_1,2,237.0,3.0,2.2839548692851546
H1@D1,near_miss,against_daily,push,old,retested_2plus,42,541.1666666666666,2.8095238095238093,4.320997574732033
H1@D1,near_miss,against_daily,push,young,first_touch,8,18.75,2.625,3.7108828532175284
H1@D1,near_miss,against_daily,push,young,retested_1,2,12.0,2.0,3.523346697974832
H1@D1,near_miss,against_daily,push,young,retested_2plus,38,20.18421052631579,2.1052631578947367,3.3519028407972082
H1@D1,near_miss,against_daily,reversal,fresh,first_touch,2,7.5,1.5,3.65139004183867
H1@D1,near_miss,against_daily,reversal,fresh,retested_2plus,34,7.176470588235294,1.5294117647058822,3.6358569689517246
H1@D1,near_miss,against_daily,reversal,mature,first_touch,4,76.5,2.5,3.3878072652155695
H1@D1,near_miss,against_daily,reversal,mature,retested_2plus,73,100.64383561643835,2.5616438356164384,6.7070901594784305
H1@D1,near_miss,against_daily,reversal,old,first_touch,1,1009.0,3.0,4.3568499063906305
H1@D1,near_miss,against_daily,reversal,old,retested_2plus,31,400.03225806451616,2.064516129032258,4.599090942945142
H1@D1,near_miss,against_daily,reversal,young,first_touch,5,21.0,2.6,8.986298977241686
H1@D1,near_miss,against_daily,reversal,young,retested_1,4,49.25,2.25,13.953003424584672
H1@D1,near_miss,against_daily,reversal,young,retested_2plus,45,28.77777777777778,2.3777777777777778,5.54640404676581
H1@D1,near_miss,at_transition,continuation,fresh,first_touch,8,5.5,1.5,3.635249582878176
H1@D1,near_miss,at_transition,continuation,fresh,retested_1,4,7.75,1.5,3.146331844920193
H1@D1,near_miss,at_transition,continuation,fresh,retested_2plus,72,6.638888888888889,1.4861111111111112,3.537839157435701
H1@D1,near_miss,at_transition,continuation,mature,first_touch,1,172.0,2.0,2.5067985079105113
H1@D1,near_miss,at_transition,continuation,mature,retested_2plus,25,87.48,1.48,6.931216192017139
H1@D1,near_miss,at_transition,continuation,old,retested_2plus,16,455.8125,1.4375,6.14357735398355
H1@D1,near_miss,at_transition,continuation,young,first_touch,4,19.75,1.75,3.3300110511168253
H1@D1,near_miss,at_transition,continuation,young,retested_1,1,12.0,2.0,3.5039617995760324
H1@D1,near_miss,at_transition,continuation,young,retested_2plus,83,22.02409638554217,1.4698795180722892,3.7315578686642525
H1@D1,near_miss,at_transition,pullback,fresh,first_touch,9,4.222222222222222,1.1111111111111112,3.393939078376033
H1@D1,near_miss,at_transition,pullback,fresh,retested_2plus,2,8.0,1.5,6.680011738566726
H1@D1,near_miss,at_transition,pullback,mature,retested_2plus,24,99.83333333333333,1.4166666666666667,6.406861146325391
H1@D1,near_miss,at_transition,pullback,old,retested_2plus,13,419.3076923076923,1.5384615384615385,6.988139057262393
H1@D1,near_miss,at_transition,pullback,young,retested_2plus,36,28.055555555555557,1.5555555555555556,4.598035499491946
H1@D1,near_miss,at_transition,push,fresh,retested_2plus,1,9.0,1.0,4.983249581239451
H1@D1,near_miss,at_transition,push,mature,retested_2plus,1,120.0,2.0,11.59287321499114
H1@D1,near_miss,at_transition,push,old,retested_2plus,1,568.0,1.0,4.399652886168848
H1@D1,near_miss,at_transition,push,young,retested_2plus,4,19.5,2.0,3.556833849187508
H1@D1,near_miss,at_transition,reversal,fresh,retested_2plus,3,6.333333333333333,1.3333333333333333,4.359442294871314
H1@D1,near_miss,at_transition,reversal,mature,retested_2plus,5,83.2,1.4,8.903369319412695
H1@D1,near_miss,at_transition,reversal,young,retested_2plus,2,20.0,2.0,4.784042977416143
H1@D1,near_miss,neutral,continuation,fresh,first_touch,91,5.186813186813187,1.4945054945054945,3.28995513832995
H1@D1,near_miss,neutral,continuation,fresh,retested_1,34,5.970588235294118,1.588235294117647,3.219081396570815
H1@D1,near_miss,neutral,continuation,fresh,retested_2plus,672,5.9226190476190474,1.4970238095238095,3.9833465237950993
H1@D1,near_miss,neutral,continuation,mature,first_touch,7,106.71428571428571,1.5714285714285714,2.870458466673643
H1@D1,near_miss,neutral,continuation,mature,retested_2plus,197,101.53807106598985,1.5786802030456852,6.546724026851107
H1@D1,near_miss,neutral,continuation,old,retested_2plus,153,655.0653594771242,1.6209150326797386,7.268334298325744
H1@D1,near_miss,neutral,continuation,young,first_touch,17,19.0,1.5294117647058822,3.3483108096854037
H1@D1,near_miss,neutral,continuation,young,retested_1,13,25.0,1.5384615384615385,2.189161039863217
H1@D1,near_miss,neutral,continuation,young,retested_2plus,640,21.153125,1.3765625,4.066529135915667
H1@D1,near_miss,neutral,pullback,fresh,first_touch,5,4.2,1.6,2.4017586225920518
H1@D1,near_miss,neutral,pullback,fresh,retested_2plus,23,7.739130434782608,1.3478260869565217,4.826099136701658
H1@D1,near_miss,neutral,pullback,mature,retested_2plus,202,92.23762376237623,1.4653465346534653,6.941144711674404
H1@D1,near_miss,neutral,pullback,old,retested_2plus,97,773.8762886597938,1.3814432989690721,7.061784499039612
H1@D1,near_miss,neutral,pullback,young,first_touch,1,17.0,1.0,5.122818456253345
H1@D1,near_miss,neutral,pullback,young,retested_1,3,12.0,1.0,3.5339588872043977
H1@D1,near_miss,neutral,pullback,young,retested_2plus,303,27.095709570957094,1.471947194719472,5.308270591410442
H1@D1,near_miss,neutral,push,fresh,first_touch,1,8.0,1.0,3.021850655519651
H1@D1,near_miss,neutral,push,fresh,retested_2plus,2,8.0,2.0,6.846511085921015
H1@D1,near_miss,neutral,push,mature,retested_2plus,25,121.8,1.48,13.642131326999596
H1@D1,near_miss,neutral,push,old,retested_2plus,13,550.9230769230769,1.6153846153846154,3.9907102907504775
H1@D1,near_miss,neutral,push,young,first_touch,5,28.2,1.4,7.1719485379980865
H1@D1,near_miss,neutral,push,young,retested_1,1,27.0,1.0,2.0164974619289646
H1@D1,near_miss,neutral,push,young,retested_2plus,36,23.194444444444443,1.4166666666666667,4.456327040651108
H1@D1,near_miss,neutral,reversal,fresh,first_touch,7,6.857142857142857,1.1428571428571428,2.9745046165158127
H1@D1,near_miss,neutral,reversal,fresh,retested_2plus,23,6.130434782608695,1.6521739130434783,2.842737831071433
H1@D1,near_miss,neutral,reversal,mature,retested_2plus,34,80.26470588235294,1.088235294117647,8.910527713707959
H1@D1,near_miss,neutral,reversal,old,retested_2plus,23,596.6086956521739,1.434782608695652,3.8188411372814715
H1@D1,near_miss,neutral,reversal,young,retested_2plus,14,34.285714285714285,1.6428571428571428,5.7272668621305245
H1@D1,near_miss,with_daily,continuation,fresh,first_touch,382,3.803664921465969,1.8403141361256545,3.752666832603527
H1@D1,near_miss,with_daily,continuation,fresh,retested_1,139,3.7338129496402876,1.8992805755395683,3.9304294669418924
H1@D1,near_miss,with_daily,continuation,fresh,retested_2plus,1637,4.892486255345143,2.1686010995723883,4.285134028604976
H1@D1,near_miss,with_daily,continuation,mature,retested_2plus,185,93.52432432432433,2.037837837837838,6.799135420966222
H1@D1,near_miss,with_daily,continuation,old,first_touch,1,231.0,1.0,5.200680272108814
H1@D1,near_miss,with_daily,continuation,old,retested_2plus,129,485.8914728682171,1.6511627906976745,8.095911859550895
H1@D1,near_miss,with_daily,continuation,young,first_touch,14,17.214285714285715,2.5,3.677306692222604
H1@D1,near_miss,with_daily,continuation,young,retested_1,8,15.125,1.625,2.9490138834429596
H1@D1,near_miss,with_daily,continuation,young,retested_2plus,581,21.991394148020653,1.9793459552495698,4.552892712725102
H1@D1,near_miss,with_daily,pullback,fresh,first_touch,31,3.4516129032258065,1.5161290322580645,3.7998439707549645
H1@D1,near_miss,with_daily,pullback,fresh,retested_1,1,9.0,1.0,7.444644667070297
H1@D1,near_miss,with_daily,pullback,fresh,retested_2plus,83,7.867469879518072,1.7469879518072289,4.631600144515003
H1@D1,near_miss,with_daily,pullback,mature,first_touch,1,76.0,3.0,1.9257087113747773
H1@D1,near_miss,with_daily,pullback,mature,retested_2plus,178,110.39887640449439,2.0898876404494384,7.696286008959124
H1@D1,near_miss,with_daily,pullback,old,retested_2plus,99,577.4242424242424,1.7373737373737375,12.96551616472959
H1@D1,near_miss,with_daily,pullback,young,first_touch,1,14.0,3.0,6.204149377593439
H1@D1,near_miss,with_daily,pullback,young,retested_2plus,428,23.740654205607477,2.053738317757009,5.626957685009162
H1@D1,near_miss,with_daily,push,fresh,retested_2plus,5,9.0,1.0,4.89248760532498
H1@D1,near_miss,with_daily,push,mature,retested_2plus,36,122.94444444444444,2.0833333333333335,14.050138605039159
H1@D1,near_miss,with_daily,push,old,retested_2plus,23,507.60869565217394,1.391304347826087,4.830788785336349
H1@D1,near_miss,with_daily,push,young,retested_2plus,31,22.548387096774192,2.2903225806451615,4.59984524512319
H1@D1,near_miss,with_daily,reversal,fresh,first_touch,30,4.333333333333333,1.7666666666666666,3.725035340876593
H1@D1,near_miss,with_daily,reversal,fresh,retested_1,2,3.5,2.0,4.709139454024664
H1@D1,near_miss,with_daily,reversal,fresh,retested_2plus,45,5.2,2.111111111111111,4.209548426454266
H1@D1,near_miss,with_daily,reversal,mature,retested_2plus,29,86.55172413793103,2.0344827586206895,14.219973475832065
H1@D1,near_miss,with_daily,reversal,old,retested_2plus,15,490.73333333333335,1.4666666666666666,6.361085129002514
H1@D1,near_miss,with_daily,reversal,young,retested_2plus,24,25.875,1.875,3.8618456123304417
H1@D1,wick_touch,against_daily,continuation,fresh,retested_1,16,7.375,1.6875,3.1678811988739923
H1@D1,wick_touch,against_daily,continuation,fresh,retested_2plus,756,7.338624338624339,1.6772486772486772,3.7940096733605753
H1@D1,wick_touch,against_daily,continuation,mature,retested_1,3,132.0,2.0,4.5371911271027505
H1@D1,wick_touch,against_daily,continuation,mature,retested_2plus,505,98.9049504950495,2.388118811881188,5.1883391169439
H1@D1,wick_touch,against_daily,continuation,old,retested_1,2,617.5,2.5,1.3926809784507312
H1@D1,wick_touch,against_daily,continuation,old,retested_2plus,288,474.6041666666667,2.3854166666666665,4.693974452140536
H1@D1,wick_touch,against_daily,continuation,young,retested_1,18,21.0,2.111111111111111,3.8766286340174236
H1@D1,wick_touch,against_daily,continuation,young,retested_2plus,1352,24.340976331360945,2.3624260355029585,3.950685618505346
H1@D1,wick_touch,against_daily,pullback,fresh,retested_2plus,19,9.052631578947368,1.263157894736842,4.470820930202471
H1@D1,wick_touch,against_daily,pullback,mature,retested_1,2,105.5,3.0,2.5930888637020724
H1@D1,wick_touch,against_daily,pullback,mature,retested_2plus,323,99.23529411764706,2.2445820433436534,5.538190170448469
H1@D1,wick_touch,against_daily,pullback,old,retested_1,2,213.5,3.0,1.920062216984612
H1@D1,wick_touch,against_daily,pullback,old,retested_2plus,194,740.5,2.2989690721649483,8.44796855151524
H1@D1,wick_touch,against_daily,pullback,young,retested_1,2,24.0,2.0,3.6733896799437042
H1@D1,wick_touch,against_daily,pullback,young,retested_2plus,600,28.071666666666665,2.0933333333333333,4.770749275819732
H1@D1,wick_touch,against_daily,push,fresh,retested_2plus,24,7.25,2.0,4.412688029219826
H1@D1,wick_touch,against_daily,push,mature,retested_2plus,22,132.3181818181818,2.090909090909091,10.714810227164902
H1@D1,wick_touch,against_daily,push,old,retested_1,2,563.0,2.5,1.9880232311682144
H1@D1,wick_touch,against_daily,push,old,retested_2plus,52,424.0,2.7115384615384617,3.4680201372009716
H1@D1,wick_touch,against_daily,push,young,retested_1,1,49.0,3.0,4.432025227750497
H1@D1,wick_touch,against_daily,push,young,retested_2plus,40,20.75,2.05,3.7511110329232347
H1@D1,wick_touch,against_daily,reversal,fresh,retested_1,1,8.0,2.0,2.935528497863725
H1@D1,wick_touch,against_daily,reversal,fresh,retested_2plus,19,7.526315789473684,1.5789473684210527,3.9241270438933102
H1@D1,wick_touch,against_daily,reversal,mature,retested_2plus,77,91.87012987012987,2.5714285714285716,6.982601489827336
H1@D1,wick_touch,against_daily,reversal,old,retested_2plus,22,371.0,2.227272727272727,4.7838014981381045
H1@D1,wick_touch,against_daily,reversal,young,retested_1,1,49.0,2.0,13.514137405862892
H1@D1,wick_touch,against_daily,reversal,young,retested_2plus,55,28.29090909090909,2.581818181818182,6.372054553352798
H1@D1,wick_touch,at_transition,continuation,fresh,retested_1,4,4.25,1.5,2.526935369953008
H1@D1,wick_touch,at_transition,continuation,fresh,retested_2plus,56,7.053571428571429,1.3928571428571428,3.0722592696474167
H1@D1,wick_touch,at_transition,continuation,mature,retested_2plus,15,117.6,1.7333333333333334,6.3419854738706745
H1@D1,wick_touch,at_transition,continuation,old,retested_2plus,11,310.6363636363636,1.2727272727272727,4.038782665843604
H1@D1,wick_touch,at_transition,continuation,young,retested_1,2,29.5,1.0,1.7652743324416935
H1@D1,wick_touch,at_transition,continuation,young,retested_2plus,59,21.084745762711865,1.4915254237288136,3.5935701295445184
H1@D1,wick_touch,at_transition,pullback,fresh,retested_1,1,6.0,2.0,3.6192384769539467
H1@D1,wick_touch,at_transition,pullback,fresh,retested_2plus,1,7.0,1.0,4.599100365476519
H1@D1,wick_touch,at_transition,pullback,mature,retested_2plus,14,96.78571428571429,1.6428571428571428,7.172712506115659
H1@D1,wick_touch,at_transition,pullback,old,retested_2plus,4,549.0,1.25,11.322983906470407
H1@D1,wick_touch,at_transition,pullback,young,retested_2plus,27,25.925925925925927,1.4444444444444444,4.7838671340333585
H1@D1,wick_touch,at_transition,push,mature,retested_2plus,1,124.0,2.0,13.191939789076237
H1@D1,wick_touch,at_transition,push,old,retested_2plus,1,663.0,1.0,1.206164367219853
H1@D1,wick_touch,at_transition,push,young,retested_2plus,4,21.5,1.75,4.719715330787681
H1@D1,wick_touch,at_transition,reversal,fresh,retested_2plus,1,7.0,2.0,7.093293574373179
H1@D1,wick_touch,at_transition,reversal,mature,retested_2plus,3,124.0,1.6666666666666667,9.730729716817818
H1@D1,wick_touch,at_transition,reversal,old,retested_2plus,2,229.0,1.5,6.142395305470471
H1@D1,wick_touch,at_transition,reversal,young,retested_2plus,5,28.0,1.4,5.874736266637354
H1@D1,wick_touch,neutral,continuation,fresh,retested_1,30,5.3,1.4333333333333333,3.06318149000984
H1@D1,wick_touch,neutral,continuation,fresh,retested_2plus,765,5.921568627450981,1.4392156862745098,3.8556830024476842
H1@D1,wick_touch,neutral,continuation,mature,retested_1,1,161.0,1.0,1.7576419213974028
H1@D1,wick_touch,neutral,continuation,mature,retested_2plus,193,108.96373056994818,1.5647668393782384,6.765817767619192
H1@D1,wick_touch,neutral,continuation,old,retested_2plus,123,488.6747967479675,1.5284552845528456,7.324315331588833
H1@D1,wick_touch,neutral,continuation,young,retested_1,10,16.7,1.8,2.988480929506978
H1@D1,wick_touch,neutral,continuation,young,retested_2plus,610,21.218032786885246,1.4311475409836065,3.8373394945885617
H1@D1,wick_touch,neutral,pullback,fresh,retested_1,1,2.0,2.0,2.6535024502738542
H1@D1,wick_touch,neutral,pullback,fresh,retested_2plus,25,8.28,1.48,4.059580308268261
H1@D1,wick_touch,neutral,pullback,mature,retested_2plus,171,94.41520467836257,1.5146198830409356,6.657532241365073
H1@D1,wick_touch,neutral,pullback,old,retested_2plus,72,864.8888888888889,1.5,7.87327215798144
H1@D1,wick_touch,neutral,pullback,young,retested_1,2,14.5,1.0,2.1819531015699436
H1@D1,wick_touch,neutral,pullback,young,retested_2plus,252,27.583333333333332,1.4365079365079365,5.514050383917864
H1@D1,wick_touch,neutral,push,fresh,retested_2plus,1,8.0,2.0,5.831522507327862
H1@D1,wick_touch,neutral,push,mature,retested_2plus,16,131.1875,1.5,13.422036613013463
H1@D1,wick_touch,neutral,push,old,retested_2plus,17,777.4705882352941,1.7058823529411764,2.918990691106512
H1@D1,wick_touch,neutral,push,young,retested_1,2,31.5,1.5,7.483887822097316
H1@D1,wick_touch,neutral,push,young,retested_2plus,25,19.32,1.28,4.025900846901715
H1@D1,wick_touch,neutral,reversal,fresh,retested_1,2,5.0,1.0,2.43424092550649
H1@D1,wick_touch,neutral,reversal,fresh,retested_2plus,36,5.833333333333333,1.5555555555555556,3.148406153833465
H1@D1,wick_touch,neutral,reversal,mature,retested_2plus,35,84.6,1.3142857142857143,7.9450375328448
H1@D1,wick_touch,neutral,reversal,old,retested_2plus,34,490.5882352941176,1.6176470588235294,5.380667606195161
H1@D1,wick_touch,neutral,reversal,young,retested_2plus,24,34.375,1.7083333333333333,5.8432779694753
H1@D1,wick_touch,with_daily,continuation,fresh,retested_1,175,3.8057142857142856,1.88,3.6273421779796386
H1@D1,wick_touch,with_daily,continuation,fresh,retested_2plus,1854,4.711974110032362,2.0900755124056096,3.9390896111130216
H1@D1,wick_touch,with_daily,continuation,mature,retested_1,2,99.0,2.5,1.652559823750004
H1@D1,wick_touch,with_daily,continuation,mature,retested_2plus,179,103.64804469273743,2.0558659217877095,7.239611357453092
H1@D1,wick_touch,with_daily,continuation,old,retested_2plus,129,514.3488372093024,1.7984496124031009,10.526813149940095
H1@D1,wick_touch,with_daily,continuation,young,retested_1,5,14.6,1.4,2.3891832096635333
H1@D1,wick_touch,with_daily,continuation,young,retested_2plus,524,22.78435114503817,1.8797709923664123,4.301236950231606
H1@D1,wick_touch,with_daily,pullback,fresh,retested_1,22,4.090909090909091,2.090909090909091,3.799308123709463
H1@D1,wick_touch,with_daily,pullback,fresh,retested_2plus,94,7.851063829787234,1.7234042553191489,4.653503306704782
H1@D1,wick_touch,with_daily,pullback,mature,retested_2plus,162,109.42592592592592,1.8703703703703705,8.668340034279895
H1@D1,wick_touch,with_daily,pullback,old,retested_2plus,79,517.7341772151899,1.7721518987341771,11.624708113397528
H1@D1,wick_touch,with_daily,pullback,young,retested_1,1,30.0,3.0,5.598878382677107
H1@D1,wick_touch,with_daily,pullback,young,retested_2plus,368,23.14945652173913,2.1331521739130435,5.192199970879414
H1@D1,wick_touch,with_daily,push,fresh,retested_2plus,3,9.0,1.0,4.688398059769674
H1@D1,wick_touch,with_daily,push,mature,retested_2plus,23,131.17391304347825,1.7826086956521738,18.596291878755718
H1@D1,wick_touch,with_daily,push,old,retested_2plus,17,448.05882352941177,1.7058823529411764,4.739916621738058
H1@D1,wick_touch,with_daily,push,young,retested_2plus,35,22.4,2.3142857142857145,5.463368574752285
H1@D1,wick_touch,with_daily,reversal,fresh,retested_1,6,3.8333333333333335,1.8333333333333333,4.070624964821305
H1@D1,wick_touch,with_daily,reversal,fresh,retested_2plus,60,4.4,1.9833333333333334,3.890870218495991
H1@D1,wick_touch,with_daily,reversal,mature,retested_2plus,17,103.88235294117646,2.4705882352941178,13.395541670629804
H1@D1,wick_touch,with_daily,reversal,old,retested_2plus,11,262.0,2.4545454545454546,7.111948848753943
H1@D1,wick_touch,with_daily,reversal,young,retested_2plus,17,23.705882352941178,1.588235294117647,4.848683483669632
H1@D1,wick_touch,with_daily,unknown,fresh,retested_1,1,3.0,3.0,2.100419883514349
H1@H4,body_close,against_daily,continuation,fresh,retested_1,689,3.3265602322206096,2.1494920174165455,0.7737786965868391
H1@H4,body_close,against_daily,continuation,fresh,retested_2plus,12840,5.301713395638629,2.204828660436137,0.7502360328849651
H1@H4,body_close,against_daily,continuation,mature,retested_1,36,103.41666666666667,2.3333333333333335,0.7218358534017227
H1@H4,body_close,against_daily,continuation,mature,retested_2plus,7519,101.53331560047879,2.3432637318792393,1.0769621774982259
H1@H4,body_close,against_daily,continuation,old,retested_1,22,624.2727272727273,2.4545454545454546,0.6088628896461972
H1@H4,body_close,against_daily,continuation,old,retested_2plus,7435,703.6344317417619,2.403093476798924,1.935090430300941
H1@H4,body_close,against_daily,continuation,young,retested_1,123,23.10569105691057,2.048780487804878,0.7556470597583348
H1@H4,body_close,against_daily,continuation,young,retested_2plus,9216,29.816731770833332,1.8587239583333333,0.9074155360960334
H1@H4,body_close,against_daily,pullback,fresh,retested_1,519,2.7533718689788054,2.2003853564547207,0.6771888511730345
H1@H4,body_close,against_daily,pullback,fresh,retested_2plus,1015,7.673891625615764,2.27487684729064,0.9988077060502397
H1@H4,body_close,against_daily,pullback,mature,retested_1,11,100.63636363636364,2.6363636363636362,0.8034297571038498
H1@H4,body_close,against_daily,pullback,mature,retested_2plus,3043,105.55438711797568,2.3305948077555043,1.1805743309327006
H1@H4,body_close,against_daily,pullback,old,retested_1,9,484.22222222222223,2.4444444444444446,0.7238885185263683
H1@H4,body_close,against_daily,pullback,old,retested_2plus,3551,810.2534497324697,2.3145592790763163,2.2258884726766985
H1@H4,body_close,against_daily,pullback,young,retested_1,52,17.423076923076923,2.326923076923077,0.877245254231625
H1@H4,body_close,against_daily,pullback,young,retested_2plus,2939,31.612453215379382,1.8223885675399796,1.0637062155120567
H1@H4,body_close,against_daily,push,mature,retested_1,3,104.33333333333333,2.0,0.6741354756337464
H1@H4,body_close,against_daily,push,mature,retested_2plus,158,106.92405063291139,2.0,0.7849873541806608
H1@H4,body_close,against_daily,push,old,retested_2plus,131,601.236641221374,2.4198473282442747,1.1753197240013147
H1@H4,body_close,against_daily,push,young,retested_2plus,118,35.26271186440678,1.694915254237288,1.259459569698902
H1@H4,body_close,against_daily,reversal,fresh,retested_1,42,3.2857142857142856,2.5476190476190474,0.7302994399848316
H1@H4,body_close,against_daily,reversal,fresh,retested_2plus,602,5.679401993355482,2.5714285714285716,0.8723586640027785
H1@H4,body_close,against_daily,reversal,mature,retested_2plus,525,101.73333333333333,2.3980952380952383,2.8242865687939687
H1@H4,body_close,against_daily,reversal,old,retested_1,2,1384.0,2.0,3.6603467255913147
H1@H4,body_close,against_daily,reversal,old,retested_2plus,1051,1531.4272121788772,2.1189343482397716,3.0942673693759
H1@H4,body_close,against_daily,reversal,young,retested_1,8,15.25,2.25,0.7627746048248285
H1@H4,body_close,against_daily,reversal,young,retested_2plus,532,29.577067669172934,2.080827067669173,1.161496133600023
H1@H4,body_close,at_transition,continuation,fresh,retested_1,1,3.0,1.0,0.9369873228933906
H1@H4,body_close,at_transition,continuation,fresh,retested_2plus,703,5.731152204836415,1.42674253200569,0.6875782412413486
H1@H4,body_close,at_transition,continuation,mature,retested_1,1,190.0,2.0,0.8204993630183565
H1@H4,body_close,at_transition,continuation,mature,retested_2plus,277,95.16245487364621,1.5451263537906137,1.0339696022229854
H1@H4,body_close,at_transition,continuation,old,retested_1,1,243.0,2.0,0.28933066361549376
H1@H4,body_close,at_transition,continuation,old,retested_2plus,255,727.1529411764706,1.580392156862745,2.202199276479706
H1@H4,body_close,at_transition,continuation,young,retested_1,47,16.23404255319149,1.5957446808510638,0.7290714550027895
H1@H4,body_close,at_transition,continuation,young,retested_2plus,1004,25.20617529880478,1.4322709163346614,0.8165012338058298
H1@H4,body_close,at_transition,pullback,fresh,retested_1,1,3.0,1.0,0.6748431260696339
H1@H4,body_close,at_transition,pullback,fresh,retested_2plus,52,8.461538461538462,1.3846153846153846,0.8720345345952947
H1@H4,body_close,at_transition,pullback,mature,retested_2plus,157,98.53503184713375,1.5477707006369428,1.309977051787283
H1@H4,body_close,at_transition,pullback,old,retested_2plus,174,744.919540229885,1.4367816091954022,3.114908554108489
H1@H4,body_close,at_transition,pullback,young,retested_1,34,15.411764705882353,1.4411764705882353,0.7035884994990274
H1@H4,body_close,at_transition,pullback,young,retested_2plus,326,28.242331288343557,1.4417177914110428,1.1184384194386159
H1@H4,body_close,at_transition,push,fresh,retested_2plus,4,8.25,1.5,0.8680361996300603
H1@H4,body_close,at_transition,push,mature,retested_2plus,10,100.4,1.5,0.5520651844860249
H1@H4,body_close,at_transition,push,old,retested_2plus,6,305.1666666666667,1.5,0.9037598812298212
H1@H4,body_close,at_transition,push,young,retested_2plus,17,27.176470588235293,1.3529411764705883,0.8521184926447567
H1@H4,body_close,at_transition,reversal,fresh,retested_2plus,14,6.428571428571429,1.4285714285714286,0.9742467666551408
H1@H4,body_close,at_transition,reversal,mature,retested_2plus,25,107.08,1.52,2.32340140716391
H1@H4,body_close,at_transition,reversal,old,retested_2plus,76,1503.75,1.486842105263158,2.913482801258393
H1@H4,body_close,at_transition,reversal,young,retested_1,2,15.0,1.5,1.159781016899724
H1@H4,body_close,at_transition,reversal,young,retested_2plus,44,28.613636363636363,1.3409090909090908,1.377227160623118
H1@H4,body_close,neutral,continuation,fresh,retested_1,465,3.120430107526882,1.4451612903225806,0.7055696112091547
H1@H4,body_close,neutral,continuation,fresh,retested_2plus,7806,5.442608250064053,1.4491416858826545,0.7353603803800163
H1@H4,body_close,neutral,continuation,mature,retested_1,19,96.94736842105263,1.4736842105263157,0.7866213519568996
H1@H4,body_close,neutral,continuation,mature,retested_2plus,2550,97.82196078431373,1.4819607843137255,1.1025988878461586
H1@H4,body_close,neutral,continuation,old,retested_1,14,640.0,1.2857142857142858,0.521670176753915
H1@H4,body_close,neutral,continuation,old,retested_2plus,2686,735.276991809382,1.464259121370067,2.081916555064846
H1@H4,body_close,neutral,continuation,young,retested_1,87,22.60919540229885,1.4597701149425288,0.8968735720710946
H1@H4,body_close,neutral,continuation,young,retested_2plus,9589,24.756178955052665,1.4682448639065595,0.8608750946474081
H1@H4,body_close,neutral,pullback,fresh,retested_1,306,2.6176470588235294,1.4313725490196079,0.6675223098803603
H1@H4,body_close,neutral,pullback,fresh,retested_2plus,587,8.304940374787053,1.3509369676320273,1.0147056658739706
H1@H4,body_close,neutral,pullback,mature,retested_1,7,81.85714285714286,1.7142857142857142,0.5879096296148166
H1@H4,body_close,neutral,pullback,mature,retested_2plus,1601,94.73454091193004,1.5534041224234854,1.3049710286447467
H1@H4,body_close,neutral,pullback,old,retested_1,2,1096.0,1.0,1.9466355772293547
H1@H4,body_close,neutral,pullback,old,retested_2plus,1605,692.5252336448598,1.4573208722741433,2.882316419169843
H1@H4,body_close,neutral,pullback,young,retested_1,30,19.566666666666666,1.5333333333333334,0.6670783028817749
H1@H4,body_close,neutral,pullback,young,retested_2plus,3860,26.621761658031087,1.4683937823834197,1.1103150742598513
H1@H4,body_close,neutral,push,fresh,retested_2plus,48,8.416666666666666,1.3125,1.0036384644426326
H1@H4,body_close,neutral,push,mature,retested_2plus,73,127.82191780821918,1.356164383561644,0.6308320411085778
H1@H4,body_close,neutral,push,old,retested_2plus,117,291.7692307692308,1.188034188034188,1.2779448981084485
H1@H4,body_close,neutral,push,young,retested_1,1,37.0,2.0,0.10301813783780936
H1@H4,body_close,neutral,push,young,retested_2plus,197,27.055837563451778,1.3248730964467006,0.8984044292035388
H1@H4,body_close,neutral,reversal,fresh,retested_1,5,2.2,1.6,0.6131717351223746
H1@H4,body_close,neutral,reversal,fresh,retested_2plus,96,6.041666666666667,1.21875,1.244500777012553
H1@H4,body_close,neutral,reversal,mature,retested_2plus,296,116.45945945945945,1.3344594594594594,2.043650937910767
H1@H4,body_close,neutral,reversal,old,retested_2plus,878,1265.6400911161732,1.4943052391799545,3.314954970566028
H1@H4,body_close,neutral,reversal,young,retested_1,1,15.0,2.0,0.24514522821574974
H1@H4,body_close,neutral,reversal,young,retested_2plus,434,25.066820276497698,1.435483870967742,1.332009771710018
H1@H4,body_close,with_daily,continuation,fresh,retested_1,620,3.141935483870968,2.296774193548387,0.6281068650952516
H1@H4,body_close,with_daily,continuation,fresh,retested_2plus,7831,5.1190141744349384,2.2179798237772954,0.6401140141216367
H1@H4,body_close,with_daily,continuation,mature,retested_1,10,98.6,1.9,0.5370151314871632
H1@H4,body_close,with_daily,continuation,mature,retested_2plus,1482,96.06410256410257,1.7692307692307692,1.3195827115680576
H1@H4,body_close,with_daily,continuation,old,retested_1,4,474.0,1.25,1.0953042036395557
H1@H4,body_close,with_daily,continuation,old,retested_2plus,1217,789.5718981101069,1.7871815940838127,3.237385376962803
H1@H4,body_close,with_daily,continuation,young,retested_1,128,20.8515625,2.375,0.5921136635006141
H1@H4,body_close,with_daily,continuation,young,retested_2plus,7743,22.531706057083817,2.0951827457057988,0.8065521022535069
H1@H4,body_close,with_daily,pullback,fresh,retested_1,266,2.5488721804511276,2.1052631578947367,0.6551402120334874
H1@H4,body_close,with_daily,pullback,fresh,retested_2plus,209,8.444976076555024,1.6267942583732058,1.0484868126486129
H1@H4,body_close,with_daily,pullback,mature,retested_1,2,126.0,1.5,0.24135779187377845
H1@H4,body_close,with_daily,pullback,mature,retested_2plus,1070,95.48785046728972,1.7457943925233645,1.758542504433652
H1@H4,body_close,with_daily,pullback,old,retested_1,2,1216.5,2.0,0.8687528999449154
H1@H4,body_close,with_daily,pullback,old,retested_2plus,1477,792.7826675693974,1.948544346648612,4.2203240107709235
H1@H4,body_close,with_daily,pullback,young,retested_1,44,17.977272727272727,2.272727272727273,0.6018863952726541
H1@H4,body_close,with_daily,pullback,young,retested_2plus,2792,27.447349570200572,1.8570916905444126,1.2327741313099072
H1@H4,body_close,with_daily,push,fresh,retested_1,2,8.0,2.5,0.35102331077995025
H1@H4,body_close,with_daily,push,fresh,retested_2plus,42,8.023809523809524,2.619047619047619,0.7692008479705276
H1@H4,body_close,with_daily,push,mature,retested_2plus,38,82.65789473684211,1.6842105263157894,0.6866367211616214
H1@H4,body_close,with_daily,push,old,retested_2plus,2,2577.0,2.0,0.7842795936817185
H1@H4,body_close,with_daily,push,young,retested_1,1,22.0,3.0,0.4779310344827259
H1@H4,body_close,with_daily,push,young,retested_2plus,114,23.894736842105264,1.956140350877193,0.7379421411838061
H1@H4,body_close,with_daily,reversal,fresh,retested_2plus,16,9.5625,1.0,0.7656717911542013
H1@H4,body_close,with_daily,reversal,mature,retested_2plus,193,100.58031088082902,2.2538860103626943,2.0241772506030697
H1@H4,body_close,with_daily,reversal,old,retested_2plus,397,1799.2267002518893,1.7556675062972291,2.571333070913024
H1@H4,body_close,with_daily,reversal,young,retested_1,4,21.25,2.0,0.6525192146875062
H1@H4,body_close,with_daily,reversal,young,retested_2plus,308,31.5,1.8181818181818181,1.028230966708249
H1@H4,break_through,against_daily,continuation,fresh,first_touch,18,3.0,1.8333333333333333,1.951168335390394
H1@H4,break_through,against_daily,pullback,fresh,first_touch,27,2.4814814814814814,2.259259259259259,1.7528266846721658
H1@H4,break_through,against_daily,pullback,young,first_touch,1,14.0,3.0,1.792642140468241
H1@H4,break_through,against_daily,reversal,fresh,first_touch,1,5.0,3.0,2.4227824162182316
H1@H4,break_through,at_transition,continuation,young,first_touch,2,16.0,1.5,1.6686137768839526
H1@H4,break_through,at_transition,reversal,young,first_touch,1,15.0,2.0,1.8259982512387132
H1@H4,break_through,neutral,continuation,fresh,first_touch,26,2.6538461538461537,1.3461538461538463,2.09455882399449
H1@H4,break_through,neutral,pullback,fresh,first_touch,17,2.235294117647059,1.2941176470588236,1.9259173624440051
H1@H4,break_through,neutral,pullback,young,first_touch,3,14.0,1.6666666666666667,1.7500032467407411
H1@H4,break_through,with_daily,continuation,fresh,first_touch,28,2.3214285714285716,2.3214285714285716,1.8344169396234886
H1@H4,break_through,with_daily,continuation,young,first_touch,3,14.0,2.6666666666666665,1.1944673206251573
H1@H4,break_through,with_daily,pullback,fresh,first_touch,19,2.6315789473684212,1.7894736842105263,1.957126872960145
H1@H4,break_through,with_daily,pullback,young,first_touch,1,14.0,3.0,1.026380368098041
H1@H4,near_miss,against_daily,continuation,fresh,first_touch,905,3.8828729281767957,2.2519337016574585,1.9716337545973144
H1@H4,near_miss,against_daily,continuation,fresh,retested_1,427,4.133489461358314,2.1569086651053864,2.069996967478803
H1@H4,near_miss,against_daily,continuation,fresh,retested_2plus,2013,5.535022354694486,2.2295081967213113,2.1738835734332036
H1@H4,near_miss,against_daily,continuation,mature,first_touch,91,98.94505494505495,2.098901098901099,1.8876148768750263
H1@H4,near_miss,against_daily,continuation,mature,retested_1,40,111.1,2.65,1.8575890015406884
H1@H4,near_miss,against_daily,continuation,mature,retested_2plus,1812,104.26324503311258,2.327814569536424,2.383740927386412
H1@H4,near_miss,against_daily,continuation,old,first_touch,53,829.9811320754717,2.4339622641509435,2.2861771507172555
H1@H4,near_miss,against_daily,continuation,old,retested_1,37,416.8918918918919,2.189189189189189,2.1154914676761325
H1@H4,near_miss,against_daily,continuation,old,retested_2plus,1579,675.7156428119063,2.307156428119063,2.7602700001290925
H1@H4,near_miss,against_daily,continuation,young,first_touch,211,26.672985781990523,2.161137440758294,1.932148727574074
H1@H4,near_miss,against_daily,continuation,young,retested_1,99,26.90909090909091,2.0707070707070705,2.3105779525353496
H1@H4,near_miss,against_daily,continuation,young,retested_2plus,1834,30.54143947655398,1.846782988004362,2.1795567571410897
H1@H4,near_miss,against_daily,pullback,fresh,first_touch,180,2.811111111111111,2.216666666666667,1.8740532797685754
H1@H4,near_miss,against_daily,pullback,fresh,retested_1,4,9.75,3.0,1.1563303093995319
H1@H4,near_miss,against_daily,pullback,fresh,retested_2plus,367,7.7574931880108995,2.215258855585831,2.306961595388836
H1@H4,near_miss,against_daily,pullback,mature,first_touch,24,98.41666666666667,2.6666666666666665,1.901172681696722
H1@H4,near_miss,against_daily,pullback,mature,retested_1,16,91.4375,2.125,1.649462512843911
H1@H4,near_miss,against_daily,pullback,mature,retested_2plus,1188,101.27609427609427,2.2895622895622894,2.3762310657714414
H1@H4,near_miss,against_daily,pullback,old,first_touch,16,459.4375,2.75,2.537470228148842
H1@H4,near_miss,against_daily,pullback,old,retested_1,16,631.75,2.75,2.2667414348691897
H1@H4,near_miss,against_daily,pullback,old,retested_2plus,1096,718.2299270072992,2.2855839416058394,2.7277732242916675
H1@H4,near_miss,against_daily,pullback,young,first_touch,22,22.90909090909091,2.227272727272727,1.9726007514726265
H1@H4,near_miss,against_daily,pullback,young,retested_1,4,36.25,1.25,1.8557099651939861
H1@H4,near_miss,against_daily,pullback,young,retested_2plus,952,33.29201680672269,1.6953781512605042,2.3298689295170156
H1@H4,near_miss,against_daily,push,mature,first_touch,4,129.75,2.5,1.6282735012603293
H1@H4,near_miss,against_daily,push,mature,retested_1,2,97.5,2.5,1.4054666303818872
H1@H4,near_miss,against_daily,push,mature,retested_2plus,87,116.98850574712644,2.310344827586207,2.195879013018246
H1@H4,near_miss,against_daily,push,old,retested_2plus,36,734.2222222222222,2.5,1.792093681923383
H1@H4,near_miss,against_daily,push,young,first_touch,1,34.0,2.0,0.9891304347825775
H1@H4,near_miss,against_daily,push,young,retested_1,4,36.5,1.75,2.017541856676987
H1@H4,near_miss,against_daily,push,young,retested_2plus,15,34.333333333333336,1.8666666666666667,2.2369462308730608
H1@H4,near_miss,against_daily,reversal,fresh,first_touch,24,3.9166666666666665,2.6666666666666665,2.09885640591883
H1@H4,near_miss,against_daily,reversal,fresh,retested_1,12,2.5,2.6666666666666665,1.8578691764823905
H1@H4,near_miss,against_daily,reversal,fresh,retested_2plus,81,6.197530864197531,2.7037037037037037,2.196455082669149
H1@H4,near_miss,against_daily,reversal,mature,retested_1,1,94.0,3.0,1.851169352773459
H1@H4,near_miss,against_daily,reversal,mature,retested_2plus,55,98.63636363636364,2.309090909090909,2.781674472617289
H1@H4,near_miss,against_daily,reversal,old,first_touch,4,1005.75,2.75,3.095520429919399
H1@H4,near_miss,against_daily,reversal,old,retested_2plus,66,1148.030303030303,2.1666666666666665,4.2237270781868
H1@H4,near_miss,against_daily,reversal,young,first_touch,1,14.0,3.0,1.4650968893155483
H1@H4,near_miss,against_daily,reversal,young,retested_2plus,77,33.72727272727273,1.7142857142857142,2.42229156998152
H1@H4,near_miss,at_transition,continuation,fresh,first_touch,47,3.7872340425531914,1.3829787234042554,1.9204684755805654
H1@H4,near_miss,at_transition,continuation,fresh,retested_1,32,4.65625,1.25,1.7940035551638278
H1@H4,near_miss,at_transition,continuation,fresh,retested_2plus,143,6.111888111888112,1.4615384615384615,1.801682883882388
H1@H4,near_miss,at_transition,continuation,mature,retested_1,1,52.0,2.0,1.563934426229424
H1@H4,near_miss,at_transition,continuation,mature,retested_2plus,73,97.45205479452055,1.5068493150684932,2.120288166988342
H1@H4,near_miss,at_transition,continuation,old,first_touch,1,210.0,2.0,3.1032148900169108
H1@H4,near_miss,at_transition,continuation,old,retested_1,1,2021.0,2.0,1.961497326203192
H1@H4,near_miss,at_transition,continuation,old,retested_2plus,58,627.3965517241379,1.4827586206896552,2.623547484645067
H1@H4,near_miss,at_transition,continuation,young,first_touch,27,20.48148148148148,1.5925925925925926,1.8799477481401279
H1@H4,near_miss,at_transition,continuation,young,retested_1,13,20.615384615384617,1.4615384615384615,2.2093369626011237
H1@H4,near_miss,at_transition,continuation,young,retested_2plus,255,26.988235294117647,1.4549019607843137,1.8926553485087585
H1@H4,near_miss,at_transition,pullback,fresh,retested_2plus,22,8.045454545454545,1.1363636363636365,2.2207098883468253
H1@H4,near_miss,at_transition,pullback,mature,first_touch,1,80.0,1.0,1.564062500000011
H1@H4,near_miss,at_transition,pullback,mature,retested_2plus,57,99.15789473684211,1.5087719298245614,2.324558933177504
H1@H4,near_miss,at_transition,pullback,old,retested_2plus,58,444.1034482758621,1.5517241379310345,3.2758810406641734
H1@H4,near_miss,at_transition,pullback,young,first_touch,7,14.142857142857142,1.2857142857142858,1.8438085929552552
H1@H4,near_miss,at_transition,pullback,young,retested_1,1,34.0,1.0,1.381313131313207
H1@H4,near_miss,at_transition,pullback,young,retested_2plus,119,27.831932773109244,1.4201680672268908,2.3023905660820976
H1@H4,near_miss,at_transition,push,mature,retested_2plus,3,142.33333333333334,1.6666666666666667,1.447967222040946
H1@H4,near_miss,at_transition,push,old,retested_2plus,4,294.0,1.75,2.578497485166108
H1@H4,near_miss,at_transition,push,young,retested_2plus,4,28.75,1.75,1.9937144090486858
H1@H4,near_miss,at_transition,reversal,fresh,retested_2plus,4,7.0,1.5,2.8007553292830076
H1@H4,near_miss,at_transition,reversal,mature,retested_2plus,2,131.0,1.5,2.9675785299691655
H1@H4,near_miss,at_transition,reversal,old,retested_2plus,4,1588.25,1.5,4.724477846229934
H1@H4,near_miss,at_transition,reversal,young,retested_1,1,18.0,2.0,1.7789678675754315
H1@H4,near_miss,at_transition,reversal,young,retested_2plus,4,29.0,1.5,2.3685883484296815
H1@H4,near_miss,neutral,continuation,fresh,first_touch,551,3.7096188747731396,1.4228675136116153,1.901143569447526
H1@H4,near_miss,neutral,continuation,fresh,retested_1,283,4.3886925795053005,1.5017667844522968,1.9276031461862058
H1@H4,near_miss,neutral,continuation,fresh,retested_2plus,1443,6.046431046431047,1.453915453915454,2.103222621544978
H1@H4,near_miss,neutral,continuation,mature,first_touch,35,103.0,1.3428571428571427,1.8083697136083825
H1@H4,near_miss,neutral,continuation,mature,retested_1,27,94.29629629629629,1.2962962962962963,1.9074672630036582
H1@H4,near_miss,neutral,continuation,mature,retested_2plus,786,104.87404580152672,1.4440203562340967,2.32304987021106
H1@H4,near_miss,neutral,continuation,old,first_touch,37,517.9459459459459,1.3513513513513513,2.0915849465441143
H1@H4,near_miss,neutral,continuation,old,retested_1,13,619.0769230769231,1.5384615384615385,1.7009708961312593
H1@H4,near_miss,neutral,continuation,old,retested_2plus,543,697.3370165745856,1.5101289134438305,2.72758911303553
H1@H4,near_miss,neutral,continuation,young,first_touch,216,23.85185185185185,1.537037037037037,1.9337545102963953
H1@H4,near_miss,neutral,continuation,young,retested_1,111,24.71171171171171,1.4414414414414414,1.9673666091796567
H1@H4,near_miss,neutral,continuation,young,retested_2plus,2097,25.349070100143063,1.4325226514067715,2.185267797671541
H1@H4,near_miss,neutral,pullback,fresh,first_touch,97,2.7938144329896906,1.443298969072165,1.9615342270435268
H1@H4,near_miss,neutral,pullback,fresh,retested_2plus,187,7.9411764705882355,1.374331550802139,2.126642596137392
H1@H4,near_miss,neutral,pullback,mature,first_touch,12,98.08333333333333,1.5833333333333333,1.6806593621454002
H1@H4,near_miss,neutral,pullback,mature,retested_1,14,145.5,1.7857142857142858,1.6860054077791744
H1@H4,near_miss,neutral,pullback,mature,retested_2plus,564,100.18439716312056,1.5212765957446808,2.5069589143302538
H1@H4,near_miss,neutral,pullback,old,first_touch,5,781.4,1.4,2.0919259080357566
H1@H4,near_miss,neutral,pullback,old,retested_1,9,1610.5555555555557,1.3333333333333333,1.6046581695593614
H1@H4,near_miss,neutral,pullback,old,retested_2plus,463,609.3952483801296,1.4773218142548596,3.2331776241759673
H1@H4,near_miss,neutral,pullback,young,first_touch,22,23.545454545454547,1.5,1.944704938349904
H1@H4,near_miss,neutral,pullback,young,retested_1,15,21.533333333333335,1.5333333333333334,1.770698045244128
H1@H4,near_miss,neutral,pullback,young,retested_2plus,1157,26.338807260155576,1.502160760587727,2.4166490028871985
H1@H4,near_miss,neutral,push,fresh,retested_2plus,1,10.0,1.0,3.976985559566793
H1@H4,near_miss,neutral,push,mature,first_touch,1,158.0,2.0,1.727349017204466
H1@H4,near_miss,neutral,push,mature,retested_1,11,136.72727272727272,1.2727272727272727,1.7185549855688493
H1@H4,near_miss,neutral,push,mature,retested_2plus,23,129.47826086956522,1.4782608695652173,1.5735688889700994
H1@H4,near_miss,neutral,push,old,first_touch,1,2735.0,1.0,1.7399940893215773
H1@H4,near_miss,neutral,push,old,retested_1,2,2736.0,1.0,0.8292190549382044
H1@H4,near_miss,neutral,push,old,retested_2plus,28,300.85714285714283,1.3571428571428572,2.3029219583181937
H1@H4,near_miss,neutral,push,young,retested_1,3,45.333333333333336,1.3333333333333333,1.731009358210535
H1@H4,near_miss,neutral,push,young,retested_2plus,34,32.05882352941177,1.4705882352941178,2.398615752488232
H1@H4,near_miss,neutral,reversal,fresh,first_touch,17,6.705882352941177,1.8235294117647058,2.1706157225751816
H1@H4,near_miss,neutral,reversal,fresh,retested_1,5,2.8,1.0,2.4158197557749186
H1@H4,near_miss,neutral,reversal,fresh,retested_2plus,18,6.555555555555555,1.1111111111111112,2.094251209820312
H1@H4,near_miss,neutral,reversal,mature,retested_2plus,22,105.9090909090909,1.1818181818181819,2.528008967005724
H1@H4,near_miss,neutral,reversal,old,retested_2plus,68,1093.3823529411766,1.3235294117647058,5.4398744914980925
H1@H4,near_miss,neutral,reversal,young,first_touch,1,14.0,1.0,2.5861911294009516
H1@H4,near_miss,neutral,reversal,young,retested_1,5,20.0,1.8,2.799060829709248
H1@H4,near_miss,neutral,reversal,young,retested_2plus,49,24.285714285714285,1.183673469387755,2.570148979420956
H1@H4,near_miss,neutral,unknown,fresh,first_touch,1,4.0,1.0,1.8537549407114848
H1@H4,near_miss,with_daily,continuation,fresh,first_touch,741,3.982456140350877,2.165991902834008,1.8303471110142278
H1@H4,near_miss,with_daily,continuation,fresh,retested_1,425,4.047058823529412,2.3105882352941176,1.831055678706115
H1@H4,near_miss,with_daily,continuation,fresh,retested_2plus,1701,5.991181657848324,2.2204585537918873,1.9571834126923675
H1@H4,near_miss,with_daily,continuation,mature,first_touch,7,76.28571428571429,1.4285714285714286,2.093580724009662
H1@H4,near_miss,with_daily,continuation,mature,retested_1,5,142.0,2.6,1.4248620267932328
H1@H4,near_miss,with_daily,continuation,mature,retested_2plus,438,99.89497716894977,1.8515981735159817,2.4200000710292553
H1@H4,near_miss,with_daily,continuation,old,first_touch,7,361.0,1.1428571428571428,2.059432419269791
H1@H4,near_miss,with_daily,continuation,old,retested_1,4,409.25,1.0,1.418671178501334
H1@H4,near_miss,with_daily,continuation,old,retested_2plus,285,578.140350877193,1.831578947368421,3.649951365739726
H1@H4,near_miss,with_daily,continuation,young,first_touch,295,20.501694915254237,2.5050847457627117,1.8842747104177209
H1@H4,near_miss,with_daily,continuation,young,retested_1,162,20.51851851851852,2.4135802469135803,1.8815410452760006
H1@H4,near_miss,with_daily,continuation,young,retested_2plus,2337,23.71459135643988,2.1827128797603765,2.1492445823062596
H1@H4,near_miss,with_daily,pullback,fresh,first_touch,94,2.5531914893617023,2.0,1.9234348074318954
H1@H4,near_miss,with_daily,pullback,fresh,retested_2plus,119,8.436974789915967,1.781512605042017,2.077457096068121
H1@H4,near_miss,with_daily,pullback,mature,first_touch,5,137.6,1.6,1.774767172747077
H1@H4,near_miss,with_daily,pullback,mature,retested_1,4,61.25,2.25,1.7365333016964775
H1@H4,near_miss,with_daily,pullback,mature,retested_2plus,445,98.74831460674157,1.7191011235955056,2.760466039346097
H1@H4,near_miss,with_daily,pullback,old,retested_1,2,401.0,1.0,2.3729860852457807
H1@H4,near_miss,with_daily,pullback,old,retested_2plus,318,650.8553459119497,1.7735849056603774,4.193056612727733
H1@H4,near_miss,with_daily,pullback,young,first_touch,36,20.72222222222222,2.2222222222222223,1.9893951343544434
H1@H4,near_miss,with_daily,pullback,young,retested_1,14,21.642857142857142,2.2857142857142856,1.9844975418838657
H1@H4,near_miss,with_daily,pullback,young,retested_2plus,1058,26.457466918714555,1.9149338374291116,2.42750928666003
H1@H4,near_miss,with_daily,push,fresh,retested_2plus,15,7.266666666666667,2.6,1.5678783121093347
H1@H4,near_miss,with_daily,push,mature,retested_1,1,54.0,1.0,1.2615819209039492
H1@H4,near_miss,with_daily,push,mature,retested_2plus,9,116.22222222222223,2.111111111111111,1.885380339523598
H1@H4,near_miss,with_daily,push,old,retested_2plus,5,2577.4,2.0,2.2302601598012606
H1@H4,near_miss,with_daily,push,young,first_touch,9,24.88888888888889,2.3333333333333335,1.4203704814870528
H1@H4,near_miss,with_daily,push,young,retested_1,4,16.0,2.25,1.9558069626488526
H1@H4,near_miss,with_daily,push,young,retested_2plus,35,26.97142857142857,2.2285714285714286,2.7047563146150027
H1@H4,near_miss,with_daily,reversal,fresh,retested_2plus,4,10.0,1.0,2.646301489572891
H1@H4,near_miss,with_daily,reversal,mature,retested_2plus,20,91.2,1.3,1.9707448051267786
H1@H4,near_miss,with_daily,reversal,old,retested_2plus,41,1439.4146341463415,2.0,5.022678526559539
H1@H4,near_miss,with_daily,reversal,young,first_touch,6,16.0,2.0,1.7890664761590516
H1@H4,near_miss,with_daily,reversal,young,retested_1,2,14.0,1.0,1.8607474277577676
H1@H4,near_miss,with_daily,reversal,young,retested_2plus,76,28.32894736842105,1.7763157894736843,2.642465304391052
H1@H4,wick_touch,against_daily,continuation,fresh,retested_1,432,3.5833333333333335,2.212962962962963,1.6476917455183782
H1@H4,wick_touch,against_daily,continuation,fresh,retested_2plus,3190,5.08307210031348,2.2131661442006267,1.8679224818805926
H1@H4,wick_touch,against_daily,continuation,mature,retested_1,46,101.28260869565217,2.239130434782609,1.34587798724346
H1@H4,wick_touch,against_daily,continuation,mature,retested_2plus,1855,101.67277628032345,2.357412398921833,2.040188187156772
H1@H4,wick_touch,against_daily,continuation,old,retested_1,28,739.6428571428571,2.357142857142857,1.7753298933960733
H1@H4,wick_touch,against_daily,continuation,old,retested_2plus,1584,692.8712121212121,2.274621212121212,2.485114875090671
H1@H4,wick_touch,against_daily,continuation,young,retested_1,95,25.778947368421054,2.0210526315789474,1.74944962826702
H1@H4,wick_touch,against_daily,continuation,young,retested_2plus,2192,29.927463503649633,1.8042883211678833,1.9280415993888491
H1@H4,wick_touch,against_daily,pullback,fresh,retested_1,203,2.8620689655172415,2.2660098522167487,1.628014256237976
H1@H4,wick_touch,against_daily,pullback,fresh,retested_2plus,335,7.71044776119403,2.3134328358208953,2.1437063273000696
H1@H4,wick_touch,against_daily,pullback,mature,retested_1,7,99.57142857142857,2.142857142857143,1.4540781879939988
H1@H4,wick_touch,against_daily,pullback,mature,retested_2plus,1011,103.32542037586548,2.300692383778437,2.079196664653957
H1@H4,wick_touch,against_daily,pullback,old,retested_1,8,1016.125,2.25,1.1714187417335535
H1@H4,wick_touch,against_daily,pullback,old,retested_2plus,975,737.1507692307692,2.310769230769231,2.756664364567539
H1@H4,wick_touch,against_daily,pullback,young,retested_1,16,23.25,2.1875,1.7109480842897886
H1@H4,wick_touch,against_daily,pullback,young,retested_2plus,925,33.15891891891892,1.6897297297297298,2.1897733306208633
H1@H4,wick_touch,against_daily,push,mature,retested_1,2,117.0,3.0,1.0380201704969312
H1@H4,wick_touch,against_daily,push,mature,retested_2plus,83,118.01204819277109,2.0,1.6568977116316206
H1@H4,wick_touch,against_daily,push,old,retested_1,2,277.0,3.0,0.744020868438904
H1@H4,wick_touch,against_daily,push,old,retested_2plus,35,806.8,2.4857142857142858,1.6045684193596488
H1@H4,wick_touch,against_daily,push,young,retested_1,2,38.0,1.5,1.228447238686587
H1@H4,wick_touch,against_daily,push,young,retested_2plus,20,32.6,1.75,2.0885501967173363
H1@H4,wick_touch,against_daily,reversal,fresh,retested_1,21,3.238095238095238,2.5714285714285716,1.593822380920525
H1@H4,wick_touch,against_daily,reversal,fresh,retested_2plus,119,5.302521008403361,2.689075630252101,1.889344562622601
H1@H4,wick_touch,against_daily,reversal,mature,retested_1,2,73.5,2.0,1.3739243780601238
H1@H4,wick_touch,against_daily,reversal,mature,retested_2plus,32,96.375,2.1875,3.1062212329284327
H1@H4,wick_touch,against_daily,reversal,old,retested_1,1,1164.0,3.0,2.6386861313868617
H1@H4,wick_touch,against_daily,reversal,old,retested_2plus,77,1230.4675324675325,2.324675324675325,3.505803813035652
H1@H4,wick_touch,against_daily,reversal,young,retested_1,1,18.0,3.0,1.0453095086152042
H1@H4,wick_touch,against_daily,reversal,young,retested_2plus,104,33.10576923076923,2.125,2.3068044444967803
H1@H4,wick_touch,at_transition,continuation,fresh,retested_1,10,3.7,1.3,1.9949775005281154
H1@H4,wick_touch,at_transition,continuation,fresh,retested_2plus,137,5.5036496350364965,1.489051094890511,1.6627763635448176
H1@H4,wick_touch,at_transition,continuation,mature,retested_2plus,77,98.71428571428571,1.5194805194805194,2.00854701685669
H1@H4,wick_touch,at_transition,continuation,old,retested_1,1,314.0,2.0,0.9618808491212083
H1@H4,wick_touch,at_transition,continuation,old,retested_2plus,44,566.6136363636364,1.5454545454545454,2.176542535114428
H1@H4,wick_touch,at_transition,continuation,young,retested_1,17,17.529411764705884,1.6470588235294117,1.585732512792957
H1@H4,wick_touch,at_transition,continuation,young,retested_2plus,204,24.480392156862745,1.392156862745098,1.7284821067630562
H1@H4,wick_touch,at_transition,pullback,fresh,retested_2plus,12,8.666666666666666,1.25,2.1588930274542686
H1@H4,wick_touch,at_transition,pullback,mature,retested_2plus,42,100.0952380952381,1.6428571428571428,2.1276443246199697
H1@H4,wick_touch,at_transition,pullback,old,retested_2plus,25,813.72,1.68,2.554413728990327
H1@H4,wick_touch,at_transition,pullback,young,retested_1,6,16.666666666666668,1.3333333333333333,1.517159740721951
H1@H4,wick_touch,at_transition,pullback,young,retested_2plus,92,28.532608695652176,1.423913043478261,1.9455228316892783
H1@H4,wick_touch,at_transition,push,mature,retested_1,1,56.0,2.0,0.6677359604813377
H1@H4,wick_touch,at_transition,push,mature,retested_2plus,3,103.0,1.3333333333333333,1.45351818167873
H1@H4,wick_touch,at_transition,push,old,retested_2plus,1,218.0,1.0,1.5926724137931103
H1@H4,wick_touch,at_transition,push,young,retested_2plus,1,21.0,1.0,1.7837931034482142
H1@H4,wick_touch,at_transition,reversal,fresh,retested_2plus,3,7.333333333333333,1.3333333333333333,2.1209405288047307
H1@H4,wick_touch,at_transition,reversal,mature,retested_2plus,3,111.66666666666667,1.3333333333333333,2.077771390324793
H1@H4,wick_touch,at_transition,reversal,old,retested_2plus,7,529.1428571428571,1.5714285714285714,4.185899961452521
H1@H4,wick_touch,at_transition,reversal,young,retested_1,1,23.0,1.0,2.4965827338129665
H1@H4,wick_touch,at_transition,reversal,young,retested_2plus,9,19.333333333333332,1.3333333333333333,1.8328200964023051
H1@H4,wick_touch,neutral,continuation,fresh,retested_1,276,3.739130434782609,1.5253623188405796,1.5655683091981185
H1@H4,wick_touch,neutral,continuation,fresh,retested_2plus,2247,5.464174454828661,1.470404984423676,1.8053462160480944
H1@H4,wick_touch,neutral,continuation,mature,retested_1,20,86.15,1.4,1.5683642863528147
H1@H4,wick_touch,neutral,continuation,mature,retested_2plus,746,100.45576407506702,1.4986595174262736,2.0933495965919056
H1@H4,wick_touch,neutral,continuation,old,retested_1,19,530.3157894736842,1.631578947368421,1.526026425816497
H1@H4,wick_touch,neutral,continuation,old,retested_2plus,501,686.8443113772455,1.4790419161676647,2.479391998570863
H1@H4,wick_touch,neutral,continuation,young,retested_1,89,23.752808988764045,1.404494382022472,1.6176041705391773
H1@H4,wick_touch,neutral,continuation,young,retested_2plus,2521,24.970646568821895,1.4522015073383578,1.8893525765109747
H1@H4,wick_touch,neutral,pullback,fresh,retested_1,104,2.75,1.4615384615384615,1.598864549987115
H1@H4,wick_touch,neutral,pullback,fresh,retested_2plus,200,8.17,1.365,2.017077473366082
H1@H4,wick_touch,neutral,pullback,mature,retested_1,8,111.125,1.625,1.1661421478334537
H1@H4,wick_touch,neutral,pullback,mature,retested_2plus,502,102.69123505976096,1.551792828685259,2.222096458778822
H1@H4,wick_touch,neutral,pullback,old,retested_1,5,645.4,1.6,1.3792436727939763
H1@H4,wick_touch,neutral,pullback,old,retested_2plus,381,607.8188976377953,1.4671916010498687,2.891838459647014
H1@H4,wick_touch,neutral,pullback,young,retested_1,15,17.2,1.4666666666666666,1.9614472347969965
H1@H4,wick_touch,neutral,pullback,young,retested_2plus,1151,26.147697654213726,1.5047784535186794,2.2039221470775034
H1@H4,wick_touch,neutral,push,fresh,retested_2plus,7,8.285714285714286,1.2857142857142858,1.5907333804246286
H1@H4,wick_touch,neutral,push,mature,retested_1,5,103.4,1.4,1.0671665596462143
H1@H4,wick_touch,neutral,push,mature,retested_2plus,39,128.0,1.4615384615384615,1.2821349235995156
H1@H4,wick_touch,neutral,push,old,retested_1,2,1499.0,1.5,0.9169110383577768
H1@H4,wick_touch,neutral,push,old,retested_2plus,28,404.82142857142856,1.2857142857142858,2.2902425710953187
H1@H4,wick_touch,neutral,push,young,retested_2plus,45,30.6,1.488888888888889,1.8856588071192597
H1@H4,wick_touch,neutral,reversal,fresh,retested_1,4,3.0,1.0,1.511688098024746
H1@H4,wick_touch,neutral,reversal,fresh,retested_2plus,27,6.444444444444445,1.0740740740740742,2.1543238831582667
H1@H4,wick_touch,neutral,reversal,mature,retested_2plus,25,103.4,1.16,2.919258197188072
H1@H4,wick_touch,neutral,reversal,old,retested_2plus,82,1054.4268292682927,1.4024390243902438,5.417660372548349
H1@H4,wick_touch,neutral,reversal,young,retested_1,1,33.0,2.0,2.3377318645911314
H1@H4,wick_touch,neutral,reversal,young,retested_2plus,58,26.862068965517242,1.3793103448275863,2.8175886690391887
H1@H4,wick_touch,with_daily,continuation,fresh,retested_1,489,3.5807770961145193,2.2229038854805725,1.4919537614841538
H1@H4,wick_touch,with_daily,continuation,fresh,retested_2plus,2672,5.309880239520958,2.224176646706587,1.614161856282932
H1@H4,wick_touch,with_daily,continuation,mature,retested_1,7,92.0,1.7142857142857142,1.9897839103110755
H1@H4,wick_touch,with_daily,continuation,mature,retested_2plus,402,98.03980099502488,1.808457711442786,2.135821521374737
H1@H4,wick_touch,with_daily,continuation,old,retested_1,5,834.8,1.0,1.419022505294238
H1@H4,wick_touch,with_daily,continuation,old,retested_2plus,298,597.7348993288591,1.8020134228187918,3.288095460703874
H1@H4,wick_touch,with_daily,continuation,young,retested_1,127,19.968503937007874,2.354330708661417,1.472544662683301
H1@H4,wick_touch,with_daily,continuation,young,retested_2plus,2559,22.721766314966786,2.1977334896443925,1.8132756677977666
H1@H4,wick_touch,with_daily,pullback,fresh,retested_1,92,2.5543478260869565,2.0217391304347827,1.4266131323903846
H1@H4,wick_touch,with_daily,pullback,fresh,retested_2plus,107,8.439252336448599,1.8317757009345794,1.7878389435638713
H1@H4,wick_touch,with_daily,pullback,mature,retested_2plus,339,95.36873156342183,1.7699115044247788,2.582806907333424
H1@H4,wick_touch,with_daily,pullback,old,retested_1,1,280.0,3.0,1.9958875942426706
H1@H4,wick_touch,with_daily,pullback,old,retested_2plus,287,698.8745644599303,1.89198606271777,4.5615188368379975
H1@H4,wick_touch,with_daily,pullback,young,retested_1,20,21.7,1.95,1.7621434368513982
H1@H4,wick_touch,with_daily,pullback,young,retested_2plus,944,26.73093220338983,1.8707627118644068,2.211597318059758
H1@H4,wick_touch,with_daily,push,fresh,retested_2plus,15,8.266666666666667,2.6,1.5920395344770948
H1@H4,wick_touch,with_daily,push,mature,retested_1,2,76.5,2.0,0.7934520723703746
H1@H4,wick_touch,with_daily,push,mature,retested_2plus,7,125.0,1.4285714285714286,1.580830190497777
H1@H4,wick_touch,with_daily,push,old,retested_2plus,3,2577.3333333333335,2.0,1.779867582220511
H1@H4,wick_touch,with_daily,push,young,retested_1,5,26.0,2.2,1.0796376930201665
H1@H4,wick_touch,with_daily,push,young,retested_2plus,46,25.695652173913043,2.4565217391304346,1.7027489401637828
H1@H4,wick_touch,with_daily,reversal,fresh,retested_2plus,4,9.0,1.0,2.0320671836973094
H1@H4,wick_touch,with_daily,reversal,mature,retested_2plus,13,78.6923076923077,1.3076923076923077,1.6847918967895739
H1@H4,wick_touch,with_daily,reversal,old,retested_2plus,34,1616.1176470588234,1.8823529411764706,4.590927804751389
H1@H4,wick_touch,with_daily,reversal,young,retested_1,3,17.0,1.6666666666666667,2.0824019378666736
H1@H4,wick_touch,with_daily,reversal,young,retested_2plus,64,27.03125,1.953125,2.2622237788802146
M15@H1,body_close,against_daily,continuation,fresh,retested_1,856,3.2301401869158877,2.2476635514018692,0.7144929156251985
M15@H1,body_close,against_daily,continuation,fresh,retested_2plus,14409,5.490943160524672,2.2322159761260325,0.8320236277867789
M15@H1,body_close,against_daily,continuation,mature,retested_1,38,91.10526315789474,1.763157894736842,0.8427940751929992
M15@H1,body_close,against_daily,continuation,mature,retested_2plus,5575,115.13721973094171,1.884304932735426,1.4274123524554547
M15@H1,body_close,against_daily,continuation,old,retested_1,29,971.4827586206897,2.1724137931034484,0.5967352607549583
M15@H1,body_close,against_daily,continuation,old,retested_2plus,6560,807.4397865853658,2.3858231707317072,1.3759874335734148
M15@H1,body_close,against_daily,continuation,young,retested_1,37,24.216216216216218,2.108108108108108,0.8198782616160406
M15@H1,body_close,against_daily,continuation,young,retested_2plus,7113,19.65963728384648,2.2659918459159285,1.0565409547877636
M15@H1,body_close,against_daily,pullback,fresh,retested_1,475,2.646315789473684,2.2273684210526317,0.6226157063599213
M15@H1,body_close,against_daily,pullback,fresh,retested_2plus,1353,7.971914264597191,2.3244641537324466,1.1175399976811682
M15@H1,body_close,against_daily,pullback,mature,retested_1,12,104.41666666666667,1.9166666666666667,0.7830105742291229
M15@H1,body_close,against_daily,pullback,mature,retested_2plus,2753,117.79513258263712,1.893570650199782,1.7101040325879897
M15@H1,body_close,against_daily,pullback,old,retested_1,10,810.8,2.0,0.7351901321694521
M15@H1,body_close,against_daily,pullback,old,retested_2plus,3301,1050.1305664950014,2.413511057255377,1.7360623216989906
M15@H1,body_close,against_daily,pullback,young,retested_1,15,41.4,2.6,0.3080458214693663
M15@H1,body_close,against_daily,pullback,young,retested_2plus,3200,20.0684375,2.21875,1.4704736185385863
M15@H1,body_close,against_daily,push,fresh,retested_2plus,5,6.6,2.0,0.7648509683987477
M15@H1,body_close,against_daily,push,mature,retested_2plus,37,93.21621621621621,1.7297297297297298,3.3206905563876576
M15@H1,body_close,against_daily,push,old,retested_2plus,21,559.3809523809524,2.0,0.32052274477956044
M15@H1,body_close,against_daily,reversal,fresh,retested_1,44,3.659090909090909,2.5454545454545454,0.7057693575374056
M15@H1,body_close,against_daily,reversal,fresh,retested_2plus,645,6.111627906976744,2.4651162790697674,0.8973062515047492
M15@H1,body_close,against_daily,reversal,mature,retested_1,1,72.0,3.0,0.8832807570976221
M15@H1,body_close,against_daily,reversal,mature,retested_2plus,355,90.16338028169014,2.4957746478873237,1.571053323960678
M15@H1,body_close,against_daily,reversal,old,retested_1,1,261.0,2.0,4.037410674595637
M15@H1,body_close,against_daily,reversal,old,retested_2plus,889,655.281214848144,2.469066366704162,3.3696765734413
M15@H1,body_close,against_daily,reversal,young,retested_1,2,11.0,2.5,0.3682246415002373
M15@H1,body_close,against_daily,reversal,young,retested_2plus,728,20.65247252747253,2.6607142857142856,1.1762782888377377
M15@H1,body_close,at_transition,continuation,fresh,retested_1,15,5.133333333333334,1.4666666666666666,1.157119637286406
M15@H1,body_close,at_transition,continuation,fresh,retested_2plus,272,6.514705882352941,1.474264705882353,1.1367439809040345
M15@H1,body_close,at_transition,continuation,mature,retested_1,13,53.61538461538461,1.5384615384615385,1.1422195096640162
M15@H1,body_close,at_transition,continuation,mature,retested_2plus,199,86.65326633165829,1.4472361809045227,1.870647065472258
M15@H1,body_close,at_transition,continuation,old,retested_2plus,53,740.377358490566,1.5471698113207548,1.8165120276459987
M15@H1,body_close,at_transition,continuation,young,retested_1,5,50.0,1.2,0.5893794162489925
M15@H1,body_close,at_transition,continuation,young,retested_2plus,101,23.366336633663366,1.4059405940594059,1.7900850265626607
M15@H1,body_close,at_transition,pullback,fresh,retested_2plus,20,7.75,1.45,1.6730863977306474
M15@H1,body_close,at_transition,pullback,mature,retested_1,6,51.5,1.5,0.6911995130103357
M15@H1,body_close,at_transition,pullback,mature,retested_2plus,75,97.86666666666666,1.4666666666666666,2.261706429819382
M15@H1,body_close,at_transition,pullback,old,retested_2plus,33,1104.090909090909,1.5454545454545454,2.549620503648033
M15@H1,body_close,at_transition,pullback,young,retested_1,7,50.0,1.5714285714285714,0.33211596558348006
M15@H1,body_close,at_transition,pullback,young,retested_2plus,50,24.0,1.48,2.161149272418412
M15@H1,body_close,at_transition,push,mature,retested_2plus,3,125.66666666666667,1.3333333333333333,2.733959641732405
M15@H1,body_close,at_transition,push,young,retested_2plus,2,36.5,1.0,0.30384615384618474
M15@H1,body_close,at_transition,reversal,fresh,retested_2plus,6,6.833333333333333,2.0,1.7325979662421258
M15@H1,body_close,at_transition,reversal,mature,retested_2plus,7,125.14285714285714,1.2857142857142858,3.4891104110932574
M15@H1,body_close,at_transition,reversal,old,retested_2plus,6,492.3333333333333,1.1666666666666667,4.331233897653663
M15@H1,body_close,at_transition,reversal,young,retested_2plus,3,23.333333333333332,1.6666666666666667,1.5892326787907027
M15@H1,body_close,neutral,continuation,fresh,first_touch,2,2.5,1.5,1.0906060203040142
M15@H1,body_close,neutral,continuation,fresh,retested_1,637,3.3547880690737832,1.4379905808477238,0.7390226949472284
M15@H1,body_close,neutral,continuation,fresh,retested_2plus,10413,5.50004801690195,1.4745030250648228,0.8598163848316446
M15@H1,body_close,neutral,continuation,mature,retested_1,33,88.51515151515152,1.606060606060606,0.7025468621810137
M15@H1,body_close,neutral,continuation,mature,retested_2plus,6321,100.89084005695301,1.4440753045404209,1.3446739187467067
M15@H1,body_close,neutral,continuation,old,retested_1,7,1059.7142857142858,1.2857142857142858,1.0161528454178403
M15@H1,body_close,neutral,continuation,old,retested_2plus,1979,1130.9717028802424,1.4183931278423447,1.3328618881680006
M15@H1,body_close,neutral,continuation,young,retested_1,41,21.024390243902438,1.4634146341463414,0.9312999831336681
M15@H1,body_close,neutral,continuation,young,retested_2plus,6663,23.21371754464956,1.4212817049377158,1.1956588262594718
M15@H1,body_close,neutral,pullback,fresh,first_touch,2,2.5,1.0,1.2113680924586536
M15@H1,body_close,neutral,pullback,fresh,retested_1,342,2.654970760233918,1.4502923976608186,0.6291962812047378
M15@H1,body_close,neutral,pullback,fresh,retested_2plus,908,8.060572687224669,1.4944933920704846,1.0064582316647603
M15@H1,body_close,neutral,pullback,mature,retested_1,8,75.0,1.5,0.5490177262807028
M15@H1,body_close,neutral,pullback,mature,retested_2plus,3110,99.16173633440515,1.490032154340836,1.4651587073195664
M15@H1,body_close,neutral,pullback,old,retested_2plus,1341,1226.1610738255033,1.436241610738255,1.728992390028779
M15@H1,body_close,neutral,pullback,young,retested_1,12,26.583333333333332,1.5833333333333333,0.9044909747000109
M15@H1,body_close,neutral,pullback,young,retested_2plus,3234,25.140383426097713,1.5256648113790972,1.5788739512749752
M15@H1,body_close,neutral,push,fresh,retested_2plus,3,10.0,1.0,0.2347119891310272
M15@H1,body_close,neutral,push,mature,retested_1,1,92.0,1.0,0.39548022598861876
M15@H1,body_close,neutral,push,mature,retested_2plus,132,88.62121212121212,1.6590909090909092,2.06238186358985
M15@H1,body_close,neutral,push,old,retested_1,1,280.0,1.0,0.08489019993439537
M15@H1,body_close,neutral,push,old,retested_2plus,56,415.7857142857143,1.0357142857142858,0.6446202889999446
M15@H1,body_close,neutral,push,young,retested_1,1,11.0,0.0,0.021989528795708882
M15@H1,body_close,neutral,push,young,retested_2plus,103,38.48543689320388,0.8932038834951457,1.0032032062290144
M15@H1,body_close,neutral,reversal,fresh,retested_1,14,3.5714285714285716,1.0,0.8729364556139839
M15@H1,body_close,neutral,reversal,fresh,retested_2plus,160,5.59375,1.1625,1.4997594109609653
M15@H1,body_close,neutral,reversal,mature,retested_2plus,276,125.60144927536231,1.3297101449275361,1.987556062962218
M15@H1,body_close,neutral,reversal,old,retested_1,1,1267.0,1.0,10.0194512160687
M15@H1,body_close,neutral,reversal,old,retested_2plus,252,571.5396825396825,1.1031746031746033,3.198513034526593
M15@H1,body_close,neutral,reversal,young,retested_1,2,30.5,1.5,0.8722495513061647
M15@H1,body_close,neutral,reversal,young,retested_2plus,184,26.152173913043477,1.315217391304348,1.1653736760784406
M15@H1,body_close,with_daily,continuation,fresh,first_touch,1,2.0,3.0,0.5553618134263837
M15@H1,body_close,with_daily,continuation,fresh,retested_1,831,3.101083032490975,2.302045728038508,0.6965742626485389
M15@H1,body_close,with_daily,continuation,fresh,retested_2plus,14345,5.396932729173928,2.259393516904845,0.7840655754920608
M15@H1,body_close,with_daily,continuation,mature,retested_1,41,73.02439024390245,2.3658536585365852,0.7764250534144598
M15@H1,body_close,with_daily,continuation,mature,retested_2plus,4802,85.88483965014578,2.308204914618909,1.1181772026029075
M15@H1,body_close,with_daily,continuation,old,retested_1,6,408.1666666666667,1.8333333333333333,0.7429732222230901
M15@H1,body_close,with_daily,continuation,old,retested_2plus,1254,663.951355661882,1.832535885167464,2.1028338689389443
M15@H1,body_close,with_daily,continuation,young,retested_1,57,24.210526315789473,2.192982456140351,0.7060389045824068
M15@H1,body_close,with_daily,continuation,young,retested_2plus,7520,23.252925531914894,2.2450797872340424,1.0272963523765941
M15@H1,body_close,with_daily,pullback,fresh,retested_1,486,2.734567901234568,2.271604938271605,0.7006967367029434
M15@H1,body_close,with_daily,pullback,fresh,retested_2plus,1197,7.8805346700083545,2.3224728487886384,1.1480884533543714
M15@H1,body_close,with_daily,pullback,mature,retested_1,14,72.0,2.5714285714285716,0.6568149658685034
M15@H1,body_close,with_daily,pullback,mature,retested_2plus,2155,89.33271461716937,2.2477958236658933,1.5249594615284658
M15@H1,body_close,with_daily,pullback,old,retested_1,1,328.0,2.0,0.08663693208461162
M15@H1,body_close,with_daily,pullback,old,retested_2plus,772,843.2124352331606,2.093264248704663,4.313553548414665
M15@H1,body_close,with_daily,pullback,young,retested_1,16,29.875,2.1875,0.7983360993283224
M15@H1,body_close,with_daily,pullback,young,retested_2plus,3238,22.551266213712168,2.2269919703520693,1.1246561826200214
M15@H1,body_close,with_daily,push,fresh,retested_1,2,8.5,2.5,0.3671300391834876
M15@H1,body_close,with_daily,push,fresh,retested_2plus,29,7.9655172413793105,2.689655172413793,2.1409540267216824
M15@H1,body_close,with_daily,push,mature,retested_2plus,34,108.76470588235294,3.0,0.5877460892200724
M15@H1,body_close,with_daily,push,young,retested_1,4,18.0,2.75,0.24617472927808348
M15@H1,body_close,with_daily,push,young,retested_2plus,260,20.484615384615385,2.603846153846154,1.7905528689126693
M15@H1,body_close,with_daily,reversal,fresh,retested_1,2,2.5,1.5,1.2832322480846323
M15@H1,body_close,with_daily,reversal,fresh,retested_2plus,56,6.017857142857143,1.5892857142857142,1.339099309436995
M15@H1,body_close,with_daily,reversal,mature,retested_2plus,86,123.02325581395348,2.7325581395348837,0.7568121183996666
M15@H1,body_close,with_daily,reversal,old,retested_2plus,114,291.8070175438597,2.8859649122807016,1.8618101820709922
M15@H1,body_close,with_daily,reversal,young,retested_2plus,9,37.55555555555556,1.0,1.177795652635642
M15@H1,break_through,against_daily,continuation,fresh,first_touch,39,2.6923076923076925,2.41025641025641,1.6736058439236183
M15@H1,break_through,against_daily,continuation,mature,first_touch,1,54.0,3.0,1.5561224489796428
M15@H1,break_through,against_daily,continuation,young,first_touch,2,50.0,2.5,1.4739116875263025
M15@H1,break_through,against_daily,pullback,fresh,first_touch,37,2.4324324324324325,2.324324324324324,1.626957504997807
M15@H1,break_through,against_daily,pullback,mature,first_touch,3,52.0,2.3333333333333335,1.4921772732834437
M15@H1,break_through,against_daily,pullback,young,first_touch,1,50.0,1.0,2.5599191693057164
M15@H1,break_through,against_daily,reversal,fresh,first_touch,1,3.0,3.0,2.2675131456700273
M15@H1,break_through,at_transition,continuation,mature,first_touch,1,51.0,1.0,1.3269654665685857
M15@H1,break_through,at_transition,pullback,mature,first_touch,2,51.0,2.0,5.40943719152408
M15@H1,break_through,at_transition,pullback,young,first_touch,1,50.0,1.0,1.0040108056411428
M15@H1,break_through,neutral,continuation,fresh,first_touch,28,2.607142857142857,1.5357142857142858,1.8040962879791589
M15@H1,break_through,neutral,continuation,mature,first_touch,2,52.5,2.0,1.5349281252415183
M15@H1,break_through,neutral,continuation,young,first_touch,1,50.0,1.0,2.9243171268094392
M15@H1,break_through,neutral,pullback,fresh,first_touch,34,2.3823529411764706,1.588235294117647,1.7859775777455023
M15@H1,break_through,neutral,pullback,mature,first_touch,1,54.0,1.0,1.687869822485092
M15@H1,break_through,neutral,pullback,young,first_touch,4,50.0,1.0,1.8966250749457254
M15@H1,break_through,with_daily,continuation,fresh,first_touch,44,2.6363636363636362,2.1136363636363638,1.924918602020326
M15@H1,break_through,with_daily,continuation,mature,first_touch,1,51.0,1.0,2.7028985507249574
M15@H1,break_through,with_daily,continuation,young,first_touch,3,50.0,3.0,1.403375898129054
M15@H1,break_through,with_daily,pullback,fresh,first_touch,33,2.757575757575758,2.3333333333333335,1.7921507807747155
M15@H1,break_through,with_daily,pullback,young,first_touch,3,50.0,2.3333333333333335,2.133016971109732
M15@H1,near_miss,against_daily,continuation,fresh,first_touch,1083,3.8753462603878117,2.170821791320406,1.9589592740086188
M15@H1,near_miss,against_daily,continuation,fresh,retested_1,497,4.2152917505030185,2.1106639839034207,2.018474559317285
M15@H1,near_miss,against_daily,continuation,fresh,retested_2plus,2540,6.011811023622047,2.26496062992126,2.1252757896759866
M15@H1,near_miss,against_daily,continuation,mature,first_touch,75,94.84,1.8666666666666667,2.1007356190347286
M15@H1,near_miss,against_daily,continuation,mature,retested_1,50,108.36,2.14,2.272390168087011
M15@H1,near_miss,against_daily,continuation,mature,retested_2plus,1166,114.08319039451115,1.7735849056603774,2.54734693630218
M15@H1,near_miss,against_daily,continuation,old,first_touch,60,833.6166666666667,2.6333333333333333,1.9588546403572908
M15@H1,near_miss,against_daily,continuation,old,retested_1,67,552.5970149253732,2.4477611940298507,1.965762641448164
M15@H1,near_miss,against_daily,continuation,old,retested_2plus,1306,869.813169984686,2.3499234303215926,2.5105843647894774
M15@H1,near_miss,against_daily,continuation,young,first_touch,93,18.440860215053764,2.225806451612903,2.019212048687628
M15@H1,near_miss,against_daily,continuation,young,retested_1,51,17.03921568627451,2.2745098039215685,2.2007458225732055
M15@H1,near_miss,against_daily,continuation,young,retested_2plus,1485,19.134006734006736,2.2734006734006735,2.27585835500982
M15@H1,near_miss,against_daily,pullback,fresh,first_touch,172,2.6627906976744184,2.238372093023256,1.8722224363769726
M15@H1,near_miss,against_daily,pullback,fresh,retested_1,2,9.5,2.5,1.9552802520459371
M15@H1,near_miss,against_daily,pullback,fresh,retested_2plus,408,8.009803921568627,2.281862745098039,2.314301958015025
M15@H1,near_miss,against_daily,pullback,mature,first_touch,10,99.2,1.4,1.716627631692837
M15@H1,near_miss,against_daily,pullback,mature,retested_1,14,130.57142857142858,1.8571428571428572,2.793997359392097
M15@H1,near_miss,against_daily,pullback,mature,retested_2plus,782,119.82608695652173,1.7199488491048593,2.633250394887182
M15@H1,near_miss,against_daily,pullback,old,first_touch,9,577.1111111111111,2.2222222222222223,2.37907374207768
M15@H1,near_miss,against_daily,pullback,old,retested_1,20,408.4,2.5,1.8391933877111746
M15@H1,near_miss,against_daily,pullback,old,retested_2plus,897,1055.8138238573022,2.3779264214046822,2.743013020881119
M15@H1,near_miss,against_daily,pullback,young,first_touch,6,21.666666666666668,1.5,2.0376757094650317
M15@H1,near_miss,against_daily,pullback,young,retested_1,24,16.166666666666668,1.875,2.7856295305280017
M15@H1,near_miss,against_daily,pullback,young,retested_2plus,1046,20.08891013384321,2.1692160611854683,2.513727280496294
M15@H1,near_miss,against_daily,push,fresh,retested_2plus,2,8.5,2.0,2.5568553159169527
M15@H1,near_miss,against_daily,push,mature,first_touch,2,133.0,2.0,1.4446595881306161
M15@H1,near_miss,against_daily,push,mature,retested_1,2,134.0,2.0,1.507493574801153
M15@H1,near_miss,against_daily,push,mature,retested_2plus,4,115.25,1.75,2.0235947386090745
M15@H1,near_miss,against_daily,push,old,retested_1,1,1357.0,3.0,1.4685116995289793
M15@H1,near_miss,against_daily,push,young,retested_2plus,1,11.0,2.0,1.497222222222219
M15@H1,near_miss,against_daily,reversal,fresh,first_touch,33,4.545454545454546,2.6363636363636362,1.8400782694304285
M15@H1,near_miss,against_daily,reversal,fresh,retested_1,7,3.4285714285714284,2.0,1.593749948689221
M15@H1,near_miss,against_daily,reversal,fresh,retested_2plus,78,7.576923076923077,2.576923076923077,2.492884203456966
M15@H1,near_miss,against_daily,reversal,mature,first_touch,1,71.0,3.0,1.5011286681713465
M15@H1,near_miss,against_daily,reversal,mature,retested_1,1,121.0,1.0,2.699641577061417
M15@H1,near_miss,against_daily,reversal,mature,retested_2plus,32,116.1875,2.25,2.5802344309600844
M15@H1,near_miss,against_daily,reversal,old,retested_2plus,45,740.6,2.088888888888889,6.4800641508297225
M15@H1,near_miss,against_daily,reversal,young,first_touch,5,13.6,3.0,1.306045172811062
M15@H1,near_miss,against_daily,reversal,young,retested_1,17,31.0,2.1176470588235294,2.065874517294939
M15@H1,near_miss,against_daily,reversal,young,retested_2plus,219,20.876712328767123,2.712328767123288,2.266345865356492
M15@H1,near_miss,at_transition,continuation,fresh,first_touch,14,4.928571428571429,1.4285714285714286,2.7863285359316907
M15@H1,near_miss,at_transition,continuation,fresh,retested_1,4,4.75,1.25,2.463834017908654
M15@H1,near_miss,at_transition,continuation,fresh,retested_2plus,25,6.92,1.4,3.185744378872952
M15@H1,near_miss,at_transition,continuation,mature,first_touch,6,58.0,1.3333333333333333,2.998637238832238
M15@H1,near_miss,at_transition,continuation,mature,retested_1,2,54.0,1.5,2.7239041196306863
M15@H1,near_miss,at_transition,continuation,mature,retested_2plus,34,96.91176470588235,1.4705882352941178,3.2020030479143307
M15@H1,near_miss,at_transition,continuation,old,retested_2plus,12,1018.5,1.5,3.807427262603061
M15@H1,near_miss,at_transition,continuation,young,first_touch,1,14.0,1.0,5.742460260811647
M15@H1,near_miss,at_transition,continuation,young,retested_2plus,18,27.5,1.3333333333333333,2.7158402119062224
M15@H1,near_miss,at_transition,pullback,fresh,retested_2plus,8,8.375,1.5,3.7669551715333425
M15@H1,near_miss,at_transition,pullback,mature,first_touch,2,59.0,2.0,3.6705370617108057
M15@H1,near_miss,at_transition,pullback,mature,retested_2plus,19,95.78947368421052,1.4736842105263157,3.825997217088684
M15@H1,near_miss,at_transition,pullback,old,retested_2plus,3,1231.6666666666667,1.6666666666666667,6.234940233069893
M15@H1,near_miss,at_transition,pullback,young,first_touch,1,12.0,2.0,5.158787878787985
M15@H1,near_miss,at_transition,pullback,young,retested_2plus,15,22.4,1.6666666666666667,3.289429335876419
M15@H1,near_miss,at_transition,reversal,mature,retested_2plus,2,57.5,1.5,2.822922963785163
M15@H1,near_miss,neutral,continuation,fresh,first_touch,792,3.9974747474747474,1.422979797979798,1.988065942902588
M15@H1,near_miss,neutral,continuation,fresh,retested_1,373,4.729222520107238,1.4289544235924934,2.054600707398513
M15@H1,near_miss,neutral,continuation,fresh,retested_2plus,1928,5.954875518672199,1.4797717842323652,2.2038356616796464
M15@H1,near_miss,neutral,continuation,mature,first_touch,54,93.72222222222223,1.5185185185185186,1.8342828191623786
M15@H1,near_miss,neutral,continuation,mature,retested_1,48,82.5,1.5416666666666667,2.389820988453177
M15@H1,near_miss,neutral,continuation,mature,retested_2plus,1438,105.54798331015299,1.4853963838664812,2.5382199038406403
M15@H1,near_miss,neutral,continuation,old,first_touch,19,1194.3157894736842,1.4210526315789473,1.964323911049761
M15@H1,near_miss,neutral,continuation,old,retested_1,11,665.0909090909091,1.2727272727272727,1.321266144448668
M15@H1,near_miss,neutral,continuation,old,retested_2plus,444,778.3400900900901,1.5382882882882882,2.4234206986425297
M15@H1,near_miss,neutral,continuation,young,first_touch,91,18.747252747252748,1.5494505494505495,2.102376261193531
M15@H1,near_miss,neutral,continuation,young,retested_1,47,16.74468085106383,1.3404255319148937,2.1194785790308144
M15@H1,near_miss,neutral,continuation,young,retested_2plus,1532,23.12532637075718,1.477154046997389,2.4099617210226203
M15@H1,near_miss,neutral,pullback,fresh,first_touch,124,2.8225806451612905,1.3951612903225807,1.9451502627499964
M15@H1,near_miss,neutral,pullback,fresh,retested_2plus,267,8.123595505617978,1.5131086142322097,2.4481834341666033
M15@H1,near_miss,neutral,pullback,mature,first_touch,8,152.125,1.875,1.4520995188564094
M15@H1,near_miss,neutral,pullback,mature,retested_1,14,82.28571428571429,1.7857142857142858,2.3811319181344115
M15@H1,near_miss,neutral,pullback,mature,retested_2plus,1015,103.21970443349754,1.458128078817734,2.475112084833857
M15@H1,near_miss,neutral,pullback,old,first_touch,2,208.0,1.0,2.61043411084557
M15@H1,near_miss,neutral,pullback,old,retested_1,3,622.3333333333334,1.3333333333333333,1.6871720165755753
M15@H1,near_miss,neutral,pullback,old,retested_2plus,339,824.8967551622419,1.471976401179941,2.4718301119797887
M15@H1,near_miss,neutral,pullback,young,first_touch,12,26.916666666666668,1.5,2.0879508256598687
M15@H1,near_miss,neutral,pullback,young,retested_1,31,22.967741935483872,1.1935483870967742,2.3009837358669736
M15@H1,near_miss,neutral,pullback,young,retested_2plus,1093,24.394327538883807,1.5013723696248857,2.5900998511124125
M15@H1,near_miss,neutral,push,fresh,retested_1,3,6.666666666666667,0.0,1.424436168659371
M15@H1,near_miss,neutral,push,fresh,retested_2plus,4,7.0,1.0,0.9452243410010587
M15@H1,near_miss,neutral,push,mature,retested_1,2,123.0,1.5,1.4189933024130192
M15@H1,near_miss,neutral,push,mature,retested_2plus,34,119.38235294117646,1.6764705882352942,4.528782453107006
M15@H1,near_miss,neutral,push,old,first_touch,1,553.0,1.0,2.1270570225795633
M15@H1,near_miss,neutral,push,old,retested_1,2,428.5,1.0,1.2850058198915897
M15@H1,near_miss,neutral,push,old,retested_2plus,10,512.8,1.1,1.1702565091276993
M15@H1,near_miss,neutral,push,young,retested_1,1,22.0,0.0,1.8309726156750823
M15@H1,near_miss,neutral,push,young,retested_2plus,10,16.4,1.0,1.8549679081809014
M15@H1,near_miss,neutral,reversal,fresh,first_touch,13,5.076923076923077,1.1538461538461537,2.176332493581754
M15@H1,near_miss,neutral,reversal,fresh,retested_2plus,17,6.176470588235294,0.7058823529411765,2.1592329522175113
M15@H1,near_miss,neutral,reversal,mature,retested_1,2,104.5,1.5,1.372685326718658
M15@H1,near_miss,neutral,reversal,mature,retested_2plus,28,140.60714285714286,1.1071428571428572,3.588793906546171
M15@H1,near_miss,neutral,reversal,old,first_touch,10,1264.8,1.0,11.072894349292344
M15@H1,near_miss,neutral,reversal,old,retested_2plus,17,348.8235294117647,1.1764705882352942,8.005191343307425
M15@H1,near_miss,neutral,reversal,young,first_touch,1,11.0,1.0,1.8844256518675222
M15@H1,near_miss,neutral,reversal,young,retested_2plus,24,31.166666666666668,1.2083333333333333,2.930337913380298
M15@H1,near_miss,with_daily,continuation,fresh,first_touch,1043,3.794822627037392,2.214765100671141,2.0115578756778314
M15@H1,near_miss,with_daily,continuation,fresh,retested_1,578,4.1522491349480966,2.2335640138408306,2.06835187339833
M15@H1,near_miss,with_daily,continuation,fresh,retested_2plus,2416,5.834850993377484,2.2640728476821192,2.1284361990723166
M15@H1,near_miss,with_daily,continuation,mature,first_touch,93,78.04301075268818,2.3763440860215055,2.1642758741586774
M15@H1,near_miss,with_daily,continuation,mature,retested_1,48,86.125,2.5625,2.1598159609389933
M15@H1,near_miss,with_daily,continuation,mature,retested_2plus,1325,88.00679245283018,2.228679245283019,2.376739256793177
M15@H1,near_miss,with_daily,continuation,old,first_touch,10,507.7,2.0,2.357315681014586
M15@H1,near_miss,with_daily,continuation,old,retested_1,10,536.6,1.2,1.5830499078531077
M15@H1,near_miss,with_daily,continuation,old,retested_2plus,249,800.7510040160643,2.0522088353413657,2.84820313251149
M15@H1,near_miss,with_daily,continuation,young,first_touch,118,21.652542372881356,2.2796610169491527,2.073552479392391
M15@H1,near_miss,with_daily,continuation,young,retested_1,115,22.339130434782607,2.365217391304348,2.0895885478560174
M15@H1,near_miss,with_daily,continuation,young,retested_2plus,1740,24.570689655172412,2.220689655172414,2.2587702147957294
M15@H1,near_miss,with_daily,pullback,fresh,first_touch,172,2.9244186046511627,2.1511627906976742,1.9451578036513284
M15@H1,near_miss,with_daily,pullback,fresh,retested_1,2,9.5,3.0,1.8724832332321455
M15@H1,near_miss,with_daily,pullback,fresh,retested_2plus,388,8.085051546391753,2.2577319587628866,2.364470273492692
M15@H1,near_miss,with_daily,pullback,mature,first_touch,23,92.43478260869566,2.608695652173913,1.8870970883592728
M15@H1,near_miss,with_daily,pullback,mature,retested_1,13,90.0,2.8461538461538463,1.638207189794485
M15@H1,near_miss,with_daily,pullback,mature,retested_2plus,885,90.14124293785311,2.2847457627118644,2.4350790879447435
M15@H1,near_miss,with_daily,pullback,old,first_touch,2,1139.0,2.5,1.512974622034414
M15@H1,near_miss,with_daily,pullback,old,retested_1,3,630.6666666666666,1.0,0.8404159458081653
M15@H1,near_miss,with_daily,pullback,old,retested_2plus,190,1019.6368421052632,1.7789473684210526,3.578746727454172
M15@H1,near_miss,with_daily,pullback,young,first_touch,35,21.228571428571428,1.9142857142857144,2.076375303067184
M15@H1,near_miss,with_daily,pullback,young,retested_1,18,28.166666666666668,1.5555555555555556,2.0021424848891822
M15@H1,near_miss,with_daily,pullback,young,retested_2plus,1218,26.14614121510673,2.2504105090311985,2.294727791812676
M15@H1,near_miss,with_daily,push,fresh,first_touch,1,8.0,2.0,1.0790960451977134
M15@H1,near_miss,with_daily,push,fresh,retested_1,2,6.5,3.0,1.49351812863393
M15@H1,near_miss,with_daily,push,fresh,retested_2plus,9,8.88888888888889,2.3333333333333335,2.780528174417052
M15@H1,near_miss,with_daily,push,mature,first_touch,1,122.0,3.0,1.4993773349937394
M15@H1,near_miss,with_daily,push,mature,retested_2plus,2,64.0,3.0,1.8999297798974257
M15@H1,near_miss,with_daily,push,young,first_touch,2,19.0,2.5,1.5964330129566195
M15@H1,near_miss,with_daily,push,young,retested_1,4,27.5,3.0,1.7525929572781305
M15@H1,near_miss,with_daily,push,young,retested_2plus,70,20.17142857142857,2.5285714285714285,2.1987303355830203
M15@H1,near_miss,with_daily,reversal,fresh,retested_2plus,1,10.0,1.0,4.268817204301219
M15@H1,near_miss,with_daily,reversal,mature,first_touch,1,65.0,2.0,0.8493622888659832
M15@H1,near_miss,with_daily,reversal,mature,retested_1,1,66.0,2.0,1.4578096947936268
M15@H1,near_miss,with_daily,reversal,mature,retested_2plus,30,73.46666666666667,2.1,2.192614930572226
M15@H1,near_miss,with_daily,reversal,old,retested_2plus,17,273.88235294117646,2.4705882352941178,3.9840027824287025
M15@H1,near_miss,with_daily,reversal,young,retested_2plus,6,12.166666666666666,1.0,4.138008990917604
M15@H1,wick_touch,against_daily,continuation,fresh,retested_1,517,3.8143133462282397,2.2127659574468086,1.6135413081367147
M15@H1,wick_touch,against_daily,continuation,fresh,retested_2plus,3897,5.3618167821401075,2.2301770592763663,1.812888197748715
M15@H1,wick_touch,against_daily,continuation,mature,retested_1,43,101.83720930232558,2.0930232558139537,2.0591341465955098
M15@H1,wick_touch,against_daily,continuation,mature,retested_2plus,1229,110.28966639544345,1.8315703824247356,2.2361722249728206
M15@H1,wick_touch,against_daily,continuation,old,retested_1,26,1119.3846153846155,2.576923076923077,1.4673654888757595
M15@H1,wick_touch,against_daily,continuation,old,retested_2plus,1404,858.7464387464388,2.3425925925925926,2.2640761244460497
M15@H1,wick_touch,against_daily,continuation,young,retested_1,45,21.022222222222222,2.2888888888888888,2.1162374710861283
M15@H1,wick_touch,against_daily,continuation,young,retested_2plus,1696,18.931014150943398,2.261202830188679,2.0093417896597505
M15@H1,wick_touch,against_daily,pullback,fresh,retested_1,161,2.6956521739130435,2.2236024844720497,1.5087449758031442
M15@H1,wick_touch,against_daily,pullback,fresh,retested_2plus,373,7.7560321715817695,2.265415549597855,2.0009206108804127
M15@H1,wick_touch,against_daily,pullback,mature,retested_1,8,104.75,1.75,1.6567944530683019
M15@H1,wick_touch,against_daily,pullback,mature,retested_2plus,718,117.52089136490251,1.7883008356545962,2.4683684744447345
M15@H1,wick_touch,against_daily,pullback,old,retested_1,10,557.5,2.4,1.2760537007537773
M15@H1,wick_touch,against_daily,pullback,old,retested_2plus,858,1031.0384615384614,2.403263403263403,2.489271840164657
M15@H1,wick_touch,against_daily,pullback,young,retested_1,9,20.77777777777778,1.6666666666666667,2.013860845939018
M15@H1,wick_touch,against_daily,pullback,young,retested_2plus,941,19.196599362380447,2.173219978746015,2.380289473431019
M15@H1,wick_touch,against_daily,push,fresh,retested_2plus,4,7.75,2.0,1.2315992708122494
M15@H1,wick_touch,against_daily,push,mature,retested_1,2,159.0,2.5,1.6565985733635271
M15@H1,wick_touch,against_daily,push,mature,retested_2plus,3,107.33333333333333,1.6666666666666667,1.4718180501794507
M15@H1,wick_touch,against_daily,push,old,retested_1,2,1111.0,2.5,0.9311065875147182
M15@H1,wick_touch,against_daily,push,old,retested_2plus,5,735.0,2.0,0.7559974030708957
M15@H1,wick_touch,against_daily,push,young,retested_2plus,3,11.0,2.0,1.24637945794118
M15@H1,wick_touch,against_daily,reversal,fresh,retested_1,12,3.5833333333333335,2.5,1.6027838150369755
M15@H1,wick_touch,against_daily,reversal,fresh,retested_2plus,126,6.73015873015873,2.507936507936508,1.990702008678234
M15@H1,wick_touch,against_daily,reversal,mature,retested_1,1,63.0,2.0,1.0606060606061838
M15@H1,wick_touch,against_daily,reversal,mature,retested_2plus,33,112.39393939393939,2.1818181818181817,2.2722082513513744
M15@H1,wick_touch,against_daily,reversal,old,retested_2plus,62,708.1774193548387,2.193548387096774,6.813420589504801
M15@H1,wick_touch,against_daily,reversal,young,retested_1,4,20.5,2.75,1.6490402943899438
M15@H1,wick_touch,against_daily,reversal,young,retested_2plus,206,19.849514563106798,2.645631067961165,2.157232856739385
M15@H1,wick_touch,at_transition,continuation,fresh,retested_1,21,5.9523809523809526,1.4761904761904763,2.643603854368122
M15@H1,wick_touch,at_transition,continuation,fresh,retested_2plus,61,5.737704918032787,1.5081967213114753,2.396437605826294
M15@H1,wick_touch,at_transition,continuation,mature,retested_1,10,53.3,1.3,2.2126225820461127
M15@H1,wick_touch,at_transition,continuation,mature,retested_2plus,38,84.21052631578948,1.5263157894736843,3.139302656923364
M15@H1,wick_touch,at_transition,continuation,old,retested_1,1,957.0,2.0,1.793462901189217
M15@H1,wick_touch,at_transition,continuation,old,retested_2plus,11,360.90909090909093,1.5454545454545454,3.137959656170871
M15@H1,wick_touch,at_transition,continuation,young,retested_2plus,31,20.193548387096776,1.4838709677419355,2.347837749273413
M15@H1,wick_touch,at_transition,pullback,fresh,retested_2plus,4,9.5,1.5,2.5383899780084254
M15@H1,wick_touch,at_transition,pullback,mature,retested_1,4,65.5,1.5,2.1096862264796985
M15@H1,wick_touch,at_transition,pullback,mature,retested_2plus,20,97.95,1.5,4.453575563891876
M15@H1,wick_touch,at_transition,pullback,old,retested_1,1,601.0,1.0,4.396864282214742
M15@H1,wick_touch,at_transition,pullback,old,retested_2plus,8,715.375,1.75,3.165481030268142
M15@H1,wick_touch,at_transition,pullback,young,retested_1,1,50.0,2.0,0.5757931844887427
M15@H1,wick_touch,at_transition,pullback,young,retested_2plus,16,25.875,1.4375,3.0694914935219506
M15@H1,wick_touch,at_transition,reversal,mature,retested_2plus,1,56.0,2.0,4.053225806452097
M15@H1,wick_touch,at_transition,reversal,old,retested_2plus,1,1268.0,2.0,12.171432807259388
M15@H1,wick_touch,neutral,continuation,fresh,retested_1,375,3.96,1.4506666666666668,1.6163756808104588
M15@H1,wick_touch,neutral,continuation,fresh,retested_2plus,2812,5.459103840682788,1.479018492176387,1.832788922393509
M15@H1,wick_touch,neutral,continuation,mature,retested_1,43,99.09302325581395,1.4651162790697674,1.5377257504281387
M15@H1,wick_touch,neutral,continuation,mature,retested_2plus,1506,101.05444887118193,1.4721115537848606,2.2488696007677467
M15@H1,wick_touch,neutral,continuation,old,retested_1,11,822.4545454545455,1.2727272727272727,1.5856215031053573
M15@H1,wick_touch,neutral,continuation,old,retested_2plus,428,750.8668224299065,1.47196261682243,2.06674976139622
M15@H1,wick_touch,neutral,continuation,young,retested_1,48,18.1875,1.4166666666666667,1.728913262806218
M15@H1,wick_touch,neutral,continuation,young,retested_2plus,1698,22.56301531213192,1.4681978798586572,2.1400594411107408
M15@H1,wick_touch,neutral,pullback,fresh,retested_1,117,2.769230769230769,1.5128205128205128,1.5904540997073497
M15@H1,wick_touch,neutral,pullback,fresh,retested_2plus,275,8.123636363636363,1.4981818181818183,2.17247391762252
M15@H1,wick_touch,neutral,pullback,mature,retested_1,7,118.85714285714286,1.5714285714285714,1.4580011053919049
M15@H1,wick_touch,neutral,pullback,mature,retested_2plus,893,102.54759238521837,1.4546472564389699,2.269012118013372
M15@H1,wick_touch,neutral,pullback,old,retested_1,3,868.0,1.3333333333333333,1.4004167210083536
M15@H1,wick_touch,neutral,pullback,old,retested_2plus,310,821.3645161290323,1.4193548387096775,2.0484456620997906
M15@H1,wick_touch,neutral,pullback,young,retested_1,10,25.6,1.3,2.5814987371339155
M15@H1,wick_touch,neutral,pullback,young,retested_2plus,1013,24.981243830207305,1.5172754195459033,2.361672386014019
M15@H1,wick_touch,neutral,push,fresh,retested_1,1,10.0,1.0,0.923886639675864
M15@H1,wick_touch,neutral,push,fresh,retested_2plus,3,6.666666666666667,1.0,0.7492456839392942
M15@H1,wick_touch,neutral,push,mature,retested_2plus,47,113.85106382978724,1.6170212765957446,2.704508857483033
M15@H1,wick_touch,neutral,push,old,retested_1,2,307.0,1.5,1.2395533527296776
M15@H1,wick_touch,neutral,push,old,retested_2plus,21,443.7142857142857,1.2380952380952381,1.4440546758925883
M15@H1,wick_touch,neutral,push,young,retested_2plus,8,21.875,0.625,1.7087513814907538
M15@H1,wick_touch,neutral,reversal,fresh,retested_1,3,4.666666666666667,0.6666666666666666,1.9202644308068504
M15@H1,wick_touch,neutral,reversal,fresh,retested_2plus,37,6.378378378378378,0.918918918918919,2.356897909408144
M15@H1,wick_touch,neutral,reversal,mature,retested_1,1,146.0,2.0,0.6437632135306564
M15@H1,wick_touch,neutral,reversal,mature,retested_2plus,43,135.93023255813952,1.2325581395348837,3.5619056886796114
M15@H1,wick_touch,neutral,reversal,old,retested_2plus,8,573.625,1.5,5.708874914102189
M15@H1,wick_touch,neutral,reversal,young,retested_2plus,40,31.125,1.25,2.3581431728030955
M15@H1,wick_touch,with_daily,continuation,fresh,retested_1,544,3.71875,2.21875,1.6330854170091005
M15@H1,wick_touch,with_daily,continuation,fresh,retested_2plus,3797,5.365025019752436,2.238609428496181,1.7945545184491791
M15@H1,wick_touch,with_daily,continuation,mature,retested_1,59,79.55932203389831,2.4237288135593222,1.5621537664386265
M15@H1,wick_touch,with_daily,continuation,mature,retested_2plus,1417,86.26887791107974,2.297106563161609,1.9182004079704718
M15@H1,wick_touch,with_daily,continuation,old,retested_1,7,1246.142857142857,1.7142857142857142,1.3326437124922546
M15@H1,wick_touch,with_daily,continuation,old,retested_2plus,259,679.8918918918919,1.9884169884169884,2.891387853764795
M15@H1,wick_touch,with_daily,continuation,young,retested_1,92,24.17391304347826,2.1739130434782608,1.8032866024771672
M15@H1,wick_touch,with_daily,continuation,young,retested_2plus,2176,23.926011029411764,2.221047794117647,1.9274392240449207
M15@H1,wick_touch,with_daily,pullback,fresh,retested_1,191,2.7068062827225132,2.1047120418848166,1.6394916509153754
M15@H1,wick_touch,with_daily,pullback,fresh,retested_2plus,369,7.983739837398374,2.3956639566395665,2.2039248522340453
M15@H1,wick_touch,with_daily,pullback,mature,retested_1,12,83.41666666666667,2.6666666666666665,1.4607770326017804
M15@H1,wick_touch,with_daily,pullback,mature,retested_2plus,784,89.69260204081633,2.311224489795918,2.1101841484796444
M15@H1,wick_touch,with_daily,pullback,old,retested_1,4,499.0,2.0,1.508542947380908
M15@H1,wick_touch,with_daily,pullback,old,retested_2plus,147,1084.408163265306,1.598639455782313,4.384236554684372
M15@H1,wick_touch,with_daily,pullback,young,retested_1,22,26.454545454545453,2.227272727272727,1.6845348611885436
M15@H1,wick_touch,with_daily,pullback,young,retested_2plus,1028,24.889105058365757,2.3103112840466924,2.084271650872016
M15@H1,wick_touch,with_daily,push,fresh,retested_2plus,19,8.052631578947368,2.526315789473684,1.3542659514685589
M15@H1,wick_touch,with_daily,push,mature,retested_1,2,152.0,3.0,1.2626962909367405
M15@H1,wick_touch,with_daily,push,mature,retested_2plus,12,70.25,3.0,1.8223407930664262
M15@H1,wick_touch,with_daily,push,old,retested_1,2,310.5,3.0,1.0291072318194996
M15@H1,wick_touch,with_daily,push,young,retested_1,7,26.428571428571427,3.0,1.4595629052571115
M15@H1,wick_touch,with_daily,push,young,retested_2plus,79,22.11392405063291,2.569620253164557,1.5961741758433505
M15@H1,wick_touch,with_daily,reversal,fresh,retested_2plus,2,9.0,1.0,3.818171408808812
M15@H1,wick_touch,with_daily,reversal,mature,retested_1,1,66.0,2.0,1.0592747559275302
M15@H1,wick_touch,with_daily,reversal,mature,retested_2plus,16,102.125,2.375,1.5270708102127588
M15@H1,wick_touch,with_daily,reversal,old,retested_2plus,13,260.9230769230769,2.3076923076923075,3.3898735348846714
M15@H1,wick_touch,with_daily,reversal,young,retested_2plus,2,14.0,1.0,4.04367855735142
M15@H4,body_close,against_daily,continuation,fresh,retested_1,204,3.0637254901960786,2.1323529411764706,2.1309813301847185
M15@H4,body_close,against_daily,continuation,fresh,retested_2plus,12544,4.8081154336734695,2.1917251275510203,1.7503931270760253
M15@H4,body_close,against_daily,continuation,mature,retested_1,10,88.4,2.4,1.8022664724428608
M15@H4,body_close,against_daily,continuation,mature,retested_2plus,6941,99.54790376026509,2.385679296931278,2.2884961325401023
M15@H4,body_close,against_daily,continuation,old,retested_1,10,573.3,2.2,0.7688390743378382
M15@H4,body_close,against_daily,continuation,old,retested_2plus,5079,754.0527662925773,2.4363063595195906,1.8849639555176492
M15@H4,body_close,against_daily,continuation,young,retested_1,34,21.441176470588236,2.1470588235294117,2.0076526516853126
M15@H4,body_close,against_daily,continuation,young,retested_2plus,7901,28.698392608530565,1.8754588026832046,2.0219723235556994
M15@H4,body_close,against_daily,pullback,fresh,retested_1,136,2.7794117647058822,2.360294117647059,1.8915581334418246
M15@H4,body_close,against_daily,pullback,fresh,retested_2plus,845,7.042603550295858,2.2485207100591715,2.8947945696507706
M15@H4,body_close,against_daily,pullback,mature,retested_1,2,138.0,2.0,0.9078799349381982
M15@H4,body_close,against_daily,pullback,mature,retested_2plus,1865,94.24664879356568,2.3308310991957106,2.0645873624409385
M15@H4,body_close,against_daily,pullback,old,retested_1,2,328.5,2.5,2.0730331679263623
M15@H4,body_close,against_daily,pullback,old,retested_2plus,1255,992.0812749003984,2.3386454183266934,2.17981941038423
M15@H4,body_close,against_daily,pullback,young,retested_1,7,16.0,2.0,1.5578404412279767
M15@H4,body_close,against_daily,pullback,young,retested_2plus,1898,30.967334035827186,1.886722866174921,2.5616044235807807
M15@H4,body_close,against_daily,push,mature,retested_2plus,337,81.1246290801187,2.050445103857567,1.7459029414027099
M15@H4,body_close,against_daily,push,old,retested_1,1,341.0,3.0,0.9261363636364368
M15@H4,body_close,against_daily,push,old,retested_2plus,122,827.5983606557377,2.8442622950819674,1.4435169077463286
M15@H4,body_close,against_daily,push,young,retested_1,1,42.0,2.0,1.6771880926206368
M15@H4,body_close,against_daily,push,young,retested_2plus,218,40.481651376146786,1.8302752293577982,1.69621001149823
M15@H4,body_close,against_daily,reversal,fresh,retested_1,29,3.1724137931034484,2.6206896551724137,1.6178733060633943
M15@H4,body_close,against_daily,reversal,fresh,retested_2plus,1320,5.175757575757576,2.70530303030303,1.765871141279345
M15@H4,body_close,against_daily,reversal,mature,retested_2plus,2000,105.132,2.4045,7.507084174851164
M15@H4,body_close,against_daily,reversal,old,retested_2plus,2223,1952.1039136302295,2.2222222222222223,7.515484795631092
M15@H4,body_close,against_daily,reversal,young,retested_1,2,15.0,2.5,3.9224225944915228
M15@H4,body_close,against_daily,reversal,young,retested_2plus,758,29.86411609498681,2.3403693931398415,2.2643779886914297
M15@H4,body_close,at_transition,continuation,fresh,retested_1,1,3.0,2.0,1.5235294117647145
M15@H4,body_close,at_transition,continuation,fresh,retested_2plus,143,5.706293706293707,1.4755244755244756,2.6081457620928656
M15@H4,body_close,at_transition,continuation,mature,retested_2plus,57,89.3157894736842,1.4912280701754386,2.6145029826529287
M15@H4,body_close,at_transition,continuation,old,retested_2plus,33,679.1515151515151,1.4545454545454546,2.5813950699023107
M15@H4,body_close,at_transition,continuation,young,retested_1,18,14.777777777777779,1.6111111111111112,2.2217321110429022
M15@H4,body_close,at_transition,continuation,young,retested_2plus,212,24.41509433962264,1.4481132075471699,2.5646926793012925
M15@H4,body_close,at_transition,pullback,fresh,retested_1,1,3.0,2.0,0.7526881720430108
M15@H4,body_close,at_transition,pullback,fresh,retested_2plus,9,8.555555555555555,1.2222222222222223,3.4054109487546644
M15@H4,body_close,at_transition,pullback,mature,retested_2plus,23,90.0,1.565217391304348,3.6729471341770963
M15@H4,body_close,at_transition,pullback,old,retested_2plus,7,920.4285714285714,1.2857142857142858,3.6212771385285607
M15@H4,body_close,at_transition,pullback,young,retested_1,13,14.538461538461538,1.5384615384615385,2.8654809754612156
M15@H4,body_close,at_transition,pullback,young,retested_2plus,55,28.418181818181818,1.5272727272727273,3.817743164550718
M15@H4,body_close,at_transition,push,mature,retested_2plus,5,71.0,2.0,1.8233709547051622
M15@H4,body_close,at_transition,push,young,retested_2plus,7,32.42857142857143,1.5714285714285714,1.7077796947469726
M15@H4,body_close,at_transition,reversal,fresh,retested_2plus,8,7.625,1.375,4.016747974548937
M15@H4,body_close,at_transition,reversal,mature,retested_2plus,20,105.75,1.55,9.20781299063832
M15@H4,body_close,at_transition,reversal,old,retested_2plus,38,1942.2368421052631,1.4210526315789473,10.050861486950064
M15@H4,body_close,at_transition,reversal,young,retested_1,2,19.5,1.0,4.957588684570745
M15@H4,body_close,at_transition,reversal,young,retested_2plus,22,32.5,1.4545454545454546,4.891779615849357
M15@H4,body_close,neutral,continuation,fresh,retested_1,161,3.018633540372671,1.484472049689441,2.0282889669982276
M15@H4,body_close,neutral,continuation,fresh,retested_2plus,10831,5.006555258055581,1.490721078386114,1.847813724008778
M15@H4,body_close,neutral,continuation,mature,retested_1,5,69.4,1.4,1.8562144606333462
M15@H4,body_close,neutral,continuation,mature,retested_2plus,1612,87.35794044665012,1.3846153846153846,2.14557574230309
M15@H4,body_close,neutral,continuation,old,retested_1,5,327.0,1.2,1.070779191413601
M15@H4,body_close,neutral,continuation,old,retested_2plus,1514,903.165785997358,1.5013210039630118,1.855421932258357
M15@H4,body_close,neutral,continuation,young,retested_1,26,21.96153846153846,1.4230769230769231,2.0503324738935467
M15@H4,body_close,neutral,continuation,young,retested_2plus,8985,24.53734001112966,1.4705620478575403,1.9294227030193862
M15@H4,body_close,neutral,pullback,fresh,retested_1,97,2.484536082474227,1.4948453608247423,1.7443830124239958
M15@H4,body_close,neutral,pullback,fresh,retested_2plus,671,8.299552906110284,1.4262295081967213,2.8739399409216424
M15@H4,body_close,neutral,pullback,mature,retested_2plus,858,76.82167832167832,1.4557109557109558,2.7976953458965634
M15@H4,body_close,neutral,pullback,old,retested_2plus,363,692.5399449035813,1.4848484848484849,2.783274282152488
M15@H4,body_close,neutral,pullback,young,retested_1,5,19.6,1.6,1.3938494177682377
M15@H4,body_close,neutral,pullback,young,retested_2plus,3165,24.819273301737756,1.434439178515008,2.4431552575315187
M15@H4,body_close,neutral,push,fresh,retested_2plus,19,8.421052631578947,0.7894736842105263,0.618893230311014
M15@H4,body_close,neutral,push,mature,retested_1,1,52.0,2.0,0.037121212121238575
M15@H4,body_close,neutral,push,mature,retested_2plus,274,93.89781021897811,1.7773722627737227,1.6415903776689176
M15@H4,body_close,neutral,push,old,retested_2plus,4,512.0,1.75,0.4504695045387539
M15@H4,body_close,neutral,push,young,retested_2plus,461,34.21041214750542,1.3427331887201734,1.849257065293011
M15@H4,body_close,neutral,reversal,fresh,retested_1,2,4.0,1.0,1.6129887705751125
M15@H4,body_close,neutral,reversal,fresh,retested_2plus,256,7.23828125,1.265625,2.73773973312622
M15@H4,body_close,neutral,reversal,mature,retested_2plus,802,104.10598503740648,1.4301745635910224,6.593823951678264
M15@H4,body_close,neutral,reversal,old,retested_2plus,1662,1773.1823104693142,1.516245487364621,8.238242771105156
M15@H4,body_close,neutral,reversal,young,retested_1,1,15.0,2.0,0.619395615247892
M15@H4,body_close,neutral,reversal,young,retested_2plus,1293,29.31941221964424,1.3178654292343388,3.7836986888541686
M15@H4,body_close,neutral,unknown,fresh,retested_1,1,2.0,0.0,0.6875000000002498
M15@H4,body_close,with_daily,continuation,fresh,retested_1,174,3.0172413793103448,2.293103448275862,1.6763128428847536
M15@H4,body_close,with_daily,continuation,fresh,retested_2plus,8086,4.7244620331437055,2.264654959188721,1.5866462403414543
M15@H4,body_close,with_daily,continuation,mature,retested_1,2,124.0,2.0,0.9328583704107289
M15@H4,body_close,with_daily,continuation,mature,retested_2plus,1194,99.94388609715243,1.7939698492462313,1.8587293673152994
M15@H4,body_close,with_daily,continuation,old,retested_1,2,648.0,2.0,2.0695869252347894
M15@H4,body_close,with_daily,continuation,old,retested_2plus,558,531.8960573476703,1.6702508960573477,2.3859636383551033
M15@H4,body_close,with_daily,continuation,young,retested_1,35,18.714285714285715,2.4,1.2962369503874962
M15@H4,body_close,with_daily,continuation,young,retested_2plus,6852,21.041885580852306,2.165061295971979,1.638887123486619
M15@H4,body_close,with_daily,pullback,fresh,retested_1,67,2.4029850746268657,2.0597014925373136,1.7895122589772685
M15@H4,body_close,with_daily,pullback,fresh,retested_2plus,124,8.919354838709678,1.6129032258064515,4.101982062586419
M15@H4,body_close,with_daily,pullback,mature,retested_2plus,462,84.34632034632034,1.5411255411255411,3.391000671441075
M15@H4,body_close,with_daily,pullback,old,retested_1,1,1718.0,2.0,0.6858108108107427
M15@H4,body_close,with_daily,pullback,old,retested_2plus,395,611.5772151898734,1.6860759493670887,2.3997557163133862
M15@H4,body_close,with_daily,pullback,young,retested_1,10,16.3,2.1,1.4276201818488734
M15@H4,body_close,with_daily,pullback,young,retested_2plus,1656,25.97463768115942,1.8067632850241546,3.22499311050797
M15@H4,body_close,with_daily,push,fresh,retested_2plus,97,8.164948453608247,2.865979381443299,1.350330640051194
M15@H4,body_close,with_daily,push,mature,retested_2plus,108,77.06481481481481,2.6481481481481484,3.0129488625481264
M15@H4,body_close,with_daily,push,young,retested_1,2,23.0,3.0,0.9334998437032644
M15@H4,body_close,with_daily,push,young,retested_2plus,139,22.805755395683452,2.431654676258993,1.7514395146361594
M15@H4,body_close,with_daily,reversal,fresh,retested_2plus,16,10.0,1.0,3.3236590644475386
M15@H4,body_close,with_daily,reversal,mature,retested_2plus,562,108.08896797153025,2.494661921708185,6.0471650184697205
M15@H4,body_close,with_daily,reversal,old,retested_2plus,1013,2131.5301085883516,1.845014807502468,6.680513547393013
M15@H4,body_close,with_daily,reversal,young,retested_1,1,16.0,2.0,1.1327994661328153
M15@H4,body_close,with_daily,reversal,young,retested_2plus,370,36.71891891891892,2.016216216216216,2.789537523283836
M15@H4,break_through,against_daily,continuation,fresh,first_touch,1,3.0,2.0,2.288461538461438
M15@H4,break_through,against_daily,pullback,fresh,first_touch,2,3.0,2.0,1.173545314693964
M15@H4,break_through,neutral,continuation,fresh,first_touch,1,2.0,1.0,1.8641596316192364
M15@H4,break_through,neutral,pullback,young,first_touch,1,14.0,2.0,3.883506343713956
M15@H4,break_through,neutral,unknown,fresh,first_touch,1,2.0,0.0,1.8401826484019856
M15@H4,break_through,with_daily,continuation,fresh,first_touch,1,2.0,3.0,3.738872403560936
M15@H4,break_through,with_daily,continuation,young,first_touch,1,14.0,1.0,0.7902097902097007
M15@H4,break_through,with_daily,pullback,fresh,first_touch,2,2.0,1.5,1.7003425715215514
M15@H4,near_miss,against_daily,continuation,fresh,first_touch,288,3.1840277777777777,2.2777777777777777,3.244161123997312
M15@H4,near_miss,against_daily,continuation,fresh,retested_1,119,3.2436974789915967,2.0840336134453783,3.265189373626196
M15@H4,near_miss,against_daily,continuation,fresh,retested_2plus,1441,4.790423317140874,2.224149895905621,3.7987594299580834
M15@H4,near_miss,against_daily,continuation,mature,first_touch,30,90.46666666666667,2.1666666666666665,2.508245276839923
M15@H4,near_miss,against_daily,continuation,mature,retested_1,2,91.0,3.0,1.860819743699762
M15@H4,near_miss,against_daily,continuation,mature,retested_2plus,958,105.3945720250522,2.3705636743215033,3.9647791587198604
M15@H4,near_miss,against_daily,continuation,old,first_touch,16,568.375,1.75,1.9013201088352973
M15@H4,near_miss,against_daily,continuation,old,retested_1,10,356.0,1.5,2.9648776356149984
M15@H4,near_miss,against_daily,continuation,old,retested_2plus,544,685.7316176470588,2.1875,3.5237073685056504
M15@H4,near_miss,against_daily,continuation,young,first_touch,47,26.085106382978722,2.021276595744681,3.5024607590518273
M15@H4,near_miss,against_daily,continuation,young,retested_1,23,34.608695652173914,2.0434782608695654,2.918817029685333
M15@H4,near_miss,against_daily,continuation,young,retested_2plus,845,29.95621301775148,1.8402366863905326,3.6766429576411492
M15@H4,near_miss,against_daily,pullback,fresh,first_touch,38,2.9473684210526314,2.473684210526316,2.967556615946228
M15@H4,near_miss,against_daily,pullback,fresh,retested_2plus,143,6.944055944055944,2.4825174825174825,3.7491264762412957
M15@H4,near_miss,against_daily,pullback,mature,first_touch,1,129.0,3.0,2.741993336463525
M15@H4,near_miss,against_daily,pullback,mature,retested_1,2,139.0,3.0,2.347616808464033
M15@H4,near_miss,against_daily,pullback,mature,retested_2plus,376,92.17819148936171,2.2180851063829787,3.7208110145295015
M15@H4,near_miss,against_daily,pullback,old,first_touch,2,903.5,3.0,2.1879669083104476
M15@H4,near_miss,against_daily,pullback,old,retested_1,2,3300.0,3.0,2.675105381706962
M15@H4,near_miss,against_daily,pullback,old,retested_2plus,316,733.8006329113924,2.2025316455696204,3.5157864743700467
M15@H4,near_miss,against_daily,pullback,young,first_touch,2,16.0,3.0,2.960266567714474
M15@H4,near_miss,against_daily,pullback,young,retested_1,1,43.0,3.0,2.7940536887792433
M15@H4,near_miss,against_daily,pullback,young,retested_2plus,296,32.21621621621622,1.587837837837838,4.153277834536963
M15@H4,near_miss,against_daily,push,mature,retested_2plus,62,99.51612903225806,2.2580645161290325,3.997384450114807
M15@H4,near_miss,against_daily,push,old,retested_2plus,35,524.1142857142858,2.3714285714285714,2.0055572191670685
M15@H4,near_miss,against_daily,push,young,first_touch,3,36.666666666666664,2.0,2.0214819790668592
M15@H4,near_miss,against_daily,push,young,retested_1,4,38.0,1.5,2.9350506416654376
M15@H4,near_miss,against_daily,push,young,retested_2plus,57,37.719298245614034,1.736842105263158,3.301772654928689
M15@H4,near_miss,against_daily,reversal,fresh,first_touch,33,2.8484848484848486,2.484848484848485,2.304231731296717
M15@H4,near_miss,against_daily,reversal,fresh,retested_1,3,2.3333333333333335,2.6666666666666665,3.540021592258808
M15@H4,near_miss,against_daily,reversal,fresh,retested_2plus,123,5.569105691056911,2.845528455284553,3.6891334494774632
M15@H4,near_miss,against_daily,reversal,mature,first_touch,2,90.0,2.0,2.4080350871106977
M15@H4,near_miss,against_daily,reversal,mature,retested_2plus,32,82.03125,1.90625,9.440241605851481
M15@H4,near_miss,against_daily,reversal,old,retested_2plus,148,1085.4527027027027,2.5405405405405403,7.753290524385157
M15@H4,near_miss,against_daily,reversal,young,retested_2plus,77,40.23376623376623,2.038961038961039,3.7676259988494785
M15@H4,near_miss,at_transition,continuation,fresh,first_touch,2,4.5,2.0,3.501174094370917
M15@H4,near_miss,at_transition,continuation,fresh,retested_1,2,4.0,1.0,7.590255563637698
M15@H4,near_miss,at_transition,continuation,fresh,retested_2plus,18,5.055555555555555,1.4444444444444444,4.607829219699352
M15@H4,near_miss,at_transition,continuation,mature,retested_2plus,6,76.0,1.3333333333333333,4.122695103322639
M15@H4,near_miss,at_transition,continuation,old,retested_2plus,3,1118.6666666666667,1.6666666666666667,6.134772476519754
M15@H4,near_miss,at_transition,continuation,young,retested_2plus,27,27.25925925925926,1.5185185185185186,4.540481223401346
M15@H4,near_miss,at_transition,pullback,fresh,retested_2plus,1,9.0,1.0,5.983640081799397
M15@H4,near_miss,at_transition,pullback,mature,retested_2plus,3,89.33333333333333,2.0,5.197620784769733
M15@H4,near_miss,at_transition,pullback,old,retested_2plus,3,314.3333333333333,1.6666666666666667,4.721677204660181
M15@H4,near_miss,at_transition,pullback,young,retested_2plus,8,29.375,1.5,5.8258024164463045
M15@H4,near_miss,at_transition,push,mature,retested_2plus,1,101.0,2.0,3.955048409405297
M15@H4,near_miss,at_transition,push,young,retested_2plus,1,22.0,2.0,3.988205128205115
M15@H4,near_miss,at_transition,reversal,fresh,retested_2plus,2,3.5,2.0,5.207151769055701
M15@H4,near_miss,at_transition,reversal,old,retested_2plus,1,2295.0,2.0,14.428632845988519
M15@H4,near_miss,at_transition,reversal,young,retested_2plus,1,31.0,1.0,3.0964705882353383
M15@H4,near_miss,neutral,continuation,fresh,first_touch,222,3.4864864864864864,1.3513513513513513,2.9671028814750615
M15@H4,near_miss,neutral,continuation,fresh,retested_1,80,4.025,1.425,3.1809441266420575
M15@H4,near_miss,neutral,continuation,fresh,retested_2plus,1360,5.436764705882353,1.5058823529411764,3.561302148714552
M15@H4,near_miss,neutral,continuation,mature,first_touch,8,109.75,1.375,2.760521621750972
M15@H4,near_miss,neutral,continuation,mature,retested_1,5,64.6,1.6,2.185593249506296
M15@H4,near_miss,neutral,continuation,mature,retested_2plus,235,88.76170212765958,1.4638297872340424,4.136350950818136
M15@H4,near_miss,neutral,continuation,old,first_touch,9,506.0,1.0,2.132701145223641
M15@H4,near_miss,neutral,continuation,old,retested_1,4,572.5,1.5,1.8239421317800577
M15@H4,near_miss,neutral,continuation,old,retested_2plus,173,901.2890173410404,1.716763005780347,3.1194824963282377
M15@H4,near_miss,neutral,continuation,young,first_touch,67,24.328358208955223,1.537313432835821,2.7758808139997324
M15@H4,near_miss,neutral,continuation,young,retested_1,15,22.333333333333332,1.7333333333333334,3.089414503427228
M15@H4,near_miss,neutral,continuation,young,retested_2plus,1214,25.012355848434925,1.444810543657331,3.8303651726958017
M15@H4,near_miss,neutral,pullback,fresh,first_touch,22,2.1818181818181817,1.4090909090909092,3.0969263243005063
M15@H4,near_miss,neutral,pullback,fresh,retested_2plus,157,7.535031847133758,1.464968152866242,4.297507180564922
M15@H4,near_miss,neutral,pullback,mature,first_touch,2,123.5,1.5,1.887032451112875
M15@H4,near_miss,neutral,pullback,mature,retested_2plus,117,93.91452991452991,1.5982905982905984,4.5682468483055665
M15@H4,near_miss,neutral,pullback,old,first_touch,1,1224.0,1.0,2.111647879763782
M15@H4,near_miss,neutral,pullback,old,retested_2plus,110,674.1454545454545,1.3818181818181818,3.8689382965810735
M15@H4,near_miss,neutral,pullback,young,first_touch,4,33.25,1.5,2.7622120754858024
M15@H4,near_miss,neutral,pullback,young,retested_1,1,19.0,1.0,3.730103806228557
M15@H4,near_miss,neutral,pullback,young,retested_2plus,554,24.63176895306859,1.4891696750902528,4.385841649751377
M15@H4,near_miss,neutral,push,mature,retested_2plus,35,98.88571428571429,1.4857142857142858,3.344459582118482
M15@H4,near_miss,neutral,push,young,first_touch,1,16.0,2.0,0.9310344827585575
M15@H4,near_miss,neutral,push,young,retested_1,2,43.0,1.0,5.851736640078373
M15@H4,near_miss,neutral,push,young,retested_2plus,53,34.37735849056604,1.3584905660377358,4.162597024765984
M15@H4,near_miss,neutral,reversal,fresh,first_touch,4,5.5,1.5,4.875856217297031
M15@H4,near_miss,neutral,reversal,fresh,retested_1,5,2.6,0.6,3.6264085370393717
M15@H4,near_miss,neutral,reversal,fresh,retested_2plus,32,5.53125,0.84375,3.546508335404565
M15@H4,near_miss,neutral,reversal,mature,retested_2plus,13,80.0,2.0,14.412309172221628
M15@H4,near_miss,neutral,reversal,old,retested_2plus,77,1607.3246753246754,1.2207792207792207,8.62100236033899
M15@H4,near_miss,neutral,reversal,young,first_touch,6,34.0,1.0,1.5009014787154948
M15@H4,near_miss,neutral,reversal,young,retested_2plus,84,24.726190476190474,1.2738095238095237,4.919161807855137
M15@H4,near_miss,with_daily,continuation,fresh,first_touch,247,3.54251012145749,2.2348178137651824,3.0659551820096214
M15@H4,near_miss,with_daily,continuation,fresh,retested_1,130,4.2153846153846155,2.253846153846154,3.1605399028873253
M15@H4,near_miss,with_daily,continuation,fresh,retested_2plus,1292,5.016253869969041,2.264705882352941,3.2983813434460254
M15@H4,near_miss,with_daily,continuation,mature,first_touch,9,95.77777777777777,1.4444444444444444,2.2199990734988613
M15@H4,near_miss,with_daily,continuation,mature,retested_2plus,144,103.15277777777777,1.7430555555555556,3.6302383403922867
M15@H4,near_miss,with_daily,continuation,old,first_touch,4,579.25,1.75,2.8180193178047843
M15@H4,near_miss,with_daily,continuation,old,retested_2plus,107,598.7570093457944,1.8317757009345794,3.255730143821172
M15@H4,near_miss,with_daily,continuation,young,first_touch,83,20.433734939759034,2.6867469879518073,2.6686333587287487
M15@H4,near_miss,with_daily,continuation,young,retested_1,36,22.72222222222222,2.361111111111111,2.514378949773367
M15@H4,near_miss,with_daily,continuation,young,retested_2plus,961,21.674297606659728,2.2247658688865766,3.534863535057374
M15@H4,near_miss,with_daily,pullback,fresh,first_touch,12,2.4166666666666665,2.3333333333333335,2.7985083556919954
M15@H4,near_miss,with_daily,pullback,fresh,retested_2plus,58,8.482758620689655,2.1551724137931036,4.640551472888122
M15@H4,near_miss,with_daily,pullback,mature,retested_2plus,126,92.93650793650794,1.8571428571428572,3.961260994517285
M15@H4,near_miss,with_daily,pullback,old,retested_2plus,55,466.5090909090909,1.7272727272727273,4.231922133130716
M15@H4,near_miss,with_daily,pullback,young,first_touch,8,15.625,1.375,1.5466510492156065
M15@H4,near_miss,with_daily,pullback,young,retested_1,3,12.666666666666666,1.3333333333333333,3.2416035050009655
M15@H4,near_miss,with_daily,pullback,young,retested_2plus,348,24.057471264367816,1.8505747126436782,4.379051516688854
M15@H4,near_miss,with_daily,push,fresh,retested_2plus,27,8.37037037037037,2.925925925925926,2.9004698347887365
M15@H4,near_miss,with_daily,push,mature,retested_2plus,17,75.70588235294117,2.4705882352941178,4.793080659439291
M15@H4,near_miss,with_daily,push,young,first_touch,6,17.333333333333332,3.0,1.837306906179436
M15@H4,near_miss,with_daily,push,young,retested_2plus,55,27.70909090909091,2.5272727272727273,3.875828917888741
M15@H4,near_miss,with_daily,reversal,fresh,retested_2plus,2,10.0,1.0,11.9126458958192
M15@H4,near_miss,with_daily,reversal,mature,retested_2plus,17,83.0,2.1176470588235294,14.454738629656166
M15@H4,near_miss,with_daily,reversal,old,retested_2plus,32,2621.125,1.5625,11.566613770343787
M15@H4,near_miss,with_daily,reversal,young,first_touch,5,15.2,2.0,2.0615100799185817
M15@H4,near_miss,with_daily,reversal,young,retested_2plus,43,29.162790697674417,2.13953488372093,4.437404373219089
M15@H4,wick_touch,against_daily,continuation,fresh,retested_1,108,3.3425925925925926,2.185185185185185,3.128466983017062
M15@H4,wick_touch,against_daily,continuation,fresh,retested_2plus,1673,4.618051404662284,2.228332337118948,3.5557910968022313
M15@H4,wick_touch,against_daily,continuation,mature,retested_1,10,125.5,2.1,1.8212943752320132
M15@H4,wick_touch,against_daily,continuation,mature,retested_2plus,889,102.43194600674916,2.3835770528683913,3.7566292739317397
M15@H4,wick_touch,against_daily,continuation,old,retested_1,9,958.8888888888889,2.3333333333333335,1.9194531909806014
M15@H4,wick_touch,against_daily,continuation,old,retested_2plus,537,806.6480446927375,2.195530726256983,3.2517963074878327
M15@H4,wick_touch,against_daily,continuation,young,retested_1,22,25.545454545454547,1.8636363636363635,2.733007756331311
M15@H4,wick_touch,against_daily,continuation,young,retested_2plus,912,29.06578947368421,1.8146929824561404,3.514800061774066
M15@H4,wick_touch,against_daily,pullback,fresh,retested_1,23,2.782608695652174,2.0,3.0192221362760243
M15@H4,wick_touch,against_daily,pullback,fresh,retested_2plus,137,6.985401459854015,2.3065693430656933,3.8234952336441266
M15@H4,wick_touch,against_daily,pullback,mature,retested_2plus,339,92.81710914454277,2.336283185840708,3.5596932449851764
M15@H4,wick_touch,against_daily,pullback,old,retested_1,1,946.0,3.0,3.141481066961505
M15@H4,wick_touch,against_daily,pullback,old,retested_2plus,240,724.4375,2.3208333333333333,3.4985916553871794
M15@H4,wick_touch,against_daily,pullback,young,retested_1,1,16.0,2.0,2.9049531459170783
M15@H4,wick_touch,against_daily,pullback,young,retested_2plus,309,30.964401294498384,1.6181229773462784,4.011220097706664
M15@H4,wick_touch,against_daily,push,mature,retested_2plus,47,96.2127659574468,2.021276595744681,3.474619152187336
M15@H4,wick_touch,against_daily,push,old,retested_2plus,38,597.0,2.5526315789473686,1.6995920105648195
M15@H4,wick_touch,against_daily,push,young,retested_1,3,35.333333333333336,1.3333333333333333,2.079025237182832
M15@H4,wick_touch,against_daily,push,young,retested_2plus,56,38.80357142857143,1.8214285714285714,3.068971342934391
M15@H4,wick_touch,against_daily,reversal,fresh,retested_1,6,2.6666666666666665,2.8333333333333335,2.00869320172015
M15@H4,wick_touch,against_daily,reversal,fresh,retested_2plus,141,5.0638297872340425,2.74468085106383,3.3283257379526856
M15@H4,wick_touch,against_daily,reversal,mature,retested_1,2,90.0,2.0,1.4641417655744413
M15@H4,wick_touch,against_daily,reversal,mature,retested_2plus,41,94.90243902439025,1.8780487804878048,9.256347922843194
M15@H4,wick_touch,against_daily,reversal,old,retested_1,1,2218.0,1.0,11.638662371243122
M15@H4,wick_touch,against_daily,reversal,old,retested_2plus,131,1231.8702290076335,2.381679389312977,7.313943218180616
M15@H4,wick_touch,against_daily,reversal,young,retested_2plus,58,41.1551724137931,2.1379310344827585,3.406259751025601
M15@H4,wick_touch,at_transition,continuation,fresh,retested_1,1,4.0,1.0,4.925207756232837
M15@H4,wick_touch,at_transition,continuation,fresh,retested_2plus,22,5.2727272727272725,1.5454545454545454,5.920118345299872
M15@H4,wick_touch,at_transition,continuation,mature,retested_2plus,4,115.0,1.25,7.406575368147795
M15@H4,wick_touch,at_transition,continuation,old,retested_1,1,243.0,2.0,1.718854282536251
M15@H4,wick_touch,at_transition,continuation,old,retested_2plus,6,914.5,1.8333333333333333,4.183997662992348
M15@H4,wick_touch,at_transition,continuation,young,retested_1,3,16.333333333333332,2.0,4.910648162575941
M15@H4,wick_touch,at_transition,continuation,young,retested_2plus,25,24.16,1.48,4.7555459378984875
M15@H4,wick_touch,at_transition,pullback,fresh,retested_2plus,1,7.0,1.0,4.227146814404509
M15@H4,wick_touch,at_transition,pullback,mature,retested_2plus,1,65.0,2.0,4.896226415094804
M15@H4,wick_touch,at_transition,pullback,old,retested_2plus,1,235.0,1.0,1.3222222222223377
M15@H4,wick_touch,at_transition,pullback,young,retested_1,1,15.0,1.0,4.897435897435788
M15@H4,wick_touch,at_transition,pullback,young,retested_2plus,12,26.25,1.6666666666666667,6.800186026735859
M15@H4,wick_touch,at_transition,push,mature,retested_2plus,1,77.0,1.0,1.2376470588235158
M15@H4,wick_touch,at_transition,push,young,retested_2plus,2,30.5,1.0,3.6980904201989753
M15@H4,wick_touch,at_transition,reversal,fresh,retested_2plus,1,7.0,1.0,5.255319148935742
M15@H4,wick_touch,at_transition,reversal,mature,retested_2plus,1,86.0,2.0,21.886543535620337
M15@H4,wick_touch,at_transition,reversal,young,retested_2plus,1,12.0,1.0,3.8301886792449995
M15@H4,wick_touch,neutral,continuation,fresh,retested_1,87,3.413793103448276,1.4022988505747127,2.712374596134298
M15@H4,wick_touch,neutral,continuation,fresh,retested_2plus,1546,5.02457956015524,1.4980595084087969,3.3694745485700803
M15@H4,wick_touch,neutral,continuation,mature,retested_1,6,82.33333333333333,1.3333333333333333,2.281042927868632
M15@H4,wick_touch,neutral,continuation,mature,retested_2plus,213,88.21596244131456,1.5258215962441315,3.6912736864055704
M15@H4,wick_touch,neutral,continuation,old,retested_1,7,979.1428571428571,1.2857142857142858,3.48786113858668
M15@H4,wick_touch,neutral,continuation,old,retested_2plus,179,986.7597765363129,1.4636871508379887,3.015210160838155
M15@H4,wick_touch,neutral,continuation,young,retested_1,16,19.9375,1.625,3.260710286179915
M15@H4,wick_touch,neutral,continuation,young,retested_2plus,1192,24.833892617449663,1.4379194630872483,3.5189447755933214
M15@H4,wick_touch,neutral,pullback,fresh,retested_1,12,2.75,1.3333333333333333,2.7227774024819085
M15@H4,wick_touch,neutral,pullback,fresh,retested_2plus,152,7.894736842105263,1.381578947368421,4.545128311596776
M15@H4,wick_touch,neutral,pullback,mature,retested_2plus,105,92.74285714285715,1.6476190476190475,4.067212680193167
M15@H4,wick_touch,neutral,pullback,old,retested_2plus,92,710.1086956521739,1.315217391304348,3.8293065667674977
M15@H4,wick_touch,neutral,pullback,young,retested_1,3,23.0,1.6666666666666667,2.3396333831997747
M15@H4,wick_touch,neutral,pullback,young,retested_2plus,522,24.444444444444443,1.5210727969348659,4.19046584729854
M15@H4,wick_touch,neutral,push,fresh,retested_1,1,10.0,1.0,3.4669811320754707
M15@H4,wick_touch,neutral,push,fresh,retested_2plus,2,7.0,0.5,1.7934907497565318
M15@H4,wick_touch,neutral,push,mature,retested_1,1,59.0,1.0,1.4070037066595507
M15@H4,wick_touch,neutral,push,mature,retested_2plus,57,89.63157894736842,1.543859649122807,2.3786564715682537
M15@H4,wick_touch,neutral,push,old,retested_2plus,3,530.3333333333334,1.6666666666666667,2.429435720365971
M15@H4,wick_touch,neutral,push,young,retested_1,1,16.0,2.0,1.6333333333332465
M15@H4,wick_touch,neutral,push,young,retested_2plus,76,34.421052631578945,1.5394736842105263,3.83035801124918
M15@H4,wick_touch,neutral,reversal,fresh,retested_1,4,2.5,0.5,2.726250750744208
M15@H4,wick_touch,neutral,reversal,fresh,retested_2plus,39,6.589743589743589,0.8717948717948718,3.318857670139529
M15@H4,wick_touch,neutral,reversal,mature,retested_2plus,16,86.3125,2.0,10.822327813402193
M15@H4,wick_touch,neutral,reversal,old,retested_2plus,70,1588.5142857142857,1.2,8.913372666309641
M15@H4,wick_touch,neutral,reversal,young,retested_1,2,33.5,1.5,2.5405707671097972
M15@H4,wick_touch,neutral,reversal,young,retested_2plus,92,28.52173913043478,1.2608695652173914,5.562149648120687
M15@H4,wick_touch,with_daily,continuation,fresh,retested_1,113,3.8672566371681416,2.309734513274336,2.707636895911453
M15@H4,wick_touch,with_daily,continuation,fresh,retested_2plus,1419,4.79492600422833,2.2536997885835097,3.111854005413425
M15@H4,wick_touch,with_daily,continuation,mature,retested_1,2,87.0,1.5,1.9686728469965165
M15@H4,wick_touch,with_daily,continuation,mature,retested_2plus,150,98.91333333333333,1.8133333333333332,3.5389409217398566
M15@H4,wick_touch,with_daily,continuation,old,retested_1,2,767.0,1.0,2.1779106077387467
M15@H4,wick_touch,with_daily,continuation,old,retested_2plus,97,665.2474226804123,1.9278350515463918,3.6413640348098966
M15@H4,wick_touch,with_daily,continuation,young,retested_1,27,20.962962962962962,2.5185185185185186,2.229219430941485
M15@H4,wick_touch,with_daily,continuation,young,retested_2plus,926,21.240820734341252,2.2300215982721383,3.2619935182196835
M15@H4,wick_touch,with_daily,pullback,fresh,retested_1,18,2.4444444444444446,1.8333333333333333,2.7564259174582864
M15@H4,wick_touch,with_daily,pullback,fresh,retested_2plus,57,8.403508771929825,2.3684210526315788,4.620433021797629
M15@H4,wick_touch,with_daily,pullback,mature,retested_1,1,72.0,1.0,5.101975992805496
M15@H4,wick_touch,with_daily,pullback,mature,retested_2plus,100,92.28,1.95,3.9180287295442096
M15@H4,wick_touch,with_daily,pullback,old,retested_2plus,54,614.5555555555555,1.7037037037037037,3.500723238507839
M15@H4,wick_touch,with_daily,pullback,young,retested_1,7,17.571428571428573,2.4285714285714284,3.4250135817527636
M15@H4,wick_touch,with_daily,pullback,young,retested_2plus,333,23.2972972972973,1.822822822822823,4.291801980930512
M15@H4,wick_touch,with_daily,push,fresh,retested_2plus,25,8.64,2.8,2.738492973148892
M15@H4,wick_touch,with_daily,push,mature,retested_1,1,99.0,3.0,0.5690226760376584
M15@H4,wick_touch,with_daily,push,mature,retested_2plus,15,82.13333333333334,2.6666666666666665,3.862090628185647
M15@H4,wick_touch,with_daily,push,young,retested_2plus,41,21.73170731707317,2.3658536585365852,3.3511666844029744
M15@H4,wick_touch,with_daily,reversal,fresh,retested_2plus,1,10.0,1.0,14.002399730422036
M15@H4,wick_touch,with_daily,reversal,mature,retested_2plus,31,77.41935483870968,2.129032258064516,10.209369144593792
M15@H4,wick_touch,with_daily,reversal,old,retested_2plus,41,2645.2926829268295,1.6829268292682926,11.05164893534951
M15@H4,wick_touch,with_daily,reversal,young,retested_2plus,51,25.84313725490196,2.1176470588235294,3.8300523012468215
M1@M15,body_close,against_daily,continuation,fresh,retested_1,642,3.2554517133956384,2.1838006230529596,1.846072152133219
M1@M15,body_close,against_daily,continuation,fresh,retested_2plus,33204,5.223798337549693,2.1818756776292014,1.6296387139313309
M1@M15,body_close,against_daily,continuation,mature,retested_1,13,126.0,1.9230769230769231,1.7040064102921508
M1@M15,body_close,against_daily,continuation,mature,retested_2plus,5572,84.51453697056712,2.0242282842785357,2.779743567143928
M1@M15,body_close,against_daily,continuation,old,retested_1,21,1016.8571428571429,2.1904761904761907,2.187658770173558
M1@M15,body_close,against_daily,continuation,old,retested_2plus,7229,898.973440309863,1.8001106653755705,3.2910044584573983
M1@M15,body_close,against_daily,continuation,young,retested_1,53,22.471698113207548,2.4150943396226414,2.599903942436399
M1@M15,body_close,against_daily,continuation,young,retested_2plus,18635,22.522028441105448,2.1208478669170914,2.2618461103298917
M1@M15,body_close,against_daily,pullback,fresh,retested_1,245,2.5918367346938775,2.23265306122449,1.549483620312789
M1@M15,body_close,against_daily,pullback,fresh,retested_2plus,2340,7.912820512820513,2.1944444444444446,2.450222349085297
M1@M15,body_close,against_daily,pullback,mature,retested_1,3,170.0,2.0,2.0035808576508924
M1@M15,body_close,against_daily,pullback,mature,retested_2plus,2744,78.57616618075802,1.999271137026239,2.5453606564172335
M1@M15,body_close,against_daily,pullback,old,retested_1,1,1367.0,2.0,2.221556886227031
M1@M15,body_close,against_daily,pullback,old,retested_2plus,2820,930.8851063829787,1.6517730496453902,3.7948266763796847
M1@M15,body_close,against_daily,pullback,young,retested_1,5,26.2,2.2,1.4707227969485
M1@M15,body_close,against_daily,pullback,young,retested_2plus,8300,24.68433734939759,2.1754216867469878,3.6008448308488252
M1@M15,body_close,against_daily,push,old,retested_1,3,850.3333333333334,2.0,0.7623590486796927
M1@M15,body_close,against_daily,push,old,retested_2plus,244,850.438524590164,2.3278688524590163,3.04099646100852
M1@M15,body_close,against_daily,reversal,fresh,retested_1,44,3.0454545454545454,2.590909090909091,1.7319075264243404
M1@M15,body_close,against_daily,reversal,fresh,retested_2plus,2180,5.554587155963302,2.565596330275229,1.7625755286541285
M1@M15,body_close,against_daily,reversal,mature,retested_1,1,198.0,3.0,0.5507393537480878
M1@M15,body_close,against_daily,reversal,mature,retested_2plus,836,65.77033492822966,2.6818181818181817,3.6108698804025487
M1@M15,body_close,against_daily,reversal,old,retested_1,2,752.5,2.0,1.014667281495286
M1@M15,body_close,against_daily,reversal,old,retested_2plus,2639,2306.2156119742326,1.9530125047366427,4.178428142585058
M1@M15,body_close,against_daily,reversal,young,retested_1,2,16.0,3.0,2.4941756272404514
M1@M15,body_close,against_daily,reversal,young,retested_2plus,2394,25.692147034252297,2.6478696741854635,2.2533142072343995
M1@M15,body_close,at_transition,continuation,fresh,retested_1,3,7.666666666666667,1.0,0.7349972238192076
M1@M15,body_close,at_transition,continuation,fresh,retested_2plus,20,6.4,1.4,1.4229423725138908
M1@M15,body_close,at_transition,continuation,mature,retested_2plus,7,103.57142857142857,1.5714285714285714,1.2569875060594806
M1@M15,body_close,at_transition,continuation,old,retested_1,1,206.0,2.0,0.9862725124989681
M1@M15,body_close,at_transition,continuation,old,retested_2plus,17,529.1764705882352,1.588235294117647,2.7618720277144555
M1@M15,body_close,at_transition,continuation,young,retested_1,2,17.0,2.0,0.7300854761041649
M1@M15,body_close,at_transition,continuation,young,retested_2plus,18,22.22222222222222,1.2777777777777777,2.071332281057113
M1@M15,body_close,at_transition,pullback,fresh,retested_2plus,3,7.666666666666667,1.6666666666666667,1.2094399483529963
M1@M15,body_close,at_transition,pullback,mature,retested_2plus,4,71.5,1.5,2.223677771148719
M1@M15,body_close,at_transition,pullback,old,retested_2plus,6,369.3333333333333,1.5,1.776874398439037
M1@M15,body_close,at_transition,pullback,young,retested_1,1,27.0,2.0,1.4705882352941035
M1@M15,body_close,at_transition,pullback,young,retested_2plus,13,25.76923076923077,1.6923076923076923,1.6693439403520154
M1@M15,body_close,at_transition,reversal,old,retested_2plus,1,2071.0,1.0,8.720670391060484
M1@M15,body_close,neutral,continuation,fresh,retested_1,409,3.2420537897310515,1.4596577017114913,1.8657517416210343
M1@M15,body_close,neutral,continuation,fresh,retested_2plus,22163,5.282994179488337,1.4328385146415197,1.640236959881802
M1@M15,body_close,neutral,continuation,mature,retested_1,8,129.875,1.5,2.074986407177344
M1@M15,body_close,neutral,continuation,mature,retested_2plus,4308,82.54526462395543,1.4670380687093778,2.496128661045389
M1@M15,body_close,neutral,continuation,old,retested_1,7,512.5714285714286,1.2857142857142858,1.684810764473968
M1@M15,body_close,neutral,continuation,old,retested_2plus,5688,394.0708509142053,1.5293600562587903,3.159803007826404
M1@M15,body_close,neutral,continuation,young,retested_1,24,22.791666666666668,1.4166666666666667,1.6133771569063269
M1@M15,body_close,neutral,continuation,young,retested_2plus,12659,22.303578481712616,1.4757089817521132,2.0817388060409874
M1@M15,body_close,neutral,pullback,fresh,retested_1,183,2.699453551912568,1.4262295081967213,1.6558543629840081
M1@M15,body_close,neutral,pullback,fresh,retested_2plus,1335,7.98501872659176,1.299625468164794,1.9448783590891519
M1@M15,body_close,neutral,pullback,mature,retested_2plus,1203,87.78802992518703,1.401496259351621,2.0910890251988143
M1@M15,body_close,neutral,pullback,old,retested_1,5,309.0,2.0,0.9761494447433412
M1@M15,body_close,neutral,pullback,old,retested_2plus,1718,479.7968568102445,1.460419091967404,3.064517868545615
M1@M15,body_close,neutral,pullback,young,retested_1,3,24.333333333333332,0.6666666666666666,1.6637743944357724
M1@M15,body_close,neutral,pullback,young,retested_2plus,5727,25.332809498865025,1.5280251440544788,3.0779918567488287
M1@M15,body_close,neutral,push,fresh,retested_2plus,30,8.333333333333334,1.4,1.7412192946935159
M1@M15,body_close,neutral,push,mature,retested_1,1,52.0,1.0,0.1555555555556021
M1@M15,body_close,neutral,push,mature,retested_2plus,45,67.8,0.7333333333333333,0.964338189206293
M1@M15,body_close,neutral,push,old,retested_2plus,335,544.9761194029851,1.328358208955224,2.1004842267004324
M1@M15,body_close,neutral,push,young,retested_2plus,1,13.0,0.0,0.030478955007112726
M1@M15,body_close,neutral,reversal,fresh,retested_1,6,3.3333333333333335,0.6666666666666666,2.092445336240575
M1@M15,body_close,neutral,reversal,fresh,retested_2plus,282,6.159574468085107,1.0921985815602837,1.9022523043164044
M1@M15,body_close,neutral,reversal,mature,retested_2plus,6,154.16666666666666,1.0,2.2630559724643042
M1@M15,body_close,neutral,reversal,old,retested_2plus,297,2221.6666666666665,1.8956228956228955,2.8293985894236875
M1@M15,body_close,neutral,reversal,young,retested_2plus,452,20.70353982300885,0.40707964601769914,2.565809699533119
M1@M15,body_close,neutral,unknown,fresh,retested_1,1,3.0,0.0,0.23463687150842336
M1@M15,body_close,with_daily,continuation,fresh,retested_1,646,3.3173374613003097,2.181114551083591,1.9539354868081658
M1@M15,body_close,with_daily,continuation,fresh,retested_2plus,34970,5.2386045181584215,2.210723477266228,1.7271146841161358
M1@M15,body_close,with_daily,continuation,mature,retested_1,22,131.3181818181818,2.1818181818181817,1.2082182934812744
M1@M15,body_close,with_daily,continuation,mature,retested_2plus,7404,103.27201512695841,1.9633981631550512,3.061298126154337
M1@M15,body_close,with_daily,continuation,old,retested_1,16,481.125,2.1875,1.2864993055109566
M1@M15,body_close,with_daily,continuation,old,retested_2plus,8657,625.2699549497517,2.2229409726233107,3.149691507655922
M1@M15,body_close,with_daily,continuation,young,retested_1,49,22.877551020408163,2.4693877551020407,1.912549331037338
M1@M15,body_close,with_daily,continuation,young,retested_2plus,21252,23.426548089591567,2.232025221155656,2.463449052499126
M1@M15,body_close,with_daily,pullback,fresh,retested_1,295,2.7220338983050847,2.2576271186440677,1.6756402540307125
M1@M15,body_close,with_daily,pullback,fresh,retested_2plus,2523,7.816488307570353,2.249702734839477,2.486578375647859
M1@M15,body_close,with_daily,pullback,mature,retested_1,1,131.0,1.0,0.40785560538800814
M1@M15,body_close,with_daily,pullback,mature,retested_2plus,3917,100.43400561654327,1.9144753637988257,3.2864408179143014
M1@M15,body_close,with_daily,pullback,old,retested_1,6,541.6666666666666,2.5,0.7608291822260879
M1@M15,body_close,with_daily,pullback,old,retested_2plus,4070,535.0429975429976,2.310810810810811,3.2945534135629497
M1@M15,body_close,with_daily,pullback,young,retested_1,4,22.75,3.0,1.7675556698589194
M1@M15,body_close,with_daily,pullback,young,retested_2plus,10633,24.526568230979027,2.2560895325872283,3.4128486727075513
M1@M15,body_close,with_daily,push,fresh,retested_1,5,8.2,3.0,2.206720867332625
M1@M15,body_close,with_daily,push,fresh,retested_2plus,305,7.901639344262295,2.7278688524590162,1.6726886313205158
M1@M15,body_close,with_daily,push,mature,retested_1,2,154.0,3.0,0.8465361624620643
M1@M15,body_close,with_daily,push,mature,retested_2plus,420,88.23333333333333,2.7547619047619047,1.5749315577451652
M1@M15,body_close,with_daily,push,old,retested_1,4,773.25,2.5,1.6609190219418437
M1@M15,body_close,with_daily,push,old,retested_2plus,371,676.8355795148248,2.5714285714285716,1.3346071391567769
M1@M15,body_close,with_daily,push,young,retested_1,1,27.0,3.0,1.0340909090908783
M1@M15,body_close,with_daily,push,young,retested_2plus,1211,23.59454995871181,2.611890999174236,1.9931960588332542
M1@M15,body_close,with_daily,reversal,fresh,retested_1,1,3.0,2.0,3.6051502145914687
M1@M15,body_close,with_daily,reversal,fresh,retested_2plus,74,6.581081081081081,2.0,3.6840641871045947
M1@M15,body_close,with_daily,reversal,old,retested_1,1,219.0,1.0,2.4942248581936113
M1@M15,body_close,with_daily,reversal,old,retested_2plus,320,1642.553125,1.190625,6.1819150163722245
M1@M15,body_close,with_daily,reversal,young,retested_2plus,144,19.25,2.0,2.368154110510235
M1@M15,break_through,against_daily,continuation,fresh,first_touch,5,2.2,2.4,2.7261400106186513
M1@M15,break_through,against_daily,pullback,fresh,first_touch,3,2.3333333333333335,3.0,3.8639090998626133
M1@M15,break_through,at_transition,continuation,mature,first_touch,2,195.0,2.0,4.90896401985119
M1@M15,break_through,at_transition,pullback,mature,first_touch,1,194.0,2.0,2.830882352941026
M1@M15,break_through,neutral,continuation,fresh,first_touch,3,2.0,1.3333333333333333,1.9598888301714712
M1@M15,break_through,neutral,pullback,fresh,first_touch,4,2.5,1.5,3.108773805906571
M1@M15,break_through,with_daily,continuation,fresh,first_touch,9,2.7777777777777777,2.2222222222222223,2.93260112078461
M1@M15,break_through,with_daily,pullback,fresh,first_touch,9,2.5555555555555554,2.2222222222222223,3.099251178015136
M1@M15,break_through,with_daily,pullback,mature,first_touch,2,195.5,2.5,5.582962227923355
M1@M15,near_miss,against_daily,continuation,fresh,first_touch,1062,3.901129943502825,2.1431261770244823,3.39640235269372
M1@M15,near_miss,against_daily,continuation,fresh,retested_1,357,3.683473389355742,2.0588235294117645,3.562820145126221
M1@M15,near_miss,against_daily,continuation,fresh,retested_2plus,4750,5.2585263157894735,2.1492631578947368,3.707158076807629
M1@M15,near_miss,against_daily,continuation,mature,first_touch,29,105.17241379310344,1.7586206896551724,3.243014371327216
M1@M15,near_miss,against_daily,continuation,mature,retested_1,19,73.47368421052632,1.5263157894736843,3.868119339200033
M1@M15,near_miss,against_daily,continuation,mature,retested_2plus,891,97.30864197530865,2.1144781144781146,4.830805229330016
M1@M15,near_miss,against_daily,continuation,old,first_touch,47,848.7659574468086,1.851063829787234,3.0951287086731476
M1@M15,near_miss,against_daily,continuation,old,retested_1,10,1033.5,2.2,2.4951687919287204
M1@M15,near_miss,against_daily,continuation,old,retested_2plus,1172,797.6092150170648,1.8660409556313993,4.407867591470829
M1@M15,near_miss,against_daily,continuation,young,first_touch,138,24.21014492753623,2.369565217391304,3.752156695013062
M1@M15,near_miss,against_daily,continuation,young,retested_1,33,19.606060606060606,2.303030303030303,3.0619410297183562
M1@M15,near_miss,against_daily,continuation,young,retested_2plus,2862,22.90950384346611,2.1628232005590498,4.863187281948228
M1@M15,near_miss,against_daily,pullback,fresh,first_touch,66,3.090909090909091,2.227272727272727,3.4359504858302845
M1@M15,near_miss,against_daily,pullback,fresh,retested_2plus,511,7.868884540117417,2.295499021526419,4.131425971672224
M1@M15,near_miss,against_daily,pullback,mature,retested_1,4,61.25,2.5,1.0517271045529606
M1@M15,near_miss,against_daily,pullback,mature,retested_2plus,550,80.21636363636364,2.2545454545454544,4.4000721664528735
M1@M15,near_miss,against_daily,pullback,old,first_touch,5,360.2,2.2,3.448376738446045
M1@M15,near_miss,against_daily,pullback,old,retested_2plus,890,766.2865168539325,1.7898876404494382,4.677424450786392
M1@M15,near_miss,against_daily,pullback,young,first_touch,4,21.5,2.25,4.317473214999363
M1@M15,near_miss,against_daily,pullback,young,retested_1,4,33.5,2.5,2.474018657147181
M1@M15,near_miss,against_daily,pullback,young,retested_2plus,1744,23.09690366972477,2.1680045871559632,5.177214322739048
M1@M15,near_miss,against_daily,push,old,retested_2plus,59,882.3220338983051,2.3220338983050848,4.5147817535962895
M1@M15,near_miss,against_daily,reversal,fresh,first_touch,35,3.085714285714286,2.6285714285714286,3.86607099957236
M1@M15,near_miss,against_daily,reversal,fresh,retested_1,11,4.454545454545454,2.0,3.458692600116512
M1@M15,near_miss,against_daily,reversal,fresh,retested_2plus,265,6.10188679245283,2.690566037735849,4.442855427358652
M1@M15,near_miss,against_daily,reversal,mature,first_touch,1,198.0,3.0,0.8348991453649441
M1@M15,near_miss,against_daily,reversal,mature,retested_1,1,57.0,3.0,2.7073170731706977
M1@M15,near_miss,against_daily,reversal,mature,retested_2plus,76,94.39473684210526,2.8552631578947367,5.102639998917444
M1@M15,near_miss,against_daily,reversal,old,first_touch,12,745.5,1.8333333333333333,3.5979879395052308
M1@M15,near_miss,against_daily,reversal,old,retested_2plus,257,2520.3463035019454,2.0389105058365757,9.07823667351348
M1@M15,near_miss,against_daily,reversal,young,first_touch,6,20.833333333333332,1.8333333333333333,2.5850046745511515
M1@M15,near_miss,against_daily,reversal,young,retested_1,1,49.0,2.0,3.508216870529138
M1@M15,near_miss,against_daily,reversal,young,retested_2plus,386,23.748704663212436,2.5310880829015545,4.951323369831416
M1@M15,near_miss,at_transition,continuation,fresh,first_touch,2,9.5,1.0,4.228822429032977
M1@M15,near_miss,at_transition,continuation,fresh,retested_1,1,4.0,1.0,3.2840044515200555
M1@M15,near_miss,at_transition,continuation,fresh,retested_2plus,4,7.5,1.5,4.2743735924275645
M1@M15,near_miss,at_transition,continuation,mature,retested_2plus,2,64.0,1.5,6.199318922306446
M1@M15,near_miss,at_transition,continuation,old,retested_2plus,2,436.0,2.0,0.4438419440678977
M1@M15,near_miss,at_transition,continuation,young,first_touch,1,13.0,2.0,2.8291666666656408
M1@M15,near_miss,at_transition,continuation,young,retested_2plus,6,22.166666666666668,1.8333333333333333,5.613765966209091
M1@M15,near_miss,at_transition,pullback,fresh,retested_2plus,1,8.0,2.0,2.6268589345226387
M1@M15,near_miss,at_transition,pullback,mature,retested_2plus,2,71.0,1.5,4.4021647248333124
M1@M15,near_miss,at_transition,pullback,old,retested_2plus,1,244.0,2.0,14.524999999997389
M1@M15,near_miss,at_transition,pullback,young,retested_2plus,2,24.5,1.5,8.303191725156164
M1@M15,near_miss,neutral,continuation,fresh,first_touch,683,3.7994143484626646,1.521229868228404,3.532503738459504
M1@M15,near_miss,neutral,continuation,fresh,retested_1,256,3.73046875,1.49609375,3.310366929381839
M1@M15,near_miss,neutral,continuation,fresh,retested_2plus,3092,5.389391979301423,1.4508408796895214,3.833593971217161
M1@M15,near_miss,neutral,continuation,mature,first_touch,26,103.03846153846153,1.5769230769230769,3.2993262404357817
M1@M15,near_miss,neutral,continuation,mature,retested_1,12,67.41666666666667,1.75,3.074622785822971
M1@M15,near_miss,neutral,continuation,mature,retested_2plus,548,81.02189781021897,1.5255474452554745,4.604391679395729
M1@M15,near_miss,neutral,continuation,old,first_touch,44,352.15909090909093,1.7045454545454546,2.9832770741356627
M1@M15,near_miss,neutral,continuation,old,retested_1,7,328.2857142857143,1.2857142857142858,3.610338406033761
M1@M15,near_miss,neutral,continuation,old,retested_2plus,977,408.042988741044,1.556806550665302,6.426232585640617
M1@M15,near_miss,neutral,continuation,young,first_touch,81,21.333333333333332,1.5432098765432098,3.6510202588050826
M1@M15,near_miss,neutral,continuation,young,retested_1,45,22.377777777777776,1.4,3.567471588486951
M1@M15,near_miss,neutral,continuation,young,retested_2plus,1890,22.637037037037036,1.462962962962963,4.4377207860287475
M1@M15,near_miss,neutral,pullback,fresh,first_touch,49,2.6530612244897958,1.4489795918367347,3.5669387867618036
M1@M15,near_miss,neutral,pullback,fresh,retested_1,1,10.0,1.0,2.4153354632587494
M1@M15,near_miss,neutral,pullback,fresh,retested_2plus,314,7.694267515923567,1.2547770700636942,4.543345792962716
M1@M15,near_miss,neutral,pullback,mature,first_touch,1,169.0,1.0,1.8480000000002292
M1@M15,near_miss,neutral,pullback,mature,retested_2plus,299,85.0066889632107,1.37123745819398,3.7862964596644364
M1@M15,near_miss,neutral,pullback,old,first_touch,6,264.6666666666667,1.5,3.0986304104088584
M1@M15,near_miss,neutral,pullback,old,retested_1,1,388.0,1.0,3.9959514170035693
M1@M15,near_miss,neutral,pullback,old,retested_2plus,488,447.2438524590164,1.4221311475409837,7.315544113613305
M1@M15,near_miss,neutral,pullback,young,first_touch,13,21.23076923076923,1.0769230769230769,2.905866710880058
M1@M15,near_miss,neutral,pullback,young,retested_1,1,15.0,1.0,5.23764705882242
M1@M15,near_miss,neutral,pullback,young,retested_2plus,1001,23.59140859140859,1.5354645354645355,5.062683207251694
M1@M15,near_miss,neutral,push,mature,first_touch,1,52.0,1.0,2.5254491017962306
M1@M15,near_miss,neutral,push,mature,retested_2plus,14,81.21428571428571,0.42857142857142855,2.0385276467047495
M1@M15,near_miss,neutral,push,old,retested_2plus,55,498.45454545454544,1.2181818181818183,4.434586854191597
M1@M15,near_miss,neutral,push,young,first_touch,2,12.0,0.0,1.5750163459739233
M1@M15,near_miss,neutral,push,young,retested_2plus,1,12.0,0.0,1.4119318181823273
M1@M15,near_miss,neutral,reversal,fresh,first_touch,5,4.2,0.6,3.8906031916403534
M1@M15,near_miss,neutral,reversal,fresh,retested_2plus,16,5.5,1.1875,5.313091851349966
M1@M15,near_miss,neutral,reversal,mature,retested_2plus,11,153.9090909090909,1.0,3.913900495391661
M1@M15,near_miss,neutral,reversal,old,retested_2plus,36,1292.8055555555557,1.3888888888888888,4.789790390572105
M1@M15,near_miss,neutral,reversal,young,first_touch,1,15.0,1.0,2.343002893424105
M1@M15,near_miss,with_daily,continuation,fresh,first_touch,1039,3.854667949951877,2.07507218479307,3.9492524434573624
M1@M15,near_miss,with_daily,continuation,fresh,retested_1,306,3.954248366013072,2.0588235294117645,3.8037216098528996
M1@M15,near_miss,with_daily,continuation,fresh,retested_2plus,4643,5.355158302821452,2.154426017660995,4.0507215066510085
M1@M15,near_miss,with_daily,continuation,mature,first_touch,39,124.94871794871794,2.0256410256410255,2.8527859009014898
M1@M15,near_miss,with_daily,continuation,mature,retested_1,12,130.33333333333334,1.4166666666666667,2.7803584799324756
M1@M15,near_miss,with_daily,continuation,mature,retested_2plus,858,102.17715617715618,2.1585081585081585,4.424315229593757
M1@M15,near_miss,with_daily,continuation,old,first_touch,31,616.1935483870968,2.096774193548387,2.804179358618277
M1@M15,near_miss,with_daily,continuation,old,retested_1,10,236.7,2.0,3.6260701817041485
M1@M15,near_miss,with_daily,continuation,old,retested_2plus,1101,496.9100817438692,2.276112624886467,4.769497871991643
M1@M15,near_miss,with_daily,continuation,young,first_touch,103,20.601941747572816,2.3592233009708736,3.6073463705825004
M1@M15,near_miss,with_daily,continuation,young,retested_1,49,18.224489795918366,2.4081632653061225,3.440617173828546
M1@M15,near_miss,with_daily,continuation,young,retested_2plus,3021,22.420721615359152,2.199933796756041,4.464254513978459
M1@M15,near_miss,with_daily,pullback,fresh,first_touch,61,2.7049180327868854,2.098360655737705,3.838418773876892
M1@M15,near_miss,with_daily,pullback,fresh,retested_2plus,455,7.857142857142857,2.3692307692307693,4.598551385632119
M1@M15,near_miss,with_daily,pullback,mature,first_touch,6,111.66666666666667,2.5,2.1544357939720595
M1@M15,near_miss,with_daily,pullback,mature,retested_2plus,775,103.53290322580645,1.992258064516129,4.881985749389512
M1@M15,near_miss,with_daily,pullback,old,first_touch,7,1158.2857142857142,2.0,2.050730568734239
M1@M15,near_miss,with_daily,pullback,old,retested_1,14,672.9285714285714,2.4285714285714284,2.90467810600574
M1@M15,near_miss,with_daily,pullback,old,retested_2plus,675,428.36296296296297,2.3955555555555557,4.1719985061139875
M1@M15,near_miss,with_daily,pullback,young,first_touch,14,23.785714285714285,2.142857142857143,2.9603721621631602
M1@M15,near_miss,with_daily,pullback,young,retested_1,15,19.8,1.9333333333333333,3.094177866298882
M1@M15,near_miss,with_daily,pullback,young,retested_2plus,1741,23.67030442274555,2.1694428489373925,4.921840123139988
M1@M15,near_miss,with_daily,push,fresh,first_touch,4,7.5,2.75,3.3292260548656594
M1@M15,near_miss,with_daily,push,fresh,retested_1,2,7.5,3.0,2.839468853963916
M1@M15,near_miss,with_daily,push,fresh,retested_2plus,86,8.209302325581396,2.6511627906976742,3.2423598320018012
M1@M15,near_miss,with_daily,push,mature,first_touch,6,156.0,3.0,2.015562260392885
M1@M15,near_miss,with_daily,push,mature,retested_2plus,97,102.3917525773196,2.731958762886598,3.024838091638958
M1@M15,near_miss,with_daily,push,old,first_touch,12,818.6666666666666,2.4166666666666665,1.8856356360739426
M1@M15,near_miss,with_daily,push,old,retested_2plus,61,613.1639344262295,2.622950819672131,3.129794590680266
M1@M15,near_miss,with_daily,push,young,first_touch,6,23.833333333333332,1.6666666666666667,2.4698280536556703
M1@M15,near_miss,with_daily,push,young,retested_1,1,14.0,3.0,1.2633517495389512
M1@M15,near_miss,with_daily,push,young,retested_2plus,193,25.27979274611399,2.694300518134715,3.6761663859691662
M1@M15,near_miss,with_daily,reversal,fresh,retested_2plus,13,6.538461538461538,2.0,4.659928543985507
M1@M15,near_miss,with_daily,reversal,old,first_touch,2,219.0,1.0,3.9114584897140015
M1@M15,near_miss,with_daily,reversal,old,retested_2plus,90,1787.611111111111,1.1,8.510625141509463
M1@M15,near_miss,with_daily,reversal,young,retested_2plus,4,13.25,2.0,5.268506055287033
M1@M15,wick_touch,against_daily,continuation,fresh,retested_1,293,3.6006825938566553,2.143344709897611,3.056340202696623
M1@M15,wick_touch,against_daily,continuation,fresh,retested_2plus,4753,5.025457605722702,2.209972648853356,3.259200166341884
M1@M15,wick_touch,against_daily,continuation,mature,retested_1,8,122.375,2.25,3.1329134910029888
M1@M15,wick_touch,against_daily,continuation,mature,retested_2plus,658,90.01975683890578,2.1246200607902734,4.116852236814373
M1@M15,wick_touch,against_daily,continuation,old,retested_1,13,755.0,1.6923076923076923,1.975418416680061
M1@M15,wick_touch,against_daily,continuation,old,retested_2plus,986,862.8458417849898,1.8498985801217038,3.639784757385429
M1@M15,wick_touch,against_daily,continuation,young,retested_1,33,22.727272727272727,2.242424242424242,2.1158120453726514
M1@M15,wick_touch,against_daily,continuation,young,retested_2plus,2356,22.78522920203735,2.2016129032258065,3.7190391410544117
M1@M15,wick_touch,against_daily,pullback,fresh,retested_1,62,2.725806451612903,2.0806451612903225,3.1977963341111084
M1@M15,wick_touch,against_daily,pullback,fresh,retested_2plus,409,7.76039119804401,2.3398533007334965,3.7081324718213096
M1@M15,wick_touch,against_daily,pullback,mature,retested_2plus,396,82.93181818181819,2.2626262626262625,3.8772194941495406
M1@M15,wick_touch,against_daily,pullback,old,retested_1,2,502.5,1.0,1.748383525333478
M1@M15,wick_touch,against_daily,pullback,old,retested_2plus,620,819.3483870967742,1.8419354838709678,3.9336561394232055
M1@M15,wick_touch,against_daily,pullback,young,retested_1,4,21.75,2.5,3.0877120550249577
M1@M15,wick_touch,against_daily,pullback,young,retested_2plus,1191,23.321578505457598,2.1670864819479427,4.845043601562675
M1@M15,wick_touch,against_daily,push,old,retested_2plus,64,901.859375,2.40625,4.018901744836267
M1@M15,wick_touch,against_daily,reversal,fresh,retested_1,18,4.111111111111111,2.3333333333333335,3.9713044123740886
M1@M15,wick_touch,against_daily,reversal,fresh,retested_2plus,292,5.558219178082192,2.578767123287671,3.830689894818115
M1@M15,wick_touch,against_daily,reversal,mature,retested_2plus,80,81.5375,2.6625,4.703027112967393
M1@M15,wick_touch,against_daily,reversal,old,retested_2plus,202,2064.9257425742576,2.0247524752475248,6.569352605417623
M1@M15,wick_touch,against_daily,reversal,young,retested_1,2,33.0,1.5,2.256173367125976
M1@M15,wick_touch,against_daily,reversal,young,retested_2plus,288,23.92013888888889,2.5277777777777777,4.242072441487239
M1@M15,wick_touch,at_transition,continuation,fresh,retested_1,3,5.333333333333333,1.0,2.642580241100875
M1@M15,wick_touch,at_transition,continuation,fresh,retested_2plus,16,5.5625,1.3125,3.754192298299585
M1@M15,wick_touch,at_transition,continuation,mature,retested_2plus,1,55.0,2.0,4.135021097046598
M1@M15,wick_touch,at_transition,continuation,old,retested_2plus,2,420.0,2.0,1.9271458959885903
M1@M15,wick_touch,at_transition,continuation,young,retested_1,3,21.666666666666668,1.0,2.7579783512312375
M1@M15,wick_touch,at_transition,continuation,young,retested_2plus,18,23.833333333333332,1.1666666666666667,4.5675656069783015
M1@M15,wick_touch,at_transition,pullback,fresh,retested_2plus,1,8.0,1.0,4.917355371902552
M1@M15,wick_touch,at_transition,pullback,old,retested_2plus,1,630.0,2.0,3.852551112934729
M1@M15,wick_touch,at_transition,pullback,young,retested_1,2,14.5,1.0,4.895767922494078
M1@M15,wick_touch,at_transition,pullback,young,retested_2plus,12,23.333333333333332,1.1666666666666667,4.599217444019266
M1@M15,wick_touch,at_transition,reversal,young,retested_2plus,1,25.0,1.0,3.8513011152411245
M1@M15,wick_touch,neutral,continuation,fresh,retested_1,195,3.5641025641025643,1.4512820512820512,2.9181490838571604
M1@M15,wick_touch,neutral,continuation,fresh,retested_2plus,3072,5.1005859375,1.4407552083333333,3.33099561871251
M1@M15,wick_touch,neutral,continuation,mature,retested_1,6,107.0,1.5,2.4816638219102987
M1@M15,wick_touch,neutral,continuation,mature,retested_2plus,489,80.33537832310839,1.4662576687116564,3.7828682392262083
M1@M15,wick_touch,neutral,continuation,old,retested_1,12,488.0,1.4166666666666667,2.1847774526069723
M1@M15,wick_touch,neutral,continuation,old,retested_2plus,761,426.1156373193167,1.5676741130091985,4.759787210496472
M1@M15,wick_touch,neutral,continuation,young,retested_1,25,21.84,1.56,3.0245945675936117
M1@M15,wick_touch,neutral,continuation,young,retested_2plus,1564,22.93925831202046,1.5198209718670077,3.565492952083013
M1@M15,wick_touch,neutral,pullback,fresh,retested_1,34,2.4411764705882355,1.588235294117647,3.120125024070367
M1@M15,wick_touch,neutral,pullback,fresh,retested_2plus,225,7.773333333333333,1.3244444444444445,4.020034019202118
M1@M15,wick_touch,neutral,pullback,mature,retested_2plus,244,86.55327868852459,1.4098360655737705,3.3523246969315004
M1@M15,wick_touch,neutral,pullback,old,retested_1,3,404.6666666666667,1.6666666666666667,5.435986809903546
M1@M15,wick_touch,neutral,pullback,old,retested_2plus,314,465.9968152866242,1.4363057324840764,5.253036725339562
M1@M15,wick_touch,neutral,pullback,young,retested_1,4,20.75,1.75,4.420738008269276
M1@M15,wick_touch,neutral,pullback,young,retested_2plus,804,22.559701492537314,1.6019900497512438,4.421281641407347
M1@M15,wick_touch,neutral,push,mature,retested_2plus,18,76.61111111111111,0.5,2.1589268725324366
M1@M15,wick_touch,neutral,push,old,retested_2plus,70,480.9142857142857,1.2285714285714286,4.1982424502949
M1@M15,wick_touch,neutral,push,young,retested_1,1,12.0,0.0,1.110831234256663
M1@M15,wick_touch,neutral,push,young,retested_2plus,2,12.5,0.0,0.6013618366666948
M1@M15,wick_touch,neutral,reversal,fresh,retested_1,2,3.0,1.5,3.1657465915423884
M1@M15,wick_touch,neutral,reversal,fresh,retested_2plus,15,5.0,1.2,4.303189425121298
M1@M15,wick_touch,neutral,reversal,mature,retested_2plus,8,153.5,1.0,3.845508573005833
M1@M15,wick_touch,neutral,reversal,old,retested_2plus,41,1235.8292682926829,1.4878048780487805,4.248887800964861
M1@M15,wick_touch,with_daily,continuation,fresh,retested_1,254,3.6811023622047245,2.1181102362204722,3.170181829168556
M1@M15,wick_touch,with_daily,continuation,fresh,retested_2plus,4523,5.076718991819589,2.18770727393323,3.460053601639237
M1@M15,wick_touch,with_daily,continuation,mature,retested_1,14,105.21428571428571,1.8571428571428572,3.1787682944672855
M1@M15,wick_touch,with_daily,continuation,mature,retested_2plus,813,102.51045510455104,2.153751537515375,4.071815189349062
M1@M15,wick_touch,with_daily,continuation,old,retested_1,13,759.6153846153846,2.3846153846153846,2.289238433963866
M1@M15,wick_touch,with_daily,continuation,old,retested_2plus,1020,490.74607843137255,2.2970588235294116,4.170229431666432
M1@M15,wick_touch,with_daily,continuation,young,retested_1,38,18.605263157894736,2.236842105263158,2.7617064813747856
M1@M15,wick_touch,with_daily,continuation,young,retested_2plus,2530,22.295652173913044,2.240316205533597,3.662002668001685
M1@M15,wick_touch,with_daily,pullback,fresh,retested_1,69,2.536231884057971,2.463768115942029,3.175618434262563
M1@M15,wick_touch,with_daily,pullback,fresh,retested_2plus,395,7.70126582278481,2.3139240506329113,4.400790621749328
M1@M15,wick_touch,with_daily,pullback,mature,retested_1,5,100.8,2.0,1.7781334339324313
M1@M15,wick_touch,with_daily,pullback,mature,retested_2plus,624,104.92628205128206,1.9310897435897436,4.481964109791095
M1@M15,wick_touch,with_daily,pullback,old,retested_1,3,1374.3333333333333,1.6666666666666667,1.3151417242157262
M1@M15,wick_touch,with_daily,pullback,old,retested_2plus,561,478.0409982174688,2.4545454545454546,3.7122220588232953
M1@M15,wick_touch,with_daily,pullback,young,retested_1,4,32.0,1.75,2.8566923832131
M1@M15,wick_touch,with_daily,pullback,young,retested_2plus,1364,23.072580645161292,2.225806451612903,4.270386940974605
M1@M15,wick_touch,with_daily,push,fresh,retested_1,2,7.0,2.5,1.7282357624837101
M1@M15,wick_touch,with_daily,push,fresh,retested_2plus,71,8.464788732394366,2.6901408450704225,2.826961064278002
M1@M15,wick_touch,with_daily,push,mature,retested_1,3,125.0,3.0,2.561288317890536
M1@M15,wick_touch,with_daily,push,mature,retested_2plus,60,94.65,2.7333333333333334,2.4753774361110827
M1@M15,wick_touch,with_daily,push,old,retested_1,4,723.25,2.5,2.390097446159424
M1@M15,wick_touch,with_daily,push,old,retested_2plus,69,670.3623188405797,2.579710144927536,2.6708887622341146
M1@M15,wick_touch,with_daily,push,young,retested_1,4,30.75,2.5,1.4550736362967374
M1@M15,wick_touch,with_daily,push,young,retested_2plus,156,23.91025641025641,2.621794871794872,3.039391147415226
M1@M15,wick_touch,with_daily,reversal,fresh,retested_2plus,11,7.454545454545454,2.0,4.993345310173935
M1@M15,wick_touch,with_daily,reversal,old,retested_2plus,49,1700.0816326530612,1.1020408163265305,7.174777717946541
M1@M15,wick_touch,with_daily,reversal,young,retested_2plus,10,13.9,2.0,5.146369855820895
M1@M5,body_close,against_daily,continuation,fresh,first_touch,10,3.1,1.7,0.9789570224372429
M1@M5,body_close,against_daily,continuation,fresh,retested_1,1705,3.401759530791789,2.197067448680352,0.8885244951450646
M1@M5,body_close,against_daily,continuation,fresh,retested_2plus,32527,5.4194669044178685,2.2037076889968334,0.921927887186318
M1@M5,body_close,against_daily,continuation,mature,retested_1,44,97.8409090909091,2.090909090909091,0.9715966177001101
M1@M5,body_close,against_daily,continuation,mature,retested_2plus,8929,97.39713293761899,2.1303617426363535,1.9132522804152454
M1@M5,body_close,against_daily,continuation,old,retested_1,24,1204.6666666666667,2.0,0.7519601946540145
M1@M5,body_close,against_daily,continuation,old,retested_2plus,6382,1279.7121591977436,1.8384518959573801,2.999286372539052
M1@M5,body_close,against_daily,continuation,young,first_touch,3,30.0,2.3333333333333335,0.3550307321352076
M1@M5,body_close,against_daily,continuation,young,retested_1,155,22.974193548387095,2.1354838709677417,1.0577792686524634
M1@M5,body_close,against_daily,continuation,young,retested_2plus,21937,24.024114509732417,2.194511555818936,1.1706149002998458
M1@M5,body_close,against_daily,pullback,fresh,first_touch,6,2.3333333333333335,1.8333333333333333,1.3345772064325974
M1@M5,body_close,against_daily,pullback,fresh,retested_1,810,2.651851851851852,2.224691358024691,0.8501121305765504
M1@M5,body_close,against_daily,pullback,fresh,retested_2plus,2484,7.918276972624799,2.142512077294686,1.1453919263479582
M1@M5,body_close,against_daily,pullback,mature,retested_1,8,84.875,2.875,0.7285252697178226
M1@M5,body_close,against_daily,pullback,mature,retested_2plus,4258,99.7132456552372,2.1921089713480506,1.926368477894222
M1@M5,body_close,against_daily,pullback,old,retested_1,8,1372.125,2.25,0.5392904281876063
M1@M5,body_close,against_daily,pullback,old,retested_2plus,3137,1345.2145361810647,1.86547656997131,4.889192915325823
M1@M5,body_close,against_daily,pullback,young,first_touch,1,25.0,3.0,0.14285714285703516
M1@M5,body_close,against_daily,pullback,young,retested_1,21,22.38095238095238,1.9047619047619047,0.822767692175621
M1@M5,body_close,against_daily,pullback,young,retested_2plus,9437,24.505245311009855,2.1673201229204198,1.5042696712115031
M1@M5,body_close,against_daily,push,fresh,retested_2plus,8,8.5,2.0,0.8541168217440233
M1@M5,body_close,against_daily,push,old,retested_1,2,2246.0,1.5,0.5182612854639106
M1@M5,body_close,against_daily,push,old,retested_2plus,100,2437.68,1.78,0.6364997606466393
M1@M5,body_close,against_daily,reversal,fresh,first_touch,1,2.0,3.0,0.9032258064514749
M1@M5,body_close,against_daily,reversal,fresh,retested_1,69,3.260869565217391,2.550724637681159,0.895739064552087
M1@M5,body_close,against_daily,reversal,fresh,retested_2plus,1017,5.867256637168142,2.567354965585054,0.9876281450989453
M1@M5,body_close,against_daily,reversal,mature,retested_1,1,53.0,1.0,0.5147058823532792
M1@M5,body_close,against_daily,reversal,mature,retested_2plus,1263,124.9667458432304,2.754552652414885,2.3148354806901255
M1@M5,body_close,against_daily,reversal,old,retested_1,1,593.0,3.0,0.07567567567602058
M1@M5,body_close,against_daily,reversal,old,retested_2plus,405,692.8617283950617,2.6493827160493826,1.9510134391443126
M1@M5,body_close,against_daily,reversal,young,retested_1,5,26.8,2.6,1.6582916190035486
M1@M5,body_close,against_daily,reversal,young,retested_2plus,1082,23.888170055452864,2.6182994454713495,1.2361053983394787
M1@M5,body_close,at_transition,continuation,fresh,retested_1,2,4.0,2.0,0.19983757016156997
M1@M5,body_close,at_transition,continuation,fresh,retested_2plus,12,5.916666666666667,1.3333333333333333,0.8968063510253311
M1@M5,body_close,at_transition,continuation,mature,retested_1,1,55.0,2.0,0.9120521172627967
M1@M5,body_close,at_transition,continuation,mature,retested_2plus,12,90.5,1.5,2.14197047349558
M1@M5,body_close,at_transition,continuation,old,retested_1,1,1600.0,2.0,0.06656609135181886
M1@M5,body_close,at_transition,continuation,old,retested_2plus,14,722.0714285714286,1.7142857142857142,3.522108765136309
M1@M5,body_close,at_transition,continuation,young,retested_1,6,17.833333333333332,1.3333333333333333,0.5702858616504566
M1@M5,body_close,at_transition,continuation,young,retested_2plus,28,26.142857142857142,1.5357142857142858,0.8014396722382762
M1@M5,body_close,at_transition,pullback,fresh,retested_1,1,10.0,2.0,0.17610062893040052
M1@M5,body_close,at_transition,pullback,fresh,retested_2plus,2,8.0,1.5,0.6713836477978735
M1@M5,body_close,at_transition,pullback,mature,retested_2plus,13,90.46153846153847,1.5384615384615385,1.8950389386846866
M1@M5,body_close,at_transition,pullback,old,retested_1,3,615.0,2.0,0.7305307250261427
M1@M5,body_close,at_transition,pullback,old,retested_2plus,14,772.7857142857143,1.5,2.9897147127596644
M1@M5,body_close,at_transition,pullback,young,retested_1,2,18.0,1.0,0.21755844370895377
M1@M5,body_close,at_transition,pullback,young,retested_2plus,18,27.333333333333332,1.3333333333333333,0.6702337075169356
M1@M5,body_close,neutral,continuation,fresh,first_touch,5,3.0,1.6,1.567250414851221
M1@M5,body_close,neutral,continuation,fresh,retested_1,1171,3.3134073441502987,1.4585824081981213,0.8664919906148411
M1@M5,body_close,neutral,continuation,fresh,retested_2plus,22648,5.370893677145885,1.454256446485341,0.8894994921521221
M1@M5,body_close,neutral,continuation,mature,retested_1,31,93.48387096774194,1.2903225806451613,0.7712714360349734
M1@M5,body_close,neutral,continuation,mature,retested_2plus,6781,99.39241999705058,1.4289927739271493,1.9829365959391025
M1@M5,body_close,neutral,continuation,old,retested_1,27,1007.9629629629629,1.5185185185185186,0.9487809915634163
M1@M5,body_close,neutral,continuation,old,retested_2plus,5840,973.8215753424657,1.6320205479452055,5.475876642154595
M1@M5,body_close,neutral,continuation,young,retested_1,96,19.552083333333332,1.5,1.0878134657696672
M1@M5,body_close,neutral,continuation,young,retested_2plus,14403,24.039575088523225,1.4603207665069777,1.1763963429571216
M1@M5,body_close,neutral,pullback,fresh,first_touch,2,2.0,2.0,0.9470880681828068
M1@M5,body_close,neutral,pullback,fresh,retested_1,644,2.590062111801242,1.4409937888198758,0.8017913128847693
M1@M5,body_close,neutral,pullback,fresh,retested_2plus,1961,7.767465578786333,1.4028556858745538,1.182895875988299
M1@M5,body_close,neutral,pullback,mature,retested_1,11,132.72727272727272,1.1818181818181819,1.2653727372212635
M1@M5,body_close,neutral,pullback,mature,retested_2plus,3399,95.98381877022653,1.4062959694027655,1.5696181142298598
M1@M5,body_close,neutral,pullback,old,retested_1,11,752.0,1.8181818181818181,0.8280653612652761
M1@M5,body_close,neutral,pullback,old,retested_2plus,3078,986.3898635477583,1.6445743989603638,9.38868909485259
M1@M5,body_close,neutral,pullback,young,retested_1,17,28.41176470588235,1.5294117647058822,1.2448192554305615
M1@M5,body_close,neutral,pullback,young,retested_2plus,6636,24.568414707655215,1.4486136226642556,1.5951736956377414
M1@M5,body_close,neutral,push,fresh,retested_1,1,6.0,2.0,0.4668663667992701
M1@M5,body_close,neutral,push,fresh,retested_2plus,67,6.776119402985074,0.417910447761194,0.806023329661342
M1@M5,body_close,neutral,push,mature,retested_2plus,11,162.45454545454547,1.0,0.7979895662644458
M1@M5,body_close,neutral,push,old,retested_1,4,611.75,0.5,0.5017894909306707
M1@M5,body_close,neutral,push,old,retested_2plus,361,1500.1052631578948,1.7590027700831026,1.3046747828702394
M1@M5,body_close,neutral,push,young,retested_1,1,12.0,2.0,0.8512000000002444
M1@M5,body_close,neutral,push,young,retested_2plus,49,16.836734693877553,1.5918367346938775,0.6831968565380022
M1@M5,body_close,neutral,reversal,fresh,retested_1,11,3.6363636363636362,0.5454545454545454,1.0433491822135101
M1@M5,body_close,neutral,reversal,fresh,retested_2plus,102,5.852941176470588,0.4117647058823529,0.9797339400700851
M1@M5,body_close,neutral,reversal,mature,retested_2plus,450,76.0911111111111,0.0,3.2709637455531855
M1@M5,body_close,neutral,reversal,old,retested_2plus,41,1280.878048780488,2.0,1.0545374250197161
M1@M5,body_close,neutral,reversal,young,retested_2plus,302,35.48675496688742,0.5132450331125827,1.7372991410321361
M1@M5,body_close,with_daily,continuation,fresh,first_touch,12,3.0,1.6666666666666667,1.197913885323583
M1@M5,body_close,with_daily,continuation,fresh,retested_1,1713,3.3345008756567425,2.198482194979568,0.9288894636476154
M1@M5,body_close,with_daily,continuation,fresh,retested_2plus,32228,5.4444892639940425,2.1993608042695794,0.9198935208192837
M1@M5,body_close,with_daily,continuation,mature,retested_1,40,89.65,2.1,0.9465181845971756
M1@M5,body_close,with_daily,continuation,mature,retested_2plus,11584,96.60859806629834,2.1807665745856353,2.804019436537147
M1@M5,body_close,with_daily,continuation,old,retested_1,55,713.2181818181818,2.0727272727272728,0.7825216074988279
M1@M5,body_close,with_daily,continuation,old,retested_2plus,10608,833.0689102564103,2.2516968325791855,3.8644371840479113
M1@M5,body_close,with_daily,continuation,young,retested_1,164,22.286585365853657,2.1341463414634148,1.028099918642282
M1@M5,body_close,with_daily,continuation,young,retested_2plus,23150,24.296846652267817,2.19244060475162,1.3022261592310742
M1@M5,body_close,with_daily,pullback,fresh,first_touch,3,2.6666666666666665,2.3333333333333335,1.321943539345197
M1@M5,body_close,with_daily,pullback,fresh,retested_1,823,2.6816524908869988,2.195625759416768,0.8148752788917276
M1@M5,body_close,with_daily,pullback,fresh,retested_2plus,2695,8.068274582560298,2.284601113172542,1.2543024553304094
M1@M5,body_close,with_daily,pullback,mature,retested_1,8,94.125,1.875,0.6571911227486564
M1@M5,body_close,with_daily,pullback,mature,retested_2plus,6671,98.42902113626143,2.2103132963573677,4.116202060440482
M1@M5,body_close,with_daily,pullback,old,retested_1,7,614.4285714285714,2.4285714285714284,0.532593909009963
M1@M5,body_close,with_daily,pullback,old,retested_2plus,5425,920.2361290322581,2.168294930875576,6.3078663953736775
M1@M5,body_close,with_daily,pullback,young,retested_1,16,24.25,2.25,0.5718330588068751
M1@M5,body_close,with_daily,pullback,young,retested_2plus,10732,25.683749534103615,2.1407938874394334,1.8537558783587995
M1@M5,body_close,with_daily,push,fresh,retested_1,5,8.8,2.6,0.9284337506515941
M1@M5,body_close,with_daily,push,fresh,retested_2plus,177,7.463276836158192,2.2429378531073447,0.7586982196881638
M1@M5,body_close,with_daily,push,mature,retested_1,1,81.0,3.0,0.34881483392605683
M1@M5,body_close,with_daily,push,mature,retested_2plus,637,77.1287284144427,2.729984301412873,1.7659804456422383
M1@M5,body_close,with_daily,push,old,retested_1,2,409.0,3.0,0.9493542802769892
M1@M5,body_close,with_daily,push,old,retested_2plus,564,869.1081560283687,2.897163120567376,2.77335552843194
M1@M5,body_close,with_daily,push,young,retested_1,7,23.285714285714285,3.0,1.3695498011045222
M1@M5,body_close,with_daily,push,young,retested_2plus,791,28.25284450063211,2.256637168141593,1.477948853069379
M1@M5,body_close,with_daily,reversal,fresh,retested_1,2,2.0,2.0,1.1967147966511915
M1@M5,body_close,with_daily,reversal,fresh,retested_2plus,37,3.5675675675675675,2.0,0.704927695368653
M1@M5,body_close,with_daily,reversal,mature,retested_2plus,1,74.0,2.0,2.3493150684927775
M1@M5,body_close,with_daily,reversal,old,retested_2plus,40,1070.25,1.7,1.1484172251758586
M1@M5,break_through,against_daily,continuation,fresh,first_touch,56,2.4285714285714284,2.142857142857143,2.1181343598325246
M1@M5,break_through,against_daily,pullback,fresh,first_touch,57,2.56140350877193,2.0526315789473686,2.252174403455274
M1@M5,break_through,at_transition,pullback,young,first_touch,1,24.0,2.0,1.3999999999991157
M1@M5,break_through,neutral,continuation,fresh,first_touch,41,2.341463414634146,1.3414634146341464,2.3275433716649707
M1@M5,break_through,neutral,pullback,fresh,first_touch,28,2.4285714285714284,1.5714285714285714,2.3130795596212717
M1@M5,break_through,with_daily,continuation,fresh,first_touch,58,2.586206896551724,2.310344827586207,1.9861058890937586
M1@M5,break_through,with_daily,continuation,old,first_touch,1,579.0,3.0,4.350157728706975
M1@M5,break_through,with_daily,pullback,fresh,first_touch,59,2.542372881355932,2.2542372881355934,2.350807169842261
M1@M5,near_miss,against_daily,continuation,fresh,first_touch,2664,3.895645645645646,2.1813063063063063,2.314426013396961
M1@M5,near_miss,against_daily,continuation,fresh,retested_1,1049,4.209723546234509,2.1649189704480456,2.3057260226794987
M1@M5,near_miss,against_daily,continuation,fresh,retested_2plus,6116,5.93214519293656,2.223839110529758,2.473109545081154
M1@M5,near_miss,against_daily,continuation,mature,first_touch,107,98.91588785046729,2.2990654205607477,2.364735711187009
M1@M5,near_miss,against_daily,continuation,mature,retested_1,50,98.54,2.22,2.1334602359797223
M1@M5,near_miss,against_daily,continuation,mature,retested_2plus,2143,98.99626691553897,2.111059262715819,3.234361558147753
M1@M5,near_miss,against_daily,continuation,old,first_touch,72,1031.5416666666667,2.1805555555555554,2.193622397563475
M1@M5,near_miss,against_daily,continuation,old,retested_1,28,1299.3214285714287,2.107142857142857,2.0770609232044532
M1@M5,near_miss,against_daily,continuation,old,retested_2plus,1244,1107.4163987138263,1.887459807073955,3.2667935290606342
M1@M5,near_miss,against_daily,continuation,young,first_touch,490,21.4,2.1285714285714286,2.4860770040238402
M1@M5,near_miss,against_daily,continuation,young,retested_1,225,22.142222222222223,2.2133333333333334,2.7489391159315844
M1@M5,near_miss,against_daily,continuation,young,retested_2plus,5316,24.04627539503386,2.2048532731376973,2.847099355727582
M1@M5,near_miss,against_daily,pullback,fresh,first_touch,349,2.5931232091690544,2.177650429799427,2.317619809811906
M1@M5,near_miss,against_daily,pullback,fresh,retested_1,4,7.0,2.25,2.3642172017900505
M1@M5,near_miss,against_daily,pullback,fresh,retested_2plus,860,8.018604651162791,2.191860465116279,2.836433939593723
M1@M5,near_miss,against_daily,pullback,mature,first_touch,36,100.91666666666667,2.0833333333333335,2.1189673502336497
M1@M5,near_miss,against_daily,pullback,mature,retested_1,13,84.23076923076923,2.8461538461538463,2.707682615957567
M1@M5,near_miss,against_daily,pullback,mature,retested_2plus,1581,94.58760278304871,2.1347248576850095,3.593877163410467
M1@M5,near_miss,against_daily,pullback,old,first_touch,16,987.0,1.75,1.7198075316457038
M1@M5,near_miss,against_daily,pullback,old,retested_1,10,656.9,1.1,2.0019013177656726
M1@M5,near_miss,against_daily,pullback,old,retested_2plus,809,1244.7762669962917,1.9060568603213843,3.638625872236577
M1@M5,near_miss,against_daily,pullback,young,first_touch,83,23.903614457831324,2.1325301204819276,2.272175494308042
M1@M5,near_miss,against_daily,pullback,young,retested_1,44,21.90909090909091,1.9772727272727273,2.2641885463180684
M1@M5,near_miss,against_daily,pullback,young,retested_2plus,3465,25.325829725829728,2.243001443001443,3.1177512238477374
M1@M5,near_miss,against_daily,push,old,retested_1,4,2658.75,2.0,1.9227934169463579
M1@M5,near_miss,against_daily,push,old,retested_2plus,25,2319.76,1.6,2.6718586142729204
M1@M5,near_miss,against_daily,reversal,fresh,first_touch,36,4.083333333333333,2.0277777777777777,2.398414786136149
M1@M5,near_miss,against_daily,reversal,fresh,retested_1,25,5.28,2.36,2.8464173268781177
M1@M5,near_miss,against_daily,reversal,fresh,retested_2plus,204,6.279411764705882,2.3480392156862746,2.584407600748076
M1@M5,near_miss,against_daily,reversal,mature,first_touch,3,171.66666666666666,3.0,2.21104566214503
M1@M5,near_miss,against_daily,reversal,mature,retested_1,8,104.375,1.75,3.042482683466006
M1@M5,near_miss,against_daily,reversal,mature,retested_2plus,180,103.2,2.7944444444444443,4.252958124846194
M1@M5,near_miss,against_daily,reversal,old,first_touch,1,2012.0,1.0,1.6290496779033112
M1@M5,near_miss,against_daily,reversal,old,retested_1,1,2012.0,1.0,1.9979107095867386
M1@M5,near_miss,against_daily,reversal,old,retested_2plus,120,1019.9166666666666,2.2,3.01183278334346
M1@M5,near_miss,against_daily,reversal,young,first_touch,22,19.318181818181817,2.3636363636363638,1.9081704827460668
M1@M5,near_miss,against_daily,reversal,young,retested_1,8,22.375,2.25,1.5002224432558964
M1@M5,near_miss,against_daily,reversal,young,retested_2plus,267,25.865168539325843,2.606741573033708,3.1277104607586637
M1@M5,near_miss,at_transition,continuation,fresh,first_touch,2,3.5,1.0,2.823287902547401
M1@M5,near_miss,at_transition,continuation,fresh,retested_1,1,7.0,1.0,3.696053604489408
M1@M5,near_miss,at_transition,continuation,fresh,retested_2plus,4,4.0,1.25,3.7265903889829826
M1@M5,near_miss,at_transition,continuation,mature,first_touch,2,107.0,1.5,7.038021726696229
M1@M5,near_miss,at_transition,continuation,mature,retested_2plus,3,94.66666666666667,1.3333333333333333,4.128137560196941
M1@M5,near_miss,at_transition,continuation,old,retested_2plus,3,634.0,1.3333333333333333,1.2938713461572087
M1@M5,near_miss,at_transition,continuation,young,first_touch,2,31.5,1.0,3.469476884705854
M1@M5,near_miss,at_transition,continuation,young,retested_1,1,17.0,1.0,2.8663793103463617
M1@M5,near_miss,at_transition,continuation,young,retested_2plus,7,19.857142857142858,1.4285714285714286,4.2302720814992165
M1@M5,near_miss,at_transition,pullback,mature,first_touch,1,78.0,2.0,2.1470588235299597
M1@M5,near_miss,at_transition,pullback,mature,retested_2plus,7,111.71428571428571,1.2857142857142858,5.269319215348118
M1@M5,near_miss,at_transition,pullback,old,retested_2plus,2,503.5,2.0,1.2073774179041379
M1@M5,near_miss,at_transition,pullback,young,retested_2plus,5,27.2,1.2,4.087380982711132
M1@M5,near_miss,neutral,continuation,fresh,first_touch,1758,3.962457337883959,1.4948805460750854,2.414849743336215
M1@M5,near_miss,neutral,continuation,fresh,retested_1,749,4.327102803738318,1.540720961281709,2.4470278487346055
M1@M5,near_miss,neutral,continuation,fresh,retested_2plus,4544,5.874779929577465,1.440580985915493,2.4813575565092156
M1@M5,near_miss,neutral,continuation,mature,first_touch,93,114.70967741935483,1.4301075268817205,3.1264955289247887
M1@M5,near_miss,neutral,continuation,mature,retested_1,40,95.975,1.775,2.1490623216147426
M1@M5,near_miss,neutral,continuation,mature,retested_2plus,1677,100.06797853309482,1.477638640429338,3.0280578961926006
M1@M5,near_miss,neutral,continuation,old,first_touch,49,852.0408163265306,1.510204081632653,2.417120275601399
M1@M5,near_miss,neutral,continuation,old,retested_1,35,1056.1714285714286,1.6,2.236289701138916
M1@M5,near_miss,neutral,continuation,old,retested_2plus,1261,899.1245043616177,1.5789056304520221,3.548257652499456
M1@M5,near_miss,neutral,continuation,young,first_touch,285,21.056140350877193,1.4807017543859649,2.2744935701786906
M1@M5,near_miss,neutral,continuation,young,retested_1,179,21.106145251396647,1.3910614525139664,2.5138387892058462
M1@M5,near_miss,neutral,continuation,young,retested_2plus,3702,23.524311183144246,1.4821717990275527,2.770866618090173
M1@M5,near_miss,neutral,pullback,fresh,first_touch,200,2.71,1.47,2.231010796192604
M1@M5,near_miss,neutral,pullback,fresh,retested_1,2,6.5,1.5,1.4657252218291137
M1@M5,near_miss,neutral,pullback,fresh,retested_2plus,682,7.9824046920821115,1.5483870967741935,2.849220433131256
M1@M5,near_miss,neutral,pullback,mature,first_touch,23,121.91304347826087,1.608695652173913,2.1132808843858957
M1@M5,near_miss,neutral,pullback,mature,retested_1,16,98.75,1.25,2.518169186236001
M1@M5,near_miss,neutral,pullback,mature,retested_2plus,1283,94.47544816835541,1.509742790335152,3.4879270036796526
M1@M5,near_miss,neutral,pullback,old,first_touch,19,994.7368421052631,1.5789473684210527,2.1749293126658484
M1@M5,near_miss,neutral,pullback,old,retested_1,6,882.0,1.1666666666666667,2.0029655173647245
M1@M5,near_miss,neutral,pullback,old,retested_2plus,920,854.9195652173913,1.4673913043478262,3.3662965886707585
M1@M5,near_miss,neutral,pullback,young,first_touch,52,26.21153846153846,1.5,2.7163076632286813
M1@M5,near_miss,neutral,pullback,young,retested_1,34,26.735294117647058,1.588235294117647,2.429826676808031
M1@M5,near_miss,neutral,pullback,young,retested_2plus,2460,25.382926829268293,1.5272357723577237,3.248715517061289
M1@M5,near_miss,neutral,push,fresh,first_touch,1,6.0,2.0,0.9569283607306145
M1@M5,near_miss,neutral,push,fresh,retested_2plus,6,7.333333333333333,0.3333333333333333,2.514734165490243
M1@M5,near_miss,neutral,push,mature,retested_2plus,5,161.6,1.0,2.0039346040201207
M1@M5,near_miss,neutral,push,old,first_touch,2,230.5,0.0,3.221460305195584
M1@M5,near_miss,neutral,push,old,retested_1,1,1781.0,2.0,1.1893805309727372
M1@M5,near_miss,neutral,push,old,retested_2plus,80,1464.075,1.5375,2.803308494483006
M1@M5,near_miss,neutral,push,young,first_touch,1,38.0,0.0,1.726973684210253
M1@M5,near_miss,neutral,push,young,retested_2plus,15,18.666666666666668,1.3333333333333333,2.0351907629547954
M1@M5,near_miss,neutral,reversal,fresh,first_touch,15,3.3333333333333335,0.4,2.3596279936301827
M1@M5,near_miss,neutral,reversal,fresh,retested_1,3,2.3333333333333335,0.3333333333333333,2.619569585774143
M1@M5,near_miss,neutral,reversal,fresh,retested_2plus,28,5.357142857142857,0.7857142857142857,2.196930868581199
M1@M5,near_miss,neutral,reversal,mature,retested_2plus,15,79.93333333333334,0.0,9.16570027824282
M1@M5,near_miss,neutral,reversal,old,retested_2plus,6,1280.6666666666667,2.0,3.22521541706867
M1@M5,near_miss,neutral,reversal,young,first_touch,3,16.333333333333332,0.6666666666666666,3.1369329373726274
M1@M5,near_miss,neutral,reversal,young,retested_1,8,23.375,0.0,3.6952138000485837
M1@M5,near_miss,neutral,reversal,young,retested_2plus,27,30.0,1.0,3.867506226627004
M1@M5,near_miss,with_daily,continuation,fresh,first_touch,2896,4.111187845303867,2.1695441988950277,2.5177493809322824
M1@M5,near_miss,with_daily,continuation,fresh,retested_1,1057,4.335856196783349,2.2355723746452223,2.470644562482394
M1@M5,near_miss,with_daily,continuation,fresh,retested_2plus,6402,5.841143392689784,2.212277413308341,2.5256899007836275
M1@M5,near_miss,with_daily,continuation,mature,first_touch,83,98.98795180722891,2.144578313253012,2.6698574493284597
M1@M5,near_miss,with_daily,continuation,mature,retested_1,36,88.5,2.0,2.1865985590237234
M1@M5,near_miss,with_daily,continuation,mature,retested_2plus,2294,93.39668700959024,2.282911944202267,3.558269639140599
M1@M5,near_miss,with_daily,continuation,old,first_touch,102,645.6274509803922,2.019607843137255,2.0257617409031807
M1@M5,near_miss,with_daily,continuation,old,retested_1,95,830.6,2.1052631578947367,1.7475592004270595
M1@M5,near_miss,with_daily,continuation,old,retested_2plus,2084,840.6554702495201,2.245201535508637,3.5361455558266224
M1@M5,near_miss,with_daily,continuation,young,first_touch,356,21.884831460674157,2.154494382022472,2.431933115014012
M1@M5,near_miss,with_daily,continuation,young,retested_1,218,21.96788990825688,2.1926605504587156,2.4591954929581545
M1@M5,near_miss,with_daily,continuation,young,retested_2plus,5445,23.948393021120292,2.1941230486685033,2.878140762271372
M1@M5,near_miss,with_daily,pullback,fresh,first_touch,357,2.7254901960784315,2.3249299719887957,2.261887692181709
M1@M5,near_miss,with_daily,pullback,fresh,retested_1,3,7.0,1.0,1.7881929351614956
M1@M5,near_miss,with_daily,pullback,fresh,retested_2plus,778,8.005141388174808,2.172236503856041,2.8128122542355816
M1@M5,near_miss,with_daily,pullback,mature,first_touch,17,104.52941176470588,1.7647058823529411,2.5325686841344277
M1@M5,near_miss,with_daily,pullback,mature,retested_1,19,82.52631578947368,1.631578947368421,2.4904708827568447
M1@M5,near_miss,with_daily,pullback,mature,retested_2plus,1808,93.84236725663717,2.2582964601769913,4.147986327924141
M1@M5,near_miss,with_daily,pullback,old,first_touch,18,485.5,1.9444444444444444,2.809202009917268
M1@M5,near_miss,with_daily,pullback,old,retested_1,10,719.2,2.0,1.3746655556536327
M1@M5,near_miss,with_daily,pullback,old,retested_2plus,1568,822.9508928571429,2.1658163265306123,4.212329994165025
M1@M5,near_miss,with_daily,pullback,young,first_touch,57,23.19298245614035,2.4035087719298245,2.2057533440353496
M1@M5,near_miss,with_daily,pullback,young,retested_1,51,27.313725490196077,2.0,2.5236815305987443
M1@M5,near_miss,with_daily,pullback,young,retested_2plus,3974,25.907649723200805,2.1663311524911926,3.301246200320429
M1@M5,near_miss,with_daily,push,fresh,first_touch,6,8.666666666666666,2.6666666666666665,1.6140378046740056
M1@M5,near_miss,with_daily,push,fresh,retested_1,6,7.0,2.0,1.278317796495631
M1@M5,near_miss,with_daily,push,fresh,retested_2plus,44,7.818181818181818,1.6818181818181819,2.3003470869702833
M1@M5,near_miss,with_daily,push,mature,first_touch,4,111.5,2.0,1.7057915572619144
M1@M5,near_miss,with_daily,push,mature,retested_1,4,56.0,2.5,1.8462159539046472
M1@M5,near_miss,with_daily,push,mature,retested_2plus,117,87.22222222222223,2.6495726495726495,2.482992802533964
M1@M5,near_miss,with_daily,push,old,first_touch,3,1760.3333333333333,2.6666666666666665,2.5368606403014007
M1@M5,near_miss,with_daily,push,old,retested_1,13,787.1538461538462,3.0,2.9950913861995305
M1@M5,near_miss,with_daily,push,old,retested_2plus,139,771.1294964028777,2.8920863309352516,2.558348876777595
M1@M5,near_miss,with_daily,push,young,first_touch,12,25.25,2.8333333333333335,3.4709603605345407
M1@M5,near_miss,with_daily,push,young,retested_1,9,19.11111111111111,2.7777777777777777,1.8348236210152464
M1@M5,near_miss,with_daily,push,young,retested_2plus,214,27.39252336448598,2.3598130841121496,2.625094506990792
M1@M5,near_miss,with_daily,reversal,fresh,first_touch,4,2.0,2.0,1.9628343269477242
M1@M5,near_miss,with_daily,reversal,fresh,retested_1,1,3.0,2.0,2.0467588495888105
M1@M5,near_miss,with_daily,reversal,mature,retested_1,4,62.25,2.0,3.0511631504749985
M1@M5,near_miss,with_daily,reversal,old,retested_1,2,666.0,1.0,2.223986384581346
M1@M5,near_miss,with_daily,reversal,old,retested_2plus,11,932.8181818181819,1.6363636363636365,2.215207293121122
M1@M5,near_miss,with_daily,reversal,young,first_touch,2,50.0,2.0,1.964681520113526
M1@M5,wick_touch,against_daily,continuation,fresh,retested_1,861,3.7293844367015097,2.1986062717770034,1.9129425481634026
M1@M5,wick_touch,against_daily,continuation,fresh,retested_2plus,6941,5.312058781155453,2.214234260193056,2.066299680879961
M1@M5,wick_touch,against_daily,continuation,mature,retested_1,32,89.625,2.3125,1.515137745104522
M1@M5,wick_touch,against_daily,continuation,mature,retested_2plus,1692,96.45921985815603,2.193853427895981,2.6489871680014625
M1@M5,wick_touch,against_daily,continuation,old,retested_1,26,1219.3846153846155,1.8461538461538463,2.0802980002739844
M1@M5,wick_touch,against_daily,continuation,old,retested_2plus,1121,1130.9411239964318,1.8938447814451382,2.5692859358659517
M1@M5,wick_touch,against_daily,continuation,young,retested_1,118,20.872881355932204,2.1271186440677967,2.065178691577437
M1@M5,wick_touch,against_daily,continuation,young,retested_2plus,4456,24.056552962298024,2.247307001795332,2.330731659765845
M1@M5,wick_touch,against_daily,pullback,fresh,retested_1,252,2.5753968253968256,2.1825396825396823,1.8987424944155147
M1@M5,wick_touch,against_daily,pullback,fresh,retested_2plus,674,7.943620178041543,2.1409495548961424,2.3597068055596897
M1@M5,wick_touch,against_daily,pullback,mature,retested_1,8,117.5,1.625,1.480158902354694
M1@M5,wick_touch,against_daily,pullback,mature,retested_2plus,1058,98.94328922495274,2.2145557655954633,2.8374985104438
M1@M5,wick_touch,against_daily,pullback,old,retested_1,5,1072.0,2.8,2.7467519883784726
M1@M5,wick_touch,against_daily,pullback,old,retested_2plus,576,1198.6840277777778,1.9635416666666667,2.7837764182875167
M1@M5,wick_touch,against_daily,pullback,young,retested_1,16,28.75,2.125,1.8439110881525556
M1@M5,wick_touch,against_daily,pullback,young,retested_2plus,2393,24.425407438361887,2.166318428750522,2.540764812779894
M1@M5,wick_touch,against_daily,push,old,retested_1,1,2720.0,2.0,1.2008368200836383
M1@M5,wick_touch,against_daily,push,old,retested_2plus,38,2462.9473684210525,1.8157894736842106,1.9861647925386965
M1@M5,wick_touch,against_daily,reversal,fresh,retested_1,27,3.6666666666666665,2.2222222222222223,2.213064585966666
M1@M5,wick_touch,against_daily,reversal,fresh,retested_2plus,226,5.964601769911504,2.482300884955752,2.3270603187538526
M1@M5,wick_touch,against_daily,reversal,mature,retested_1,2,140.5,3.0,1.9140686497558725
M1@M5,wick_touch,against_daily,reversal,mature,retested_2plus,166,111.66867469879519,2.680722891566265,3.72261919427025
M1@M5,wick_touch,against_daily,reversal,old,retested_1,1,2012.0,1.0,1.745881100548183
M1@M5,wick_touch,against_daily,reversal,old,retested_2plus,85,1026.4705882352941,2.2470588235294118,2.9909534290076416
M1@M5,wick_touch,against_daily,reversal,young,retested_1,6,16.333333333333332,2.6666666666666665,1.7135812183316652
M1@M5,wick_touch,against_daily,reversal,young,retested_2plus,206,23.703883495145632,2.5970873786407767,2.758357510230539
M1@M5,wick_touch,at_transition,continuation,fresh,retested_2plus,8,6.25,1.625,3.5121250716504515
M1@M5,wick_touch,at_transition,continuation,mature,retested_2plus,9,81.22222222222223,1.2222222222222223,4.819599473891355
M1@M5,wick_touch,at_transition,continuation,old,retested_2plus,5,584.4,1.6,2.6645679423830293
M1@M5,wick_touch,at_transition,continuation,young,retested_1,4,20.0,1.0,2.847425860028274
M1@M5,wick_touch,at_transition,continuation,young,retested_2plus,11,25.90909090909091,1.2727272727272727,3.2243444816693754
M1@M5,wick_touch,at_transition,pullback,fresh,retested_2plus,1,9.0,2.0,1.900662251657383
M1@M5,wick_touch,at_transition,pullback,mature,retested_1,1,74.0,1.0,3.2894736842109875
M1@M5,wick_touch,at_transition,pullback,mature,retested_2plus,11,77.81818181818181,1.0909090909090908,4.4077221715376504
M1@M5,wick_touch,at_transition,pullback,old,retested_1,1,1827.0,2.0,3.5607399162808706
M1@M5,wick_touch,at_transition,pullback,old,retested_2plus,1,2682.0,1.0,5.406094437762304
M1@M5,wick_touch,at_transition,pullback,young,retested_1,1,32.0,1.0,3.7124496220914596
M1@M5,wick_touch,at_transition,pullback,young,retested_2plus,18,31.555555555555557,1.2777777777777777,3.1888750151503475
M1@M5,wick_touch,at_transition,push,old,retested_2plus,1,2385.0,2.0,3.2174102119565027
M1@M5,wick_touch,at_transition,push,young,retested_1,1,17.0,1.0,3.371165644171761
M1@M5,wick_touch,neutral,continuation,fresh,retested_1,568,3.5757042253521125,1.477112676056338,1.9066565886290918
M1@M5,wick_touch,neutral,continuation,fresh,retested_2plus,5168,5.336300309597523,1.4523993808049536,2.037139725515262
M1@M5,wick_touch,neutral,continuation,mature,retested_1,27,102.37037037037037,1.4814814814814814,1.7507120014703303
M1@M5,wick_touch,neutral,continuation,mature,retested_2plus,1335,99.3625468164794,1.449438202247191,2.5678712828138806
M1@M5,wick_touch,neutral,continuation,old,retested_1,15,1070.0,1.6666666666666667,2.052390937631765
M1@M5,wick_touch,neutral,continuation,old,retested_2plus,1113,891.3468104222821,1.5947888589398023,3.253226704913645
M1@M5,wick_touch,neutral,continuation,young,retested_1,93,21.56989247311828,1.4408602150537635,1.7798135620662459
M1@M5,wick_touch,neutral,continuation,young,retested_2plus,2961,23.228638973319825,1.4792299898682877,2.2335798955274884
M1@M5,wick_touch,neutral,pullback,fresh,retested_1,168,2.4464285714285716,1.4464285714285714,1.8933287728491417
M1@M5,wick_touch,neutral,pullback,fresh,retested_2plus,516,7.934108527131783,1.3527131782945736,2.2843589651781118
M1@M5,wick_touch,neutral,pullback,mature,retested_1,8,101.875,1.625,1.2772778381722063
M1@M5,wick_touch,neutral,pullback,mature,retested_2plus,878,99.5615034168565,1.4783599088838268,2.5933954311023166
M1@M5,wick_touch,neutral,pullback,old,retested_1,11,654.1818181818181,1.6363636363636365,1.1024634916112648
M1@M5,wick_touch,neutral,pullback,old,retested_2plus,653,845.3185298621746,1.5206738131699846,2.9911469418477474
M1@M5,wick_touch,neutral,pullback,young,retested_1,14,26.214285714285715,1.6428571428571428,1.6052959847428363
M1@M5,wick_touch,neutral,pullback,young,retested_2plus,1622,24.982737361282368,1.5080147965474722,2.596836191251713
M1@M5,wick_touch,neutral,push,fresh,retested_2plus,13,6.846153846153846,0.7692307692307693,1.832120800008764
M1@M5,wick_touch,neutral,push,mature,retested_2plus,9,160.11111111111111,1.0,1.4647118701429709
M1@M5,wick_touch,neutral,push,old,retested_2plus,101,1479.8118811881188,1.5544554455445545,2.434944331877797
M1@M5,wick_touch,neutral,push,young,retested_2plus,5,14.6,1.2,2.3777182840069178
M1@M5,wick_touch,neutral,reversal,fresh,retested_1,4,3.0,0.75,2.034342601753236
M1@M5,wick_touch,neutral,reversal,fresh,retested_2plus,45,5.533333333333333,0.6666666666666666,2.205899654966188
M1@M5,wick_touch,neutral,reversal,mature,retested_2plus,14,79.28571428571429,0.0,8.8008660837384
M1@M5,wick_touch,neutral,reversal,old,retested_2plus,8,1279.0,2.0,2.210776726049465
M1@M5,wick_touch,neutral,reversal,young,retested_1,3,16.0,0.6666666666666666,2.163255640182511
M1@M5,wick_touch,neutral,reversal,young,retested_2plus,54,29.62962962962963,1.2407407407407407,3.3664456123406516
M1@M5,wick_touch,with_daily,continuation,fresh,retested_1,924,3.905844155844156,2.1904761904761907,1.960865195442804
M1@M5,wick_touch,with_daily,continuation,fresh,retested_2plus,7249,5.333287349979307,2.2262381018071458,2.0787066667216614
M1@M5,wick_touch,with_daily,continuation,mature,retested_1,37,102.64864864864865,2.1621621621621623,1.9521863681636633
M1@M5,wick_touch,with_daily,continuation,mature,retested_2plus,2100,94.35666666666667,2.2452380952380953,2.932680664726675
M1@M5,wick_touch,with_daily,continuation,old,retested_1,43,732.3023255813954,2.255813953488372,1.76202570585648
M1@M5,wick_touch,with_daily,continuation,old,retested_2plus,1939,795.0149561629706,2.181021144920062,2.8840197070430804
M1@M5,wick_touch,with_daily,continuation,young,retested_1,125,23.064,2.184,1.8873332074779459
M1@M5,wick_touch,with_daily,continuation,young,retested_2plus,4662,23.96117546117546,2.2398112398112398,2.325342242744752
M1@M5,wick_touch,with_daily,pullback,fresh,retested_1,278,2.7158273381294964,2.226618705035971,1.9873835406253744
M1@M5,wick_touch,with_daily,pullback,fresh,retested_2plus,603,8.08457711442786,2.2238805970149254,2.3702773273689917
M1@M5,wick_touch,with_daily,pullback,mature,retested_1,8,113.5,2.125,2.0555985138693895
M1@M5,wick_touch,with_daily,pullback,mature,retested_2plus,1349,96.30615270570793,2.2134914751667902,3.377684007763965
M1@M5,wick_touch,with_daily,pullback,old,retested_1,10,920.9,2.2,1.4846407172320082
M1@M5,wick_touch,with_daily,pullback,old,retested_2plus,1246,844.5264847512038,2.168539325842697,3.3860825010989073
M1@M5,wick_touch,with_daily,pullback,young,retested_1,22,27.045454545454547,2.272727272727273,1.8854085229191009
M1@M5,wick_touch,with_daily,pullback,young,retested_2plus,2658,26.01053423626787,2.189240030097818,2.8073226457662046
M1@M5,wick_touch,with_daily,push,fresh,retested_1,3,7.0,1.0,1.8395139226673398
M1@M5,wick_touch,with_daily,push,fresh,retested_2plus,55,7.363636363636363,1.709090909090909,1.9347897299503358
M1@M5,wick_touch,with_daily,push,mature,retested_1,7,101.85714285714286,2.0,1.7234701213018828
M1@M5,wick_touch,with_daily,push,mature,retested_2plus,113,81.63716814159292,2.5486725663716814,2.0460457744295444
M1@M5,wick_touch,with_daily,push,old,retested_1,7,1035.2857142857142,2.857142857142857,2.4310720984859473
M1@M5,wick_touch,with_daily,push,old,retested_2plus,114,761.3333333333334,2.912280701754386,2.2737682884228105
M1@M5,wick_touch,with_daily,push,young,retested_1,9,20.0,2.4444444444444446,1.740771749746179
M1@M5,wick_touch,with_daily,push,young,retested_2plus,191,26.06282722513089,2.43979057591623,2.355624787185666
M1@M5,wick_touch,with_daily,reversal,fresh,retested_1,1,2.0,2.0,2.201479185511508
M1@M5,wick_touch,with_daily,reversal,fresh,retested_2plus,2,3.0,2.0,1.2186507273991523
M1@M5,wick_touch,with_daily,reversal,mature,retested_1,1,51.0,2.0,1.7929824561400374
M1@M5,wick_touch,with_daily,reversal,old,retested_2plus,8,1073.0,1.625,2.019041139623342
M5@H1,body_close,against_daily,continuation,fresh,retested_1,361,3.113573407202216,2.149584487534626,1.542192875177611
M5@H1,body_close,against_daily,continuation,fresh,retested_2plus,17566,5.17249231469885,2.186155072298759,1.5405724309352864
M5@H1,body_close,against_daily,continuation,mature,retested_1,17,99.05882352941177,1.588235294117647,1.8631108522846223
M5@H1,body_close,against_daily,continuation,mature,retested_2plus,5046,116.30618311533888,1.6476416963931828,2.2078569461859683
M5@H1,body_close,against_daily,continuation,old,retested_1,17,817.5294117647059,1.9411764705882353,1.1220435730411802
M5@H1,body_close,against_daily,continuation,old,retested_2plus,6785,697.4116433308769,2.3394252026529108,1.926849385716841
M5@H1,body_close,against_daily,continuation,young,retested_1,22,28.40909090909091,2.227272727272727,1.2545052908070031
M5@H1,body_close,against_daily,continuation,young,retested_2plus,7327,20.220690596424184,2.161730585505664,1.8414398546225506
M5@H1,body_close,against_daily,pullback,fresh,retested_1,194,2.6030927835051547,2.2216494845360826,1.2397437624503924
M5@H1,body_close,against_daily,pullback,fresh,retested_2plus,1261,7.781126090404441,2.2053925455987313,1.9930074935702549
M5@H1,body_close,against_daily,pullback,mature,retested_1,1,52.0,3.0,0.0
M5@H1,body_close,against_daily,pullback,mature,retested_2plus,2321,119.50409306333476,1.7686342093925032,2.240390973206465
M5@H1,body_close,against_daily,pullback,old,retested_1,2,2883.5,2.5,2.0252437921512647
M5@H1,body_close,against_daily,pullback,old,retested_2plus,2821,780.4087203119461,2.3824884792626726,2.4221212039237683
M5@H1,body_close,against_daily,pullback,young,retested_1,7,36.857142857142854,2.5714285714285716,0.939414693106258
M5@H1,body_close,against_daily,pullback,young,retested_2plus,2649,20.197810494526237,2.0792751981879953,2.311644355320754
M5@H1,body_close,against_daily,push,fresh,retested_2plus,78,6.717948717948718,1.0,1.4615652444609577
M5@H1,body_close,against_daily,push,mature,retested_2plus,40,137.9,1.3,2.4150062052069163
M5@H1,body_close,against_daily,push,old,retested_2plus,586,2122.4402730375427,1.68259385665529,5.552047759429062
M5@H1,body_close,against_daily,push,young,retested_2plus,36,12.0,1.0,5.359202329976637
M5@H1,body_close,against_daily,reversal,fresh,retested_1,8,2.875,2.125,1.9478460045913883
M5@H1,body_close,against_daily,reversal,fresh,retested_2plus,363,5.683195592286501,2.0550964187327825,2.6974569441343763
M5@H1,body_close,against_daily,reversal,mature,retested_2plus,297,100.993265993266,2.1178451178451176,3.114109664971031
M5@H1,body_close,against_daily,reversal,old,retested_2plus,765,785.5699346405229,2.724183006535948,6.703722253520845
M5@H1,body_close,against_daily,reversal,young,retested_1,1,12.0,3.0,1.3129356352859594
M5@H1,body_close,against_daily,reversal,young,retested_2plus,254,24.60236220472441,2.6929133858267718,2.831287885612419
M5@H1,body_close,at_transition,continuation,fresh,retested_1,5,4.4,1.4,1.9718947078593037
M5@H1,body_close,at_transition,continuation,fresh,retested_2plus,106,6.349056603773585,1.509433962264151,2.1413034812029657
M5@H1,body_close,at_transition,continuation,mature,retested_1,8,54.125,1.625,1.7139274747419657
M5@H1,body_close,at_transition,continuation,mature,retested_2plus,72,81.23611111111111,1.5416666666666667,2.916657035485072
M5@H1,body_close,at_transition,continuation,old,retested_2plus,25,795.12,1.56,2.903682497084093
M5@H1,body_close,at_transition,continuation,young,retested_2plus,42,22.785714285714285,1.4285714285714286,3.038737723443713
M5@H1,body_close,at_transition,pullback,fresh,retested_2plus,7,7.571428571428571,1.5714285714285714,3.317349676979927
M5@H1,body_close,at_transition,pullback,mature,retested_1,1,51.0,2.0,1.860236220472855
M5@H1,body_close,at_transition,pullback,mature,retested_2plus,25,89.48,1.64,3.5794781903930737
M5@H1,body_close,at_transition,pullback,old,retested_2plus,7,351.42857142857144,1.7142857142857142,2.4689583394748342
M5@H1,body_close,at_transition,pullback,young,retested_1,2,50.0,1.5,0.2135809926506431
M5@H1,body_close,at_transition,pullback,young,retested_2plus,13,26.846153846153847,1.4615384615384615,2.917926397090184
M5@H1,body_close,at_transition,push,mature,retested_2plus,2,92.0,1.0,2.60495878893307
M5@H1,body_close,at_transition,push,old,retested_2plus,5,2085.0,1.4,3.3324977650162353
M5@H1,body_close,at_transition,reversal,fresh,retested_2plus,2,7.5,1.5,9.23093570177661
M5@H1,body_close,at_transition,reversal,old,retested_2plus,1,855.0,2.0,9.646024090247032
M5@H1,body_close,neutral,continuation,fresh,retested_1,289,3.065743944636678,1.491349480968858,1.4778050569560846
M5@H1,body_close,neutral,continuation,fresh,retested_2plus,12447,5.114967462039045,1.4791516027958544,1.5575023436162996
M5@H1,body_close,neutral,continuation,mature,retested_1,17,112.11764705882354,1.588235294117647,1.5213517571737225
M5@H1,body_close,neutral,continuation,mature,retested_2plus,6190,99.3691437802908,1.5119547657512116,1.9991027180327268
M5@H1,body_close,neutral,continuation,old,retested_1,10,804.4,1.4,1.9775574556155213
M5@H1,body_close,neutral,continuation,old,retested_2plus,2257,882.8812583074878,1.407620735489588,2.008099821371863
M5@H1,body_close,neutral,continuation,young,retested_1,16,20.9375,1.5,1.398192690474674
M5@H1,body_close,neutral,continuation,young,retested_2plus,6267,23.28083612573799,1.4448699537258656,1.8085275988714344
M5@H1,body_close,neutral,pullback,fresh,retested_1,133,2.5789473684210527,1.4360902255639099,1.3156440349428895
M5@H1,body_close,neutral,pullback,fresh,retested_2plus,950,7.794736842105263,1.48,2.0329051357827206
M5@H1,body_close,neutral,pullback,mature,retested_1,3,95.33333333333333,1.3333333333333333,1.3081836583770203
M5@H1,body_close,neutral,pullback,mature,retested_2plus,2434,94.33114215283484,1.5308134757600658,3.079898557311484
M5@H1,body_close,neutral,pullback,old,retested_2plus,1283,580.4037412314887,1.4489477786438036,2.0890650902886763
M5@H1,body_close,neutral,pullback,young,retested_2plus,2306,25.725932350390288,1.4579358196010408,2.3301801166366927
M5@H1,body_close,neutral,push,fresh,retested_2plus,28,7.464285714285714,0.0,0.7867050638172393
M5@H1,body_close,neutral,push,old,retested_2plus,1039,2134.926852743022,1.1867179980750722,3.555730853196471
M5@H1,body_close,neutral,push,young,retested_2plus,21,21.666666666666668,2.0,0.5453430555858114
M5@H1,body_close,neutral,reversal,fresh,retested_1,6,2.6666666666666665,0.5,2.0078815415143025
M5@H1,body_close,neutral,reversal,fresh,retested_2plus,146,4.36986301369863,0.7876712328767124,2.6424314233187918
M5@H1,body_close,neutral,reversal,mature,retested_2plus,32,138.09375,1.0,0.903405661879553
M5@H1,body_close,neutral,reversal,old,retested_2plus,339,868.8613569321534,2.0,6.744453966553856
M5@H1,body_close,neutral,unknown,fresh,retested_1,2,2.5,0.0,2.308429283913136
M5@H1,body_close,with_daily,continuation,fresh,first_touch,1,3.0,2.0,2.3824091778202487
M5@H1,body_close,with_daily,continuation,fresh,retested_1,351,3.0626780626780628,2.2165242165242165,1.421344369990249
M5@H1,body_close,with_daily,continuation,fresh,retested_2plus,17103,5.118751096298895,2.1958135999532247,1.5168922306003654
M5@H1,body_close,with_daily,continuation,mature,retested_1,21,76.85714285714286,2.0952380952380953,1.2740360859034334
M5@H1,body_close,with_daily,continuation,mature,retested_2plus,5025,89.4807960199005,2.3124378109452737,2.0015675324403834
M5@H1,body_close,with_daily,continuation,old,retested_1,6,427.5,1.6666666666666667,1.2302360263500869
M5@H1,body_close,with_daily,continuation,old,retested_2plus,1235,661.0218623481782,1.3813765182186235,1.766978012792855
M5@H1,body_close,with_daily,continuation,young,retested_1,30,24.133333333333333,1.9666666666666666,1.4058870392878704
M5@H1,body_close,with_daily,continuation,young,retested_2plus,8445,23.676376554174066,2.2098283007696864,1.779502161893018
M5@H1,body_close,with_daily,pullback,fresh,retested_1,181,2.8232044198895028,2.1933701657458564,1.3093162155697249
M5@H1,body_close,with_daily,pullback,fresh,retested_2plus,1075,7.826046511627907,2.1051162790697675,2.2963883469651503
M5@H1,body_close,with_daily,pullback,mature,retested_1,7,81.0,2.5714285714285716,0.9997589223456141
M5@H1,body_close,with_daily,pullback,mature,retested_2plus,1793,91.78806469604015,2.3541550474065813,1.996445341946269
M5@H1,body_close,with_daily,pullback,old,retested_1,1,328.0,2.0,0.1679717704904391
M5@H1,body_close,with_daily,pullback,old,retested_2plus,375,649.392,1.6666666666666667,1.5578715564109844
M5@H1,body_close,with_daily,pullback,young,retested_1,5,25.8,1.2,1.305818490199392
M5@H1,body_close,with_daily,pullback,young,retested_2plus,2688,22.90438988095238,2.1041666666666665,1.924549532201766
M5@H1,body_close,with_daily,push,fresh,retested_2plus,42,7.761904761904762,2.3333333333333335,1.1753139894316678
M5@H1,body_close,with_daily,push,mature,retested_2plus,163,85.3558282208589,1.8711656441717792,1.7141959670296092
M5@H1,body_close,with_daily,push,old,retested_2plus,409,1724.80195599022,2.0513447432762835,3.6617598142107624
M5@H1,body_close,with_daily,push,young,retested_1,1,15.0,1.0,0.824607329842937
M5@H1,body_close,with_daily,push,young,retested_2plus,163,20.14723926380368,1.9447852760736197,1.3004690939637185
M5@H1,body_close,with_daily,reversal,fresh,retested_1,2,6.5,2.0,5.31449469260708
M5@H1,body_close,with_daily,reversal,fresh,retested_2plus,89,6.561797752808989,1.7415730337078652,7.235222167191754
M5@H1,body_close,with_daily,reversal,mature,retested_2plus,14,113.28571428571429,1.0,1.8520730265202399
M5@H1,body_close,with_daily,reversal,young,retested_2plus,74,42.351351351351354,1.0,1.8709356060039588
M5@H1,break_through,against_daily,continuation,fresh,first_touch,5,2.6,1.8,2.5257175996440373
M5@H1,break_through,against_daily,continuation,mature,first_touch,1,54.0,3.0,1.7910614525138855
M5@H1,break_through,against_daily,continuation,young,first_touch,1,50.0,1.0,0.42767295597476185
M5@H1,break_through,against_daily,pullback,fresh,first_touch,5,2.4,2.4,1.9983166186804506
M5@H1,break_through,at_transition,continuation,mature,first_touch,1,51.0,1.0,4.397435897435973
M5@H1,break_through,at_transition,pullback,mature,first_touch,3,51.666666666666664,1.3333333333333333,4.633820466955625
M5@H1,break_through,at_transition,pullback,young,first_touch,2,50.0,1.5,1.2121442560110811
M5@H1,break_through,neutral,continuation,fresh,first_touch,8,2.25,1.375,1.5318047420017167
M5@H1,break_through,neutral,continuation,mature,first_touch,2,52.0,1.5,1.3562378971526248
M5@H1,break_through,neutral,pullback,fresh,first_touch,5,2.8,1.6,3.299474270188508
M5@H1,break_through,neutral,pullback,young,first_touch,2,50.0,1.0,1.8604580572375353
M5@H1,break_through,with_daily,continuation,fresh,first_touch,8,3.0,2.125,2.6936846521764632
M5@H1,break_through,with_daily,continuation,young,first_touch,1,50.0,3.0,3.076169564130778
M5@H1,break_through,with_daily,pullback,fresh,first_touch,3,3.0,2.3333333333333335,2.4198940794279147
M5@H1,break_through,with_daily,pullback,young,first_touch,2,50.0,2.0,1.4357074634549818
M5@H1,near_miss,against_daily,continuation,fresh,first_touch,527,3.3738140417457307,2.195445920303605,2.9390256519383384
M5@H1,near_miss,against_daily,continuation,fresh,retested_1,248,3.7298387096774195,2.189516129032258,3.5128528773363445
M5@H1,near_miss,against_daily,continuation,fresh,retested_2plus,2181,5.443833104080697,2.1623108665749657,3.27862286132647
M5@H1,near_miss,against_daily,continuation,mature,first_touch,27,106.66666666666667,1.3703703703703705,3.155796533759698
M5@H1,near_miss,against_daily,continuation,mature,retested_1,11,93.9090909090909,1.5454545454545454,2.0955952009857133
M5@H1,near_miss,against_daily,continuation,mature,retested_2plus,681,118.5359765051395,1.5991189427312775,3.6186413528630545
M5@H1,near_miss,against_daily,continuation,old,first_touch,29,891.7586206896551,2.206896551724138,2.253294961352618
M5@H1,near_miss,against_daily,continuation,old,retested_1,12,919.0,2.0,2.5753185496229043
M5@H1,near_miss,against_daily,continuation,old,retested_2plus,1087,691.2980680772769,2.452621895124195,3.6059686209600503
M5@H1,near_miss,against_daily,continuation,young,first_touch,38,22.44736842105263,2.210526315789474,2.5717431549123275
M5@H1,near_miss,against_daily,continuation,young,retested_1,13,19.46153846153846,1.3846153846153846,2.551091415950561
M5@H1,near_miss,against_daily,continuation,young,retested_2plus,1069,20.328344246959777,2.154349859681946,3.228212053418897
M5@H1,near_miss,against_daily,pullback,fresh,first_touch,52,2.8653846153846154,2.0576923076923075,3.0503171259755075
M5@H1,near_miss,against_daily,pullback,fresh,retested_1,1,10.0,1.0,2.4387564937266744
M5@H1,near_miss,against_daily,pullback,fresh,retested_2plus,291,8.206185567010309,2.1580756013745703,3.9391273077874582
M5@H1,near_miss,against_daily,pullback,mature,first_touch,3,116.33333333333333,1.0,1.7913892901145338
M5@H1,near_miss,against_daily,pullback,mature,retested_1,1,155.0,1.0,2.520737327188739
M5@H1,near_miss,against_daily,pullback,mature,retested_2plus,379,121.15831134564644,1.5277044854881265,3.713250606962948
M5@H1,near_miss,against_daily,pullback,old,first_touch,5,3649.8,2.8,2.9992910225005125
M5@H1,near_miss,against_daily,pullback,old,retested_1,8,632.875,2.5,2.092065262665756
M5@H1,near_miss,against_daily,pullback,old,retested_2plus,571,639.8598949211909,2.4238178633975482,3.9816117025478293
M5@H1,near_miss,against_daily,pullback,young,first_touch,3,20.666666666666668,2.0,3.844385241739403
M5@H1,near_miss,against_daily,pullback,young,retested_2plus,650,18.904615384615386,2.0907692307692307,3.901558957054109
M5@H1,near_miss,against_daily,push,fresh,retested_2plus,9,7.333333333333333,1.0,3.246998085514351
M5@H1,near_miss,against_daily,push,mature,retested_2plus,7,151.14285714285714,2.7142857142857144,2.7700941926478015
M5@H1,near_miss,against_daily,push,old,first_touch,1,2711.0,3.0,3.867812424724422
M5@H1,near_miss,against_daily,push,old,retested_2plus,9,2102.5555555555557,2.4444444444444446,9.809236087504338
M5@H1,near_miss,against_daily,reversal,fresh,first_touch,2,4.0,1.0,3.500225512149409
M5@H1,near_miss,against_daily,reversal,fresh,retested_1,2,6.0,1.0,3.65005712726811
M5@H1,near_miss,against_daily,reversal,fresh,retested_2plus,33,5.96969696969697,1.878787878787879,5.81017427923933
M5@H1,near_miss,against_daily,reversal,mature,first_touch,4,60.0,3.0,4.4107326130110724
M5@H1,near_miss,against_daily,reversal,mature,retested_1,1,61.0,3.0,6.067861715748961
M5@H1,near_miss,against_daily,reversal,mature,retested_2plus,46,96.80434782608695,1.8695652173913044,5.424955880883138
M5@H1,near_miss,against_daily,reversal,old,retested_2plus,38,673.8947368421053,2.1315789473684212,12.211476091409606
M5@H1,near_miss,against_daily,reversal,young,retested_2plus,24,12.916666666666666,2.5,5.20859106795971
M5@H1,near_miss,at_transition,continuation,fresh,first_touch,2,5.5,1.0,4.638278572868089
M5@H1,near_miss,at_transition,continuation,fresh,retested_1,1,4.0,1.0,5.922369514824418
M5@H1,near_miss,at_transition,continuation,fresh,retested_2plus,4,7.0,1.5,4.8225182208351125
M5@H1,near_miss,at_transition,continuation,mature,first_touch,2,62.0,1.0,5.760400225479298
M5@H1,near_miss,at_transition,continuation,mature,retested_2plus,3,89.0,1.6666666666666667,9.57068921494725
M5@H1,near_miss,at_transition,continuation,old,retested_2plus,2,1618.5,2.0,3.2297354559795046
M5@H1,near_miss,at_transition,continuation,young,retested_2plus,4,34.5,1.25,2.8116007094425832
M5@H1,near_miss,at_transition,pullback,mature,first_touch,1,51.0,2.0,3.0926365795726753
M5@H1,near_miss,at_transition,pullback,mature,retested_2plus,2,129.5,1.5,14.241301148072145
M5@H1,near_miss,at_transition,pullback,young,retested_2plus,4,20.5,1.0,7.694441494312635
M5@H1,near_miss,at_transition,reversal,mature,retested_2plus,1,55.0,1.0,7.208747514911144
M5@H1,near_miss,neutral,continuation,fresh,first_touch,341,3.4926686217008798,1.4428152492668622,2.843019160406405
M5@H1,near_miss,neutral,continuation,fresh,retested_1,146,4.1506849315068495,1.2945205479452055,3.210763975010496
M5@H1,near_miss,neutral,continuation,fresh,retested_2plus,1723,5.364480557167731,1.5525246662797447,3.2687526676898435
M5@H1,near_miss,neutral,continuation,mature,first_touch,44,95.3409090909091,1.6818181818181819,2.6149058818232387
M5@H1,near_miss,neutral,continuation,mature,retested_1,21,69.0952380952381,1.619047619047619,2.9760225686310604
M5@H1,near_miss,neutral,continuation,mature,retested_2plus,872,100.18922018348624,1.521788990825688,4.036569409620341
M5@H1,near_miss,neutral,continuation,old,first_touch,6,1064.3333333333333,1.3333333333333333,2.424034499088799
M5@H1,near_miss,neutral,continuation,old,retested_1,3,617.6666666666666,1.0,1.7730112959677211
M5@H1,near_miss,neutral,continuation,old,retested_2plus,364,965.1483516483516,1.598901098901099,3.557193199754356
M5@H1,near_miss,neutral,continuation,young,first_touch,39,20.025641025641026,1.4871794871794872,2.520738361712443
M5@H1,near_miss,neutral,continuation,young,retested_1,36,15.833333333333334,1.4444444444444444,2.6434203052245344
M5@H1,near_miss,neutral,continuation,young,retested_2plus,824,21.969660194174757,1.470873786407767,3.7498612671157017
M5@H1,near_miss,neutral,pullback,fresh,first_touch,24,2.5833333333333335,1.4583333333333333,2.4312218665298704
M5@H1,near_miss,neutral,pullback,fresh,retested_2plus,182,7.8076923076923075,1.5054945054945055,3.745247237216521
M5@H1,near_miss,neutral,pullback,mature,first_touch,5,171.8,2.0,1.9332171630425248
M5@H1,near_miss,neutral,pullback,mature,retested_1,3,142.33333333333334,1.3333333333333333,2.335717822431075
M5@H1,near_miss,neutral,pullback,mature,retested_2plus,530,99.16415094339622,1.4811320754716981,3.644514973056925
M5@H1,near_miss,neutral,pullback,old,retested_2plus,218,732.3623853211009,1.5,3.3720174061484496
M5@H1,near_miss,neutral,pullback,young,first_touch,1,50.0,2.0,1.631378522467521
M5@H1,near_miss,neutral,pullback,young,retested_1,3,34.666666666666664,1.3333333333333333,3.745288830674555
M5@H1,near_miss,neutral,pullback,young,retested_2plus,440,24.331818181818182,1.5045454545454546,4.100943989712019
M5@H1,near_miss,neutral,push,fresh,retested_2plus,1,6.0,0.0,2.7293577981667956
M5@H1,near_miss,neutral,push,old,retested_2plus,29,2164.551724137931,1.6896551724137931,8.170520393288225
M5@H1,near_miss,neutral,push,young,retested_2plus,8,20.375,1.75,1.5689045204902075
M5@H1,near_miss,neutral,reversal,fresh,first_touch,2,3.5,0.0,3.8884405339804373
M5@H1,near_miss,neutral,reversal,fresh,retested_2plus,11,5.636363636363637,1.3636363636363635,4.643145413506799
M5@H1,near_miss,neutral,reversal,mature,first_touch,1,134.0,1.0,5.123373866070211
M5@H1,near_miss,neutral,reversal,mature,retested_2plus,10,138.8,1.0,1.9930475758491197
M5@H1,near_miss,with_daily,continuation,fresh,first_touch,502,3.394422310756972,2.197211155378486,2.8794430605156727
M5@H1,near_miss,with_daily,continuation,fresh,retested_1,303,3.66996699669967,2.283828382838284,2.9523458395150635
M5@H1,near_miss,with_daily,continuation,fresh,retested_2plus,2314,5.337942955920484,2.1828003457216942,3.236872336103109
M5@H1,near_miss,with_daily,continuation,mature,first_touch,50,85.94,2.18,2.4230576257742467
M5@H1,near_miss,with_daily,continuation,mature,retested_1,25,88.52,2.52,2.937822306490334
M5@H1,near_miss,with_daily,continuation,mature,retested_2plus,918,94.10893246187364,2.2200435729847494,3.4726730261531675
M5@H1,near_miss,with_daily,continuation,old,first_touch,7,358.14285714285717,1.5714285714285714,2.4831887707393188
M5@H1,near_miss,with_daily,continuation,old,retested_1,10,636.3,1.2,2.192210258721903
M5@H1,near_miss,with_daily,continuation,old,retested_2plus,164,597.8719512195122,1.5121951219512195,2.9545896102912126
M5@H1,near_miss,with_daily,continuation,young,first_touch,70,21.728571428571428,2.157142857142857,2.559083735625487
M5@H1,near_miss,with_daily,continuation,young,retested_1,60,23.233333333333334,2.216666666666667,2.72949395319004
M5@H1,near_miss,with_daily,continuation,young,retested_2plus,1217,23.957271980279376,2.263763352506163,3.5273079561757643
M5@H1,near_miss,with_daily,pullback,fresh,first_touch,50,2.68,2.14,2.9877946287244597
M5@H1,near_miss,with_daily,pullback,fresh,retested_2plus,257,7.9494163424124515,2.1478599221789882,4.075266551162012
M5@H1,near_miss,with_daily,pullback,mature,first_touch,13,72.23076923076923,2.3076923076923075,2.9262327501900267
M5@H1,near_miss,with_daily,pullback,mature,retested_1,4,81.5,2.75,1.733201844533097
M5@H1,near_miss,with_daily,pullback,mature,retested_2plus,518,97.12741312741312,2.4382239382239383,3.275258749126479
M5@H1,near_miss,with_daily,pullback,old,first_touch,3,428.6666666666667,1.6666666666666667,0.981565136802301
M5@H1,near_miss,with_daily,pullback,old,retested_2plus,110,864.1454545454545,1.5363636363636364,2.992965828100748
M5@H1,near_miss,with_daily,pullback,young,first_touch,6,24.333333333333332,1.8333333333333333,2.287934388035907
M5@H1,near_miss,with_daily,pullback,young,retested_1,7,25.714285714285715,2.857142857142857,3.634956804829764
M5@H1,near_miss,with_daily,pullback,young,retested_2plus,605,25.34710743801653,2.16198347107438,3.5787330151330017
M5@H1,near_miss,with_daily,push,fresh,retested_2plus,9,7.555555555555555,2.7777777777777777,3.0398422638707263
M5@H1,near_miss,with_daily,push,mature,retested_1,2,125.0,3.0,3.2316441441439654
M5@H1,near_miss,with_daily,push,mature,retested_2plus,39,81.25641025641026,1.4615384615384615,4.237128627967294
M5@H1,near_miss,with_daily,push,old,retested_2plus,20,2315.85,2.65,11.63267638026708
M5@H1,near_miss,with_daily,push,young,first_touch,5,12.2,2.8,2.7441178214074804
M5@H1,near_miss,with_daily,push,young,retested_1,1,12.0,2.0,4.435728952772303
M5@H1,near_miss,with_daily,push,young,retested_2plus,69,22.73913043478261,1.8840579710144927,2.7178549000946286
M5@H1,near_miss,with_daily,reversal,fresh,first_touch,2,3.0,1.0,2.242433843736393
M5@H1,near_miss,with_daily,reversal,fresh,retested_2plus,2,3.0,1.0,2.668986029720033
M5@H1,near_miss,with_daily,reversal,mature,retested_2plus,1,113.0,1.0,3.999203187251513
M5@H1,near_miss,with_daily,reversal,young,retested_2plus,2,40.0,1.0,5.631291203523022
M5@H1,wick_touch,against_daily,continuation,fresh,retested_1,207,3.6135265700483092,2.21256038647343,2.6648963302401567
M5@H1,wick_touch,against_daily,continuation,fresh,retested_2plus,2733,5.033662641785583,2.154774972557629,2.9779813103379817
M5@H1,wick_touch,against_daily,continuation,mature,retested_1,9,86.33333333333333,2.2222222222222223,2.0530889804712356
M5@H1,wick_touch,against_daily,continuation,mature,retested_2plus,677,114.95420974889217,1.655834564254062,3.249072249562054
M5@H1,wick_touch,against_daily,continuation,old,retested_1,10,1024.5,2.6,2.003390545479013
M5@H1,wick_touch,against_daily,continuation,old,retested_2plus,1017,670.6725663716815,2.448377581120944,3.299292614450863
M5@H1,wick_touch,against_daily,continuation,young,retested_1,19,24.63157894736842,1.9473684210526316,2.354857735322035
M5@H1,wick_touch,against_daily,continuation,young,retested_2plus,1005,19.65771144278607,2.2,3.126087844403343
M5@H1,wick_touch,against_daily,pullback,fresh,retested_1,48,2.5,2.3958333333333335,2.5745665535134235
M5@H1,wick_touch,against_daily,pullback,fresh,retested_2plus,224,8.066964285714286,2.2276785714285716,3.404184614388196
M5@H1,wick_touch,against_daily,pullback,mature,retested_1,2,107.5,1.0,2.6415078326263446
M5@H1,wick_touch,against_daily,pullback,mature,retested_2plus,361,116.90858725761773,1.5955678670360112,3.9679382385697126
M5@H1,wick_touch,against_daily,pullback,old,retested_1,2,408.0,2.0,2.0830290671105
M5@H1,wick_touch,against_daily,pullback,old,retested_2plus,524,799.8950381679389,2.435114503816794,3.599000186883533
M5@H1,wick_touch,against_daily,pullback,young,retested_1,1,50.0,1.0,0.9710494571774232
M5@H1,wick_touch,against_daily,pullback,young,retested_2plus,541,18.463955637707947,2.147874306839187,3.6630945140881095
M5@H1,wick_touch,against_daily,push,fresh,retested_2plus,8,6.5,1.0,2.909237396500813
M5@H1,wick_touch,against_daily,push,mature,retested_2plus,8,137.5,1.25,2.8296834211616204
M5@H1,wick_touch,against_daily,push,old,retested_1,1,2711.0,3.0,3.324028363617144
M5@H1,wick_touch,against_daily,push,old,retested_2plus,10,2100.1,2.7,9.828079337986138
M5@H1,wick_touch,against_daily,reversal,fresh,retested_1,2,6.5,2.0,4.707153912719785
M5@H1,wick_touch,against_daily,reversal,fresh,retested_2plus,40,5.475,1.875,4.743657391151329
M5@H1,wick_touch,against_daily,reversal,mature,retested_1,1,61.0,3.0,4.867816091953985
M5@H1,wick_touch,against_daily,reversal,mature,retested_2plus,44,94.11363636363636,1.9545454545454546,5.181526318183383
M5@H1,wick_touch,against_daily,reversal,old,retested_2plus,41,696.0487804878048,2.2195121951219514,11.13338359815373
M5@H1,wick_touch,against_daily,reversal,young,retested_2plus,19,14.789473684210526,1.9473684210526316,4.615586565494725
M5@H1,wick_touch,at_transition,continuation,fresh,retested_1,5,6.4,1.4,4.134830470539625
M5@H1,wick_touch,at_transition,continuation,fresh,retested_2plus,25,6.08,1.28,4.317587274102683
M5@H1,wick_touch,at_transition,continuation,mature,retested_1,1,52.0,1.0,2.018894516165584
M5@H1,wick_touch,at_transition,continuation,mature,retested_2plus,8,77.75,1.5,3.860016828132898
M5@H1,wick_touch,at_transition,continuation,old,retested_1,1,957.0,2.0,1.3098515585906312
M5@H1,wick_touch,at_transition,continuation,old,retested_2plus,4,601.5,1.5,4.213886043353481
M5@H1,wick_touch,at_transition,continuation,young,retested_2plus,9,21.0,1.2222222222222223,4.512145047427351
M5@H1,wick_touch,at_transition,pullback,fresh,retested_2plus,3,9.0,1.3333333333333333,5.225283800239089
M5@H1,wick_touch,at_transition,pullback,mature,retested_2plus,4,113.5,1.25,6.284243922171754
M5@H1,wick_touch,at_transition,pullback,old,retested_2plus,1,967.0,2.0,1.268807743070956
M5@H1,wick_touch,at_transition,pullback,young,retested_2plus,5,24.0,1.2,5.934489892317446
M5@H1,wick_touch,at_transition,push,young,retested_2plus,1,25.0,2.0,2.815580286168279
M5@H1,wick_touch,neutral,continuation,fresh,retested_1,144,3.4791666666666665,1.4513888888888888,2.4519752602361455
M5@H1,wick_touch,neutral,continuation,fresh,retested_2plus,1972,5.0912778904665315,1.4994929006085194,2.990588578917166
M5@H1,wick_touch,neutral,continuation,mature,retested_1,23,75.3913043478261,1.608695652173913,2.012301649108867
M5@H1,wick_touch,neutral,continuation,mature,retested_2plus,852,98.92605633802818,1.5093896713615023,3.6153881234148804
M5@H1,wick_touch,neutral,continuation,old,retested_1,4,717.75,1.5,1.858591320001306
M5@H1,wick_touch,neutral,continuation,old,retested_2plus,336,825.5119047619048,1.5119047619047619,3.076510732601211
M5@H1,wick_touch,neutral,continuation,young,retested_1,20,17.45,1.45,2.344338685241689
M5@H1,wick_touch,neutral,continuation,young,retested_2plus,838,22.30310262529833,1.473747016706444,3.5274290537564585
M5@H1,wick_touch,neutral,pullback,fresh,retested_1,32,2.625,1.40625,2.8135159330828765
M5@H1,wick_touch,neutral,pullback,fresh,retested_2plus,174,8.051724137931034,1.4942528735632183,3.4746007149759177
M5@H1,wick_touch,neutral,pullback,mature,retested_1,1,76.0,2.0,2.0990952175785913
M5@H1,wick_touch,neutral,pullback,mature,retested_2plus,447,98.331096196868,1.5302013422818792,3.7974499212387394
M5@H1,wick_touch,neutral,pullback,old,retested_1,1,1318.0,1.0,1.5402237613212901
M5@H1,wick_touch,neutral,pullback,old,retested_2plus,214,736.1728971962617,1.425233644859813,3.3562562188038356
M5@H1,wick_touch,neutral,pullback,young,retested_1,5,23.8,1.6,3.731507219574349
M5@H1,wick_touch,neutral,pullback,young,retested_2plus,429,25.265734265734267,1.5034965034965035,3.741116023518387
M5@H1,wick_touch,neutral,push,fresh,retested_2plus,4,6.0,0.0,2.26886818063816
M5@H1,wick_touch,neutral,push,old,retested_2plus,20,2220.5,1.75,7.405124446231193
M5@H1,wick_touch,neutral,push,young,retested_2plus,7,16.714285714285715,1.4285714285714286,1.1921556899442045
M5@H1,wick_touch,neutral,reversal,fresh,retested_1,1,7.0,0.0,5.188325991189678
M5@H1,wick_touch,neutral,reversal,fresh,retested_2plus,18,4.722222222222222,1.3333333333333333,4.258699850854721
M5@H1,wick_touch,neutral,reversal,mature,retested_1,1,134.0,1.0,5.2140499161345515
M5@H1,wick_touch,neutral,reversal,mature,retested_2plus,13,137.84615384615384,1.0,2.4794052663334694
M5@H1,wick_touch,neutral,reversal,old,retested_2plus,3,866.0,2.0,10.667917094299668
M5@H1,wick_touch,with_daily,continuation,fresh,retested_1,232,3.3706896551724137,2.228448275862069,2.6271889511773843
M5@H1,wick_touch,with_daily,continuation,fresh,retested_2plus,2761,5.082216588192684,2.2307135095979715,2.9577530484537267
M5@H1,wick_touch,with_daily,continuation,mature,retested_1,18,78.66666666666667,2.2222222222222223,2.347963890616004
M5@H1,wick_touch,with_daily,continuation,mature,retested_2plus,916,90.76855895196506,2.2423580786026203,3.0697731345511357
M5@H1,wick_touch,with_daily,continuation,old,retested_1,3,939.6666666666666,1.0,1.9180634698542052
M5@H1,wick_touch,with_daily,continuation,old,retested_2plus,149,629.6845637583892,1.429530201342282,2.605561267521708
M5@H1,wick_touch,with_daily,continuation,young,retested_1,35,24.428571428571427,2.2285714285714286,2.74594710645036
M5@H1,wick_touch,with_daily,continuation,young,retested_2plus,1295,24.211583011583013,2.2254826254826257,3.187998739269414
M5@H1,wick_touch,with_daily,pullback,fresh,retested_1,54,2.574074074074074,2.2962962962962963,2.6754225754630245
M5@H1,wick_touch,with_daily,pullback,fresh,retested_2plus,252,7.888888888888889,2.2222222222222223,3.8351615455884005
M5@H1,wick_touch,with_daily,pullback,mature,retested_1,6,81.0,2.5,2.5170681438740794
M5@H1,wick_touch,with_daily,pullback,mature,retested_2plus,428,94.42990654205607,2.4182242990654204,3.070243485831522
M5@H1,wick_touch,with_daily,pullback,old,retested_2plus,72,865.4583333333334,1.4583333333333333,2.473034099641528
M5@H1,wick_touch,with_daily,pullback,young,retested_1,7,28.285714285714285,2.5714285714285716,2.722514785315198
M5@H1,wick_touch,with_daily,pullback,young,retested_2plus,498,24.303212851405622,2.1566265060240966,3.452607828643235
M5@H1,wick_touch,with_daily,push,fresh,retested_2plus,5,6.6,1.8,3.2259371612712364
M5@H1,wick_touch,with_daily,push,mature,retested_1,1,125.0,3.0,3.199268738573725
M5@H1,wick_touch,with_daily,push,mature,retested_2plus,39,75.17948717948718,1.5128205128205128,3.8079719804603407
M5@H1,wick_touch,with_daily,push,old,retested_2plus,13,2006.3076923076924,2.4615384615384617,10.886864022432157
M5@H1,wick_touch,with_daily,push,young,retested_1,3,12.333333333333334,2.6666666666666665,2.7313593351141656
M5@H1,wick_touch,with_daily,push,young,retested_2plus,61,22.950819672131146,1.9180327868852458,2.5287714442810456
M5@H1,wick_touch,with_daily,reversal,fresh,retested_1,3,2.6666666666666665,1.0,2.5116389503953442
M5@H1,wick_touch,with_daily,reversal,fresh,retested_2plus,6,3.3333333333333335,1.3333333333333333,6.674133521686181
M5@H1,wick_touch,with_daily,reversal,mature,retested_2plus,3,112.66666666666667,1.0,4.156526956567852
M5@H1,wick_touch,with_daily,reversal,young,retested_2plus,3,39.0,1.0,5.776334217910299
M5@M15,body_close,against_daily,continuation,fresh,first_touch,6,3.0,2.1666666666666665,0.9048420782684946
M5@M15,body_close,against_daily,continuation,fresh,retested_1,1346,3.4175334323922733,2.1835066864784545,0.5908498597038329
M5@M15,body_close,against_daily,continuation,fresh,retested_2plus,16409,5.656103357913341,2.1869705649338775,0.5954409368577442
M5@M15,body_close,against_daily,continuation,mature,retested_1,38,110.0,2.0789473684210527,0.7249118138302654
M5@M15,body_close,against_daily,continuation,mature,retested_2plus,3426,85.37857559836544,2.0531231757151196,1.0169244023150055
M5@M15,body_close,against_daily,continuation,old,retested_1,38,999.578947368421,1.894736842105263,0.8401541707449018
M5@M15,body_close,against_daily,continuation,old,retested_2plus,5557,975.8371423429908,2.001079719272989,1.2734108047016979
M5@M15,body_close,against_daily,continuation,young,retested_1,125,20.16,2.376,0.8478963249454236
M5@M15,body_close,against_daily,continuation,young,retested_2plus,11614,23.46951954537627,2.132856896848631,0.8716649443894162
M5@M15,body_close,against_daily,pullback,fresh,first_touch,6,2.3333333333333335,2.5,0.7829916759479599
M5@M15,body_close,against_daily,pullback,fresh,retested_1,704,2.5880681818181817,2.159090909090909,0.5338771599251253
M5@M15,body_close,against_daily,pullback,fresh,retested_2plus,1368,7.981725146198831,2.146198830409357,0.7564169472351108
M5@M15,body_close,against_daily,pullback,mature,retested_1,5,125.4,2.4,0.6152799113408461
M5@M15,body_close,against_daily,pullback,mature,retested_2plus,1649,78.53365676167374,2.0733778047301397,1.0349799085993938
M5@M15,body_close,against_daily,pullback,old,retested_1,18,1149.7222222222222,2.0,0.8781512946747908
M5@M15,body_close,against_daily,pullback,old,retested_2plus,2763,918.0213536011581,1.9272529858849077,1.514067847645325
M5@M15,body_close,against_daily,pullback,young,retested_1,21,23.19047619047619,2.0,0.6756543619182407
M5@M15,body_close,against_daily,pullback,young,retested_2plus,5849,23.840998461275433,2.1665241921696015,1.0683568080504386
M5@M15,body_close,against_daily,push,fresh,retested_1,1,9.0,1.0,2.864864864864714
M5@M15,body_close,against_daily,push,fresh,retested_2plus,7,9.428571428571429,1.0,1.1978810986150228
M5@M15,body_close,against_daily,push,old,retested_2plus,23,956.3913043478261,2.0,3.7219231057237985
M5@M15,body_close,against_daily,push,young,retested_2plus,57,25.280701754385966,1.0,0.5053437907765588
M5@M15,body_close,against_daily,reversal,fresh,retested_1,16,3.5,2.25,0.8105572273041046
M5@M15,body_close,against_daily,reversal,fresh,retested_2plus,191,6.403141361256544,2.020942408376963,0.7868699198086383
M5@M15,body_close,against_daily,reversal,mature,retested_2plus,101,118.15841584158416,2.9207920792079207,1.411985781663664
M5@M15,body_close,against_daily,reversal,old,retested_2plus,531,332.26365348399247,2.672316384180791,4.046999750376479
M5@M15,body_close,against_daily,reversal,young,retested_1,1,37.0,1.0,1.9988773364326748
M5@M15,body_close,against_daily,reversal,young,retested_2plus,311,23.69774919614148,2.0160771704180065,0.8830864895518306
M5@M15,body_close,at_transition,continuation,fresh,retested_1,10,6.7,1.2,0.640714707730226
M5@M15,body_close,at_transition,continuation,fresh,retested_2plus,78,6.102564102564102,1.3461538461538463,0.6416811053677878
M5@M15,body_close,at_transition,continuation,mature,retested_1,3,197.0,1.6666666666666667,0.4383726389415806
M5@M15,body_close,at_transition,continuation,mature,retested_2plus,24,123.25,1.5833333333333333,1.433755912075646
M5@M15,body_close,at_transition,continuation,old,retested_1,1,226.0,2.0,0.6870370370373621
M5@M15,body_close,at_transition,continuation,old,retested_2plus,43,579.0,1.627906976744186,1.5444678312342162
M5@M15,body_close,at_transition,continuation,young,retested_1,6,20.333333333333332,1.5,0.6678435048795087
M5@M15,body_close,at_transition,continuation,young,retested_2plus,79,22.49367088607595,1.518987341772152,1.5145867203832786
M5@M15,body_close,at_transition,pullback,fresh,retested_2plus,9,8.444444444444445,1.4444444444444444,0.8788849877509589
M5@M15,body_close,at_transition,pullback,mature,retested_1,3,162.33333333333334,1.6666666666666667,0.47244747535252446
M5@M15,body_close,at_transition,pullback,mature,retested_2plus,12,92.83333333333333,1.6666666666666667,1.21075957442948
M5@M15,body_close,at_transition,pullback,old,retested_2plus,28,373.42857142857144,1.4642857142857142,1.4676060836013416
M5@M15,body_close,at_transition,pullback,young,retested_2plus,41,24.048780487804876,1.4390243902439024,1.5454397001585303
M5@M15,body_close,at_transition,reversal,fresh,retested_1,1,6.0,2.0,1.4190476190476289
M5@M15,body_close,at_transition,reversal,fresh,retested_2plus,1,8.0,1.0,0.600624024961028
M5@M15,body_close,at_transition,reversal,old,retested_2plus,1,415.0,1.0,9.37378173239557
M5@M15,body_close,at_transition,reversal,young,retested_2plus,2,31.0,2.0,0.6571428571428826
M5@M15,body_close,neutral,continuation,fresh,first_touch,3,2.6666666666666665,1.3333333333333333,0.941208960953236
M5@M15,body_close,neutral,continuation,fresh,retested_1,914,3.449671772428884,1.4759299781181618,0.6194131386566276
M5@M15,body_close,neutral,continuation,fresh,retested_2plus,11003,5.7162592020358085,1.454057984186131,0.6146540926466758
M5@M15,body_close,neutral,continuation,mature,retested_1,16,110.3125,1.375,0.6172566431918033
M5@M15,body_close,neutral,continuation,mature,retested_2plus,2922,95.90793976728268,1.4161533196440794,1.0247182464900182
M5@M15,body_close,neutral,continuation,old,retested_1,29,609.5172413793103,1.5517241379310345,0.5576165825547628
M5@M15,body_close,neutral,continuation,old,retested_2plus,4054,494.3815984213123,1.5764676862358165,1.109036610985075
M5@M15,body_close,neutral,continuation,young,retested_1,69,23.0,1.463768115942029,0.7296478795864094
M5@M15,body_close,neutral,continuation,young,retested_2plus,8267,22.673400266118303,1.464255473569614,0.8673826667182197
M5@M15,body_close,neutral,pullback,fresh,first_touch,1,2.0,1.0,0.6782945736435394
M5@M15,body_close,neutral,pullback,fresh,retested_1,458,2.591703056768559,1.4716157205240175,0.5394527818848026
M5@M15,body_close,neutral,pullback,fresh,retested_2plus,814,8.246928746928747,1.445945945945946,0.8336448297200669
M5@M15,body_close,neutral,pullback,mature,retested_1,3,113.66666666666667,1.3333333333333333,0.455569510726302
M5@M15,body_close,neutral,pullback,mature,retested_2plus,1467,101.02385821404226,1.4792092706203135,1.1006434843564141
M5@M15,body_close,neutral,pullback,old,retested_1,10,612.5,1.4,0.3747683361895088
M5@M15,body_close,neutral,pullback,old,retested_2plus,1781,561.1431779898933,1.5659741718135878,1.1975236518451708
M5@M15,body_close,neutral,pullback,young,retested_1,13,27.153846153846153,1.7692307692307692,0.5773182496666674
M5@M15,body_close,neutral,pullback,young,retested_2plus,3723,25.24550094010207,1.486972871340317,1.0873102253122378
M5@M15,body_close,neutral,push,fresh,retested_2plus,2,7.0,1.0,0.6323592634652773
M5@M15,body_close,neutral,push,mature,retested_2plus,23,70.08695652173913,2.0,0.7857584550898639
M5@M15,body_close,neutral,push,old,retested_1,1,444.0,2.0,0.775694676933442
M5@M15,body_close,neutral,push,old,retested_2plus,22,522.5454545454545,1.5,1.37638790048489
M5@M15,body_close,neutral,push,young,retested_1,2,28.5,1.0,0.6321274878967462
M5@M15,body_close,neutral,push,young,retested_2plus,45,30.22222222222222,1.4666666666666666,0.38226264402322135
M5@M15,body_close,neutral,reversal,fresh,retested_1,7,4.571428571428571,0.5714285714285714,0.9595606229554395
M5@M15,body_close,neutral,reversal,fresh,retested_2plus,72,6.583333333333333,0.6111111111111112,0.6378229737712456
M5@M15,body_close,neutral,reversal,old,retested_2plus,21,556.2857142857143,1.0,0.7087123615229951
M5@M15,body_close,neutral,reversal,young,retested_2plus,105,22.82857142857143,0.580952380952381,0.7838639391533944
M5@M15,body_close,with_daily,continuation,fresh,first_touch,3,2.3333333333333335,3.0,0.6506147540980773
M5@M15,body_close,with_daily,continuation,fresh,retested_1,1334,3.4685157421289357,2.158170914542729,0.5981736127432565
M5@M15,body_close,with_daily,continuation,fresh,retested_2plus,16963,5.672286741732005,2.1844013441018686,0.6115192115651205
M5@M15,body_close,with_daily,continuation,mature,retested_1,45,116.46666666666667,2.0444444444444443,0.6952738440874596
M5@M15,body_close,with_daily,continuation,mature,retested_2plus,5611,101.64836927463911,2.0939226519337018,1.0191002351760379
M5@M15,body_close,with_daily,continuation,old,retested_1,33,592.7272727272727,2.090909090909091,0.6273550311977923
M5@M15,body_close,with_daily,continuation,old,retested_2plus,4106,523.4522649780808,2.2769118363370677,1.049593070628724
M5@M15,body_close,with_daily,continuation,young,retested_1,117,22.58974358974359,2.2905982905982905,0.8072871225762016
M5@M15,body_close,with_daily,continuation,young,retested_2plus,11634,23.329809179989685,2.187725631768953,0.9233854736418323
M5@M15,body_close,with_daily,pullback,fresh,first_touch,1,4.0,1.0,0.6157826649416401
M5@M15,body_close,with_daily,pullback,fresh,retested_1,757,2.6750330250990753,2.2324966974900926,0.5555611045885264
M5@M15,body_close,with_daily,pullback,fresh,retested_2plus,1406,8.099573257467995,2.15149359886202,0.7857072048347417
M5@M15,body_close,with_daily,pullback,mature,retested_1,21,128.0,2.1904761904761907,0.4828706698297753
M5@M15,body_close,with_daily,pullback,mature,retested_2plus,2858,102.4559132260322,1.9513645906228132,1.3082134446036915
M5@M15,body_close,with_daily,pullback,old,retested_1,14,325.85714285714283,2.642857142857143,0.3946388578292651
M5@M15,body_close,with_daily,pullback,old,retested_2plus,2212,487.5384267631103,2.2341772151898733,1.1043846102975718
M5@M15,body_close,with_daily,pullback,young,retested_1,16,25.0,2.6875,0.7525734877350565
M5@M15,body_close,with_daily,pullback,young,retested_2plus,5966,24.33791485082132,2.21656050955414,1.1168661515348508
M5@M15,body_close,with_daily,push,fresh,retested_2plus,5,7.4,3.0,0.5291745919665989
M5@M15,body_close,with_daily,push,mature,retested_1,1,72.0,2.0,1.838235294117733
M5@M15,body_close,with_daily,push,mature,retested_2plus,12,89.83333333333333,2.9166666666666665,0.4668283248712451
M5@M15,body_close,with_daily,push,old,retested_1,1,339.0,3.0,3.5245245245248404
M5@M15,body_close,with_daily,push,old,retested_2plus,133,395.0,2.699248120300752,3.239990368748346
M5@M15,body_close,with_daily,push,young,retested_1,1,11.0,1.0,0.5631590997022952
M5@M15,body_close,with_daily,push,young,retested_2plus,91,27.813186813186814,1.835164835164835,0.6010342749496138
M5@M15,body_close,with_daily,reversal,fresh,retested_1,6,3.5,1.3333333333333333,0.9177848507099685
M5@M15,body_close,with_daily,reversal,fresh,retested_2plus,68,6.044117647058823,1.2941176470588236,1.1930316889752213
M5@M15,body_close,with_daily,reversal,mature,retested_1,1,175.0,1.0,1.1580449820703864
M5@M15,body_close,with_daily,reversal,mature,retested_2plus,31,179.3548387096774,1.0,0.7045619569174316
M5@M15,body_close,with_daily,reversal,old,retested_2plus,104,436.3173076923077,1.0,11.196208614878886
M5@M15,body_close,with_daily,reversal,young,retested_2plus,111,23.10810810810811,1.3063063063063063,2.2805427881299773
M5@M15,break_through,against_daily,continuation,fresh,first_touch,69,2.608695652173913,2.0869565217391304,1.5304911028716646
M5@M15,break_through,against_daily,pullback,fresh,first_touch,71,2.591549295774648,2.211267605633803,1.6019171901084428
M5@M15,break_through,against_daily,pullback,mature,first_touch,1,98.0,2.0,0.8703142220453564
M5@M15,break_through,against_daily,reversal,fresh,first_touch,3,2.6666666666666665,2.3333333333333335,1.6702499778257414
M5@M15,break_through,at_transition,continuation,mature,first_touch,4,194.5,1.75,2.9985567143723495
M5@M15,break_through,at_transition,pullback,mature,first_touch,5,194.4,1.8,2.322992918952655
M5@M15,break_through,neutral,continuation,fresh,first_touch,51,2.5098039215686274,1.3725490196078431,1.6319233692598383
M5@M15,break_through,neutral,pullback,fresh,first_touch,52,2.4615384615384617,1.4038461538461537,1.517714070997008
M5@M15,break_through,neutral,pullback,mature,first_touch,1,196.0,2.0,7.563437926330416
M5@M15,break_through,with_daily,continuation,fresh,first_touch,62,2.403225806451613,2.1129032258064515,1.6737062226974642
M5@M15,break_through,with_daily,pullback,fresh,first_touch,66,2.5303030303030303,2.1515151515151514,1.7033040058662954
M5@M15,break_through,with_daily,pullback,mature,first_touch,2,195.5,2.5,3.3428554893224782
M5@M15,near_miss,against_daily,continuation,fresh,first_touch,1613,4.244885306881587,2.203967761934284,1.6987455206690731
M5@M15,near_miss,against_daily,continuation,fresh,retested_1,725,4.521379310344828,2.2082758620689655,1.8343487568762105
M5@M15,near_miss,against_daily,continuation,fresh,retested_2plus,3113,6.214262769033087,2.1384516543527146,1.8964529503088456
M5@M15,near_miss,against_daily,continuation,mature,first_touch,58,103.34482758620689,1.896551724137931,1.6774672227065806
M5@M15,near_miss,against_daily,continuation,mature,retested_1,37,94.75675675675676,2.2432432432432434,2.0355826922006433
M5@M15,near_miss,against_daily,continuation,mature,retested_2plus,852,85.96596244131456,2.0927230046948355,2.3514836912890824
M5@M15,near_miss,against_daily,continuation,old,first_touch,76,936.7236842105264,1.868421052631579,1.8921025956001725
M5@M15,near_miss,against_daily,continuation,old,retested_1,30,1217.4,2.1333333333333333,1.2875068901198565
M5@M15,near_miss,against_daily,continuation,old,retested_2plus,1401,968.4268379728766,2.006423982869379,2.4594402675769977
M5@M15,near_miss,against_daily,continuation,young,first_touch,278,21.068345323741006,2.2697841726618706,1.9415356451108916
M5@M15,near_miss,against_daily,continuation,young,retested_1,158,20.025316455696203,2.1392405063291138,1.8302748418690533
M5@M15,near_miss,against_daily,continuation,young,retested_2plus,2926,23.50375939849624,2.158578263841422,2.1805961819560973
M5@M15,near_miss,against_daily,pullback,fresh,first_touch,250,2.788,2.08,1.71621092412805
M5@M15,near_miss,against_daily,pullback,fresh,retested_1,6,7.833333333333333,2.6666666666666665,2.08806604751041
M5@M15,near_miss,against_daily,pullback,fresh,retested_2plus,532,8.18984962406015,2.1898496240601504,2.0470465054539178
M5@M15,near_miss,against_daily,pullback,mature,first_touch,9,100.44444444444444,2.4444444444444446,1.8770965964205877
M5@M15,near_miss,against_daily,pullback,mature,retested_1,8,76.5,2.0,1.767551256634322
M5@M15,near_miss,against_daily,pullback,mature,retested_2plus,658,80.81155015197568,2.2051671732522795,2.199150542236415
M5@M15,near_miss,against_daily,pullback,old,first_touch,20,765.6,2.05,2.307953042843931
M5@M15,near_miss,against_daily,pullback,old,retested_1,8,1041.875,1.625,1.287182089903562
M5@M15,near_miss,against_daily,pullback,old,retested_2plus,1144,900.5559440559441,1.9527972027972027,2.5506171161583695
M5@M15,near_miss,against_daily,pullback,young,first_touch,50,21.48,2.18,1.8809812500049263
M5@M15,near_miss,against_daily,pullback,young,retested_1,27,27.22222222222222,2.5925925925925926,1.800774453088876
M5@M15,near_miss,against_daily,pullback,young,retested_2plus,2083,24.628420547287565,2.1598655784925587,2.351823577291012
M5@M15,near_miss,against_daily,push,fresh,first_touch,2,8.5,1.0,2.99983663467422
M5@M15,near_miss,against_daily,push,fresh,retested_2plus,3,8.0,1.0,1.6014591363186481
M5@M15,near_miss,against_daily,push,old,retested_2plus,6,544.6666666666666,1.3333333333333333,5.067560741968529
M5@M15,near_miss,against_daily,push,young,retested_2plus,4,16.5,1.0,1.9628219258857666
M5@M15,near_miss,against_daily,reversal,fresh,first_touch,17,4.882352941176471,2.5294117647058822,1.871027840866081
M5@M15,near_miss,against_daily,reversal,fresh,retested_2plus,27,6.814814814814815,1.9259259259259258,2.1965799214519626
M5@M15,near_miss,against_daily,reversal,mature,retested_2plus,6,92.5,2.6666666666666665,3.3138475780370533
M5@M15,near_miss,against_daily,reversal,old,retested_2plus,11,369.27272727272725,2.4545454545454546,8.012288339556854
M5@M15,near_miss,against_daily,reversal,young,first_touch,1,36.0,1.0,2.832640936197424
M5@M15,near_miss,against_daily,reversal,young,retested_1,1,16.0,1.0,1.1760465787449685
M5@M15,near_miss,against_daily,reversal,young,retested_2plus,34,22.147058823529413,2.1470588235294117,2.7352883027507318
M5@M15,near_miss,at_transition,continuation,fresh,first_touch,4,7.5,1.25,2.7755420770175983
M5@M15,near_miss,at_transition,continuation,fresh,retested_1,2,3.5,1.0,2.417965230401666
M5@M15,near_miss,at_transition,continuation,fresh,retested_2plus,15,6.2,1.6,2.2448392056420494
M5@M15,near_miss,at_transition,continuation,mature,first_touch,1,197.0,1.0,3.480075901327991
M5@M15,near_miss,at_transition,continuation,mature,retested_1,1,55.0,2.0,2.836095764272878
M5@M15,near_miss,at_transition,continuation,mature,retested_2plus,9,126.33333333333333,1.6666666666666667,2.797707833614036
M5@M15,near_miss,at_transition,continuation,old,first_touch,1,214.0,2.0,3.011319469635224
M5@M15,near_miss,at_transition,continuation,old,retested_1,1,215.0,1.0,4.859960552268642
M5@M15,near_miss,at_transition,continuation,old,retested_2plus,13,333.9230769230769,1.6923076923076923,2.301190542042521
M5@M15,near_miss,at_transition,continuation,young,first_touch,4,15.25,1.5,2.683967437492079
M5@M15,near_miss,at_transition,continuation,young,retested_1,1,15.0,2.0,1.4110132327162932
M5@M15,near_miss,at_transition,continuation,young,retested_2plus,16,21.8125,1.5625,3.1254910536411464
M5@M15,near_miss,at_transition,pullback,fresh,retested_2plus,2,8.5,1.5,1.376946659249857
M5@M15,near_miss,at_transition,pullback,mature,first_touch,1,55.0,2.0,4.775668244029041
M5@M15,near_miss,at_transition,pullback,mature,retested_2plus,4,85.0,1.5,2.586792433871995
M5@M15,near_miss,at_transition,pullback,old,first_touch,1,215.0,2.0,3.5610939911813846
M5@M15,near_miss,at_transition,pullback,old,retested_1,1,219.0,2.0,2.3302911930447965
M5@M15,near_miss,at_transition,pullback,old,retested_2plus,8,302.625,1.5,3.249599861137785
M5@M15,near_miss,at_transition,pullback,young,first_touch,2,31.0,1.5,2.5244948400687615
M5@M15,near_miss,at_transition,pullback,young,retested_2plus,9,22.666666666666668,1.3333333333333333,3.4547514243758126
M5@M15,near_miss,neutral,continuation,fresh,first_touch,1182,4.235194585448393,1.4686971235194586,1.7557502279361956
M5@M15,near_miss,neutral,continuation,fresh,retested_1,519,4.782273603082851,1.441233140655106,1.7855255653511042
M5@M15,near_miss,neutral,continuation,fresh,retested_2plus,2056,6.172665369649805,1.4844357976653697,1.9317600928373073
M5@M15,near_miss,neutral,continuation,mature,first_touch,40,99.825,1.7,2.120787678040674
M5@M15,near_miss,neutral,continuation,mature,retested_1,31,79.48387096774194,1.6774193548387097,2.1938378404702945
M5@M15,near_miss,neutral,continuation,mature,retested_2plus,723,98.59474412171508,1.4536652835408022,2.2575011034617183
M5@M15,near_miss,neutral,continuation,old,first_touch,73,523.931506849315,1.547945205479452,1.7548555554780412
M5@M15,near_miss,neutral,continuation,old,retested_1,34,440.8235294117647,1.5588235294117647,1.975420532577004
M5@M15,near_miss,neutral,continuation,old,retested_2plus,1142,535.614711033275,1.5726795096322241,2.5004435107376284
M5@M15,near_miss,neutral,continuation,young,first_touch,186,22.161290322580644,1.575268817204301,1.9896608908822997
M5@M15,near_miss,neutral,continuation,young,retested_1,98,21.367346938775512,1.3571428571428572,1.9594153883666583
M5@M15,near_miss,neutral,continuation,young,retested_2plus,1818,23.062706270627064,1.5005500550055006,2.1522854478567406
M5@M15,near_miss,neutral,pullback,fresh,first_touch,194,2.7061855670103094,1.4536082474226804,1.6968426686011366
M5@M15,near_miss,neutral,pullback,fresh,retested_1,3,7.333333333333333,1.0,1.6422776904143486
M5@M15,near_miss,neutral,pullback,fresh,retested_2plus,318,8.0062893081761,1.4150943396226414,2.0812584811108037
M5@M15,near_miss,neutral,pullback,mature,first_touch,5,119.2,1.4,1.8119074720538175
M5@M15,near_miss,neutral,pullback,mature,retested_1,12,71.41666666666667,1.5,3.461711015170424
M5@M15,near_miss,neutral,pullback,mature,retested_2plus,501,97.77245508982035,1.439121756487026,2.1515536491215097
M5@M15,near_miss,neutral,pullback,old,first_touch,24,697.875,1.75,1.5528358832909623
M5@M15,near_miss,neutral,pullback,old,retested_1,11,556.8181818181819,1.7272727272727273,1.5255422091498814
M5@M15,near_miss,neutral,pullback,old,retested_2plus,863,616.1946697566628,1.517960602549247,2.4543638984940914
M5@M15,near_miss,neutral,pullback,young,first_touch,37,22.64864864864865,1.4594594594594594,1.8864374436056668
M5@M15,near_miss,neutral,pullback,young,retested_1,22,26.40909090909091,1.4545454545454546,1.800026172340739
M5@M15,near_miss,neutral,pullback,young,retested_2plus,1306,24.029862174578867,1.5329249617151608,2.319329342046576
M5@M15,near_miss,neutral,push,fresh,first_touch,1,8.0,0.0,1.5811088295681845
M5@M15,near_miss,neutral,push,fresh,retested_2plus,3,9.666666666666666,1.0,1.0833006821572368
M5@M15,near_miss,neutral,push,mature,retested_2plus,3,64.66666666666667,2.0,1.6229066106983872
M5@M15,near_miss,neutral,push,old,first_touch,1,434.0,2.0,2.6835522201375857
M5@M15,near_miss,neutral,push,old,retested_2plus,16,530.875,1.625,2.6182941365393058
M5@M15,near_miss,neutral,push,young,first_touch,4,21.5,0.0,2.254920242840795
M5@M15,near_miss,neutral,push,young,retested_1,2,22.0,2.0,1.2243330352465198
M5@M15,near_miss,neutral,push,young,retested_2plus,5,33.8,2.0,1.9249672524009682
M5@M15,near_miss,neutral,reversal,fresh,first_touch,16,4.75,0.25,1.9129737348529594
M5@M15,near_miss,neutral,reversal,fresh,retested_2plus,13,8.076923076923077,0.15384615384615385,1.9999502095084636
M5@M15,near_miss,neutral,reversal,old,retested_2plus,12,550.5,1.0,2.338054815480937
M5@M15,near_miss,neutral,reversal,young,retested_2plus,12,18.583333333333332,0.6666666666666666,2.0870141997835994
M5@M15,near_miss,with_daily,continuation,fresh,first_touch,1573,4.247298156389065,2.2053401144310234,1.7758334479395863
M5@M15,near_miss,with_daily,continuation,fresh,retested_1,738,4.578590785907859,2.186991869918699,1.8396489057977026
M5@M15,near_miss,with_daily,continuation,fresh,retested_2plus,3021,6.234028467394903,2.1721284342932803,1.9265608580466185
M5@M15,near_miss,with_daily,continuation,mature,first_touch,77,112.25974025974025,2.051948051948052,1.8628043000436934
M5@M15,near_miss,with_daily,continuation,mature,retested_1,38,119.07894736842105,2.236842105263158,1.7895270458314054
M5@M15,near_miss,with_daily,continuation,mature,retested_2plus,1205,104.01327800829876,2.2149377593360997,2.283072188211207
M5@M15,near_miss,with_daily,continuation,old,first_touch,75,464.8933333333333,2.2266666666666666,1.622834430313926
M5@M15,near_miss,with_daily,continuation,old,retested_1,32,274.53125,2.0625,1.9747354803276405
M5@M15,near_miss,with_daily,continuation,old,retested_2plus,1122,462.9554367201426,2.266488413547237,2.3085530447592864
M5@M15,near_miss,with_daily,continuation,young,first_touch,311,23.160771704180064,2.1961414790996785,1.9657349855030675
M5@M15,near_miss,with_daily,continuation,young,retested_1,156,22.26923076923077,2.33974358974359,1.738897072391714
M5@M15,near_miss,with_daily,continuation,young,retested_2plus,2885,23.241941074523396,2.1729636048526864,2.166625394447746
M5@M15,near_miss,with_daily,pullback,fresh,first_touch,284,2.8309859154929575,2.2464788732394365,1.7436710546601162
M5@M15,near_miss,with_daily,pullback,fresh,retested_1,11,8.818181818181818,3.0,1.8543482435500749
M5@M15,near_miss,with_daily,pullback,fresh,retested_2plus,411,8.126520681265207,2.2092457420924574,2.073389688520116
M5@M15,near_miss,with_daily,pullback,mature,first_touch,33,107.06060606060606,1.9696969696969697,1.7907216535239272
M5@M15,near_miss,with_daily,pullback,mature,retested_1,29,106.44827586206897,2.206896551724138,1.6268224698175247
M5@M15,near_miss,with_daily,pullback,mature,retested_2plus,1067,106.16588566073102,2.058106841611996,2.227324362073979
M5@M15,near_miss,with_daily,pullback,old,first_touch,17,494.3529411764706,1.7647058823529411,1.8107383720453956
M5@M15,near_miss,with_daily,pullback,old,retested_1,13,583.5384615384615,2.0,1.7584702131567818
M5@M15,near_miss,with_daily,pullback,old,retested_2plus,760,432.14473684210526,2.2776315789473682,2.0476165631484244
M5@M15,near_miss,with_daily,pullback,young,first_touch,62,24.241935483870968,2.1451612903225805,2.0214710996971688
M5@M15,near_miss,with_daily,pullback,young,retested_1,43,22.674418604651162,2.13953488372093,1.8669225790199675
M5@M15,near_miss,with_daily,pullback,young,retested_2plus,2003,24.055416874687968,2.2056914628057913,2.2924960617163896
M5@M15,near_miss,with_daily,push,fresh,first_touch,2,5.0,1.0,1.4299814438159535
M5@M15,near_miss,with_daily,push,fresh,retested_2plus,3,8.0,3.0,1.590252986654688
M5@M15,near_miss,with_daily,push,mature,first_touch,2,134.0,2.5,1.6093743915837995
M5@M15,near_miss,with_daily,push,mature,retested_1,1,127.0,3.0,1.523060227889336
M5@M15,near_miss,with_daily,push,mature,retested_2plus,10,125.7,2.6,1.7191077334395595
M5@M15,near_miss,with_daily,push,old,first_touch,1,339.0,3.0,4.725708502024506
M5@M15,near_miss,with_daily,push,old,retested_1,3,346.0,3.0,3.49024143362348
M5@M15,near_miss,with_daily,push,old,retested_2plus,27,381.22222222222223,1.9259259259259258,3.5019257818475626
M5@M15,near_miss,with_daily,push,young,first_touch,3,25.333333333333332,1.6666666666666667,2.279678045806158
M5@M15,near_miss,with_daily,push,young,retested_2plus,37,27.945945945945947,1.972972972972973,1.723069661433132
M5@M15,near_miss,with_daily,reversal,fresh,first_touch,2,3.5,1.0,1.8228510742237423
M5@M15,near_miss,with_daily,reversal,fresh,retested_1,3,2.6666666666666665,1.0,1.459504155039389
M5@M15,near_miss,with_daily,reversal,fresh,retested_2plus,9,6.555555555555555,1.2222222222222223,2.496636354377064
M5@M15,near_miss,with_daily,reversal,mature,retested_1,4,152.5,1.0,3.342274247791169
M5@M15,near_miss,with_daily,reversal,mature,retested_2plus,5,177.0,1.0,1.9611257185288007
M5@M15,near_miss,with_daily,reversal,old,retested_2plus,6,431.5,1.0,9.9351241368274
M5@M15,near_miss,with_daily,reversal,young,retested_2plus,3,19.0,1.0,2.823710888733414
M5@M15,wick_touch,against_daily,continuation,fresh,retested_1,814,3.807125307125307,2.2334152334152333,1.4171101959935846
M5@M15,wick_touch,against_daily,continuation,fresh,retested_2plus,5125,5.569365853658536,2.170536585365854,1.5278514704892476
M5@M15,wick_touch,against_daily,continuation,mature,retested_1,24,129.20833333333334,2.0833333333333335,1.468649340429795
M5@M15,wick_touch,against_daily,continuation,mature,retested_2plus,871,88.35132032146957,2.0803673938002296,1.9388724122947512
M5@M15,wick_touch,against_daily,continuation,old,retested_1,39,910.5641025641025,2.0,1.2838884700670121
M5@M15,wick_touch,against_daily,continuation,old,retested_2plus,1476,957.4661246612466,2.002710027100271,1.9754073381376096
M5@M15,wick_touch,against_daily,continuation,young,retested_1,107,20.897196261682243,2.1401869158878504,1.6221962132522443
M5@M15,wick_touch,against_daily,continuation,young,retested_2plus,3367,23.124443124443125,2.170775170775171,1.8070310604217183
M5@M15,wick_touch,against_daily,pullback,fresh,retested_1,289,2.657439446366782,2.134948096885813,1.4291397952434326
M5@M15,wick_touch,against_daily,pullback,fresh,retested_2plus,505,8.095049504950495,2.233663366336634,1.7088518745932604
M5@M15,wick_touch,against_daily,pullback,mature,retested_1,7,103.71428571428571,2.5714285714285716,2.013401285389804
M5@M15,wick_touch,against_daily,pullback,mature,retested_2plus,626,81.21565495207668,2.2012779552715656,1.8617030483566437
M5@M15,wick_touch,against_daily,pullback,old,retested_1,17,1019.8823529411765,1.8823529411764706,1.2751319352011625
M5@M15,wick_touch,against_daily,pullback,old,retested_2plus,970,959.8041237113403,1.9164948453608248,2.1974676398495694
M5@M15,wick_touch,against_daily,pullback,young,retested_1,23,29.217391304347824,2.0869565217391304,1.6473076402023912
M5@M15,wick_touch,against_daily,pullback,young,retested_2plus,1967,24.15556685307575,2.1392984239959327,2.0181291988464847
M5@M15,wick_touch,against_daily,push,fresh,retested_2plus,2,10.0,1.0,1.2114866348222302
M5@M15,wick_touch,against_daily,push,old,retested_2plus,7,657.5714285714286,1.4285714285714286,4.868918235475582
M5@M15,wick_touch,against_daily,push,young,retested_2plus,5,16.0,1.0,2.1679740174666433
M5@M15,wick_touch,against_daily,reversal,fresh,retested_1,3,5.0,2.0,1.6134018153828176
M5@M15,wick_touch,against_daily,reversal,fresh,retested_2plus,37,6.162162162162162,1.864864864864865,1.8602506088680055
M5@M15,wick_touch,against_daily,reversal,mature,retested_2plus,16,95.25,2.5,4.090933124031577
M5@M15,wick_touch,against_daily,reversal,old,retested_2plus,30,402.6333333333333,2.533333333333333,9.019882337799269
M5@M15,wick_touch,against_daily,reversal,young,retested_1,1,16.0,1.0,1.7068477986639927
M5@M15,wick_touch,against_daily,reversal,young,retested_2plus,40,24.4,2.125,2.277637035309565
M5@M15,wick_touch,at_transition,continuation,fresh,retested_1,11,6.090909090909091,1.0,1.7168872112906584
M5@M15,wick_touch,at_transition,continuation,fresh,retested_2plus,33,5.515151515151516,1.393939393939394,1.9565419759785976
M5@M15,wick_touch,at_transition,continuation,mature,retested_1,2,198.5,1.5,1.2651323025749144
M5@M15,wick_touch,at_transition,continuation,mature,retested_2plus,8,161.75,1.625,2.2981304044339446
M5@M15,wick_touch,at_transition,continuation,old,retested_1,3,208.33333333333334,2.0,1.1289542631950553
M5@M15,wick_touch,at_transition,continuation,old,retested_2plus,16,364.125,1.5625,2.7409067893447894
M5@M15,wick_touch,at_transition,continuation,young,retested_1,5,16.8,1.4,2.2550387844722892
M5@M15,wick_touch,at_transition,continuation,young,retested_2plus,34,23.558823529411764,1.2941176470588236,2.6899506321647153
M5@M15,wick_touch,at_transition,pullback,fresh,retested_2plus,2,9.0,1.5,3.8100339691668763
M5@M15,wick_touch,at_transition,pullback,old,retested_1,2,215.0,1.0,4.325079575041065
M5@M15,wick_touch,at_transition,pullback,old,retested_2plus,12,474.25,1.5833333333333333,3.0330082270532603
M5@M15,wick_touch,at_transition,pullback,young,retested_1,3,18.666666666666668,1.3333333333333333,3.432469988943988
M5@M15,wick_touch,at_transition,pullback,young,retested_2plus,20,23.9,1.35,3.0845242966704514
M5@M15,wick_touch,neutral,continuation,fresh,retested_1,547,3.903107861060329,1.493601462522852,1.400615190476966
M5@M15,wick_touch,neutral,continuation,fresh,retested_2plus,3319,5.574871949382344,1.4763482976800242,1.5603166663175596
M5@M15,wick_touch,neutral,continuation,mature,retested_1,25,86.08,1.44,1.4235368255425116
M5@M15,wick_touch,neutral,continuation,mature,retested_2plus,795,96.82012578616352,1.4754716981132074,1.8526815008576785
M5@M15,wick_touch,neutral,continuation,old,retested_1,40,721.775,1.525,1.2371283416286636
M5@M15,wick_touch,neutral,continuation,old,retested_2plus,1170,533.2777777777778,1.5940170940170941,1.9353734582616735
M5@M15,wick_touch,neutral,continuation,young,retested_1,83,22.313253012048193,1.5180722891566265,1.7409317422457973
M5@M15,wick_touch,neutral,continuation,young,retested_2plus,2134,22.721180880974696,1.4985941893158388,1.7368646007221458
M5@M15,wick_touch,neutral,pullback,fresh,retested_1,213,2.619718309859155,1.4413145539906103,1.4458785862003418
M5@M15,wick_touch,neutral,pullback,fresh,retested_2plus,301,8.08970099667774,1.4186046511627908,1.8606854549148464
M5@M15,wick_touch,neutral,pullback,mature,retested_1,2,123.5,1.5,1.2233996624670818
M5@M15,wick_touch,neutral,pullback,mature,retested_2plus,478,99.25732217573221,1.5104602510460252,1.831195560499156
M5@M15,wick_touch,neutral,pullback,old,retested_1,7,377.2857142857143,1.8571428571428572,1.92622854793617
M5@M15,wick_touch,neutral,pullback,old,retested_2plus,781,621.9411011523688,1.5428937259923174,2.090607289903179
M5@M15,wick_touch,neutral,pullback,young,retested_1,16,24.25,1.4375,1.7796720261732841
M5@M15,wick_touch,neutral,pullback,young,retested_2plus,1262,24.347068145800318,1.543581616481775,2.019719795352934
M5@M15,wick_touch,neutral,push,mature,retested_2plus,7,67.71428571428571,2.0,1.5462617720391028
M5@M15,wick_touch,neutral,push,old,retested_2plus,16,498.0,1.75,1.9423056199123956
M5@M15,wick_touch,neutral,push,young,retested_2plus,15,29.666666666666668,1.3333333333333333,1.2500815682659945
M5@M15,wick_touch,neutral,reversal,fresh,retested_1,2,3.0,0.5,2.660599853991329
M5@M15,wick_touch,neutral,reversal,fresh,retested_2plus,12,6.166666666666667,0.25,1.9529919158467797
M5@M15,wick_touch,neutral,reversal,old,retested_2plus,5,552.4,1.0,2.5038943276628474
M5@M15,wick_touch,neutral,reversal,young,retested_2plus,12,23.083333333333332,0.3333333333333333,1.8886253156473554
M5@M15,wick_touch,with_daily,continuation,fresh,retested_1,770,3.8493506493506495,2.175324675324675,1.442809060055921
M5@M15,wick_touch,with_daily,continuation,fresh,retested_2plus,4959,5.625327687033677,2.1510385158298044,1.5714574346851524
M5@M15,wick_touch,with_daily,continuation,mature,retested_1,56,118.55357142857143,2.2142857142857144,1.4797042462242125
M5@M15,wick_touch,with_daily,continuation,mature,retested_2plus,1447,105.54181064270905,2.1243953006219765,1.781839499139972
M5@M15,wick_touch,with_daily,continuation,old,retested_1,44,530.3409090909091,2.2954545454545454,1.1274958227103171
M5@M15,wick_touch,with_daily,continuation,old,retested_2plus,1206,464.3648424543947,2.2653399668325043,1.8252646883466985
M5@M15,wick_touch,with_daily,continuation,young,retested_1,118,21.728813559322035,2.135593220338983,1.4003192329045016
M5@M15,wick_touch,with_daily,continuation,young,retested_2plus,3250,22.443076923076923,2.203076923076923,1.8297281204071725
M5@M15,wick_touch,with_daily,pullback,fresh,retested_1,314,2.627388535031847,2.238853503184713,1.461300403519792
M5@M15,wick_touch,with_daily,pullback,fresh,retested_2plus,419,8.157517899761336,2.3102625298329356,1.7723622263386418
M5@M15,wick_touch,with_daily,pullback,mature,retested_1,25,95.44,2.08,1.9710021824438957
M5@M15,wick_touch,with_daily,pullback,mature,retested_2plus,1018,105.92829076620825,2.0658153241650297,1.9632413160523365
M5@M15,wick_touch,with_daily,pullback,old,retested_1,10,570.6,2.4,1.0428056982629132
M5@M15,wick_touch,with_daily,pullback,old,retested_2plus,826,465.31598062954,2.276029055690073,1.7176564803628074
M5@M15,wick_touch,with_daily,pullback,young,retested_1,25,29.08,2.4,1.3613731771473905
M5@M15,wick_touch,with_daily,pullback,young,retested_2plus,1855,23.988140161725067,2.2371967654986524,1.9427712719547516
M5@M15,wick_touch,with_daily,push,fresh,retested_1,2,8.5,3.0,1.277849977006225
M5@M15,wick_touch,with_daily,push,fresh,retested_2plus,1,8.0,3.0,1.1450924608818778
M5@M15,wick_touch,with_daily,push,mature,retested_1,3,116.66666666666667,3.0,1.0138830501136253
M5@M15,wick_touch,with_daily,push,mature,retested_2plus,10,113.4,2.5,1.717023831998148
M5@M15,wick_touch,with_daily,push,old,retested_1,2,309.5,3.0,2.002953356287169
M5@M15,wick_touch,with_daily,push,old,retested_2plus,40,346.425,2.15,3.5805706452875237
M5@M15,wick_touch,with_daily,push,young,retested_1,3,26.333333333333332,2.3333333333333335,1.4089720561457098
M5@M15,wick_touch,with_daily,push,young,retested_2plus,37,25.37837837837838,1.8918918918918919,1.3739001442872822
M5@M15,wick_touch,with_daily,reversal,fresh,retested_1,1,2.0,1.0,1.425609756097489
M5@M15,wick_touch,with_daily,reversal,fresh,retested_2plus,19,6.578947368421052,1.2105263157894737,2.0424797217912123
M5@M15,wick_touch,with_daily,reversal,mature,retested_1,1,150.0,1.0,5.079402019584345
M5@M15,wick_touch,with_daily,reversal,mature,retested_2plus,6,165.66666666666666,1.0,2.3575918770337263
M5@M15,wick_touch,with_daily,reversal,old,retested_2plus,5,430.4,1.0,11.290984452293648
M5@M15,wick_touch,with_daily,reversal,young,retested_2plus,15,19.0,1.5333333333333334,4.453780194350587
