tf_pair,touch_type,bias_alignment,zone_role,age_bucket,test_count_cls,count,avg_zone_age,avg_bias_strength,avg_price_distance_at_touch
H1@D1,body_close,against_daily,continuation,fresh,retested_1,19,6.473684210526316,1.4210526315789473,2.1072094690485748
H1@D1,body_close,against_daily,continuation,fresh,retested_2plus,9667,6.817833867797662,1.7916623564704666,1.7144108359386954
H1@D1,body_close,against_daily,continuation,mature,retested_1,5,100.2,2.6,4.920542855643576
H1@D1,body_close,against_daily,continuation,mature,retested_2plus,6776,98.85788075560802,2.3717532467532467,2.459736694251861
H1@D1,body_close,against_daily,continuation,old,retested_1,6,1355.0,2.3333333333333335,3.342788013585473
H1@D1,body_close,against_daily,continuation,old,retested_2plus,3928,1025.4060590631364,2.5129837067209775,3.3268485231302063
H1@D1,body_close,against_daily,continuation,young,retested_1,24,25.041666666666668,2.2916666666666665,2.4645312618178044
H1@D1,body_close,against_daily,continuation,young,retested_2plus,13975,25.77939177101968,2.3698747763864043,1.9116163212825201
H1@D1,body_close,against_daily,pullback,fresh,retested_1,2,4.5,1.0,0.8173214609531213
H1@D1,body_close,against_daily,pullback,fresh,retested_2plus,289,8.955017301038062,1.439446366782007,2.282379708136564
H1@D1,body_close,against_daily,pullback,mature,retested_1,2,79.5,1.5,1.3622123680750056
H1@D1,body_close,against_daily,pullback,mature,retested_2plus,2456,105.97516286644951,2.3770358306188926,2.8953176956937865
H1@D1,body_close,against_daily,pullback,old,retested_1,1,2233.0,3.0,1.6056952992463291
H1@D1,body_close,against_daily,pullback,old,retested_2plus,1683,1579.711229946524,2.282828282828283,5.445363596500319
H1@D1,body_close,against_daily,pullback,young,retested_1,1,24.0,3.0,1.3943965517241215
H1@D1,body_close,against_daily,pullback,young,retested_2plus,3044,28.070630749014455,2.0726018396846255,2.260767483272259
H1@D1,body_close,against_daily,push,fresh,retested_2plus,53,7.226415094339623,1.6226415094339623,1.1759938364584717
H1@D1,body_close,against_daily,push,mature,retested_1,1,61.0,3.0,1.1825698324021694
H1@D1,body_close,against_daily,push,mature,retested_2plus,214,76.8177570093458,2.289719626168224,1.3110378951254054
H1@D1,body_close,against_daily,push,old,retested_1,1,442.0,3.0,1.5337010860197493
H1@D1,body_close,against_daily,push,old,retested_2plus,337,789.2789317507419,2.341246290801187,1.3675527554846931
H1@D1,body_close,against_daily,push,young,retested_1,5,29.0,2.8,0.5467536140000283
H1@D1,body_close,against_daily,push,young,retested_2plus,384,31.505208333333332,2.3072916666666665,1.522516319455044
H1@D1,body_close,against_daily,reversal,fresh,retested_2plus,271,7.442804428044281,1.5387453874538746,2.241511117682652
H1@D1,body_close,against_daily,reversal,mature,retested_1,1,158.0,3.0,2.273663810045481
H1@D1,body_close,against_daily,reversal,mature,retested_2plus,1072,126.72294776119404,2.2938432835820897,4.209264416886138
H1@D1,body_close,against_daily,reversal,old,retested_2plus,263,943.5817490494296,2.5893536121673004,5.791301729355136
H1@D1,body_close,against_daily,reversal,young,retested_1,2,17.5,2.5,6.290436388607805
H1@D1,body_close,against_daily,reversal,young,retested_2plus,1022,22.677103718199607,2.352250489236791,4.532350614832171
H1@D1,body_close,at_transition,continuation,fresh,retested_1,36,4.555555555555555,1.5,1.5397483061348052
H1@D1,body_close,at_transition,continuation,fresh,retested_2plus,761,6.47568988173456,1.3823915900131407,1.530506386034358
H1@D1,body_close,at_transition,continuation,mature,retested_2plus,325,97.86769230769231,1.4923076923076923,2.7421776140346337
H1@D1,body_close,at_transition,continuation,old,retested_2plus,154,1016.4090909090909,1.4155844155844155,3.2076786921632854
H1@D1,body_close,at_transition,continuation,young,retested_1,1,11.0,2.0,1.7945160224644678
H1@D1,body_close,at_transition,continuation,young,retested_2plus,626,23.36581469648562,1.461661341853035,1.8290362393599775
H1@D1,body_close,at_transition,pullback,fresh,retested_1,28,4.714285714285714,1.4642857142857142,1.5454742028499826
H1@D1,body_close,at_transition,pullback,fresh,retested_2plus,26,8.923076923076923,1.3461538461538463,1.7559206134210426
H1@D1,body_close,at_transition,pullback,mature,retested_2plus,119,98.47899159663865,1.4705882352941178,3.1522559494952276
H1@D1,body_close,at_transition,pullback,old,retested_2plus,89,1657.3932584269662,1.4382022471910112,5.006888453011911
H1@D1,body_close,at_transition,pullback,young,retested_1,1,14.0,2.0,2.3406049495875814
H1@D1,body_close,at_transition,pullback,young,retested_2plus,184,26.04891304347826,1.3423913043478262,2.134749519320009
H1@D1,body_close,at_transition,push,mature,retested_2plus,11,72.45454545454545,1.4545454545454546,1.2108024792841323
H1@D1,body_close,at_transition,push,old,retested_2plus,13,835.0,1.4615384615384615,2.085320294568305
H1@D1,body_close,at_transition,push,young,retested_2plus,22,28.636363636363637,1.5909090909090908,1.217077668308281
H1@D1,body_close,at_transition,reversal,fresh,retested_1,2,7.0,1.5,7.0645045608166
H1@D1,body_close,at_transition,reversal,fresh,retested_2plus,29,6.931034482758621,1.4137931034482758,1.9045075762853376
H1@D1,body_close,at_transition,reversal,mature,retested_2plus,76,131.80263157894737,1.4605263157894737,4.59654639948163
H1@D1,body_close,at_transition,reversal,old,retested_2plus,8,738.0,1.375,5.217650086961987
H1@D1,body_close,at_transition,reversal,young,retested_2plus,47,21.893617021276597,1.425531914893617,6.977370254258665
H1@D1,body_close,neutral,continuation,fresh,retested_1,55,4.654545454545454,1.490909090909091,2.097943702805881
H1@D1,body_close,neutral,continuation,fresh,retested_2plus,7125,5.921684210526315,1.4756491228070177,1.753833555272747
H1@D1,body_close,neutral,continuation,mature,retested_1,1,156.0,1.0,0.8909947291689958
H1@D1,body_close,neutral,continuation,mature,retested_2plus,2938,100.12593601089176,1.4887678692988429,3.132047863273077
H1@D1,body_close,neutral,continuation,old,retested_2plus,1326,1004.1689291101056,1.3785822021116139,3.77136720398175
H1@D1,body_close,neutral,continuation,young,retested_1,15,19.666666666666668,1.3333333333333333,2.0622646192236704
H1@D1,body_close,neutral,continuation,young,retested_2plus,5823,22.633350506611713,1.4279580972007557,1.9272588473218244
H1@D1,body_close,neutral,pullback,fresh,retested_1,32,3.6875,1.3125,1.638044901619512
H1@D1,body_close,neutral,pullback,fresh,retested_2plus,175,8.765714285714285,1.4914285714285713,2.326190889592865
H1@D1,body_close,neutral,pullback,mature,retested_2plus,1269,93.50748620961387,1.4736012608353033,2.924617044038483
H1@D1,body_close,neutral,pullback,old,retested_2plus,780,1705.8358974358973,1.3923076923076922,5.388971938261734
H1@D1,body_close,neutral,pullback,young,retested_2plus,1667,26.29514097180564,1.3689262147570487,2.358893842316342
H1@D1,body_close,neutral,push,fresh,retested_1,1,10.0,2.0,2.8574580759045127
H1@D1,body_close,neutral,push,fresh,retested_2plus,45,8.311111111111112,1.8222222222222222,1.638362600724162
H1@D1,body_close,neutral,push,mature,retested_2plus,44,71.56818181818181,1.25,0.6686354446102758
H1@D1,body_close,neutral,push,old,retested_2plus,41,973.3170731707318,2.0,2.86156942939486
H1@D1,body_close,neutral,push,young,retested_2plus,177,27.491525423728813,1.502824858757062,1.3113482356126418
H1@D1,body_close,neutral,reversal,fresh,retested_1,3,6.0,1.3333333333333333,2.6583494445707223
H1@D1,body_close,neutral,reversal,fresh,retested_2plus,321,6.38006230529595,1.277258566978193,2.3615279386674266
H1@D1,body_close,neutral,reversal,mature,retested_2plus,854,121.85011709601874,1.4355971896955504,4.009003477130742
H1@D1,body_close,neutral,reversal,old,retested_2plus,69,673.0579710144928,1.4782608695652173,7.536712018240737
H1@D1,body_close,neutral,reversal,young,retested_1,1,11.0,1.0,6.061636914786073
H1@D1,body_close,neutral,reversal,young,retested_2plus,418,23.01196172248804,1.2751196172248804,8.279550845240522
H1@D1,body_close,with_daily,continuation,fresh,retested_1,277,3.7689530685920576,1.9277978339350181,2.327615615205811
H1@D1,body_close,with_daily,continuation,fresh,retested_2plus,11004,4.734187568157034,1.9767357324609234,1.8380393571929494
H1@D1,body_close,with_daily,continuation,mature,retested_1,1,65.0,1.0,1.4661157024793348
H1@D1,body_close,with_daily,continuation,mature,retested_2plus,1896,104.97362869198312,1.7526371308016877,3.79504115517566
H1@D1,body_close,with_daily,continuation,old,retested_2plus,869,978.1956271576524,1.673187571921749,3.4559613800541644
H1@D1,body_close,with_daily,continuation,young,retested_1,3,20.0,2.3333333333333335,1.6949028105890818
H1@D1,body_close,with_daily,continuation,young,retested_2plus,3425,23.78861313868613,1.6986861313868613,2.3094505774236227
H1@D1,body_close,with_daily,pullback,fresh,retested_1,123,3.6910569105691056,1.8780487804878048,1.9608399542734063
H1@D1,body_close,with_daily,pullback,fresh,retested_2plus,701,8.12981455064194,1.7974322396576319,1.9732204529462662
H1@D1,body_close,with_daily,pullback,mature,retested_1,1,120.0,3.0,0.6644833317039787
H1@D1,body_close,with_daily,pullback,mature,retested_2plus,1066,95.99343339587242,1.946529080675422,3.3662350047046057
H1@D1,body_close,with_daily,pullback,old,retested_2plus,1086,1662.2034990791897,2.0736648250460403,5.893283921173462
H1@D1,body_close,with_daily,pullback,young,retested_1,1,13.0,1.0,1.9687010954616115
H1@D1,body_close,with_daily,pullback,young,retested_2plus,1904,24.20798319327731,2.009978991596639,2.450864650915178
H1@D1,body_close,with_daily,push,mature,retested_2plus,60,95.01666666666667,1.9666666666666666,1.4183113484144765
H1@D1,body_close,with_daily,push,old,retested_2plus,77,767.5714285714286,2.038961038961039,1.61640464625621
H1@D1,body_close,with_daily,push,young,retested_2plus,143,27.727272727272727,2.125874125874126,1.5554906067305387
H1@D1,body_close,with_daily,reversal,fresh,retested_1,18,4.777777777777778,2.388888888888889,2.476638271001251
H1@D1,body_close,with_daily,reversal,fresh,retested_2plus,473,5.902748414376322,2.3446088794926006,2.7834685274872917
H1@D1,body_close,with_daily,reversal,mature,retested_2plus,595,130.01512605042018,1.877310924369748,4.470007769590032
H1@D1,body_close,with_daily,reversal,old,retested_2plus,40,676.125,1.15,6.008199421399906
H1@D1,body_close,with_daily,reversal,young,retested_2plus,295,21.06779661016949,1.8610169491525423,6.397791976005963
H1@D1,break_through,at_transition,continuation,fresh,first_touch,2,4.5,1.5,3.083737461376156
H1@D1,near_miss,against_daily,continuation,fresh,first_touch,44,7.0227272727272725,1.6590909090909092,2.7748432087920727
H1@D1,near_miss,against_daily,continuation,fresh,retested_1,11,7.454545454545454,1.3636363636363635,3.0417582202302054
H1@D1,near_miss,against_daily,continuation,fresh,retested_2plus,790,7.229113924050633,1.6481012658227847,3.7010269505117073
H1@D1,near_miss,against_daily,continuation,mature,first_touch,15,67.73333333333333,2.466666666666667,3.248796935449363
H1@D1,near_miss,against_daily,continuation,mature,retested_1,6,141.0,2.1666666666666665,3.7707396911018254
H1@D1,near_miss,against_daily,continuation,mature,retested_2plus,594,103.75757575757575,2.4023569023569022,4.380084440116933
H1@D1,near_miss,against_daily,continuation,old,first_touch,5,666.8,2.4,5.365316064169507
H1@D1,near_miss,against_daily,continuation,old,retested_1,4,379.0,3.0,1.4763610452082205
H1@D1,near_miss,against_daily,continuation,old,retested_2plus,356,856.3651685393259,2.5252808988764044,4.817800042947808
H1@D1,near_miss,against_daily,continuation,young,first_touch,76,24.92105263157895,2.3947368421052633,3.612725630425369
H1@D1,near_miss,against_daily,continuation,young,retested_1,20,24.05,2.35,3.27194043723208
H1@D1,near_miss,against_daily,continuation,young,retested_2plus,1431,24.005590496156533,2.3389238294898673,4.010675067076993
H1@D1,near_miss,against_daily,pullback,fresh,retested_2plus,16,8.8125,1.125,4.517381643232061
H1@D1,near_miss,against_daily,pullback,mature,first_touch,5,69.0,1.8,3.102228130385532
H1@D1,near_miss,against_daily,pullback,mature,retested_2plus,352,97.66193181818181,2.3011363636363638,4.472830229620902
H1@D1,near_miss,against_daily,pullback,old,first_touch,4,997.75,3.0,2.4930639875917997
H1@D1,near_miss,against_daily,pullback,old,retested_2plus,213,897.4460093896714,2.403755868544601,5.209613556075694
H1@D1,near_miss,against_daily,pullback,young,first_touch,15,23.133333333333333,2.066666666666667,4.716862417396692
H1@D1,near_miss,against_daily,pullback,young,retested_1,7,27.857142857142858,2.4285714285714284,4.745834977586571
H1@D1,near_miss,against_daily,pullback,young,retested_2plus,364,27.48901098901099,2.0494505494505493,4.440727711557737
H1@D1,near_miss,against_daily,push,fresh,first_touch,3,8.0,3.0,2.8429570332362775
H1@D1,near_miss,against_daily,push,fresh,retested_2plus,16,7.75,2.375,3.6811837038546775
H1@D1,near_miss,against_daily,push,mature,first_touch,1,78.0,3.0,4.551416048550124
H1@D1,near_miss,against_daily,push,mature,retested_1,1,79.0,3.0,6.282388901951513
H1@D1,near_miss,against_daily,push,mature,retested_2plus,85,76.94117647058823,2.4352941176470586,3.1503550902687087
H1@D1,near_miss,against_daily,push,old,retested_2plus,40,899.55,3.0,3.9475314491333493
H1@D1,near_miss,against_daily,push,young,first_touch,8,26.75,1.875,2.2279080226974637
H1@D1,near_miss,against_daily,push,young,retested_1,2,41.0,2.0,2.3078851790017767
H1@D1,near_miss,against_daily,push,young,retested_2plus,73,28.65753424657534,2.4794520547945207,3.122382444599569
H1@D1,near_miss,against_daily,reversal,fresh,first_touch,1,8.0,2.0,5.094868620813039
H1@D1,near_miss,against_daily,reversal,fresh,retested_2plus,33,7.393939393939394,1.9090909090909092,4.010585510667506
H1@D1,near_miss,against_daily,reversal,mature,first_touch,5,106.0,3.0,10.758408264339646
H1@D1,near_miss,against_daily,reversal,mature,retested_1,8,95.25,3.0,13.168310624093557
H1@D1,near_miss,against_daily,reversal,mature,retested_2plus,125,111.312,2.432,5.220794379845764
H1@D1,near_miss,against_daily,reversal,old,retested_2plus,26,963.4615384615385,2.423076923076923,12.300676987569453
H1@D1,near_miss,against_daily,reversal,young,first_touch,9,21.666666666666668,2.0,3.1870307550620978
H1@D1,near_miss,against_daily,reversal,young,retested_2plus,67,25.029850746268657,1.9253731343283582,5.401117280697139
H1@D1,near_miss,at_transition,continuation,fresh,first_touch,9,5.555555555555555,1.3333333333333333,2.6709863506163156
H1@D1,near_miss,at_transition,continuation,fresh,retested_1,4,6.5,1.25,4.35620651214322
H1@D1,near_miss,at_transition,continuation,fresh,retested_2plus,94,6.574468085106383,1.5106382978723405,3.435233258280525
H1@D1,near_miss,at_transition,continuation,mature,retested_2plus,29,85.27586206896552,1.4482758620689655,4.64461017033614
H1@D1,near_miss,at_transition,continuation,old,retested_2plus,11,623.6363636363636,1.2727272727272727,4.787679518146095
H1@D1,near_miss,at_transition,continuation,young,first_touch,1,20.0,1.0,2.8353510895882583
H1@D1,near_miss,at_transition,continuation,young,retested_1,1,20.0,1.0,6.888266804972204
H1@D1,near_miss,at_transition,continuation,young,retested_2plus,107,21.317757009345794,1.4766355140186915,3.820339667966456
H1@D1,near_miss,at_transition,pullback,fresh,first_touch,4,4.75,1.5,3.0075683795459995
H1@D1,near_miss,at_transition,pullback,fresh,retested_2plus,2,8.5,1.5,2.7419050114206875
H1@D1,near_miss,at_transition,pullback,mature,retested_2plus,23,94.08695652173913,1.2173913043478262,4.2911421017663125
H1@D1,near_miss,at_transition,pullback,old,retested_2plus,6,461.1666666666667,1.1666666666666667,6.148288656398954
H1@D1,near_miss,at_transition,pullback,young,retested_2plus,27,23.77777777777778,1.3333333333333333,4.335452269265635
H1@D1,near_miss,at_transition,push,fresh,retested_2plus,1,8.0,1.0,2.7173624036160042
H1@D1,near_miss,at_transition,push,mature,retested_2plus,4,101.75,1.25,3.8245249546447537
H1@D1,near_miss,at_transition,push,old,retested_2plus,1,956.0,1.0,6.618811881188091
H1@D1,near_miss,at_transition,push,young,retested_2plus,4,23.75,1.75,3.0701430298239005
H1@D1,near_miss,at_transition,reversal,fresh,retested_2plus,6,7.166666666666667,1.3333333333333333,3.6207226205424745
H1@D1,near_miss,at_transition,reversal,mature,retested_2plus,6,122.16666666666667,1.3333333333333333,5.466192010336029
H1@D1,near_miss,at_transition,reversal,old,retested_2plus,1,511.0,2.0,4.335540360830256
H1@D1,near_miss,at_transition,reversal,young,retested_2plus,7,17.571428571428573,1.1428571428571428,5.676719822489398
H1@D1,near_miss,neutral,continuation,fresh,first_touch,83,6.108433734939759,1.4096385542168675,3.517013083023925
H1@D1,near_miss,neutral,continuation,fresh,retested_1,24,6.0,1.2916666666666667,3.7796104977492058
H1@D1,near_miss,neutral,continuation,fresh,retested_2plus,903,6.17718715393134,1.5116279069767442,3.8582935956591284
H1@D1,near_miss,neutral,continuation,mature,first_touch,8,104.25,1.625,2.2487337829501
H1@D1,near_miss,neutral,continuation,mature,retested_1,7,112.71428571428571,1.0,2.7820293963565317
H1@D1,near_miss,neutral,continuation,mature,retested_2plus,242,96.46694214876032,1.4173553719008265,5.082621554304124
H1@D1,near_miss,neutral,continuation,old,first_touch,2,965.5,2.0,3.0432825441475524
H1@D1,near_miss,neutral,continuation,old,retested_1,1,1424.0,1.0,1.2383438776566873
H1@D1,near_miss,neutral,continuation,old,retested_2plus,143,740.027972027972,1.4405594405594406,4.791838268773436
H1@D1,near_miss,neutral,continuation,young,first_touch,19,22.63157894736842,1.3157894736842106,3.234307555896228
H1@D1,near_miss,neutral,continuation,young,retested_1,15,16.866666666666667,1.4666666666666666,3.534305338632993
H1@D1,near_miss,neutral,continuation,young,retested_2plus,645,22.190697674418605,1.4821705426356588,4.03544884370879
H1@D1,near_miss,neutral,pullback,fresh,first_touch,3,4.333333333333333,1.0,2.1410084826724316
H1@D1,near_miss,neutral,pullback,fresh,retested_2plus,68,8.647058823529411,1.5294117647058822,3.824499081831192
H1@D1,near_miss,neutral,pullback,mature,first_touch,2,71.0,2.0,4.252501127142295
H1@D1,near_miss,neutral,pullback,mature,retested_2plus,216,94.93981481481481,1.4953703703703705,4.756169352748903
H1@D1,near_miss,neutral,pullback,old,retested_2plus,48,1375.4375,1.4375,9.316544556698156
H1@D1,near_miss,neutral,pullback,young,retested_1,2,29.0,2.0,3.532732276015402
H1@D1,near_miss,neutral,pullback,young,retested_2plus,226,24.75221238938053,1.4601769911504425,4.697175495515684
H1@D1,near_miss,neutral,push,fresh,first_touch,1,10.0,2.0,3.916781609195281
H1@D1,near_miss,neutral,push,fresh,retested_2plus,11,8.363636363636363,1.4545454545454546,2.796222374315546
H1@D1,near_miss,neutral,push,mature,retested_2plus,16,67.1875,1.4375,2.2890098585313856
H1@D1,near_miss,neutral,push,old,retested_2plus,14,985.3571428571429,1.7142857142857142,4.117401471963869
H1@D1,near_miss,neutral,push,young,first_touch,5,38.0,2.0,2.028944815183084
H1@D1,near_miss,neutral,push,young,retested_2plus,36,24.805555555555557,1.6666666666666667,3.2570869823592608
H1@D1,near_miss,neutral,reversal,fresh,first_touch,11,4.0,1.2727272727272727,3.7122285755504407
H1@D1,near_miss,neutral,reversal,fresh,retested_1,2,2.0,2.0,1.7910536454233323
H1@D1,near_miss,neutral,reversal,fresh,retested_2plus,35,7.0,1.6285714285714286,4.14732385482555
H1@D1,near_miss,neutral,reversal,mature,retested_2plus,42,72.30952380952381,1.380952380952381,5.35419971119757
H1@D1,near_miss,neutral,reversal,old,retested_2plus,15,946.4,1.1333333333333333,8.108226905414325
H1@D1,near_miss,neutral,reversal,young,retested_2plus,39,24.846153846153847,1.435897435897436,4.7606678068022115
H1@D1,near_miss,with_daily,continuation,fresh,first_touch,482,4.008298755186722,2.0145228215767634,3.7413830941619137
H1@D1,near_miss,with_daily,continuation,fresh,retested_1,175,4.194285714285714,1.9314285714285715,3.552890126664998
H1@D1,near_miss,with_daily,continuation,fresh,retested_2plus,1537,5.128822381262199,2.1906310995445675,3.943479655670225
H1@D1,near_miss,with_daily,continuation,mature,first_touch,3,79.0,1.0,3.7272308624290393
H1@D1,near_miss,with_daily,continuation,mature,retested_2plus,248,93.20967741935483,1.8548387096774193,5.265878642543252
H1@D1,near_miss,with_daily,continuation,old,retested_2plus,64,598.125,1.71875,6.118993358719983
H1@D1,near_miss,with_daily,continuation,young,first_touch,9,23.666666666666668,1.7777777777777777,3.9371510847340954
H1@D1,near_miss,with_daily,continuation,young,retested_1,15,20.466666666666665,1.8,3.072519776491864
H1@D1,near_miss,with_daily,continuation,young,retested_2plus,601,24.402662229617306,1.8519134775374375,4.3445376078199995
H1@D1,near_miss,with_daily,pullback,fresh,first_touch,39,3.0256410256410255,1.7179487179487178,3.458573669291538
H1@D1,near_miss,with_daily,pullback,fresh,retested_2plus,113,8.15929203539823,1.8672566371681416,4.319638394092277
H1@D1,near_miss,with_daily,pullback,mature,first_touch,6,114.16666666666667,3.0,2.5092096337654133
H1@D1,near_miss,with_daily,pullback,mature,retested_1,1,56.0,2.0,5.9462765957448
H1@D1,near_miss,with_daily,pullback,mature,retested_2plus,198,90.28282828282828,1.6616161616161615,5.162905764483162
H1@D1,near_miss,with_daily,pullback,old,retested_2plus,48,1731.375,1.9583333333333333,8.124838520640417
H1@D1,near_miss,with_daily,pullback,young,first_touch,3,27.333333333333332,1.6666666666666667,3.9041782892215315
H1@D1,near_miss,with_daily,pullback,young,retested_1,2,36.5,3.0,2.5009665933431764
H1@D1,near_miss,with_daily,pullback,young,retested_2plus,320,23.790625,2.171875,4.285145448500513
H1@D1,near_miss,with_daily,push,mature,retested_2plus,25,93.36,2.08,3.458520619441517
H1@D1,near_miss,with_daily,push,old,retested_2plus,11,816.8181818181819,1.3636363636363635,4.517641230739685
H1@D1,near_miss,with_daily,push,young,retested_2plus,18,30.5,1.6666666666666667,3.356870925775918
H1@D1,near_miss,with_daily,reversal,fresh,first_touch,12,4.666666666666667,2.3333333333333335,3.13299587892549
H1@D1,near_miss,with_daily,reversal,fresh,retested_1,4,3.5,1.5,4.251818984475054
H1@D1,near_miss,with_daily,reversal,fresh,retested_2plus,64,5.578125,2.234375,3.611424886540028
H1@D1,near_miss,with_daily,reversal,mature,retested_2plus,55,112.25454545454545,2.0545454545454547,9.202790784259834
H1@D1,near_miss,with_daily,reversal,old,retested_2plus,23,1029.2608695652175,1.3043478260869565,9.258634077810113
H1@D1,near_miss,with_daily,reversal,young,retested_2plus,58,20.482758620689655,1.9482758620689655,12.13939635658808
H1@D1,wick_touch,against_daily,continuation,fresh,retested_1,17,7.0,1.4705882352941178,3.082205551191276
H1@D1,wick_touch,against_daily,continuation,fresh,retested_2plus,832,7.147836538461538,1.6658653846153846,3.533508891397486
H1@D1,wick_touch,against_daily,continuation,mature,retested_1,4,117.0,2.75,3.2896069946910647
H1@D1,wick_touch,against_daily,continuation,mature,retested_2plus,592,95.52871621621621,2.427364864864865,4.103062369087862
H1@D1,wick_touch,against_daily,continuation,old,retested_1,4,655.0,2.75,3.7990306481331144
H1@D1,wick_touch,against_daily,continuation,old,retested_2plus,368,901.8016304347826,2.5380434782608696,4.79573050623666
H1@D1,wick_touch,against_daily,continuation,young,retested_1,20,22.55,2.2,3.333314102470601
H1@D1,wick_touch,against_daily,continuation,young,retested_2plus,1458,24.43621399176955,2.342935528120713,3.8057804192144196
H1@D1,wick_touch,against_daily,pullback,fresh,retested_2plus,22,8.681818181818182,1.1818181818181819,4.563123065424693
H1@D1,wick_touch,against_daily,pullback,mature,retested_1,1,92.0,2.0,5.104334484081377
H1@D1,wick_touch,against_daily,pullback,mature,retested_2plus,386,97.36528497409327,2.2512953367875648,4.798681910954072
H1@D1,wick_touch,against_daily,pullback,old,retested_1,1,1041.0,3.0,2.094488188976339
H1@D1,wick_touch,against_daily,pullback,old,retested_2plus,192,1005.7239583333334,2.390625,5.38944033023208
H1@D1,wick_touch,against_daily,pullback,young,retested_1,2,23.0,2.0,4.448064537333664
H1@D1,wick_touch,against_daily,pullback,young,retested_2plus,386,27.253886010362695,2.0362694300518136,4.372080936669196
H1@D1,wick_touch,against_daily,push,fresh,retested_2plus,18,5.944444444444445,2.1666666666666665,3.452546361912914
H1@D1,wick_touch,against_daily,push,mature,retested_1,1,79.0,3.0,6.1543164587917465
H1@D1,wick_touch,against_daily,push,mature,retested_2plus,84,86.78571428571429,2.5595238095238093,2.7144770437174977
H1@D1,wick_touch,against_daily,push,old,retested_2plus,30,854.9,2.933333333333333,3.4514691165074844
H1@D1,wick_touch,against_daily,push,young,retested_2plus,41,30.48780487804878,2.5121951219512195,2.3550821250762946
H1@D1,wick_touch,against_daily,reversal,fresh,retested_1,2,5.0,1.5,4.618806061324081
H1@D1,wick_touch,against_daily,reversal,fresh,retested_2plus,29,7.482758620689655,1.7586206896551724,3.7887193222292708
H1@D1,wick_touch,against_daily,reversal,mature,retested_1,1,93.0,3.0,11.276548415738384
H1@D1,wick_touch,against_daily,reversal,mature,retested_2plus,105,118.83809523809524,2.4285714285714284,5.883205610342455
H1@D1,wick_touch,against_daily,reversal,old,retested_2plus,21,738.4285714285714,2.619047619047619,7.416713556074047
H1@D1,wick_touch,against_daily,reversal,young,retested_1,1,19.0,3.0,3.2246929970129488
H1@D1,wick_touch,against_daily,reversal,young,retested_2plus,86,23.348837209302324,2.0813953488372094,5.430987901040523
H1@D1,wick_touch,at_transition,continuation,fresh,retested_1,6,5.5,1.3333333333333333,3.575626684546618
H1@D1,wick_touch,at_transition,continuation,fresh,retested_2plus,72,6.555555555555555,1.4444444444444444,3.3200457130021683
H1@D1,wick_touch,at_transition,continuation,mature,retested_2plus,22,85.22727272727273,1.5,3.673885837648378
H1@D1,wick_touch,at_transition,continuation,old,retested_2plus,9,906.1111111111111,1.5555555555555556,3.3189853414994324
H1@D1,wick_touch,at_transition,continuation,young,retested_2plus,60,22.083333333333332,1.5166666666666666,3.6665554387123347
H1@D1,wick_touch,at_transition,pullback,fresh,retested_1,9,4.444444444444445,1.3333333333333333,2.79082930803504
H1@D1,wick_touch,at_transition,pullback,fresh,retested_2plus,2,9.0,1.5,3.105671613352116
H1@D1,wick_touch,at_transition,pullback,mature,retested_2plus,8,79.75,1.625,4.647152767101188
H1@D1,wick_touch,at_transition,pullback,old,retested_1,1,274.0,1.0,1.2661257189810862
H1@D1,wick_touch,at_transition,pullback,old,retested_2plus,9,1200.6666666666667,1.4444444444444444,5.29615145625379
H1@D1,wick_touch,at_transition,pullback,young,retested_2plus,14,25.285714285714285,1.5714285714285714,3.213134304823271
H1@D1,wick_touch,at_transition,push,mature,retested_2plus,2,53.0,1.5,2.631578029301779
H1@D1,wick_touch,at_transition,push,young,retested_1,1,41.0,2.0,1.5791493766853517
H1@D1,wick_touch,at_transition,push,young,retested_2plus,2,18.5,2.0,2.353646337986174
H1@D1,wick_touch,at_transition,reversal,fresh,retested_2plus,2,8.5,1.5,3.114815284019845
H1@D1,wick_touch,at_transition,reversal,mature,retested_2plus,6,62.166666666666664,1.1666666666666667,4.256204125712794
H1@D1,wick_touch,at_transition,reversal,old,retested_2plus,1,1264.0,1.0,8.039229800251917
H1@D1,wick_touch,at_transition,reversal,young,retested_2plus,2,18.5,1.5,3.984702209330318
H1@D1,wick_touch,neutral,continuation,fresh,retested_1,26,5.461538461538462,1.6153846153846154,3.293331829706825
H1@D1,wick_touch,neutral,continuation,fresh,retested_2plus,894,5.965324384787472,1.465324384787472,3.7105523472743354
H1@D1,wick_touch,neutral,continuation,mature,retested_1,5,90.6,1.6,3.5705492865919313
H1@D1,wick_touch,neutral,continuation,mature,retested_2plus,250,98.768,1.5,5.052676803466211
H1@D1,wick_touch,neutral,continuation,old,retested_1,3,1015.3333333333334,1.6666666666666667,2.3985709477009847
H1@D1,wick_touch,neutral,continuation,old,retested_2plus,151,850.5298013245033,1.490066225165563,4.271345239563531
H1@D1,wick_touch,neutral,continuation,young,retested_1,12,23.75,1.3333333333333333,3.3932971718610094
H1@D1,wick_touch,neutral,continuation,young,retested_2plus,623,23.768860353130016,1.4301765650080256,3.8969598538058134
H1@D1,wick_touch,neutral,pullback,fresh,retested_1,2,3.5,1.0,2.376884109288638
H1@D1,wick_touch,neutral,pullback,fresh,retested_2plus,55,8.89090909090909,1.5272727272727273,4.0395552497970675
H1@D1,wick_touch,neutral,pullback,mature,retested_2plus,189,87.3068783068783,1.529100529100529,4.895740889095825
H1@D1,wick_touch,neutral,pullback,old,retested_1,1,1424.0,1.0,1.7393567669438577
H1@D1,wick_touch,neutral,pullback,old,retested_2plus,60,1316.9666666666667,1.5166666666666666,7.979502588136691
H1@D1,wick_touch,neutral,pullback,young,retested_1,1,29.0,2.0,4.130343377715499
H1@D1,wick_touch,neutral,pullback,young,retested_2plus,196,25.551020408163264,1.5051020408163265,4.270695075645401
H1@D1,wick_touch,neutral,push,fresh,retested_2plus,11,8.818181818181818,1.5454545454545454,2.8282773469331346
H1@D1,wick_touch,neutral,push,mature,retested_2plus,12,65.75,1.5,2.029632118974607
H1@D1,wick_touch,neutral,push,old,retested_2plus,9,973.7777777777778,1.8888888888888888,3.7487350971762603
H1@D1,wick_touch,neutral,push,young,retested_2plus,26,27.923076923076923,1.4230769230769231,2.602557635381079
H1@D1,wick_touch,neutral,reversal,fresh,retested_1,2,4.5,1.5,3.8816949877087934
H1@D1,wick_touch,neutral,reversal,fresh,retested_2plus,58,6.672413793103448,1.4482758620689655,3.8153742836590023
H1@D1,wick_touch,neutral,reversal,mature,retested_2plus,39,80.43589743589743,1.5384615384615385,5.087001849608995
H1@D1,wick_touch,neutral,reversal,old,retested_2plus,12,783.5833333333334,1.5,7.124901060465078
H1@D1,wick_touch,neutral,reversal,young,retested_2plus,35,22.314285714285713,1.4285714285714286,5.201156117002124
H1@D1,wick_touch,with_daily,continuation,fresh,retested_1,170,4.052941176470588,1.923529411764706,3.4864742351037448
H1@D1,wick_touch,with_daily,continuation,fresh,retested_2plus,1974,4.70871327254306,2.0911854103343464,3.737673952515975
H1@D1,wick_touch,with_daily,continuation,mature,retested_2plus,229,96.56768558951966,1.7991266375545851,5.245273572217108
H1@D1,wick_touch,with_daily,continuation,old,retested_2plus,49,881.1836734693877,1.7551020408163265,5.344419843253232
H1@D1,wick_touch,with_daily,continuation,young,retested_1,6,25.333333333333332,2.1666666666666665,3.4009234503374812
H1@D1,wick_touch,with_daily,continuation,young,retested_2plus,625,23.944,1.7472,4.230060137949929
H1@D1,wick_touch,with_daily,pullback,fresh,retested_1,25,3.44,1.72,3.380955902168874
H1@D1,wick_touch,with_daily,pullback,fresh,retested_2plus,81,8.25925925925926,1.9382716049382716,4.002156990361408
H1@D1,wick_touch,with_daily,pullback,mature,retested_2plus,164,86.84146341463415,1.7682926829268293,5.12539744085385
H1@D1,wick_touch,with_daily,pullback,old,retested_1,1,1278.0,3.0,0.3525189444423345
H1@D1,wick_touch,with_daily,pullback,old,retested_2plus,52,1519.7692307692307,2.269230769230769,7.933182336406352
H1@D1,wick_touch,with_daily,pullback,young,retested_2plus,319,23.31974921630094,2.188087774294671,4.234335144337163
H1@D1,wick_touch,with_daily,push,mature,retested_2plus,25,92.4,2.2,3.671892225539405
H1@D1,wick_touch,with_daily,push,old,retested_2plus,9,779.3333333333334,1.3333333333333333,4.463108434743597
H1@D1,wick_touch,with_daily,push,young,retested_1,1,17.0,3.0,2.8773281952472574
H1@D1,wick_touch,with_daily,push,young,retested_2plus,16,28.75,1.8125,3.7567141368163037
H1@D1,wick_touch,with_daily,reversal,fresh,retested_1,4,5.25,2.25,3.4980533480300284
H1@D1,wick_touch,with_daily,reversal,fresh,retested_2plus,55,5.836363636363636,2.309090909090909,3.4850091912751457
H1@D1,wick_touch,with_daily,reversal,mature,retested_2plus,40,121.95,1.9,7.995165839904739
H1@D1,wick_touch,with_daily,reversal,old,retested_2plus,14,947.8571428571429,1.4285714285714286,10.17471974119656
H1@D1,wick_touch,with_daily,reversal,young,retested_2plus,35,21.34285714285714,2.057142857142857,11.928569745197034
H1@H4,body_close,against_daily,continuation,fresh,retested_1,670,3.3208955223880596,2.1880597014925374,0.7521494008183748
H1@H4,body_close,against_daily,continuation,fresh,retested_2plus,12909,5.197768998373228,2.214656441242544,0.7349962111080677
H1@H4,body_close,against_daily,continuation,mature,retested_1,30,100.2,2.466666666666667,0.6658821655595375
H1@H4,body_close,against_daily,continuation,mature,retested_2plus,7719,109.26506024096386,2.327244461717839,0.9052530899980529
H1@H4,body_close,against_daily,continuation,old,retested_1,22,628.5,2.4545454545454546,0.6239466834881123
H1@H4,body_close,against_daily,continuation,old,retested_2plus,6692,623.2075612671847,2.4462044231918707,1.2806584444923588
H1@H4,body_close,against_daily,continuation,young,retested_1,129,22.775193798449614,2.0775193798449614,0.7461123372040432
H1@H4,body_close,against_daily,continuation,young,retested_2plus,9936,28.881944444444443,1.9325684380032206,0.8235233822483156
H1@H4,body_close,against_daily,pullback,fresh,retested_1,540,2.7648148148148146,2.225925925925926,0.6390528347015112
H1@H4,body_close,against_daily,pullback,fresh,retested_2plus,1176,7.284863945578231,2.30187074829932,0.8467549550305146
H1@H4,body_close,against_daily,pullback,mature,retested_1,6,100.0,2.5,0.3643331635578402
H1@H4,body_close,against_daily,pullback,mature,retested_2plus,3505,108.92952924393724,2.2601997146932953,0.9990099465664437
H1@H4,body_close,against_daily,pullback,old,retested_1,8,444.625,2.625,0.8662049878270748
H1@H4,body_close,against_daily,pullback,old,retested_2plus,2784,609.5438218390805,2.3189655172413794,1.2418410007529728
H1@H4,body_close,against_daily,pullback,young,retested_1,65,17.784615384615385,2.4307692307692306,0.772344260962105
H1@H4,body_close,against_daily,pullback,young,retested_2plus,3009,31.700897308075774,1.8009305417082087,0.9113545429428498
H1@H4,body_close,against_daily,push,mature,retested_1,1,125.0,1.0,0.045884069012697176
H1@H4,body_close,against_daily,push,mature,retested_2plus,107,115.38317757009345,1.6168224299065421,0.7711018642488712
H1@H4,body_close,against_daily,push,old,retested_1,1,423.0,1.0,0.63774486079161
H1@H4,body_close,against_daily,push,old,retested_2plus,70,283.37142857142857,2.3142857142857145,0.5180157816737747
H1@H4,body_close,against_daily,push,young,retested_2plus,73,37.794520547945204,1.917808219178082,0.8643074625559155
H1@H4,body_close,against_daily,reversal,fresh,retested_1,35,3.2285714285714286,2.6857142857142855,0.8424414495527005
H1@H4,body_close,against_daily,reversal,fresh,retested_2plus,383,5.039164490861618,2.6684073107049606,0.8346307601609426
H1@H4,body_close,against_daily,reversal,mature,retested_2plus,520,107.1826923076923,2.423076923076923,7.043481894353786
H1@H4,body_close,against_daily,reversal,old,retested_1,1,254.0,2.0,1.946178084598226
H1@H4,body_close,against_daily,reversal,old,retested_2plus,594,845.3602693602694,2.234006734006734,3.0352097715825868
H1@H4,body_close,against_daily,reversal,young,retested_1,5,16.4,3.0,0.8480810073292544
H1@H4,body_close,against_daily,reversal,young,retested_2plus,446,32.16143497757847,2.0582959641255605,2.2229119597339975
H1@H4,body_close,at_transition,continuation,fresh,retested_1,3,6.666666666666667,2.0,0.39076859142060844
H1@H4,body_close,at_transition,continuation,fresh,retested_2plus,709,5.754583921015515,1.4414668547249647,0.6317730512925505
H1@H4,body_close,at_transition,continuation,mature,retested_1,2,119.0,1.5,0.3302283978623892
H1@H4,body_close,at_transition,continuation,mature,retested_2plus,284,100.50704225352112,1.4647887323943662,0.8635220550031306
H1@H4,body_close,at_transition,continuation,old,retested_1,2,312.0,1.5,0.31003511373611725
H1@H4,body_close,at_transition,continuation,old,retested_2plus,200,660.365,1.515,1.7319940730508276
H1@H4,body_close,at_transition,continuation,young,retested_1,31,14.96774193548387,1.5161290322580645,0.5732037254835125
H1@H4,body_close,at_transition,continuation,young,retested_2plus,1029,25.01360544217687,1.4149659863945578,0.7303405319218096
H1@H4,body_close,at_transition,pullback,fresh,retested_2plus,65,8.276923076923078,1.3846153846153846,0.8029961858116185
H1@H4,body_close,at_transition,pullback,mature,retested_2plus,186,99.11827956989248,1.456989247311828,0.9823299950398097
H1@H4,body_close,at_transition,pullback,old,retested_1,2,781.0,1.5,1.0150300243446946
H1@H4,body_close,at_transition,pullback,old,retested_2plus,100,608.82,1.4,1.3943069711529719
H1@H4,body_close,at_transition,pullback,young,retested_1,42,14.952380952380953,1.3571428571428572,0.6963639633093298
H1@H4,body_close,at_transition,pullback,young,retested_2plus,342,28.666666666666668,1.391812865497076,0.9021191194521267
H1@H4,body_close,at_transition,push,fresh,retested_2plus,1,5.0,2.0,0.508474576271136
H1@H4,body_close,at_transition,push,mature,retested_2plus,5,101.6,1.0,0.5580509696634105
H1@H4,body_close,at_transition,push,old,retested_2plus,3,228.33333333333334,1.6666666666666667,0.49269690227284046
H1@H4,body_close,at_transition,push,young,retested_2plus,8,32.375,1.5,0.6146767348676356
H1@H4,body_close,at_transition,reversal,fresh,retested_2plus,9,6.333333333333333,1.5555555555555556,0.8543768767288539
H1@H4,body_close,at_transition,reversal,mature,retested_2plus,23,107.6086956521739,1.3478260869565217,11.716459043925921
H1@H4,body_close,at_transition,reversal,old,retested_2plus,43,852.4186046511628,1.4651162790697674,4.117278080147826
H1@H4,body_close,at_transition,reversal,young,retested_1,1,19.0,2.0,2.2039003250270923
H1@H4,body_close,at_transition,reversal,young,retested_2plus,29,27.96551724137931,1.4827586206896552,2.5828208730043163
H1@H4,body_close,neutral,continuation,fresh,retested_1,407,3.2874692874692877,1.4692874692874693,0.6613619068275174
H1@H4,body_close,neutral,continuation,fresh,retested_2plus,8142,5.5350036845983785,1.4489069024809629,0.6928598424907483
H1@H4,body_close,neutral,continuation,mature,retested_1,14,96.85714285714286,1.4285714285714286,0.6654578457182586
H1@H4,body_close,neutral,continuation,mature,retested_2plus,2734,97.82297000731529,1.3858814923189466,0.9259485380313337
H1@H4,body_close,neutral,continuation,old,retested_1,8,575.0,1.25,0.5206181147231133
H1@H4,body_close,neutral,continuation,old,retested_2plus,2147,671.7326502095948,1.4126688402421985,1.7882875015273356
H1@H4,body_close,neutral,continuation,young,retested_1,95,21.694736842105264,1.4421052631578948,0.7516242439348151
H1@H4,body_close,neutral,continuation,young,retested_2plus,9307,24.349629311271087,1.457505103685398,0.7938573855936909
H1@H4,body_close,neutral,pullback,fresh,retested_1,326,2.5920245398773005,1.4233128834355828,0.6077055192625951
H1@H4,body_close,neutral,pullback,fresh,retested_2plus,711,8.144866385372714,1.4486638537271448,0.9336021891575113
H1@H4,body_close,neutral,pullback,mature,retested_1,6,84.66666666666667,1.6666666666666667,0.8315092932590072
H1@H4,body_close,neutral,pullback,mature,retested_2plus,1748,96.7099542334096,1.4450800915331807,1.0029328862984899
H1@H4,body_close,neutral,pullback,old,retested_1,1,212.0,1.0,0.22997022558662297
H1@H4,body_close,neutral,pullback,old,retested_2plus,1104,734.197463768116,1.4375,1.6387097603231056
H1@H4,body_close,neutral,pullback,young,retested_1,33,18.515151515151516,1.5151515151515151,0.5638123555897133
H1@H4,body_close,neutral,pullback,young,retested_2plus,4108,25.72444011684518,1.4678675754625121,1.0094811617213746
H1@H4,body_close,neutral,push,fresh,retested_2plus,4,4.75,1.0,0.6305523226712209
H1@H4,body_close,neutral,push,mature,retested_1,2,120.5,1.0,0.07697247620294938
H1@H4,body_close,neutral,push,mature,retested_2plus,30,128.83333333333334,1.2666666666666666,0.33516693899709377
H1@H4,body_close,neutral,push,old,retested_2plus,1,214.0,2.0,0.37880515918355084
H1@H4,body_close,neutral,push,young,retested_1,2,30.5,1.5,0.15559943696318226
H1@H4,body_close,neutral,push,young,retested_2plus,69,36.91304347826087,1.7971014492753623,0.9349181881685819
H1@H4,body_close,neutral,reversal,fresh,retested_1,6,3.3333333333333335,1.1666666666666667,1.1958352960054366
H1@H4,body_close,neutral,reversal,fresh,retested_2plus,106,6.981132075471698,1.4245283018867925,1.5389163795831038
H1@H4,body_close,neutral,reversal,mature,retested_2plus,200,116.09,1.305,15.375713123354963
H1@H4,body_close,neutral,reversal,old,retested_2plus,463,839.1123110151187,1.3282937365010798,4.31102902290999
H1@H4,body_close,neutral,reversal,young,retested_1,1,16.0,1.0,1.3380716162388073
H1@H4,body_close,neutral,reversal,young,retested_2plus,272,30.522058823529413,1.5036764705882353,4.231975615406543
H1@H4,body_close,neutral,unknown,fresh,retested_1,1,2.0,0.0,0.5496535796766395
H1@H4,body_close,with_daily,continuation,fresh,first_touch,1,2.0,3.0,0.3562058526740762
H1@H4,body_close,with_daily,continuation,fresh,retested_1,609,2.9458128078817736,2.3448275862068964,0.586391317535748
H1@H4,body_close,with_daily,continuation,fresh,retested_2plus,7607,5.025765742079663,2.226633364006836,0.6296901707608942
H1@H4,body_close,with_daily,continuation,mature,retested_1,4,104.5,1.75,0.5654901600239219
H1@H4,body_close,with_daily,continuation,mature,retested_2plus,1380,104.97173913043478,1.6608695652173913,0.8647303044059107
H1@H4,body_close,with_daily,continuation,old,retested_1,1,206.0,1.0,0.32014369536052506
H1@H4,body_close,with_daily,continuation,old,retested_2plus,952,702.0892857142857,1.7468487394957983,1.7541966995514293
H1@H4,body_close,with_daily,continuation,young,first_touch,1,17.0,3.0,0.8538896743368424
H1@H4,body_close,with_daily,continuation,young,retested_1,137,19.036496350364963,2.3065693430656933,0.7074935846622168
H1@H4,body_close,with_daily,continuation,young,retested_2plus,8340,22.750359712230217,2.059232613908873,0.7447644807786151
H1@H4,body_close,with_daily,pullback,fresh,retested_1,317,2.5110410094637223,1.9842271293375395,0.6123192966082954
H1@H4,body_close,with_daily,pullback,fresh,retested_2plus,419,7.968973747016706,1.8233890214797137,0.7161469481271753
H1@H4,body_close,with_daily,pullback,mature,retested_1,5,122.6,2.2,0.4100726961599405
H1@H4,body_close,with_daily,pullback,mature,retested_2plus,1180,105.96779661016949,1.7042372881355932,1.0950562564544355
H1@H4,body_close,with_daily,pullback,old,retested_1,3,544.3333333333334,1.3333333333333333,0.5050607898917007
H1@H4,body_close,with_daily,pullback,old,retested_2plus,733,662.5634379263302,1.6630286493860846,1.5650284235256342
H1@H4,body_close,with_daily,pullback,young,retested_1,36,17.916666666666668,1.9722222222222223,0.6409951265679837
H1@H4,body_close,with_daily,pullback,young,retested_2plus,3132,27.8786717752235,1.8917624521072798,1.0177344860683448
H1@H4,body_close,with_daily,push,fresh,retested_2plus,3,7.0,2.3333333333333335,1.0152767543195755
H1@H4,body_close,with_daily,push,mature,retested_2plus,50,110.1,1.3,0.7071414341118204
H1@H4,body_close,with_daily,push,old,retested_2plus,12,304.9166666666667,2.4166666666666665,0.3548074738619407
H1@H4,body_close,with_daily,push,young,retested_2plus,55,24.072727272727274,2.7818181818181817,0.6574753746891994
H1@H4,body_close,with_daily,reversal,fresh,retested_1,2,2.0,1.5,0.8398091926498573
H1@H4,body_close,with_daily,reversal,fresh,retested_2plus,3,2.3333333333333335,2.0,0.40016240421360233
H1@H4,body_close,with_daily,reversal,mature,retested_2plus,178,105.17415730337079,1.6292134831460674,13.23682072975851
H1@H4,body_close,with_daily,reversal,old,retested_1,1,3092.0,1.0,1.0949955043669404
H1@H4,body_close,with_daily,reversal,old,retested_2plus,332,839.4367469879518,1.9698795180722892,4.0879395425602025
H1@H4,body_close,with_daily,reversal,young,retested_1,2,22.5,2.0,1.1529737815790857
H1@H4,body_close,with_daily,reversal,young,retested_2plus,226,26.73008849557522,1.8008849557522124,0.9551136602819138
H1@H4,break_through,against_daily,continuation,fresh,first_touch,18,2.8333333333333335,1.9444444444444444,1.3641479397527776
H1@H4,break_through,against_daily,continuation,young,first_touch,1,14.0,1.0,1.6039251149969052
H1@H4,break_through,against_daily,pullback,fresh,first_touch,39,2.5641025641025643,2.41025641025641,1.876145359044316
H1@H4,break_through,against_daily,pullback,young,first_touch,3,15.0,2.6666666666666665,1.8162806282759656
H1@H4,break_through,at_transition,continuation,young,first_touch,2,14.0,2.0,1.3793427019628937
H1@H4,break_through,at_transition,pullback,young,first_touch,2,14.0,2.0,1.3671012813805041
H1@H4,break_through,neutral,continuation,fresh,first_touch,26,2.8076923076923075,1.3846153846153846,1.7952396373056605
H1@H4,break_through,neutral,pullback,fresh,first_touch,16,2.125,1.25,1.5839618613997375
H1@H4,break_through,neutral,reversal,fresh,first_touch,1,2.0,2.0,1.9123341831445264
H1@H4,break_through,with_daily,continuation,fresh,first_touch,52,2.576923076923077,2.3076923076923075,1.5371949193043668
H1@H4,break_through,with_daily,pullback,fresh,first_touch,19,2.526315789473684,1.9473684210526316,1.4417446281321573
H1@H4,break_through,with_daily,pullback,young,first_touch,2,15.5,1.0,3.0414392929858147
H1@H4,near_miss,against_daily,continuation,fresh,first_touch,872,3.8061926605504586,2.18348623853211,1.9753177711054388
H1@H4,near_miss,against_daily,continuation,fresh,retested_1,464,3.9073275862068964,2.1551724137931036,1.9934150994823243
H1@H4,near_miss,against_daily,continuation,fresh,retested_2plus,2137,5.550304164716893,2.2587739822180626,2.1242289981377724
H1@H4,near_miss,against_daily,continuation,mature,first_touch,73,109.06849315068493,2.315068493150685,1.8553093669773086
H1@H4,near_miss,against_daily,continuation,mature,retested_1,58,116.53448275862068,1.896551724137931,2.0348946246185884
H1@H4,near_miss,against_daily,continuation,mature,retested_2plus,2017,112.95190877540902,2.2741695587506197,2.198200175105329
H1@H4,near_miss,against_daily,continuation,old,first_touch,74,716.7567567567568,2.189189189189189,1.9214779791563439
H1@H4,near_miss,against_daily,continuation,old,retested_1,35,717.2285714285714,2.742857142857143,1.5634869689943331
H1@H4,near_miss,against_daily,continuation,old,retested_2plus,1408,547.2521306818181,2.4431818181818183,2.4445385423099646
H1@H4,near_miss,against_daily,continuation,young,first_touch,243,26.353909465020575,1.9382716049382716,1.9031566867096175
H1@H4,near_miss,against_daily,continuation,young,retested_1,144,24.79861111111111,1.9652777777777777,2.194492984229924
H1@H4,near_miss,against_daily,continuation,young,retested_2plus,1957,30.38886050076648,1.8671435871231477,2.1266583852654133
H1@H4,near_miss,against_daily,pullback,fresh,first_touch,173,3.052023121387283,2.1734104046242773,1.864471078601004
H1@H4,near_miss,against_daily,pullback,fresh,retested_1,2,7.5,3.0,1.5075256520470137
H1@H4,near_miss,against_daily,pullback,fresh,retested_2plus,329,7.683890577507599,2.291793313069909,2.2148324810137567
H1@H4,near_miss,against_daily,pullback,mature,first_touch,15,113.06666666666666,2.466666666666667,2.3479007540555825
H1@H4,near_miss,against_daily,pullback,mature,retested_1,28,102.60714285714286,2.0714285714285716,2.6280077135337216
H1@H4,near_miss,against_daily,pullback,mature,retested_2plus,1190,113.03445378151261,2.2487394957983193,2.2421102741903036
H1@H4,near_miss,against_daily,pullback,old,first_touch,13,673.7692307692307,2.1538461538461537,1.9045656182746002
H1@H4,near_miss,against_daily,pullback,old,retested_1,19,559.421052631579,2.4210526315789473,1.8820181014989135
H1@H4,near_miss,against_daily,pullback,old,retested_2plus,1092,553.6163003663004,2.431318681318681,2.302837504388302
H1@H4,near_miss,against_daily,pullback,young,first_touch,37,31.45945945945946,1.972972972972973,2.0083810289164563
H1@H4,near_miss,against_daily,pullback,young,retested_1,6,36.166666666666664,1.8333333333333333,2.1816274191642835
H1@H4,near_miss,against_daily,pullback,young,retested_2plus,896,32.088169642857146,1.7845982142857142,2.181267998428582
H1@H4,near_miss,against_daily,push,fresh,retested_2plus,2,7.5,2.0,1.9242424242424365
H1@H4,near_miss,against_daily,push,mature,first_touch,2,128.5,2.0,1.9965366800793292
H1@H4,near_miss,against_daily,push,mature,retested_1,4,167.0,1.0,1.485962131462572
H1@H4,near_miss,against_daily,push,mature,retested_2plus,33,111.3030303030303,2.0606060606060606,2.1257315771037533
H1@H4,near_miss,against_daily,push,old,first_touch,5,361.6,1.6,2.1191455828473194
H1@H4,near_miss,against_daily,push,old,retested_1,1,341.0,3.0,2.1879530548843436
H1@H4,near_miss,against_daily,push,old,retested_2plus,38,528.7368421052631,2.4473684210526314,1.4491619966858706
H1@H4,near_miss,against_daily,push,young,retested_1,1,42.0,3.0,1.358003924866868
H1@H4,near_miss,against_daily,push,young,retested_2plus,35,35.94285714285714,1.7714285714285714,2.2805506561476117
H1@H4,near_miss,against_daily,reversal,fresh,first_touch,20,4.45,2.95,2.0565448552620573
H1@H4,near_miss,against_daily,reversal,fresh,retested_1,5,4.6,2.8,2.3992213828892925
H1@H4,near_miss,against_daily,reversal,fresh,retested_2plus,59,6.203389830508475,2.8135593220338984,2.230966784426591
H1@H4,near_miss,against_daily,reversal,mature,retested_2plus,28,69.89285714285714,2.25,5.017910781049555
H1@H4,near_miss,against_daily,reversal,old,retested_2plus,76,531.6842105263158,2.0789473684210527,4.379589129558834
H1@H4,near_miss,against_daily,reversal,young,first_touch,7,17.857142857142858,3.0,1.724439716711895
H1@H4,near_miss,against_daily,reversal,young,retested_1,5,34.4,1.0,1.527908683092042
H1@H4,near_miss,against_daily,reversal,young,retested_2plus,45,29.22222222222222,1.9777777777777779,2.1974866679187453
H1@H4,near_miss,at_transition,continuation,fresh,first_touch,58,3.9655172413793105,1.5517241379310345,1.8707107546183268
H1@H4,near_miss,at_transition,continuation,fresh,retested_1,29,4.379310344827586,1.4137931034482758,1.671515628176486
H1@H4,near_miss,at_transition,continuation,fresh,retested_2plus,156,6.660256410256411,1.4423076923076923,1.84951514775401
H1@H4,near_miss,at_transition,continuation,mature,first_touch,2,66.0,1.5,2.1830799647187886
H1@H4,near_miss,at_transition,continuation,mature,retested_1,2,118.0,1.0,2.447259868579991
H1@H4,near_miss,at_transition,continuation,mature,retested_2plus,101,97.60396039603961,1.4356435643564356,2.0215118216504817
H1@H4,near_miss,at_transition,continuation,old,first_touch,2,717.0,1.5,1.3572744343664147
H1@H4,near_miss,at_transition,continuation,old,retested_2plus,53,583.1509433962265,1.5471698113207548,2.2921135717439034
H1@H4,near_miss,at_transition,continuation,young,first_touch,30,16.966666666666665,1.5,1.845229793566204
H1@H4,near_miss,at_transition,continuation,young,retested_1,12,21.666666666666668,1.4166666666666667,2.263281476675846
H1@H4,near_miss,at_transition,continuation,young,retested_2plus,230,26.33478260869565,1.508695652173913,1.8552260039756308
H1@H4,near_miss,at_transition,pullback,fresh,retested_2plus,42,8.69047619047619,1.5,1.9573387972376242
H1@H4,near_miss,at_transition,pullback,mature,retested_2plus,70,107.8,1.4142857142857144,2.181067361497775
H1@H4,near_miss,at_transition,pullback,old,first_touch,1,978.0,1.0,1.6247227263561432
H1@H4,near_miss,at_transition,pullback,old,retested_1,1,338.0,2.0,2.3642768338168083
H1@H4,near_miss,at_transition,pullback,old,retested_2plus,58,533.1551724137931,1.4310344827586208,2.3955711385882883
H1@H4,near_miss,at_transition,pullback,young,first_touch,7,19.571428571428573,1.7142857142857142,1.753487522276348
H1@H4,near_miss,at_transition,pullback,young,retested_1,1,22.0,1.0,1.4340770791074713
H1@H4,near_miss,at_transition,pullback,young,retested_2plus,129,27.705426356589147,1.449612403100775,2.051665797152565
H1@H4,near_miss,at_transition,push,mature,first_touch,2,94.0,1.5,1.6793376932682618
H1@H4,near_miss,at_transition,push,mature,retested_2plus,4,126.75,1.5,1.9368031651876492
H1@H4,near_miss,at_transition,push,young,retested_2plus,2,16.5,2.0,2.021773371138759
H1@H4,near_miss,at_transition,reversal,fresh,retested_2plus,4,6.0,1.75,2.9092131194905666
H1@H4,near_miss,at_transition,reversal,mature,retested_2plus,2,124.5,1.5,10.474542434022048
H1@H4,near_miss,at_transition,reversal,old,retested_2plus,3,703.0,1.6666666666666667,5.404984936322054
H1@H4,near_miss,at_transition,reversal,young,first_touch,2,31.0,1.0,1.6019447924277914
H1@H4,near_miss,at_transition,reversal,young,retested_1,1,28.0,2.0,1.9896590273895935
H1@H4,near_miss,at_transition,reversal,young,retested_2plus,13,24.46153846153846,1.3076923076923077,2.433845080166065
H1@H4,near_miss,neutral,continuation,fresh,first_touch,572,4.066433566433567,1.4685314685314685,1.9053970962642308
H1@H4,near_miss,neutral,continuation,fresh,retested_1,295,4.366101694915254,1.4203389830508475,1.8941600958176326
H1@H4,near_miss,neutral,continuation,fresh,retested_2plus,1442,6.220527045769765,1.4459084604715673,2.0328524148947755
H1@H4,near_miss,neutral,continuation,mature,first_touch,55,91.25454545454545,1.5454545454545454,2.166433410909785
H1@H4,near_miss,neutral,continuation,mature,retested_1,25,99.28,1.12,2.0000935935108606
H1@H4,near_miss,neutral,continuation,mature,retested_2plus,823,98.74362089914945,1.4204131227217498,2.1731726085337844
H1@H4,near_miss,neutral,continuation,old,first_touch,27,786.3333333333334,1.2592592592592593,1.8997229776789
H1@H4,near_miss,neutral,continuation,old,retested_1,15,557.5333333333333,1.6666666666666667,2.571594739038144
H1@H4,near_miss,neutral,continuation,old,retested_2plus,517,627.0793036750483,1.3926499032882012,2.935982580922994
H1@H4,near_miss,neutral,continuation,young,first_touch,193,22.72020725388601,1.4870466321243523,1.9247069511758625
H1@H4,near_miss,neutral,continuation,young,retested_1,118,20.372881355932204,1.5,2.0335598459347106
H1@H4,near_miss,neutral,continuation,young,retested_2plus,1943,25.016469377251674,1.492022645393721,2.1439345535073793
H1@H4,near_miss,neutral,pullback,fresh,first_touch,89,2.8764044943820224,1.449438202247191,1.798346253459541
H1@H4,near_miss,neutral,pullback,fresh,retested_1,2,10.0,2.0,1.7029969937497742
H1@H4,near_miss,neutral,pullback,fresh,retested_2plus,252,8.488095238095237,1.4682539682539681,2.216108231783021
H1@H4,near_miss,neutral,pullback,mature,first_touch,12,102.41666666666667,1.4166666666666667,1.892666464151377
H1@H4,near_miss,neutral,pullback,mature,retested_1,3,96.0,1.3333333333333333,2.4273360223151013
H1@H4,near_miss,neutral,pullback,mature,retested_2plus,590,103.26271186440678,1.4186440677966101,2.3104137186491016
H1@H4,near_miss,neutral,pullback,old,first_touch,11,532.5454545454545,1.2727272727272727,1.7429976926829533
H1@H4,near_miss,neutral,pullback,old,retested_1,6,486.5,1.5,1.7896174442129595
H1@H4,near_miss,neutral,pullback,old,retested_2plus,427,558.983606557377,1.395784543325527,2.4717829242178886
H1@H4,near_miss,neutral,pullback,young,first_touch,34,25.058823529411764,1.3823529411764706,1.9603635966667161
H1@H4,near_miss,neutral,pullback,young,retested_1,11,30.545454545454547,1.5454545454545454,2.286319710619925
H1@H4,near_miss,neutral,pullback,young,retested_2plus,1260,26.542857142857144,1.488888888888889,2.2657946186606432
H1@H4,near_miss,neutral,push,fresh,retested_2plus,4,9.5,1.0,2.219809992923057
H1@H4,near_miss,neutral,push,mature,first_touch,1,85.0,1.0,1.1877036715185816
H1@H4,near_miss,neutral,push,mature,retested_2plus,22,109.81818181818181,1.4545454545454546,1.4952912310903494
H1@H4,near_miss,neutral,push,old,retested_2plus,7,390.57142857142856,1.7142857142857142,1.183978311103365
H1@H4,near_miss,neutral,push,young,retested_1,1,27.0,2.0,2.9009310097875365
H1@H4,near_miss,neutral,push,young,retested_2plus,20,34.4,1.65,1.562914460338797
H1@H4,near_miss,neutral,reversal,fresh,first_touch,5,5.8,1.8,1.6543024931609493
H1@H4,near_miss,neutral,reversal,fresh,retested_1,1,8.0,1.0,2.773530620632919
H1@H4,near_miss,neutral,reversal,fresh,retested_2plus,13,7.615384615384615,1.7692307692307692,2.114854004018431
H1@H4,near_miss,neutral,reversal,mature,retested_2plus,13,77.61538461538461,1.1538461538461537,3.6686694665110045
H1@H4,near_miss,neutral,reversal,old,first_touch,3,1086.0,1.0,2.007258548084297
H1@H4,near_miss,neutral,reversal,old,retested_2plus,65,565.0307692307692,1.4615384615384615,4.5499646169610095
H1@H4,near_miss,neutral,reversal,young,first_touch,8,20.25,1.5,2.5063035787444545
H1@H4,near_miss,neutral,reversal,young,retested_1,3,16.0,1.0,1.5393575334705911
H1@H4,near_miss,neutral,reversal,young,retested_2plus,66,26.87878787878788,1.5454545454545454,2.287257527619819
H1@H4,near_miss,with_daily,continuation,fresh,first_touch,742,3.8423180592991915,2.2857142857142856,1.821290769221268
H1@H4,near_miss,with_daily,continuation,fresh,retested_1,356,4.207865168539326,2.2612359550561796,1.8099880852226944
H1@H4,near_miss,with_daily,continuation,fresh,retested_2plus,1785,6.267787114845938,2.1775910364145656,1.9247030915222336
H1@H4,near_miss,with_daily,continuation,mature,first_touch,17,93.23529411764706,1.5294117647058822,1.6693486995964073
H1@H4,near_miss,with_daily,continuation,mature,retested_1,7,116.71428571428571,2.0,3.043834357156929
H1@H4,near_miss,with_daily,continuation,mature,retested_2plus,540,100.53703703703704,1.8092592592592593,2.138899481337112
H1@H4,near_miss,with_daily,continuation,old,first_touch,5,814.2,1.4,2.9816317967103383
H1@H4,near_miss,with_daily,continuation,old,retested_1,2,711.0,3.0,2.614559705536204
H1@H4,near_miss,with_daily,continuation,old,retested_2plus,293,605.8873720136519,1.7235494880546076,2.807661047860465
H1@H4,near_miss,with_daily,continuation,young,first_touch,321,19.36760124610592,2.3208722741433023,1.9237618464910717
H1@H4,near_miss,with_daily,continuation,young,retested_1,166,20.66867469879518,2.1506024096385543,1.8562536986490543
H1@H4,near_miss,with_daily,continuation,young,retested_2plus,2524,23.38946117274168,2.134706814580032,2.0656966602541877
H1@H4,near_miss,with_daily,pullback,fresh,first_touch,104,2.6634615384615383,2.1153846153846154,1.9142256793808698
H1@H4,near_miss,with_daily,pullback,fresh,retested_1,6,6.666666666666667,1.1666666666666667,1.9104747072538046
H1@H4,near_miss,with_daily,pullback,fresh,retested_2plus,147,8.054421768707483,1.653061224489796,1.8033274978821687
H1@H4,near_miss,with_daily,pullback,mature,first_touch,9,122.66666666666667,1.8888888888888888,1.5602851424540636
H1@H4,near_miss,with_daily,pullback,mature,retested_1,1,127.0,3.0,2.8443916748148914
H1@H4,near_miss,with_daily,pullback,mature,retested_2plus,473,101.21987315010571,1.784355179704017,2.2859533323740147
H1@H4,near_miss,with_daily,pullback,old,first_touch,7,930.0,2.7142857142857144,1.6600317897016639
H1@H4,near_miss,with_daily,pullback,old,retested_2plus,289,571.9515570934255,1.6539792387543253,2.4546329570586383
H1@H4,near_miss,with_daily,pullback,young,first_touch,41,22.317073170731707,1.951219512195122,2.094863897981176
H1@H4,near_miss,with_daily,pullback,young,retested_1,38,26.07894736842105,2.1842105263157894,2.426887242799507
H1@H4,near_miss,with_daily,pullback,young,retested_2plus,1396,27.143266475644698,1.981375358166189,2.313366903471354
H1@H4,near_miss,with_daily,push,fresh,first_touch,2,6.0,2.0,2.287324858626786
H1@H4,near_miss,with_daily,push,fresh,retested_2plus,18,6.222222222222222,1.8888888888888888,2.4424705069848613
H1@H4,near_miss,with_daily,push,mature,retested_2plus,33,116.84848484848484,1.6666666666666667,1.7541187053817013
H1@H4,near_miss,with_daily,push,old,retested_2plus,13,327.7692307692308,2.076923076923077,1.812123589846301
H1@H4,near_miss,with_daily,push,young,first_touch,2,19.5,2.5,1.9862592900787344
H1@H4,near_miss,with_daily,push,young,retested_1,3,12.666666666666666,2.0,2.0258703965268343
H1@H4,near_miss,with_daily,push,young,retested_2plus,36,22.02777777777778,2.5277777777777777,1.9334109475079702
H1@H4,near_miss,with_daily,reversal,fresh,retested_2plus,5,8.0,1.0,2.687761721057588
H1@H4,near_miss,with_daily,reversal,mature,retested_2plus,18,65.44444444444444,1.6111111111111112,3.2236053694906817
H1@H4,near_miss,with_daily,reversal,old,retested_2plus,38,841.1052631578947,1.5526315789473684,5.795077563982464
H1@H4,near_miss,with_daily,reversal,young,first_touch,2,14.0,1.0,1.6698005025380107
H1@H4,near_miss,with_daily,reversal,young,retested_1,2,22.0,2.0,2.8406816228767755
H1@H4,near_miss,with_daily,reversal,young,retested_2plus,75,25.533333333333335,1.84,2.178345845786708
H1@H4,wick_touch,against_daily,continuation,fresh,retested_1,456,3.8267543859649122,2.2171052631578947,1.621992351425703
H1@H4,wick_touch,against_daily,continuation,fresh,retested_2plus,3319,5.0295269659536,2.2467610726122325,1.826719927267722
H1@H4,wick_touch,against_daily,continuation,mature,retested_1,41,109.1219512195122,2.0,1.6888613108057458
H1@H4,wick_touch,against_daily,continuation,mature,retested_2plus,2154,109.57938718662953,2.328690807799443,1.8900063127915177
H1@H4,wick_touch,against_daily,continuation,old,retested_1,31,896.2258064516129,2.3870967741935485,1.261581228693428
H1@H4,wick_touch,against_daily,continuation,old,retested_2plus,1496,569.2245989304813,2.4371657754010694,2.1981141866480884
H1@H4,wick_touch,against_daily,continuation,young,retested_1,113,24.690265486725664,2.150442477876106,1.6520546199773858
H1@H4,wick_touch,against_daily,continuation,young,retested_2plus,2353,29.14364640883978,1.8776030599235018,1.8659681543298465
H1@H4,wick_touch,against_daily,pullback,fresh,retested_1,218,2.8211009174311927,2.1788990825688073,1.6621694927530017
H1@H4,wick_touch,against_daily,pullback,fresh,retested_2plus,360,7.216666666666667,2.297222222222222,1.979109234084442
H1@H4,wick_touch,against_daily,pullback,mature,retested_1,19,109.94736842105263,2.4210526315789473,1.9734944421192417
H1@H4,wick_touch,against_daily,pullback,mature,retested_2plus,1142,111.5954465849387,2.2399299474605954,1.9484978263947363
H1@H4,wick_touch,against_daily,pullback,old,retested_1,7,477.42857142857144,2.4285714285714284,1.6605626860367655
H1@H4,wick_touch,against_daily,pullback,old,retested_2plus,1059,565.3484419263456,2.355996222851747,2.0793204657645714
H1@H4,wick_touch,against_daily,pullback,young,retested_1,23,21.391304347826086,2.347826086956522,1.415900430865185
H1@H4,wick_touch,against_daily,pullback,young,retested_2plus,913,32.39430449069003,1.7031763417305585,1.9707829352569592
H1@H4,wick_touch,against_daily,push,fresh,retested_2plus,3,6.666666666666667,2.0,1.9999871644803278
H1@H4,wick_touch,against_daily,push,mature,retested_1,3,103.66666666666667,1.6666666666666667,1.5389326421969987
H1@H4,wick_touch,against_daily,push,mature,retested_2plus,48,113.77083333333333,1.8333333333333333,1.7607148714858727
H1@H4,wick_touch,against_daily,push,old,retested_1,3,318.3333333333333,2.3333333333333335,1.2659664657703977
H1@H4,wick_touch,against_daily,push,old,retested_2plus,45,547.6666666666666,2.2444444444444445,1.3673931025892523
H1@H4,wick_touch,against_daily,push,young,retested_2plus,29,37.96551724137931,1.896551724137931,1.6813458529740355
H1@H4,wick_touch,against_daily,reversal,fresh,retested_1,10,4.8,2.8,1.7902918422091907
H1@H4,wick_touch,against_daily,reversal,fresh,retested_2plus,88,5.556818181818182,2.75,2.0972133178262724
H1@H4,wick_touch,against_daily,reversal,mature,retested_1,1,81.0,1.0,0.852506836827718
H1@H4,wick_touch,against_daily,reversal,mature,retested_2plus,31,77.6774193548387,2.193548387096774,4.682742523671218
H1@H4,wick_touch,against_daily,reversal,old,retested_2plus,66,609.2272727272727,2.227272727272727,4.576365926121946
H1@H4,wick_touch,against_daily,reversal,young,retested_1,2,17.5,3.0,1.408046958759793
H1@H4,wick_touch,against_daily,reversal,young,retested_2plus,65,31.4,1.9230769230769231,2.102248802320269
H1@H4,wick_touch,at_transition,continuation,fresh,retested_1,16,4.5625,1.125,1.6222888335182015
H1@H4,wick_touch,at_transition,continuation,fresh,retested_2plus,152,5.7105263157894735,1.4671052631578947,1.4104742637091399
H1@H4,wick_touch,at_transition,continuation,mature,retested_1,1,119.0,1.0,0.5676354503049781
H1@H4,wick_touch,at_transition,continuation,mature,retested_2plus,69,97.0,1.4782608695652173,1.5947897786321374
H1@H4,wick_touch,at_transition,continuation,old,retested_1,2,312.5,2.0,1.4334200159807484
H1@H4,wick_touch,at_transition,continuation,old,retested_2plus,52,616.9807692307693,1.4807692307692308,1.9606654681034559
H1@H4,wick_touch,at_transition,continuation,young,retested_1,20,19.05,1.4,1.5508327777955284
H1@H4,wick_touch,at_transition,continuation,young,retested_2plus,225,25.462222222222223,1.3911111111111112,1.6045107093834459
H1@H4,wick_touch,at_transition,pullback,fresh,retested_2plus,14,9.071428571428571,1.3571428571428572,1.6922992740385412
H1@H4,wick_touch,at_transition,pullback,mature,retested_2plus,51,102.15686274509804,1.411764705882353,1.6369191365610312
H1@H4,wick_touch,at_transition,pullback,old,retested_1,1,538.0,1.0,2.2324752780011243
H1@H4,wick_touch,at_transition,pullback,old,retested_2plus,45,583.2222222222222,1.4666666666666666,1.8515632057666478
H1@H4,wick_touch,at_transition,pullback,young,retested_1,6,14.5,1.1666666666666667,1.4148995488364846
H1@H4,wick_touch,at_transition,pullback,young,retested_2plus,84,27.142857142857142,1.4642857142857142,1.829525114668802
H1@H4,wick_touch,at_transition,push,mature,retested_2plus,5,86.8,1.6,1.3347077048025102
H1@H4,wick_touch,at_transition,push,old,retested_2plus,3,384.3333333333333,1.3333333333333333,1.293072322543878
H1@H4,wick_touch,at_transition,push,young,retested_2plus,1,22.0,1.0,1.433721662468493
H1@H4,wick_touch,at_transition,reversal,fresh,retested_2plus,2,9.0,1.0,2.3874697124790973
H1@H4,wick_touch,at_transition,reversal,old,retested_2plus,6,1104.6666666666667,1.3333333333333333,5.2136665144779695
H1@H4,wick_touch,at_transition,reversal,young,retested_1,2,25.0,1.0,1.4814272146856267
H1@H4,wick_touch,at_transition,reversal,young,retested_2plus,5,35.4,1.0,1.7234399364087083
H1@H4,wick_touch,neutral,continuation,fresh,retested_1,313,3.939297124600639,1.450479233226837,1.57774699117713
H1@H4,wick_touch,neutral,continuation,fresh,retested_2plus,2318,5.510353753235548,1.458153580672994,1.7073600047571011
H1@H4,wick_touch,neutral,continuation,mature,retested_1,13,104.76923076923077,1.3076923076923077,1.6194753630376693
H1@H4,wick_touch,neutral,continuation,mature,retested_2plus,810,98.38765432098765,1.4086419753086419,1.9052807546063717
H1@H4,wick_touch,neutral,continuation,old,retested_1,11,1022.3636363636364,1.3636363636363635,1.4963622438062387
H1@H4,wick_touch,neutral,continuation,old,retested_2plus,507,628.4930966469428,1.3727810650887573,2.6718890779293405
H1@H4,wick_touch,neutral,continuation,young,retested_1,72,21.694444444444443,1.4305555555555556,1.6116679076180043
H1@H4,wick_touch,neutral,continuation,young,retested_2plus,2191,24.80100410771337,1.4691921497033318,1.823189543417972
H1@H4,wick_touch,neutral,pullback,fresh,retested_1,107,2.663551401869159,1.4485981308411215,1.6043280996964653
H1@H4,wick_touch,neutral,pullback,fresh,retested_2plus,230,8.417391304347825,1.4956521739130435,1.920134359492833
H1@H4,wick_touch,neutral,pullback,mature,retested_1,6,97.5,1.3333333333333333,1.9611521528404092
H1@H4,wick_touch,neutral,pullback,mature,retested_2plus,523,101.98470363288719,1.4933078393881454,2.0814918224896095
H1@H4,wick_touch,neutral,pullback,old,retested_1,5,448.8,1.2,1.2753206895609634
H1@H4,wick_touch,neutral,pullback,old,retested_2plus,361,557.983379501385,1.3905817174515236,2.24345964244911
H1@H4,wick_touch,neutral,pullback,young,retested_1,14,20.071428571428573,1.4285714285714286,1.3422047392945955
H1@H4,wick_touch,neutral,pullback,young,retested_2plus,1143,25.68941382327209,1.47331583552056,2.0632822413927046
H1@H4,wick_touch,neutral,push,fresh,retested_2plus,2,7.0,1.0,1.5233716475095793
H1@H4,wick_touch,neutral,push,mature,retested_2plus,20,93.25,1.5,1.3036666988714045
H1@H4,wick_touch,neutral,push,old,retested_2plus,3,238.33333333333334,1.6666666666666667,1.0350007635757688
H1@H4,wick_touch,neutral,push,young,retested_1,4,30.25,1.25,1.0941409367480825
H1@H4,wick_touch,neutral,push,young,retested_2plus,32,33.6875,1.71875,1.4667888612291349
H1@H4,wick_touch,neutral,reversal,fresh,retested_1,1,8.0,1.0,1.2700042789900756
H1@H4,wick_touch,neutral,reversal,fresh,retested_2plus,13,6.615384615384615,1.7692307692307692,2.0194020266006856
H1@H4,wick_touch,neutral,reversal,mature,retested_2plus,27,72.66666666666667,1.037037037037037,2.598151074814364
H1@H4,wick_touch,neutral,reversal,old,retested_1,1,1087.0,1.0,1.7817668414682857
H1@H4,wick_touch,neutral,reversal,old,retested_2plus,74,626.7972972972973,1.5810810810810811,5.310379947025007
H1@H4,wick_touch,neutral,reversal,young,retested_1,2,19.0,2.0,1.9719709855659864
H1@H4,wick_touch,neutral,reversal,young,retested_2plus,66,23.28787878787879,1.621212121212121,2.1763804068637427
H1@H4,wick_touch,neutral,unknown,fresh,retested_1,1,2.0,0.0,1.5762411347517622
H1@H4,wick_touch,with_daily,continuation,fresh,retested_1,423,3.652482269503546,2.264775413711584,1.4816267432128591
H1@H4,wick_touch,with_daily,continuation,fresh,retested_2plus,2626,5.4097486671744095,2.2155369383092154,1.5944414319511309
H1@H4,wick_touch,with_daily,continuation,mature,retested_1,8,124.625,1.5,1.590596945791326
H1@H4,wick_touch,with_daily,continuation,mature,retested_2plus,456,108.28070175438596,1.7105263157894737,1.822711793316301
H1@H4,wick_touch,with_daily,continuation,old,retested_1,5,483.8,1.2,2.3449943888930536
H1@H4,wick_touch,with_daily,continuation,old,retested_2plus,256,627.08203125,1.69921875,2.687495490786081
H1@H4,wick_touch,with_daily,continuation,young,retested_1,144,19.75,2.2708333333333335,1.5362597447292972
H1@H4,wick_touch,with_daily,continuation,young,retested_2plus,2684,22.42101341281669,2.1382265275707897,1.7254534347143862
H1@H4,wick_touch,with_daily,pullback,fresh,retested_1,106,2.5660377358490565,2.0,1.5987923021568136
H1@H4,wick_touch,with_daily,pullback,fresh,retested_2plus,134,8.082089552238806,1.6567164179104477,1.5659184463674507
H1@H4,wick_touch,with_daily,pullback,mature,retested_1,4,107.0,2.25,1.0836557369779576
H1@H4,wick_touch,with_daily,pullback,mature,retested_2plus,353,99.48725212464589,1.8640226628895185,2.0524163781055886
H1@H4,wick_touch,with_daily,pullback,old,retested_2plus,228,670.5482456140351,1.5701754385964912,2.481258282227426
H1@H4,wick_touch,with_daily,pullback,young,retested_1,18,19.555555555555557,2.0,1.541259835896018
H1@H4,wick_touch,with_daily,pullback,young,retested_2plus,1194,27.44221105527638,1.8919597989949748,2.0636514660853247
H1@H4,wick_touch,with_daily,push,fresh,retested_2plus,11,6.909090909090909,2.272727272727273,2.1040596747671856
H1@H4,wick_touch,with_daily,push,mature,retested_1,3,111.33333333333333,1.3333333333333333,1.919128488626533
H1@H4,wick_touch,with_daily,push,mature,retested_2plus,30,126.03333333333333,1.4666666666666666,1.7138165884755692
H1@H4,wick_touch,with_daily,push,old,retested_2plus,2,373.0,2.0,1.0512305558697013
H1@H4,wick_touch,with_daily,push,young,retested_1,2,14.0,2.5,2.824774294889882
H1@H4,wick_touch,with_daily,push,young,retested_2plus,27,22.37037037037037,2.6666666666666665,1.6366032056283597
H1@H4,wick_touch,with_daily,reversal,fresh,retested_2plus,1,2.0,1.0,1.5336319406903902
H1@H4,wick_touch,with_daily,reversal,mature,retested_2plus,8,56.625,1.625,1.606980543424535
H1@H4,wick_touch,with_daily,reversal,old,retested_2plus,33,828.939393939394,1.9090909090909092,5.728357208122288
H1@H4,wick_touch,with_daily,reversal,young,retested_1,3,16.0,1.0,1.6567842490394495
H1@H4,wick_touch,with_daily,reversal,young,retested_2plus,89,25.325842696629213,1.797752808988764,2.1090864369387896
M15@H1,body_close,against_daily,continuation,fresh,first_touch,2,2.0,3.0,0.7598728556702825
M15@H1,body_close,against_daily,continuation,fresh,retested_1,808,3.217821782178218,2.1732673267326734,0.6860539226780749
M15@H1,body_close,against_daily,continuation,fresh,retested_2plus,14213,5.423766973897137,2.2157883627664816,0.7283270441232264
M15@H1,body_close,against_daily,continuation,mature,retested_1,40,96.425,1.775,0.8346155509460766
M15@H1,body_close,against_daily,continuation,mature,retested_2plus,6134,116.38099119660906,1.8257254646234105,1.057672126496357
M15@H1,body_close,against_daily,continuation,old,retested_1,31,949.9354838709677,2.3548387096774195,0.8221256526607083
M15@H1,body_close,against_daily,continuation,old,retested_2plus,7387,681.5956409909301,2.2507107080005415,1.3035481436883134
M15@H1,body_close,against_daily,continuation,young,retested_1,45,23.022222222222222,2.4,0.6821162419773645
M15@H1,body_close,against_daily,continuation,young,retested_2plus,7297,20.23776894614225,2.1791147046731534,0.8978131162016483
M15@H1,body_close,against_daily,pullback,fresh,retested_1,504,2.5456349206349205,2.242063492063492,0.6079533511948092
M15@H1,body_close,against_daily,pullback,fresh,retested_2plus,1281,7.911787665886027,2.2092115534738483,0.8715196350696502
M15@H1,body_close,against_daily,pullback,mature,retested_1,12,86.91666666666667,2.0833333333333335,0.6859795657505892
M15@H1,body_close,against_daily,pullback,mature,retested_2plus,3204,118.71285892634208,1.9048064918851435,1.3011436287460272
M15@H1,body_close,against_daily,pullback,old,retested_1,9,644.8888888888889,2.5555555555555554,0.9535476248470778
M15@H1,body_close,against_daily,pullback,old,retested_2plus,3849,686.0509223174851,2.220836580930112,1.4730946431510852
M15@H1,body_close,against_daily,pullback,young,retested_1,22,37.27272727272727,2.272727272727273,0.6064645350348212
M15@H1,body_close,against_daily,pullback,young,retested_2plus,3698,20.11627906976744,2.2420227149810708,1.1122175727549837
M15@H1,body_close,against_daily,push,mature,retested_1,2,137.0,2.0,1.0057915048435195
M15@H1,body_close,against_daily,push,mature,retested_2plus,83,116.855421686747,1.5060240963855422,0.568258248491809
M15@H1,body_close,against_daily,push,old,retested_1,2,828.0,2.5,0.6125514923347873
M15@H1,body_close,against_daily,push,old,retested_2plus,134,558.3880597014926,1.7313432835820894,0.866098887846533
M15@H1,body_close,against_daily,push,young,retested_2plus,7,49.57142857142857,1.0,0.3387723299496224
M15@H1,body_close,against_daily,reversal,fresh,retested_1,39,3.58974358974359,2.4358974358974357,0.7146837472346707
M15@H1,body_close,against_daily,reversal,fresh,retested_2plus,668,6.169161676646707,2.4715568862275448,0.751223610441265
M15@H1,body_close,against_daily,reversal,mature,retested_1,4,62.0,2.75,0.4052750860374854
M15@H1,body_close,against_daily,reversal,mature,retested_2plus,609,113.63218390804597,2.3694581280788176,1.1254138776382556
M15@H1,body_close,against_daily,reversal,old,retested_1,3,399.6666666666667,3.0,2.493397424538394
M15@H1,body_close,against_daily,reversal,old,retested_2plus,746,514.0991957104558,2.596514745308311,2.4526408677361733
M15@H1,body_close,against_daily,reversal,young,retested_1,7,39.42857142857143,2.857142857142857,0.6721725057127761
M15@H1,body_close,against_daily,reversal,young,retested_2plus,631,19.76228209191759,2.7496038034865293,0.9349498215020482
M15@H1,body_close,at_transition,continuation,fresh,retested_1,17,5.294117647058823,1.5294117647058822,1.3550038389244388
M15@H1,body_close,at_transition,continuation,fresh,retested_2plus,261,6.524904214559387,1.475095785440613,1.006853933642377
M15@H1,body_close,at_transition,continuation,mature,retested_1,9,61.888888888888886,1.5555555555555556,0.7881570798676476
M15@H1,body_close,at_transition,continuation,mature,retested_2plus,203,83.06896551724138,1.4532019704433496,1.2287482699968684
M15@H1,body_close,at_transition,continuation,old,retested_2plus,65,539.4307692307692,1.476923076923077,2.2323458456444545
M15@H1,body_close,at_transition,continuation,young,retested_1,3,50.0,1.6666666666666667,1.0728441111380995
M15@H1,body_close,at_transition,continuation,young,retested_2plus,110,22.318181818181817,1.5363636363636364,1.2868396946202747
M15@H1,body_close,at_transition,pullback,fresh,retested_2plus,21,8.285714285714286,1.6666666666666667,1.4369631458986605
M15@H1,body_close,at_transition,pullback,mature,retested_1,3,74.66666666666667,1.6666666666666667,0.3562628590984027
M15@H1,body_close,at_transition,pullback,mature,retested_2plus,83,93.7710843373494,1.4578313253012047,1.4811498178405567
M15@H1,body_close,at_transition,pullback,old,retested_2plus,36,521.2777777777778,1.5,2.459655398506188
M15@H1,body_close,at_transition,pullback,young,retested_1,1,50.0,2.0,0.8069306930696334
M15@H1,body_close,at_transition,pullback,young,retested_2plus,60,22.916666666666668,1.4666666666666666,1.272270604225939
M15@H1,body_close,at_transition,push,mature,retested_2plus,2,70.0,1.0,1.2243624455273174
M15@H1,body_close,at_transition,push,young,retested_2plus,1,48.0,1.0,0.866873065015518
M15@H1,body_close,at_transition,reversal,fresh,retested_2plus,3,8.0,1.6666666666666667,1.0115140196190684
M15@H1,body_close,at_transition,reversal,mature,retested_2plus,10,96.5,1.5,0.6926843849893017
M15@H1,body_close,at_transition,reversal,old,retested_2plus,4,520.5,1.75,7.7944943075523225
M15@H1,body_close,at_transition,reversal,young,retested_1,1,50.0,1.0,0.01246290801204721
M15@H1,body_close,at_transition,reversal,young,retested_2plus,4,24.5,1.5,1.198025126513197
M15@H1,body_close,neutral,continuation,fresh,retested_1,578,3.114186851211073,1.4169550173010381,0.6355561461122705
M15@H1,body_close,neutral,continuation,fresh,retested_2plus,10868,5.5540117776959885,1.4460802355539197,0.7234797453276428
M15@H1,body_close,neutral,continuation,mature,retested_1,45,91.13333333333334,1.5333333333333334,0.7133325775894597
M15@H1,body_close,neutral,continuation,mature,retested_2plus,5640,98.13882978723404,1.5343971631205673,1.0697802400381706
M15@H1,body_close,neutral,continuation,old,retested_1,7,522.0,1.7142857142857142,0.5972540761073589
M15@H1,body_close,neutral,continuation,old,retested_2plus,2400,695.2729166666667,1.4241666666666666,1.4943932540307476
M15@H1,body_close,neutral,continuation,young,retested_1,35,23.17142857142857,1.2857142857142858,0.8070136567983746
M15@H1,body_close,neutral,continuation,young,retested_2plus,6683,23.51458925632201,1.422415083046536,0.9605695501276086
M15@H1,body_close,neutral,pullback,fresh,retested_1,361,2.714681440443213,1.4265927977839334,0.6329600157617118
M15@H1,body_close,neutral,pullback,fresh,retested_2plus,1026,7.957115009746588,1.449317738791423,0.979508983268777
M15@H1,body_close,neutral,pullback,mature,retested_1,9,122.44444444444444,1.4444444444444444,0.9852135261586203
M15@H1,body_close,neutral,pullback,mature,retested_2plus,2601,100.50865051903114,1.4548250672818146,1.2859877026720545
M15@H1,body_close,neutral,pullback,old,retested_2plus,1258,562.0715421303656,1.348966613672496,2.2035967277498103
M15@H1,body_close,neutral,pullback,young,retested_1,11,21.545454545454547,1.2727272727272727,0.7000464074815714
M15@H1,body_close,neutral,pullback,young,retested_2plus,3488,23.499713302752294,1.4512614678899083,1.1491463727115943
M15@H1,body_close,neutral,push,fresh,retested_2plus,2,10.0,2.0,0.36388855245011487
M15@H1,body_close,neutral,push,mature,retested_2plus,175,99.77714285714286,1.1885714285714286,0.7248602004901467
M15@H1,body_close,neutral,push,old,retested_2plus,21,596.4285714285714,1.3333333333333333,0.5594891021479379
M15@H1,body_close,neutral,push,young,retested_1,2,26.0,1.0,0.5287496940844236
M15@H1,body_close,neutral,push,young,retested_2plus,64,28.59375,1.390625,0.7365449275347692
M15@H1,body_close,neutral,reversal,fresh,retested_1,11,4.363636363636363,1.1818181818181819,0.7860856460207071
M15@H1,body_close,neutral,reversal,fresh,retested_2plus,166,6.22289156626506,1.4216867469879517,1.0732220335670537
M15@H1,body_close,neutral,reversal,mature,retested_1,1,58.0,1.0,1.8214285714284022
M15@H1,body_close,neutral,reversal,mature,retested_2plus,301,92.31229235880399,1.2458471760797343,0.957230540896293
M15@H1,body_close,neutral,reversal,old,retested_2plus,288,496.27430555555554,1.6423611111111112,3.8605094489332683
M15@H1,body_close,neutral,reversal,young,retested_2plus,315,27.987301587301587,1.5396825396825398,0.8917107103144285
M15@H1,body_close,with_daily,continuation,fresh,first_touch,1,2.0,3.0,1.0690045248867883
M15@H1,body_close,with_daily,continuation,fresh,retested_1,876,3.2728310502283104,2.1769406392694064,0.6852566009576334
M15@H1,body_close,with_daily,continuation,fresh,retested_2plus,15120,5.462962962962963,2.2429232804232804,0.7383296822624079
M15@H1,body_close,with_daily,continuation,mature,retested_1,43,75.90697674418605,2.186046511627907,0.7761170337294108
M15@H1,body_close,with_daily,continuation,mature,retested_2plus,6115,90.04644317252658,2.1350776778413736,0.9302244467301561
M15@H1,body_close,with_daily,continuation,old,retested_1,10,616.4,1.7,0.619014485160916
M15@H1,body_close,with_daily,continuation,old,retested_2plus,1395,506.63082437275983,1.4537634408602151,1.3594664542190804
M15@H1,body_close,with_daily,continuation,young,first_touch,1,27.0,2.0,0.8273314866112903
M15@H1,body_close,with_daily,continuation,young,retested_1,69,27.89855072463768,2.0869565217391304,0.7636961107411812
M15@H1,body_close,with_daily,continuation,young,retested_2plus,8607,23.08365284071105,2.2001858952015803,0.8579667582457359
M15@H1,body_close,with_daily,pullback,fresh,retested_1,554,2.6335740072202167,2.2184115523465704,0.6545668044552596
M15@H1,body_close,with_daily,pullback,fresh,retested_2plus,1448,7.783149171270718,2.3404696132596685,0.9295269512836515
M15@H1,body_close,with_daily,pullback,mature,retested_1,5,96.0,2.2,0.518797559259397
M15@H1,body_close,with_daily,pullback,mature,retested_2plus,2525,95.25069306930693,2.2142574257425744,1.0010627682614466
M15@H1,body_close,with_daily,pullback,old,retested_1,2,586.0,1.0,0.17661484176636524
M15@H1,body_close,with_daily,pullback,old,retested_2plus,1156,491.50086505190313,1.5726643598615917,1.7223396791153889
M15@H1,body_close,with_daily,pullback,young,retested_1,13,32.69230769230769,2.3076923076923075,0.5543160785712848
M15@H1,body_close,with_daily,pullback,young,retested_2plus,3745,24.481975967957275,2.2867823765020026,0.9660557483674895
M15@H1,body_close,with_daily,push,fresh,retested_1,2,7.5,3.0,0.6711275944556276
M15@H1,body_close,with_daily,push,fresh,retested_2plus,162,7.2407407407407405,2.382716049382716,0.7579257224704596
M15@H1,body_close,with_daily,push,mature,retested_1,1,88.0,3.0,0.3991967871487458
M15@H1,body_close,with_daily,push,mature,retested_2plus,204,77.3529411764706,2.5098039215686274,0.7416287100718895
M15@H1,body_close,with_daily,push,old,retested_1,1,208.0,2.0,0.04087084810823535
M15@H1,body_close,with_daily,push,old,retested_2plus,61,418.39344262295083,2.098360655737705,0.47797475872304357
M15@H1,body_close,with_daily,push,young,retested_1,9,28.555555555555557,2.5555555555555554,0.4312906755279
M15@H1,body_close,with_daily,push,young,retested_2plus,309,23.310679611650485,2.7119741100323624,0.5919814996302516
M15@H1,body_close,with_daily,reversal,fresh,retested_1,1,2.0,1.0,0.6443298969075075
M15@H1,body_close,with_daily,reversal,fresh,retested_2plus,8,3.25,1.0,0.7635358502912745
M15@H1,body_close,with_daily,reversal,mature,retested_2plus,114,82.80701754385964,1.7456140350877194,0.798662916824059
M15@H1,body_close,with_daily,reversal,old,retested_2plus,24,706.625,1.0,1.9441096197460872
M15@H1,body_close,with_daily,reversal,young,retested_2plus,35,47.628571428571426,1.0,0.8391841821658108
M15@H1,break_through,against_daily,continuation,fresh,first_touch,43,2.7209302325581395,2.255813953488372,1.559810765623338
M15@H1,break_through,against_daily,continuation,mature,first_touch,3,51.0,2.0,2.6882262803107495
M15@H1,break_through,against_daily,continuation,young,first_touch,1,50.0,3.0,2.164357682619669
M15@H1,break_through,against_daily,pullback,fresh,first_touch,43,2.4651162790697674,2.0,1.5332169667396576
M15@H1,break_through,against_daily,pullback,mature,first_touch,1,52.0,3.0,0.8435754189944431
M15@H1,break_through,against_daily,pullback,young,first_touch,1,50.0,3.0,1.9724821133736867
M15@H1,break_through,against_daily,reversal,fresh,first_touch,1,2.0,1.0,1.5622317596565487
M15@H1,break_through,at_transition,continuation,mature,first_touch,2,52.5,1.0,3.228913859028737
M15@H1,break_through,at_transition,pullback,mature,first_touch,2,51.5,1.5,2.25254660943223
M15@H1,break_through,at_transition,pullback,young,first_touch,3,50.0,1.0,3.997984321935627
M15@H1,break_through,neutral,continuation,fresh,first_touch,22,2.227272727272727,1.4090909090909092,1.4915116795006234
M15@H1,break_through,neutral,continuation,young,first_touch,3,50.0,1.6666666666666667,1.6445533039833735
M15@H1,break_through,neutral,pullback,fresh,first_touch,26,2.423076923076923,1.4615384615384615,1.340289677354473
M15@H1,break_through,neutral,pullback,mature,first_touch,2,53.0,1.5,1.7192853754627235
M15@H1,break_through,neutral,pullback,young,first_touch,3,42.0,1.0,1.7351714289514397
M15@H1,break_through,with_daily,continuation,fresh,first_touch,35,2.5428571428571427,2.142857142857143,1.7617848089753754
M15@H1,break_through,with_daily,continuation,mature,first_touch,5,51.8,2.2,2.084062327946253
M15@H1,break_through,with_daily,continuation,young,first_touch,5,50.0,2.6,1.2789635101954837
M15@H1,break_through,with_daily,pullback,fresh,first_touch,39,2.4871794871794872,2.230769230769231,1.6484120721269893
M15@H1,break_through,with_daily,pullback,young,first_touch,4,50.0,2.25,1.9158397876043216
M15@H1,near_miss,against_daily,continuation,fresh,first_touch,1149,3.955613577023499,2.176675369886858,1.8967353588010398
M15@H1,near_miss,against_daily,continuation,fresh,retested_1,519,4.421965317919075,2.121387283236994,1.9842282836055185
M15@H1,near_miss,against_daily,continuation,fresh,retested_2plus,2736,5.974049707602339,2.1348684210526314,2.0464266098127233
M15@H1,near_miss,against_daily,continuation,mature,first_touch,96,106.55208333333333,1.9166666666666667,2.1600944080823106
M15@H1,near_miss,against_daily,continuation,mature,retested_1,44,105.25,2.159090909090909,2.0044422181668677
M15@H1,near_miss,against_daily,continuation,mature,retested_2plus,1337,114.57890800299177,1.831712789827973,2.2840336350933503
M15@H1,near_miss,against_daily,continuation,old,first_touch,75,988.1066666666667,2.4133333333333336,1.8802419693350954
M15@H1,near_miss,against_daily,continuation,old,retested_1,23,558.7826086956521,2.4782608695652173,1.788504799767474
M15@H1,near_miss,against_daily,continuation,old,retested_2plus,1666,798.6632653061224,2.139855942376951,2.5585601735701102
M15@H1,near_miss,against_daily,continuation,young,first_touch,138,18.41304347826087,2.239130434782609,2.127520127512079
M15@H1,near_miss,against_daily,continuation,young,retested_1,95,18.273684210526316,2.0631578947368423,2.145282648338721
M15@H1,near_miss,against_daily,continuation,young,retested_2plus,1579,19.550981633945536,2.23495883470551,2.2718345671115294
M15@H1,near_miss,against_daily,pullback,fresh,first_touch,164,2.7865853658536586,2.1707317073170733,1.7521252301912622
M15@H1,near_miss,against_daily,pullback,fresh,retested_1,5,9.6,1.4,2.626570440473504
M15@H1,near_miss,against_daily,pullback,fresh,retested_2plus,461,8.101952277657267,2.177874186550976,2.2677209171967014
M15@H1,near_miss,against_daily,pullback,mature,first_touch,17,86.0,2.235294117647059,1.9433980930478933
M15@H1,near_miss,against_daily,pullback,mature,retested_1,15,126.8,2.2,2.1229812753366324
M15@H1,near_miss,against_daily,pullback,mature,retested_2plus,1034,126.0909090909091,1.8394584139264991,2.597581519402624
M15@H1,near_miss,against_daily,pullback,old,first_touch,30,501.96666666666664,1.8666666666666667,2.2421158081054737
M15@H1,near_miss,against_daily,pullback,old,retested_1,9,635.4444444444445,1.6666666666666667,2.459533912295784
M15@H1,near_miss,against_daily,pullback,old,retested_2plus,1440,865.31875,2.145138888888889,2.594988741432931
M15@H1,near_miss,against_daily,pullback,young,first_touch,27,20.51851851851852,2.074074074074074,2.0459709786674964
M15@H1,near_miss,against_daily,pullback,young,retested_1,13,18.0,2.230769230769231,2.052503572358917
M15@H1,near_miss,against_daily,pullback,young,retested_2plus,1231,19.573517465475224,2.2258326563769293,2.469303812345708
M15@H1,near_miss,against_daily,push,mature,first_touch,3,120.0,1.0,2.395166644526333
M15@H1,near_miss,against_daily,push,mature,retested_1,3,144.0,1.3333333333333333,1.711351446687208
M15@H1,near_miss,against_daily,push,mature,retested_2plus,34,97.26470588235294,1.4411764705882353,1.8167463873392928
M15@H1,near_miss,against_daily,push,old,first_touch,1,281.0,2.0,1.0756166599270345
M15@H1,near_miss,against_daily,push,old,retested_1,9,688.7777777777778,2.111111111111111,1.7326393177304409
M15@H1,near_miss,against_daily,push,old,retested_2plus,79,536.4556962025316,2.278481012658228,2.1625142015803145
M15@H1,near_miss,against_daily,push,young,retested_2plus,7,46.857142857142854,1.0,1.903599545347514
M15@H1,near_miss,against_daily,reversal,fresh,first_touch,58,4.344827586206897,2.4827586206896552,2.0683732998010136
M15@H1,near_miss,against_daily,reversal,fresh,retested_1,23,4.478260869565218,2.0,1.9601055674836112
M15@H1,near_miss,against_daily,reversal,fresh,retested_2plus,101,6.198019801980198,2.485148514851485,2.3104931085471714
M15@H1,near_miss,against_daily,reversal,mature,first_touch,3,58.0,2.3333333333333335,1.4668885481312703
M15@H1,near_miss,against_daily,reversal,mature,retested_2plus,102,86.08823529411765,2.392156862745098,2.309634983312078
M15@H1,near_miss,against_daily,reversal,old,first_touch,5,498.2,3.0,9.44839406911663
M15@H1,near_miss,against_daily,reversal,old,retested_2plus,108,502.52777777777777,2.6296296296296298,2.507998341886002
M15@H1,near_miss,against_daily,reversal,young,first_touch,18,23.333333333333332,2.7777777777777777,2.1239674764770475
M15@H1,near_miss,against_daily,reversal,young,retested_1,6,19.166666666666668,2.1666666666666665,2.78900643790255
M15@H1,near_miss,against_daily,reversal,young,retested_2plus,156,21.814102564102566,2.6858974358974357,2.2631442082361226
M15@H1,near_miss,at_transition,continuation,fresh,first_touch,14,6.5,1.3571428571428572,2.5402653839557923
M15@H1,near_miss,at_transition,continuation,fresh,retested_1,8,5.375,1.5,2.351046524652568
M15@H1,near_miss,at_transition,continuation,fresh,retested_2plus,30,6.633333333333334,1.4666666666666666,2.8687152759551666
M15@H1,near_miss,at_transition,continuation,mature,first_touch,4,81.75,1.25,2.2950580844916466
M15@H1,near_miss,at_transition,continuation,mature,retested_2plus,40,86.45,1.325,3.10185457010443
M15@H1,near_miss,at_transition,continuation,old,first_touch,2,297.5,1.5,2.9539796340392748
M15@H1,near_miss,at_transition,continuation,old,retested_2plus,17,720.8235294117648,1.588235294117647,3.8836817688235254
M15@H1,near_miss,at_transition,continuation,young,first_touch,3,15.333333333333334,1.0,3.1136900118942794
M15@H1,near_miss,at_transition,continuation,young,retested_2plus,23,24.695652173913043,1.608695652173913,2.9946225548092134
M15@H1,near_miss,at_transition,pullback,fresh,retested_2plus,4,8.25,2.0,2.902839007487105
M15@H1,near_miss,at_transition,pullback,mature,first_touch,2,54.0,2.0,1.4822851950184073
M15@H1,near_miss,at_transition,pullback,mature,retested_2plus,21,95.80952380952381,1.4285714285714286,3.4353438910761502
M15@H1,near_miss,at_transition,pullback,old,first_touch,1,336.0,1.0,3.1737288135592836
M15@H1,near_miss,at_transition,pullback,old,retested_2plus,8,1055.25,1.875,4.213887346594293
M15@H1,near_miss,at_transition,pullback,young,first_touch,2,36.5,1.0,3.6379071448906117
M15@H1,near_miss,at_transition,pullback,young,retested_2plus,25,20.96,1.44,3.2469463273156385
M15@H1,near_miss,at_transition,push,young,retested_2plus,1,46.0,1.0,2.257309941520711
M15@H1,near_miss,at_transition,reversal,mature,retested_2plus,1,128.0,1.0,2.659217877094635
M15@H1,near_miss,at_transition,reversal,young,retested_2plus,2,31.5,1.5,3.40180127985356
M15@H1,near_miss,neutral,continuation,fresh,first_touch,757,3.927344782034346,1.4557463672391018,1.8793658060562999
M15@H1,near_miss,neutral,continuation,fresh,retested_1,331,4.114803625377643,1.3232628398791542,1.8876636824827484
M15@H1,near_miss,neutral,continuation,fresh,retested_2plus,2051,6.003412969283277,1.4456362749878109,2.0251210671187696
M15@H1,near_miss,neutral,continuation,mature,first_touch,86,87.79069767441861,1.5930232558139534,1.7979980614397062
M15@H1,near_miss,neutral,continuation,mature,retested_1,34,79.76470588235294,1.6176470588235294,1.8691499001383762
M15@H1,near_miss,neutral,continuation,mature,retested_2plus,1416,102.19067796610169,1.5134180790960452,2.436089933349088
M15@H1,near_miss,neutral,continuation,old,first_touch,15,326.8,1.4666666666666666,1.4709179635212213
M15@H1,near_miss,neutral,continuation,old,retested_1,10,1589.3,1.3,1.4453781074067737
M15@H1,near_miss,neutral,continuation,old,retested_2plus,574,719.280487804878,1.367595818815331,2.4767359157185393
M15@H1,near_miss,neutral,continuation,young,first_touch,92,20.217391304347824,1.326086956521739,1.9265390372735702
M15@H1,near_miss,neutral,continuation,young,retested_1,54,18.74074074074074,1.3148148148148149,2.1607007174394357
M15@H1,near_miss,neutral,continuation,young,retested_2plus,1476,23.362466124661246,1.4640921409214092,2.2680236275743466
M15@H1,near_miss,neutral,pullback,fresh,first_touch,108,2.814814814814815,1.3796296296296295,1.8193908942391313
M15@H1,near_miss,neutral,pullback,fresh,retested_1,7,8.857142857142858,1.1428571428571428,2.3986906392897445
M15@H1,near_miss,neutral,pullback,fresh,retested_2plus,300,7.913333333333333,1.4,2.108173876032466
M15@H1,near_miss,neutral,pullback,mature,first_touch,8,94.875,1.75,1.6644489027663727
M15@H1,near_miss,neutral,pullback,mature,retested_1,8,112.375,1.125,1.6335829936347455
M15@H1,near_miss,neutral,pullback,mature,retested_2plus,872,103.0045871559633,1.489678899082569,2.486267750666143
M15@H1,near_miss,neutral,pullback,old,first_touch,15,897.7333333333333,1.9333333333333333,1.6894280693189598
M15@H1,near_miss,neutral,pullback,old,retested_1,5,309.8,1.4,1.5382185735049032
M15@H1,near_miss,neutral,pullback,old,retested_2plus,533,654.2420262664165,1.3302063789868668,2.5817361358444932
M15@H1,near_miss,neutral,pullback,young,first_touch,22,20.681818181818183,1.1818181818181819,2.2493006898885484
M15@H1,near_miss,neutral,pullback,young,retested_1,13,30.76923076923077,1.0769230769230769,2.0422773841774884
M15@H1,near_miss,neutral,pullback,young,retested_2plus,1080,22.194444444444443,1.462037037037037,2.410514023070443
M15@H1,near_miss,neutral,push,fresh,first_touch,1,7.0,1.0,1.6620209059234219
M15@H1,near_miss,neutral,push,fresh,retested_1,1,8.0,1.0,2.1451223715958596
M15@H1,near_miss,neutral,push,fresh,retested_2plus,4,9.0,1.75,1.074779604950198
M15@H1,near_miss,neutral,push,mature,first_touch,1,67.0,1.0,3.255813953488206
M15@H1,near_miss,neutral,push,mature,retested_1,8,94.375,1.25,1.216068428597004
M15@H1,near_miss,neutral,push,mature,retested_2plus,37,115.1891891891892,1.5405405405405406,1.93981165577187
M15@H1,near_miss,neutral,push,old,retested_2plus,9,359.8888888888889,1.8888888888888888,1.6213033661146559
M15@H1,near_miss,neutral,push,young,first_touch,1,27.0,0.0,1.3623518687330172
M15@H1,near_miss,neutral,push,young,retested_2plus,14,31.857142857142858,1.0,2.086013262119219
M15@H1,near_miss,neutral,reversal,fresh,first_touch,30,3.8333333333333335,1.2333333333333334,1.8334113735702158
M15@H1,near_miss,neutral,reversal,fresh,retested_2plus,8,7.25,1.5,1.9953817195865784
M15@H1,near_miss,neutral,reversal,mature,first_touch,4,85.75,1.0,4.041233824555768
M15@H1,near_miss,neutral,reversal,mature,retested_2plus,110,115.94545454545455,1.2545454545454546,2.6590143983369545
M15@H1,near_miss,neutral,reversal,old,retested_2plus,13,1177.6923076923076,1.2307692307692308,1.5937582272722186
M15@H1,near_miss,neutral,reversal,young,retested_2plus,50,34.78,1.5,2.5490576767876534
M15@H1,near_miss,with_daily,continuation,fresh,first_touch,1047,3.9178605539637057,2.1728748806112703,1.9013388307355783
M15@H1,near_miss,with_daily,continuation,fresh,retested_1,501,4.534930139720559,2.281437125748503,2.0177270248036936
M15@H1,near_miss,with_daily,continuation,fresh,retested_2plus,2668,5.863943028485757,2.2233883058470765,2.0843108150576675
M15@H1,near_miss,with_daily,continuation,mature,first_touch,78,74.85897435897436,2.141025641025641,1.9717016848610598
M15@H1,near_miss,with_daily,continuation,mature,retested_1,57,77.64912280701755,2.280701754385965,1.7364723627312117
M15@H1,near_miss,with_daily,continuation,mature,retested_2plus,1611,90.60211049037865,2.223463687150838,2.2488472713449243
M15@H1,near_miss,with_daily,continuation,old,first_touch,21,525.8571428571429,1.6666666666666667,1.7499674030946462
M15@H1,near_miss,with_daily,continuation,old,retested_1,3,411.3333333333333,3.0,1.1764507819289405
M15@H1,near_miss,with_daily,continuation,old,retested_2plus,397,628.2921914357682,1.5869017632241813,2.3744817032123047
M15@H1,near_miss,with_daily,continuation,young,first_touch,172,23.087209302325583,1.947674418604651,1.960030856919137
M15@H1,near_miss,with_daily,continuation,young,retested_1,108,25.046296296296298,2.1574074074074074,1.9048773525412415
M15@H1,near_miss,with_daily,continuation,young,retested_2plus,2243,24.77351761034329,2.2019616584930897,2.08024645346635
M15@H1,near_miss,with_daily,pullback,fresh,first_touch,170,2.7823529411764705,2.1588235294117646,1.848449320347741
M15@H1,near_miss,with_daily,pullback,fresh,retested_2plus,377,8.023872679045093,2.2519893899204244,2.1763674103238713
M15@H1,near_miss,with_daily,pullback,mature,first_touch,21,77.9047619047619,2.238095238095238,1.7130909767013902
M15@H1,near_miss,with_daily,pullback,mature,retested_1,11,101.18181818181819,2.1818181818181817,1.6107769811381978
M15@H1,near_miss,with_daily,pullback,mature,retested_2plus,1070,95.43551401869159,2.2710280373831777,2.3112511223564067
M15@H1,near_miss,with_daily,pullback,old,first_touch,2,482.5,1.5,1.156182815259581
M15@H1,near_miss,with_daily,pullback,old,retested_1,3,606.0,1.0,1.2844059995478496
M15@H1,near_miss,with_daily,pullback,old,retested_2plus,342,621.2573099415205,1.5964912280701755,2.4981237821938085
M15@H1,near_miss,with_daily,pullback,young,first_touch,43,27.813953488372093,1.7906976744186047,1.8248526576153332
M15@H1,near_miss,with_daily,pullback,young,retested_1,32,24.46875,2.40625,2.404793515373412
M15@H1,near_miss,with_daily,pullback,young,retested_2plus,1451,25.39696760854583,2.283252929014473,2.302816346105699
M15@H1,near_miss,with_daily,push,fresh,first_touch,4,6.5,2.0,0.9209142093932046
M15@H1,near_miss,with_daily,push,fresh,retested_1,1,9.0,2.0,1.0880829015542193
M15@H1,near_miss,with_daily,push,fresh,retested_2plus,17,7.647058823529412,1.588235294117647,2.291643751504218
M15@H1,near_miss,with_daily,push,mature,first_touch,8,74.0,3.0,1.704164200048339
M15@H1,near_miss,with_daily,push,mature,retested_1,20,63.7,2.55,1.9518860355734051
M15@H1,near_miss,with_daily,push,mature,retested_2plus,65,86.0923076923077,2.9076923076923076,2.0463877481961963
M15@H1,near_miss,with_daily,push,old,retested_1,2,439.5,2.0,2.9205979939506905
M15@H1,near_miss,with_daily,push,old,retested_2plus,27,626.7037037037037,1.3703703703703705,1.690721869853512
M15@H1,near_miss,with_daily,push,young,first_touch,9,22.444444444444443,2.2222222222222223,1.5768847439754656
M15@H1,near_miss,with_daily,push,young,retested_1,10,27.4,2.3,3.255350776405654
M15@H1,near_miss,with_daily,push,young,retested_2plus,123,23.471544715447155,2.5934959349593494,1.7684607254171947
M15@H1,near_miss,with_daily,reversal,fresh,first_touch,1,4.0,1.0,1.714320803813507
M15@H1,near_miss,with_daily,reversal,fresh,retested_1,2,5.0,1.0,2.158922649586125
M15@H1,near_miss,with_daily,reversal,mature,first_touch,1,91.0,1.0,0.8594674556213748
M15@H1,near_miss,with_daily,reversal,mature,retested_2plus,57,97.29824561403508,2.280701754385965,2.0493218820501258
M15@H1,near_miss,with_daily,reversal,old,retested_2plus,4,594.0,1.0,3.870051184862509
M15@H1,near_miss,with_daily,reversal,young,retested_2plus,12,41.5,1.5,3.291974514258815
M15@H1,wick_touch,against_daily,continuation,fresh,retested_1,520,3.773076923076923,2.1538461538461537,1.494092350254054
M15@H1,wick_touch,against_daily,continuation,fresh,retested_2plus,4360,5.377064220183486,2.1708715596330275,1.694708352124978
M15@H1,wick_touch,against_daily,continuation,mature,retested_1,40,101.2,2.075,1.6186023827566043
M15@H1,wick_touch,against_daily,continuation,mature,retested_2plus,1480,115.26351351351352,1.8297297297297297,1.9438829131647948
M15@H1,wick_touch,against_daily,continuation,old,retested_1,37,883.7297297297297,2.2972972972972974,1.439081622070674
M15@H1,wick_touch,against_daily,continuation,old,retested_2plus,1830,765.1153005464481,2.1497267759562844,2.1512997809314127
M15@H1,wick_touch,against_daily,continuation,young,retested_1,46,19.347826086956523,2.260869565217391,1.6692034201705088
M15@H1,wick_touch,against_daily,continuation,young,retested_2plus,1761,19.38160136286201,2.2311186825667235,1.884840606100149
M15@H1,wick_touch,against_daily,pullback,fresh,retested_1,202,2.6782178217821784,2.212871287128713,1.4913221446666334
M15@H1,wick_touch,against_daily,pullback,fresh,retested_2plus,402,8.101990049751244,2.191542288557214,1.8993720138427472
M15@H1,wick_touch,against_daily,pullback,mature,retested_1,5,110.4,2.2,1.5277924811281656
M15@H1,wick_touch,against_daily,pullback,mature,retested_2plus,999,121.57057057057057,1.8008008008008007,2.220106948809316
M15@H1,wick_touch,against_daily,pullback,old,retested_1,14,613.4285714285714,2.0714285714285716,1.8278088826352867
M15@H1,wick_touch,against_daily,pullback,old,retested_2plus,1266,859.3175355450237,2.2109004739336493,2.23661951808106
M15@H1,wick_touch,against_daily,pullback,young,retested_1,3,20.666666666666668,2.0,2.072639570514356
M15@H1,wick_touch,against_daily,pullback,young,retested_2plus,1142,19.391418563922944,2.2478108581436076,2.205214689874165
M15@H1,wick_touch,against_daily,push,mature,retested_1,2,99.0,1.0,1.2715440918018408
M15@H1,wick_touch,against_daily,push,mature,retested_2plus,45,101.8,1.4666666666666666,1.4392290666667475
M15@H1,wick_touch,against_daily,push,old,retested_1,2,1164.0,1.5,1.157908316552768
M15@H1,wick_touch,against_daily,push,old,retested_2plus,58,566.1206896551724,2.0172413793103448,1.7793505817314428
M15@H1,wick_touch,against_daily,push,young,retested_2plus,1,47.0,1.0,1.9962476547844887
M15@H1,wick_touch,against_daily,reversal,fresh,retested_1,37,3.4594594594594597,2.4594594594594597,1.6220401546836478
M15@H1,wick_touch,against_daily,reversal,fresh,retested_2plus,216,6.032407407407407,2.4953703703703702,1.7949447170016806
M15@H1,wick_touch,against_daily,reversal,mature,retested_2plus,75,77.28,2.56,2.110167532858216
M15@H1,wick_touch,against_daily,reversal,old,retested_2plus,84,463.2857142857143,2.4523809523809526,2.3832371229799745
M15@H1,wick_touch,against_daily,reversal,young,retested_1,5,26.2,2.2,1.5829289671504885
M15@H1,wick_touch,against_daily,reversal,young,retested_2plus,167,20.634730538922156,2.592814371257485,2.03493345881006
M15@H1,wick_touch,at_transition,continuation,fresh,retested_1,23,5.826086956521739,1.4782608695652173,2.396817870011188
M15@H1,wick_touch,at_transition,continuation,fresh,retested_2plus,84,6.428571428571429,1.4642857142857142,2.4539106797230894
M15@H1,wick_touch,at_transition,continuation,mature,retested_1,12,57.833333333333336,1.75,2.456661205078994
M15@H1,wick_touch,at_transition,continuation,mature,retested_2plus,55,83.30909090909091,1.3818181818181818,2.785655809973469
M15@H1,wick_touch,at_transition,continuation,old,retested_2plus,23,615.0869565217391,1.7391304347826086,3.1395405097982816
M15@H1,wick_touch,at_transition,continuation,young,retested_1,4,50.0,1.5,2.438962374460357
M15@H1,wick_touch,at_transition,continuation,young,retested_2plus,37,22.405405405405407,1.5675675675675675,3.0715238482589435
M15@H1,wick_touch,at_transition,pullback,fresh,retested_2plus,6,8.166666666666666,1.8333333333333333,2.32331361007591
M15@H1,wick_touch,at_transition,pullback,mature,retested_1,4,80.25,1.75,2.5257406215783025
M15@H1,wick_touch,at_transition,pullback,mature,retested_2plus,29,117.6896551724138,1.5517241379310345,3.4800857215742154
M15@H1,wick_touch,at_transition,pullback,old,retested_2plus,15,643.7333333333333,1.6,3.237261551337967
M15@H1,wick_touch,at_transition,pullback,young,retested_2plus,28,18.178571428571427,1.5,3.4387590307049076
M15@H1,wick_touch,at_transition,push,old,retested_2plus,1,255.0,2.0,1.7410941475826869
M15@H1,wick_touch,at_transition,reversal,old,retested_2plus,1,592.0,1.0,3.630619883558518
M15@H1,wick_touch,at_transition,reversal,young,retested_2plus,1,48.0,2.0,2.986870897155298
M15@H1,wick_touch,neutral,continuation,fresh,retested_1,401,3.8179551122194515,1.4688279301745637,1.5030404339160368
M15@H1,wick_touch,neutral,continuation,fresh,retested_2plus,3077,5.3945401364965875,1.439389015274618,1.6816323356606624
M15@H1,wick_touch,neutral,continuation,mature,retested_1,31,83.61290322580645,1.6129032258064515,1.4467822642206294
M15@H1,wick_touch,neutral,continuation,mature,retested_2plus,1537,99.60442420299285,1.5113858165256995,2.0262829919468435
M15@H1,wick_touch,neutral,continuation,old,retested_1,7,1307.857142857143,1.2857142857142858,1.7611524065734068
M15@H1,wick_touch,neutral,continuation,old,retested_2plus,519,733.6184971098265,1.394990366088632,2.181715065527274
M15@H1,wick_touch,neutral,continuation,young,retested_1,41,20.5609756097561,1.4634146341463414,1.7794445604937097
M15@H1,wick_touch,neutral,continuation,young,retested_2plus,1746,22.90664375715922,1.4644902634593355,1.9119028439723087
M15@H1,wick_touch,neutral,pullback,fresh,retested_1,126,2.8095238095238093,1.4285714285714286,1.565013991762995
M15@H1,wick_touch,neutral,pullback,fresh,retested_2plus,312,8.012820512820513,1.4711538461538463,1.823912460653907
M15@H1,wick_touch,neutral,pullback,mature,retested_1,6,127.33333333333333,1.5,1.4688296691629985
M15@H1,wick_touch,neutral,pullback,mature,retested_2plus,846,101.08037825059101,1.5342789598108748,2.2700631829770628
M15@H1,wick_touch,neutral,pullback,old,retested_1,4,1208.25,1.5,1.1407244116484365
M15@H1,wick_touch,neutral,pullback,old,retested_2plus,372,638.0349462365591,1.3333333333333333,2.3198573238472973
M15@H1,wick_touch,neutral,pullback,young,retested_1,12,32.833333333333336,1.5833333333333333,1.6418578027765491
M15@H1,wick_touch,neutral,pullback,young,retested_2plus,1058,21.584120982986768,1.4584120982986768,2.183639971634687
M15@H1,wick_touch,neutral,push,fresh,retested_1,1,7.0,1.0,0.9172894867963154
M15@H1,wick_touch,neutral,push,fresh,retested_2plus,3,8.666666666666666,1.6666666666666667,0.8895325083227638
M15@H1,wick_touch,neutral,push,mature,retested_1,4,93.0,1.0,1.7304936609607737
M15@H1,wick_touch,neutral,push,mature,retested_2plus,54,108.46296296296296,1.3518518518518519,1.587207078746664
M15@H1,wick_touch,neutral,push,old,retested_2plus,23,389.17391304347825,1.826086956521739,1.5205087867358344
M15@H1,wick_touch,neutral,push,young,retested_2plus,21,28.38095238095238,1.1904761904761905,1.7149379222409247
M15@H1,wick_touch,neutral,reversal,fresh,retested_1,5,3.8,1.2,1.4625153041038605
M15@H1,wick_touch,neutral,reversal,fresh,retested_2plus,21,6.0,1.380952380952381,1.9619404007023986
M15@H1,wick_touch,neutral,reversal,mature,retested_1,2,94.5,1.0,3.321124927734653
M15@H1,wick_touch,neutral,reversal,mature,retested_2plus,103,109.85436893203884,1.174757281553398,2.250419295269646
M15@H1,wick_touch,neutral,reversal,old,retested_2plus,17,473.7647058823529,1.411764705882353,3.793475167898124
M15@H1,wick_touch,neutral,reversal,young,retested_1,1,13.0,2.0,0.9779911481260757
M15@H1,wick_touch,neutral,reversal,young,retested_2plus,42,30.476190476190474,1.4285714285714286,1.9884134810820948
M15@H1,wick_touch,with_daily,continuation,fresh,retested_1,513,3.7387914230019494,2.2378167641325537,1.5165828864764894
M15@H1,wick_touch,with_daily,continuation,fresh,retested_2plus,4216,5.311432637571158,2.2246204933586338,1.693195561164996
M15@H1,wick_touch,with_daily,continuation,mature,retested_1,49,74.59183673469387,2.3877551020408165,1.526959565575851
M15@H1,wick_touch,with_daily,continuation,mature,retested_2plus,1700,89.72470588235294,2.2494117647058824,1.9213253839220417
M15@H1,wick_touch,with_daily,continuation,old,retested_1,2,548.0,2.0,0.9843057389353305
M15@H1,wick_touch,with_daily,continuation,old,retested_2plus,379,558.1398416886543,1.5065963060686016,1.9102043341095665
M15@H1,wick_touch,with_daily,continuation,young,retested_1,84,24.857142857142858,2.011904761904762,1.499712823027667
M15@H1,wick_touch,with_daily,continuation,young,retested_2plus,2486,23.845534995977474,2.1979082864038615,1.7969227403126535
M15@H1,wick_touch,with_daily,pullback,fresh,retested_1,193,2.8082901554404147,2.2797927461139897,1.571243145860983
M15@H1,wick_touch,with_daily,pullback,fresh,retested_2plus,467,7.925053533190578,2.355460385438972,1.9179157288780948
M15@H1,wick_touch,with_daily,pullback,mature,retested_1,11,81.36363636363636,2.272727272727273,1.4783129739813454
M15@H1,wick_touch,with_daily,pullback,mature,retested_2plus,908,92.40859030837004,2.2775330396475773,1.936070788810705
M15@H1,wick_touch,with_daily,pullback,old,retested_1,2,218.0,3.0,1.1164949507269295
M15@H1,wick_touch,with_daily,pullback,old,retested_2plus,294,502.11224489795916,1.5748299319727892,2.2467142616696147
M15@H1,wick_touch,with_daily,pullback,young,retested_1,17,32.76470588235294,2.2941176470588234,1.5857367175347665
M15@H1,wick_touch,with_daily,pullback,young,retested_2plus,1311,24.997711670480548,2.2700228832951943,1.9180578228372465
M15@H1,wick_touch,with_daily,push,fresh,retested_1,2,7.0,2.0,1.0356358356552033
M15@H1,wick_touch,with_daily,push,fresh,retested_2plus,39,7.666666666666667,2.282051282051282,1.584112351969864
M15@H1,wick_touch,with_daily,push,mature,retested_1,6,70.0,2.8333333333333335,1.3936253170240611
M15@H1,wick_touch,with_daily,push,mature,retested_2plus,87,78.63218390804597,2.735632183908046,1.7491224491250077
M15@H1,wick_touch,with_daily,push,old,retested_1,1,211.0,3.0,1.5345398929390899
M15@H1,wick_touch,with_daily,push,old,retested_2plus,38,499.57894736842104,1.5789473684210527,1.2483326148651825
M15@H1,wick_touch,with_daily,push,young,retested_1,6,29.0,2.6666666666666665,1.966969553480725
M15@H1,wick_touch,with_daily,push,young,retested_2plus,160,24.875,2.66875,1.5032754278817317
M15@H1,wick_touch,with_daily,reversal,fresh,retested_1,2,3.5,1.0,1.9181947839401956
M15@H1,wick_touch,with_daily,reversal,mature,retested_1,1,91.0,1.0,0.6404999999999654
M15@H1,wick_touch,with_daily,reversal,mature,retested_2plus,48,91.83333333333333,2.2291666666666665,1.7016440721757686
M15@H1,wick_touch,with_daily,reversal,old,retested_2plus,9,594.2222222222222,1.0,3.56417784003496
M15@H1,wick_touch,with_daily,reversal,young,retested_2plus,1,45.0,1.0,2.448905109489222
M15@H4,body_close,against_daily,continuation,fresh,retested_1,184,3.1032608695652173,2.1847826086956523,1.9382516295366954
M15@H4,body_close,against_daily,continuation,fresh,retested_2plus,13111,4.829227366333613,2.223247654641141,1.6530968930582262
M15@H4,body_close,against_daily,continuation,mature,retested_1,11,114.72727272727273,2.4545454545454546,1.5261752678574951
M15@H4,body_close,against_daily,continuation,mature,retested_2plus,7327,103.66384604886038,2.2460761566807697,1.9646445512496775
M15@H4,body_close,against_daily,continuation,old,first_touch,1,1080.0,3.0,0.36346747543429697
M15@H4,body_close,against_daily,continuation,old,retested_1,7,1070.857142857143,2.7142857142857144,1.1272248643803116
M15@H4,body_close,against_daily,continuation,old,retested_2plus,3800,551.4452631578947,2.2594736842105263,2.51105699514124
M15@H4,body_close,against_daily,continuation,young,retested_1,35,22.0,2.4,2.1159055186578763
M15@H4,body_close,against_daily,continuation,young,retested_2plus,8781,29.497551531716205,1.8951144516569867,1.8787714487760072
M15@H4,body_close,against_daily,pullback,fresh,retested_1,150,2.7266666666666666,2.2466666666666666,1.697432271316985
M15@H4,body_close,against_daily,pullback,fresh,retested_2plus,946,7.2579281183932345,2.3446088794926006,2.0543122464389665
M15@H4,body_close,against_daily,pullback,mature,retested_1,2,87.5,2.5,0.4868524294876073
M15@H4,body_close,against_daily,pullback,mature,retested_2plus,2636,113.67071320182094,2.236722306525038,2.0506033984759404
M15@H4,body_close,against_daily,pullback,old,retested_1,2,311.5,3.0,1.2790442315772859
M15@H4,body_close,against_daily,pullback,old,retested_2plus,1448,459.60151933701655,2.305939226519337,2.5795012278251117
M15@H4,body_close,against_daily,pullback,young,retested_1,13,16.923076923076923,2.230769230769231,2.2275037017335255
M15@H4,body_close,against_daily,pullback,young,retested_2plus,1871,34.613575628006416,1.6333511491181187,1.8843334799946811
M15@H4,body_close,against_daily,push,fresh,retested_2plus,84,6.714285714285714,2.761904761904762,1.3619953852486815
M15@H4,body_close,against_daily,push,mature,retested_1,1,77.0,2.0,0.3135345666991984
M15@H4,body_close,against_daily,push,mature,retested_2plus,753,115.9203187250996,2.058432934926959,1.4118403189680675
M15@H4,body_close,against_daily,push,old,retested_1,2,581.5,3.0,0.6645743967416977
M15@H4,body_close,against_daily,push,old,retested_2plus,135,321.14814814814815,2.4518518518518517,1.217720277876445
M15@H4,body_close,against_daily,push,young,retested_1,1,48.0,2.0,0.40557275541787013
M15@H4,body_close,against_daily,push,young,retested_2plus,402,34.75870646766169,1.5174129353233832,2.0979325353794245
M15@H4,body_close,against_daily,reversal,fresh,retested_1,42,3.0714285714285716,2.5476190476190474,2.2485487268838584
M15@H4,body_close,against_daily,reversal,fresh,retested_2plus,1691,5.058545239503252,2.7102306327616796,1.9001014657823359
M15@H4,body_close,against_daily,reversal,mature,retested_2plus,2103,106.91535901093675,2.5953399904897765,9.21639559637909
M15@H4,body_close,against_daily,reversal,old,retested_1,1,506.0,1.0,3.9131614654000875
M15@H4,body_close,against_daily,reversal,old,retested_2plus,622,581.5192926045016,2.446945337620579,1.907372851434308
M15@H4,body_close,against_daily,reversal,young,retested_1,6,15.0,2.8333333333333335,1.7962032508977088
M15@H4,body_close,against_daily,reversal,young,retested_2plus,1080,27.850925925925925,2.3759259259259258,2.1754876237712
M15@H4,body_close,at_transition,continuation,fresh,retested_1,1,8.0,2.0,0.44931227712694694
M15@H4,body_close,at_transition,continuation,fresh,retested_2plus,170,5.829411764705882,1.4588235294117646,1.9062231383812627
M15@H4,body_close,at_transition,continuation,mature,retested_2plus,65,94.52307692307693,1.5384615384615385,2.7715161441186473
M15@H4,body_close,at_transition,continuation,old,retested_2plus,28,523.4642857142857,1.3928571428571428,3.859005291323917
M15@H4,body_close,at_transition,continuation,young,retested_1,10,14.6,1.7,1.6777661041767735
M15@H4,body_close,at_transition,continuation,young,retested_2plus,221,24.09502262443439,1.420814479638009,2.31285306399685
M15@H4,body_close,at_transition,pullback,fresh,retested_2plus,12,8.166666666666666,1.3333333333333333,3.572203066050615
M15@H4,body_close,at_transition,pullback,mature,retested_2plus,44,101.72727272727273,1.4318181818181819,3.1299854221095345
M15@H4,body_close,at_transition,pullback,old,retested_2plus,14,495.7142857142857,1.5714285714285714,4.000337455552574
M15@H4,body_close,at_transition,pullback,young,retested_1,13,14.615384615384615,1.3846153846153846,1.7786551663135133
M15@H4,body_close,at_transition,pullback,young,retested_2plus,64,30.59375,1.484375,2.70493498626134
M15@H4,body_close,at_transition,push,fresh,retested_2plus,1,10.0,2.0,0.3982494529542139
M15@H4,body_close,at_transition,push,mature,retested_2plus,8,117.125,1.5,1.3934793057581518
M15@H4,body_close,at_transition,push,old,retested_2plus,1,243.0,2.0,3.221165279428859
M15@H4,body_close,at_transition,push,young,retested_2plus,5,27.8,1.2,1.9751164749573618
M15@H4,body_close,at_transition,reversal,fresh,retested_2plus,11,7.636363636363637,1.2727272727272727,2.849310348778081
M15@H4,body_close,at_transition,reversal,mature,retested_2plus,13,112.15384615384616,1.3846153846153846,11.573539254895927
M15@H4,body_close,at_transition,reversal,old,retested_2plus,2,224.5,2.0,3.358015340286372
M15@H4,body_close,at_transition,reversal,young,retested_2plus,19,25.0,1.368421052631579,3.266628553535622
M15@H4,body_close,neutral,continuation,fresh,retested_1,142,3.1267605633802815,1.408450704225352,1.7870886452045736
M15@H4,body_close,neutral,continuation,fresh,retested_2plus,10063,5.140614130974859,1.4094206499055948,1.5141304270979892
M15@H4,body_close,neutral,continuation,mature,retested_1,3,73.66666666666667,1.6666666666666667,0.7889001219071133
M15@H4,body_close,neutral,continuation,mature,retested_2plus,2604,96.3636712749616,1.3544546850998465,2.1521833573717584
M15@H4,body_close,neutral,continuation,old,retested_1,1,1231.0,2.0,0.6648859683285123
M15@H4,body_close,neutral,continuation,old,retested_2plus,1162,680.0206540447505,1.2521514629948365,2.2060700761567804
M15@H4,body_close,neutral,continuation,young,retested_1,35,21.8,1.4,1.797828632509899
M15@H4,body_close,neutral,continuation,young,retested_2plus,8708,22.957280661460725,1.5129765732659624,1.6587371106382245
M15@H4,body_close,neutral,pullback,fresh,retested_1,86,2.488372093023256,1.3488372093023255,1.752400695734146
M15@H4,body_close,neutral,pullback,fresh,retested_2plus,673,8.476968796433878,1.3803863298662704,2.078643251850376
M15@H4,body_close,neutral,pullback,mature,retested_1,1,82.0,2.0,0.69865211810009
M15@H4,body_close,neutral,pullback,mature,retested_2plus,1357,100.12601326455416,1.475313190862196,2.840342406962669
M15@H4,body_close,neutral,pullback,old,retested_2plus,497,505.24547283702213,1.488933601609658,2.863080026159471
M15@H4,body_close,neutral,pullback,young,retested_1,3,15.666666666666666,1.3333333333333333,2.5475343360549974
M15@H4,body_close,neutral,pullback,young,retested_2plus,3385,25.518463810930577,1.5568685376661744,2.0207041536119625
M15@H4,body_close,neutral,push,fresh,retested_1,1,8.0,2.0,1.9356521739125403
M15@H4,body_close,neutral,push,fresh,retested_2plus,53,8.79245283018868,2.0,0.6417646363799885
M15@H4,body_close,neutral,push,mature,retested_2plus,118,124.55932203389831,1.8305084745762712,1.2590848540394153
M15@H4,body_close,neutral,push,old,retested_2plus,36,244.5,1.6666666666666667,2.0775341652691073
M15@H4,body_close,neutral,push,young,retested_1,4,28.5,1.0,1.970588878114241
M15@H4,body_close,neutral,push,young,retested_2plus,496,26.39516129032258,1.4375,1.2436814083638033
M15@H4,body_close,neutral,reversal,fresh,retested_1,2,3.0,2.0,1.0777892736320198
M15@H4,body_close,neutral,reversal,fresh,retested_2plus,383,7.375979112271541,1.597911227154047,2.471196059930196
M15@H4,body_close,neutral,reversal,mature,retested_2plus,404,110.99752475247524,1.5074257425742574,9.041409740044227
M15@H4,body_close,neutral,reversal,old,retested_2plus,61,294.2950819672131,1.3770491803278688,1.892152805387457
M15@H4,body_close,neutral,reversal,young,retested_1,5,21.8,1.4,2.3849665118490915
M15@H4,body_close,neutral,reversal,young,retested_2plus,1291,23.776142525174283,1.2842757552285051,2.7381188962670775
M15@H4,body_close,with_daily,continuation,fresh,first_touch,1,7.0,2.0,1.3600873462423313
M15@H4,body_close,with_daily,continuation,fresh,retested_1,197,2.8527918781725887,2.33502538071066,1.4752320582955558
M15@H4,body_close,with_daily,continuation,fresh,retested_2plus,9181,4.781614203245834,2.26162727371746,1.43421923245911
M15@H4,body_close,with_daily,continuation,mature,retested_1,1,68.0,1.0,2.2637310606060117
M15@H4,body_close,with_daily,continuation,mature,retested_2plus,1598,98.99812265331664,1.5438047559449313,1.6264345010579737
M15@H4,body_close,with_daily,continuation,old,retested_1,1,206.0,1.0,0.01501393591145609
M15@H4,body_close,with_daily,continuation,old,retested_2plus,309,437.4919093851133,1.6537216828478964,3.9115270237969297
M15@H4,body_close,with_daily,continuation,young,retested_1,35,18.97142857142857,2.0285714285714285,1.8678679112911034
M15@H4,body_close,with_daily,continuation,young,retested_2plus,7057,22.139719427518777,2.026356808842284,1.5639554393662367
M15@H4,body_close,with_daily,pullback,fresh,retested_1,84,2.5357142857142856,2.0952380952380953,1.4952610881055375
M15@H4,body_close,with_daily,pullback,fresh,retested_2plus,357,7.669467787114846,1.9103641456582634,2.144908123463918
M15@H4,body_close,with_daily,pullback,mature,retested_1,1,100.0,3.0,1.4633089629027343
M15@H4,body_close,with_daily,pullback,mature,retested_2plus,972,92.70370370370371,1.6707818930041152,2.569099418610617
M15@H4,body_close,with_daily,pullback,old,retested_1,1,633.0,1.0,1.6871913072110247
M15@H4,body_close,with_daily,pullback,old,retested_2plus,396,657.0580808080808,1.6565656565656566,2.849672817157349
M15@H4,body_close,with_daily,pullback,young,retested_1,7,17.428571428571427,1.7142857142857142,1.2975881457653475
M15@H4,body_close,with_daily,pullback,young,retested_2plus,2451,27.67686658506732,2.014279885760914,2.1545219270632434
M15@H4,body_close,with_daily,push,fresh,retested_1,2,7.0,3.0,1.5103078140535333
M15@H4,body_close,with_daily,push,fresh,retested_2plus,181,6.45303867403315,2.657458563535912,1.2250646886849303
M15@H4,body_close,with_daily,push,mature,retested_2plus,124,90.88709677419355,1.7741935483870968,1.243780196869258
M15@H4,body_close,with_daily,push,old,retested_2plus,51,316.52941176470586,2.0784313725490198,1.0129535157319995
M15@H4,body_close,with_daily,push,young,retested_1,2,19.0,2.5,1.260223123916522
M15@H4,body_close,with_daily,push,young,retested_2plus,290,23.875862068965517,2.7517241379310344,1.9612941672106112
M15@H4,body_close,with_daily,reversal,fresh,retested_1,2,3.0,2.5,1.8514113972626598
M15@H4,body_close,with_daily,reversal,fresh,retested_2plus,63,7.920634920634921,1.6507936507936507,2.1017485034447905
M15@H4,body_close,with_daily,reversal,mature,retested_2plus,289,97.23875432525952,1.0173010380622838,5.656261035045205
M15@H4,body_close,with_daily,reversal,old,retested_1,1,3092.0,1.0,1.6826737638535647
M15@H4,body_close,with_daily,reversal,old,retested_2plus,11,3092.909090909091,1.0,1.5959243737205397
M15@H4,body_close,with_daily,reversal,young,retested_2plus,386,21.5440414507772,1.8290155440414508,1.1890831489726046
M15@H4,break_through,against_daily,continuation,fresh,first_touch,1,2.0,2.0,2.5354472802268195
M15@H4,break_through,against_daily,pullback,fresh,first_touch,1,4.0,2.0,3.488287785833881
M15@H4,break_through,against_daily,pullback,young,first_touch,1,14.0,1.0,3.230454774839264
M15@H4,break_through,at_transition,continuation,young,first_touch,1,14.0,2.0,2.6011538504914764
M15@H4,break_through,at_transition,pullback,young,first_touch,1,14.0,2.0,4.693064436792748
M15@H4,break_through,neutral,continuation,fresh,first_touch,2,2.5,1.0,1.130731345852994
M15@H4,break_through,neutral,pullback,fresh,first_touch,1,3.0,2.0,2.777632268203235
M15@H4,break_through,with_daily,continuation,fresh,first_touch,3,3.0,1.3333333333333333,2.560753801576361
M15@H4,break_through,with_daily,continuation,young,first_touch,1,17.0,1.0,3.0668896321067876
M15@H4,break_through,with_daily,pullback,fresh,first_touch,2,2.0,1.5,2.270830076416082
M15@H4,near_miss,against_daily,continuation,fresh,first_touch,309,3.355987055016181,2.2006472491909386,3.255954492543244
M15@H4,near_miss,against_daily,continuation,fresh,retested_1,144,4.083333333333333,2.1805555555555554,3.479002253118453
M15@H4,near_miss,against_daily,continuation,fresh,retested_2plus,1619,4.62816553428042,2.2816553428042,3.386133283406258
M15@H4,near_miss,against_daily,continuation,mature,first_touch,20,130.6,2.6,2.709856177932771
M15@H4,near_miss,against_daily,continuation,mature,retested_1,9,110.0,2.3333333333333335,2.9805892363252138
M15@H4,near_miss,against_daily,continuation,mature,retested_2plus,945,100.93333333333334,2.176719576719577,3.6184435033804236
M15@H4,near_miss,against_daily,continuation,old,first_touch,20,530.6,2.25,2.9637211671810997
M15@H4,near_miss,against_daily,continuation,old,retested_1,11,436.0,2.8181818181818183,1.9241459171216029
M15@H4,near_miss,against_daily,continuation,old,retested_2plus,492,513.2459349593496,2.154471544715447,4.5726254113145615
M15@H4,near_miss,against_daily,continuation,young,first_touch,63,29.49206349206349,1.8253968253968254,3.2415389568321293
M15@H4,near_miss,against_daily,continuation,young,retested_1,33,31.818181818181817,2.121212121212121,2.2603568762441806
M15@H4,near_miss,against_daily,continuation,young,retested_2plus,962,29.077962577962577,1.8835758835758836,3.718074278869732
M15@H4,near_miss,against_daily,pullback,fresh,first_touch,39,3.4358974358974357,2.128205128205128,2.795974186298083
M15@H4,near_miss,against_daily,pullback,fresh,retested_2plus,184,7.25,2.25,3.948671154884614
M15@H4,near_miss,against_daily,pullback,mature,first_touch,1,123.0,2.0,1.5181256925756559
M15@H4,near_miss,against_daily,pullback,mature,retested_1,2,89.5,2.0,1.7251856264651355
M15@H4,near_miss,against_daily,pullback,mature,retested_2plus,524,107.27671755725191,2.16793893129771,3.505607846444824
M15@H4,near_miss,against_daily,pullback,old,retested_1,1,211.0,3.0,2.8542976939201345
M15@H4,near_miss,against_daily,pullback,old,retested_2plus,331,535.4380664652568,2.120845921450151,3.750119944221697
M15@H4,near_miss,against_daily,pullback,young,first_touch,8,32.625,2.375,3.5578685395112166
M15@H4,near_miss,against_daily,pullback,young,retested_1,3,38.666666666666664,2.0,1.9593365949419421
M15@H4,near_miss,against_daily,pullback,young,retested_2plus,354,32.932203389830505,1.7005649717514124,3.7538485768397627
M15@H4,near_miss,against_daily,push,fresh,retested_2plus,4,6.5,2.75,3.1395491782226697
M15@H4,near_miss,against_daily,push,mature,retested_1,4,187.25,1.5,2.421179991396186
M15@H4,near_miss,against_daily,push,mature,retested_2plus,144,101.38888888888889,2.3958333333333335,2.984543223795978
M15@H4,near_miss,against_daily,push,old,first_touch,3,336.3333333333333,2.3333333333333335,2.4739602048986176
M15@H4,near_miss,against_daily,push,old,retested_1,2,320.0,2.0,1.7887538814717152
M15@H4,near_miss,against_daily,push,old,retested_2plus,42,307.9047619047619,2.261904761904762,2.9109727246083987
M15@H4,near_miss,against_daily,push,young,first_touch,6,47.0,1.8333333333333333,2.1658820691455825
M15@H4,near_miss,against_daily,push,young,retested_2plus,73,32.12328767123287,1.4246575342465753,3.4916607725058837
M15@H4,near_miss,against_daily,reversal,fresh,first_touch,18,3.3333333333333335,2.611111111111111,4.102838563290756
M15@H4,near_miss,against_daily,reversal,fresh,retested_1,1,8.0,3.0,3.1198501872657105
M15@H4,near_miss,against_daily,reversal,fresh,retested_2plus,226,4.933628318584071,2.6769911504424777,3.560467290875077
M15@H4,near_miss,against_daily,reversal,mature,retested_2plus,103,94.05825242718447,2.174757281553398,7.64493864779878
M15@H4,near_miss,against_daily,reversal,old,first_touch,1,504.0,1.0,3.143818334734967
M15@H4,near_miss,against_daily,reversal,old,retested_2plus,52,654.6923076923077,2.5576923076923075,3.2546791733217115
M15@H4,near_miss,against_daily,reversal,young,first_touch,4,15.0,3.0,3.4966246416664264
M15@H4,near_miss,against_daily,reversal,young,retested_2plus,89,31.51685393258427,2.101123595505618,3.569173467937731
M15@H4,near_miss,at_transition,continuation,fresh,first_touch,4,4.0,1.5,4.40972731286846
M15@H4,near_miss,at_transition,continuation,fresh,retested_2plus,26,5.653846153846154,1.3461538461538463,4.492455514434455
M15@H4,near_miss,at_transition,continuation,mature,retested_2plus,9,90.66666666666667,1.4444444444444444,5.326947955783213
M15@H4,near_miss,at_transition,continuation,old,retested_2plus,3,631.3333333333334,1.3333333333333333,7.420617807570935
M15@H4,near_miss,at_transition,continuation,young,first_touch,4,16.25,1.0,5.096193877178628
M15@H4,near_miss,at_transition,continuation,young,retested_2plus,26,21.884615384615383,1.6153846153846154,4.619341286987268
M15@H4,near_miss,at_transition,pullback,fresh,retested_2plus,2,10.0,1.0,5.6943607722959815
M15@H4,near_miss,at_transition,pullback,mature,retested_2plus,3,81.66666666666667,1.3333333333333333,3.151074198558781
M15@H4,near_miss,at_transition,pullback,old,retested_2plus,2,331.5,1.0,11.614137865663745
M15@H4,near_miss,at_transition,pullback,young,first_touch,1,14.0,2.0,5.421052631578987
M15@H4,near_miss,at_transition,pullback,young,retested_2plus,9,25.444444444444443,1.6666666666666667,5.338616242551461
M15@H4,near_miss,at_transition,push,young,retested_2plus,3,19.333333333333332,1.3333333333333333,2.8956996805107345
M15@H4,near_miss,at_transition,reversal,fresh,retested_2plus,1,9.0,1.0,4.689950106913583
M15@H4,near_miss,at_transition,reversal,young,retested_2plus,3,41.0,2.0,3.8185040091225075
M15@H4,near_miss,neutral,continuation,fresh,first_touch,273,3.6556776556776556,1.424908424908425,2.9320503414852754
M15@H4,near_miss,neutral,continuation,fresh,retested_1,77,3.8181818181818183,1.3766233766233766,3.214014736671566
M15@H4,near_miss,neutral,continuation,fresh,retested_2plus,1225,5.460408163265306,1.4775510204081632,3.2025261288458116
M15@H4,near_miss,neutral,continuation,mature,first_touch,9,72.66666666666667,1.4444444444444444,2.156891789290709
M15@H4,near_miss,neutral,continuation,mature,retested_1,14,101.28571428571429,1.1428571428571428,2.4737590358367707
M15@H4,near_miss,neutral,continuation,mature,retested_2plus,436,95.95871559633028,1.4724770642201834,3.8643652627771456
M15@H4,near_miss,neutral,continuation,old,first_touch,6,1091.0,1.1666666666666667,2.45496737060299
M15@H4,near_miss,neutral,continuation,old,retested_1,1,538.0,1.0,3.391248077233872
M15@H4,near_miss,neutral,continuation,old,retested_2plus,186,637.9677419354839,1.2204301075268817,3.398789966042572
M15@H4,near_miss,neutral,continuation,young,first_touch,76,22.80263157894737,1.5789473684210527,3.288554495403338
M15@H4,near_miss,neutral,continuation,young,retested_1,24,19.125,1.7083333333333333,3.4496105364670253
M15@H4,near_miss,neutral,continuation,young,retested_2plus,1115,24.558744394618834,1.4780269058295965,3.468465740332949
M15@H4,near_miss,neutral,pullback,fresh,first_touch,23,2.9565217391304346,1.6521739130434783,3.004219580033299
M15@H4,near_miss,neutral,pullback,fresh,retested_2plus,144,8.229166666666666,1.2986111111111112,4.076668700462109
M15@H4,near_miss,neutral,pullback,mature,first_touch,3,85.0,1.3333333333333333,2.0450178640579235
M15@H4,near_miss,neutral,pullback,mature,retested_1,2,85.0,1.0,2.7382873177731906
M15@H4,near_miss,neutral,pullback,mature,retested_2plus,201,100.2636815920398,1.3880597014925373,4.491186116689592
M15@H4,near_miss,neutral,pullback,old,first_touch,1,316.0,2.0,3.3353353353353135
M15@H4,near_miss,neutral,pullback,old,retested_2plus,87,603.5862068965517,1.5632183908045978,4.2999247708679995
M15@H4,near_miss,neutral,pullback,young,first_touch,9,25.333333333333332,1.3333333333333333,3.5844821198868715
M15@H4,near_miss,neutral,pullback,young,retested_1,1,19.0,2.0,3.0344108245439787
M15@H4,near_miss,neutral,pullback,young,retested_2plus,612,26.70098039215686,1.6127450980392157,3.747995501333824
M15@H4,near_miss,neutral,push,fresh,first_touch,2,7.5,2.0,3.3335976789162958
M15@H4,near_miss,neutral,push,fresh,retested_2plus,4,9.25,2.0,2.3721149692588623
M15@H4,near_miss,neutral,push,mature,first_touch,1,149.0,1.0,1.5002754820937279
M15@H4,near_miss,neutral,push,mature,retested_2plus,28,147.28571428571428,1.7142857142857142,3.078154433836557
M15@H4,near_miss,neutral,push,old,retested_2plus,10,247.0,1.5,3.229361043013968
M15@H4,near_miss,neutral,push,young,first_touch,4,26.5,1.0,4.053564768206831
M15@H4,near_miss,neutral,push,young,retested_1,2,20.0,1.0,2.724866964223594
M15@H4,near_miss,neutral,push,young,retested_2plus,83,30.14457831325301,1.3734939759036144,3.2555926906735393
M15@H4,near_miss,neutral,reversal,fresh,first_touch,7,3.857142857142857,2.0,2.6516799296110842
M15@H4,near_miss,neutral,reversal,fresh,retested_1,2,2.0,1.0,2.1392342130771516
M15@H4,near_miss,neutral,reversal,fresh,retested_2plus,43,5.674418604651163,1.3255813953488371,3.5158929444645457
M15@H4,near_miss,neutral,reversal,mature,retested_2plus,37,91.89189189189189,1.0810810810810811,3.2370306937776987
M15@H4,near_miss,neutral,reversal,old,retested_2plus,14,409.64285714285717,1.6428571428571428,3.8348232857610833
M15@H4,near_miss,neutral,reversal,young,first_touch,15,19.066666666666666,1.4666666666666666,4.152030761612475
M15@H4,near_miss,neutral,reversal,young,retested_2plus,155,28.483870967741936,1.238709677419355,4.414015341980093
M15@H4,near_miss,with_daily,continuation,fresh,first_touch,259,3.3204633204633205,2.2895752895752897,2.7696570211227627
M15@H4,near_miss,with_daily,continuation,fresh,retested_1,124,3.5483870967741935,2.314516129032258,2.740550847456173
M15@H4,near_miss,with_daily,continuation,fresh,retested_2plus,1287,5.275058275058275,2.253302253302253,3.0934488809965024
M15@H4,near_miss,with_daily,continuation,mature,first_touch,11,76.36363636363636,1.3636363636363635,2.8960488986674098
M15@H4,near_miss,with_daily,continuation,mature,retested_1,1,153.0,1.0,1.0735684654856985
M15@H4,near_miss,with_daily,continuation,mature,retested_2plus,304,112.84210526315789,1.5888157894736843,3.606002855028512
M15@H4,near_miss,with_daily,continuation,old,first_touch,1,206.0,1.0,0.6776072741695628
M15@H4,near_miss,with_daily,continuation,old,retested_2plus,61,363.5245901639344,1.2622950819672132,3.8650671717964107
M15@H4,near_miss,with_daily,continuation,young,first_touch,85,18.788235294117648,1.8823529411764706,3.0653916726250063
M15@H4,near_miss,with_daily,continuation,young,retested_1,28,19.25,2.1785714285714284,2.4680215650947632
M15@H4,near_miss,with_daily,continuation,young,retested_2plus,1183,22.89433643279797,2.241758241758242,3.2314026458033496
M15@H4,near_miss,with_daily,pullback,fresh,first_touch,11,2.3636363636363638,1.6363636363636365,3.3379865639652553
M15@H4,near_miss,with_daily,pullback,fresh,retested_2plus,48,7.520833333333333,1.8541666666666667,3.4359699733813276
M15@H4,near_miss,with_daily,pullback,mature,first_touch,3,110.66666666666667,2.3333333333333335,1.922288939293619
M15@H4,near_miss,with_daily,pullback,mature,retested_2plus,235,94.82978723404256,1.8553191489361702,4.194458735148644
M15@H4,near_miss,with_daily,pullback,old,retested_2plus,64,449.234375,1.5,3.8045565320496526
M15@H4,near_miss,with_daily,pullback,young,first_touch,6,26.0,1.6666666666666667,3.16007828836112
M15@H4,near_miss,with_daily,pullback,young,retested_1,5,31.6,1.8,2.6162429109429177
M15@H4,near_miss,with_daily,pullback,young,retested_2plus,562,28.160142348754448,2.0711743772241995,3.7737309811003605
M15@H4,near_miss,with_daily,push,fresh,first_touch,6,7.0,2.8333333333333335,2.7099639532971076
M15@H4,near_miss,with_daily,push,fresh,retested_1,1,9.0,3.0,0.8822055137844155
M15@H4,near_miss,with_daily,push,fresh,retested_2plus,51,7.0588235294117645,2.5686274509803924,3.0172822435201367
M15@H4,near_miss,with_daily,push,mature,retested_1,1,56.0,2.0,1.2030945079453514
M15@H4,near_miss,with_daily,push,mature,retested_2plus,37,120.56756756756756,1.2972972972972974,2.9559953234362646
M15@H4,near_miss,with_daily,push,old,retested_2plus,8,314.25,2.25,2.624676634815658
M15@H4,near_miss,with_daily,push,young,first_touch,11,13.363636363636363,2.909090909090909,2.9425381696320545
M15@H4,near_miss,with_daily,push,young,retested_1,4,12.25,2.0,2.9141383901137825
M15@H4,near_miss,with_daily,push,young,retested_2plus,112,23.580357142857142,2.669642857142857,3.541854557339026
M15@H4,near_miss,with_daily,reversal,fresh,retested_2plus,27,6.444444444444445,1.7407407407407407,4.181937116412156
M15@H4,near_miss,with_daily,reversal,mature,retested_2plus,15,69.33333333333333,1.8666666666666667,2.905341447145438
M15@H4,near_miss,with_daily,reversal,old,first_touch,2,503.0,1.0,4.26431603569227
M15@H4,near_miss,with_daily,reversal,old,retested_2plus,4,3092.0,1.0,2.2469925382914644
M15@H4,near_miss,with_daily,reversal,young,retested_2plus,68,27.264705882352942,1.9411764705882353,3.2439689065486257
M15@H4,wick_touch,against_daily,continuation,fresh,retested_1,116,3.646551724137931,2.2155172413793105,3.0659996441743735
M15@H4,wick_touch,against_daily,continuation,fresh,retested_2plus,1938,4.594943240454076,2.2265221878224972,3.1282460370087963
M15@H4,wick_touch,against_daily,continuation,mature,retested_1,10,107.9,2.1,2.538651649284728
M15@H4,wick_touch,against_daily,continuation,mature,retested_2plus,968,102.15082644628099,2.168388429752066,3.263473435281569
M15@H4,wick_touch,against_daily,continuation,old,retested_1,3,580.6666666666666,2.3333333333333335,1.486687518666594
M15@H4,wick_touch,against_daily,continuation,old,retested_2plus,467,547.0214132762312,2.274089935760171,4.178568900886154
M15@H4,wick_touch,against_daily,continuation,young,retested_1,24,26.833333333333332,1.9583333333333333,2.6081955376150847
M15@H4,wick_touch,against_daily,continuation,young,retested_2plus,1061,28.57492931196984,1.8011310084825636,3.4361030351821014
M15@H4,wick_touch,against_daily,pullback,fresh,retested_1,26,2.6153846153846154,2.3076923076923075,2.6016453666619674
M15@H4,wick_touch,against_daily,pullback,fresh,retested_2plus,185,7.227027027027027,2.1945945945945944,3.778026612784177
M15@H4,wick_touch,against_daily,pullback,mature,retested_1,1,123.0,2.0,1.3118756936737737
M15@H4,wick_touch,against_daily,pullback,mature,retested_2plus,464,109.0603448275862,2.165948275862069,3.2460221148530715
M15@H4,wick_touch,against_daily,pullback,old,retested_1,1,405.0,1.0,5.869833912707656
M15@H4,wick_touch,against_daily,pullback,old,retested_2plus,334,474.7365269461078,2.2005988023952097,3.738550425458806
M15@H4,wick_touch,against_daily,pullback,young,retested_1,3,15.333333333333334,2.3333333333333335,3.9734051549232596
M15@H4,wick_touch,against_daily,pullback,young,retested_2plus,362,33.511049723756905,1.6353591160220995,3.566208167644386
M15@H4,wick_touch,against_daily,push,fresh,retested_2plus,8,6.375,2.875,3.236283338042998
M15@H4,wick_touch,against_daily,push,mature,retested_1,1,65.0,1.0,2.7241550695825967
M15@H4,wick_touch,against_daily,push,mature,retested_2plus,137,103.25547445255475,2.2846715328467155,2.688759986321618
M15@H4,wick_touch,against_daily,push,old,retested_1,3,326.6666666666667,2.3333333333333335,1.8429117862516773
M15@H4,wick_touch,against_daily,push,old,retested_2plus,46,423.1521739130435,2.3043478260869565,2.477854226651428
M15@H4,wick_touch,against_daily,push,young,retested_1,2,47.0,1.5,1.878081526299996
M15@H4,wick_touch,against_daily,push,young,retested_2plus,101,30.08910891089109,1.2376237623762376,3.1780613548929546
M15@H4,wick_touch,against_daily,reversal,fresh,retested_1,10,3.7,2.9,2.4491745270355514
M15@H4,wick_touch,against_daily,reversal,fresh,retested_2plus,259,4.822393822393822,2.66023166023166,3.2408864810494746
M15@H4,wick_touch,against_daily,reversal,mature,retested_1,1,92.0,3.0,3.1768530559165398
M15@H4,wick_touch,against_daily,reversal,mature,retested_2plus,94,95.52127659574468,2.4468085106382977,8.592357566880318
M15@H4,wick_touch,against_daily,reversal,old,retested_2plus,32,597.96875,2.5625,3.9956982154680247
M15@H4,wick_touch,against_daily,reversal,young,retested_1,1,16.0,3.0,3.8197674418605176
M15@H4,wick_touch,against_daily,reversal,young,retested_2plus,109,27.623853211009173,2.238532110091743,3.3212576644066956
M15@H4,wick_touch,at_transition,continuation,fresh,retested_1,4,4.5,1.0,5.548082151616031
M15@H4,wick_touch,at_transition,continuation,fresh,retested_2plus,36,5.583333333333333,1.5277777777777777,3.33557283180269
M15@H4,wick_touch,at_transition,continuation,mature,retested_2plus,10,106.7,1.3,5.839670668293771
M15@H4,wick_touch,at_transition,continuation,old,retested_1,1,538.0,1.0,2.448809121958607
M15@H4,wick_touch,at_transition,continuation,old,retested_2plus,5,879.6,1.8,11.470381544929841
M15@H4,wick_touch,at_transition,continuation,young,retested_1,3,15.0,1.0,1.7833528013156084
M15@H4,wick_touch,at_transition,continuation,young,retested_2plus,35,24.02857142857143,1.4285714285714286,4.906410894102398
M15@H4,wick_touch,at_transition,pullback,fresh,retested_2plus,4,9.75,1.5,5.284065923779557
M15@H4,wick_touch,at_transition,pullback,mature,retested_2plus,10,102.2,1.5,4.49473229680697
M15@H4,wick_touch,at_transition,pullback,old,retested_2plus,4,361.0,1.5,4.983123801221466
M15@H4,wick_touch,at_transition,pullback,young,retested_2plus,11,26.09090909090909,1.3636363636363635,4.466957637739404
M15@H4,wick_touch,at_transition,push,mature,retested_2plus,1,58.0,1.0,3.2063273727647545
M15@H4,wick_touch,at_transition,push,old,retested_2plus,3,289.3333333333333,1.6666666666666667,3.338435014312284
M15@H4,wick_touch,at_transition,push,young,retested_2plus,4,30.75,1.25,6.8567371720371035
M15@H4,wick_touch,at_transition,reversal,fresh,retested_2plus,1,5.0,1.0,4.599085365853737
M15@H4,wick_touch,at_transition,reversal,old,retested_2plus,1,3094.0,1.0,3.81239664129465
M15@H4,wick_touch,at_transition,reversal,young,retested_2plus,3,32.666666666666664,1.0,4.433556585734539
M15@H4,wick_touch,neutral,continuation,fresh,retested_1,92,3.5434782608695654,1.5,2.7507959992603084
M15@H4,wick_touch,neutral,continuation,fresh,retested_2plus,1500,4.98,1.4726666666666666,2.885025095871521
M15@H4,wick_touch,neutral,continuation,mature,retested_1,3,110.33333333333333,1.3333333333333333,2.2078456269067552
M15@H4,wick_touch,neutral,continuation,mature,retested_2plus,356,91.5252808988764,1.4634831460674158,3.803365611820744
M15@H4,wick_touch,neutral,continuation,old,retested_1,2,784.5,1.0,1.5533222310700745
M15@H4,wick_touch,neutral,continuation,old,retested_2plus,163,721.239263803681,1.2760736196319018,3.320864978212241
M15@H4,wick_touch,neutral,continuation,young,retested_1,24,21.625,1.5416666666666667,3.0372791180997805
M15@H4,wick_touch,neutral,continuation,young,retested_2plus,1081,24.470860314523588,1.4801110083256244,3.2197237889027726
M15@H4,wick_touch,neutral,pullback,fresh,retested_1,14,2.5,1.2142857142857142,2.8590030532641344
M15@H4,wick_touch,neutral,pullback,fresh,retested_2plus,111,8.35135135135135,1.4234234234234233,3.815226546069981
M15@H4,wick_touch,neutral,pullback,mature,retested_1,1,85.0,1.0,3.1091560201551474
M15@H4,wick_touch,neutral,pullback,mature,retested_2plus,180,97.2388888888889,1.4833333333333334,4.53061890609113
M15@H4,wick_touch,neutral,pullback,old,retested_1,1,316.0,2.0,2.109763493026135
M15@H4,wick_touch,neutral,pullback,old,retested_2plus,96,474.8645833333333,1.5625,3.9704064515782664
M15@H4,wick_touch,neutral,pullback,young,retested_1,4,17.75,1.75,3.9351626794196415
M15@H4,wick_touch,neutral,pullback,young,retested_2plus,567,27.285714285714285,1.597883597883598,3.644938519314125
M15@H4,wick_touch,neutral,push,fresh,retested_2plus,10,8.8,2.0,2.381723342426535
M15@H4,wick_touch,neutral,push,mature,retested_2plus,34,128.7058823529412,1.7647058823529411,2.6147705881556065
M15@H4,wick_touch,neutral,push,old,retested_2plus,20,246.35,1.5,2.739025267243042
M15@H4,wick_touch,neutral,push,young,retested_1,4,25.5,1.25,2.480678097879508
M15@H4,wick_touch,neutral,push,young,retested_2plus,98,29.816326530612244,1.336734693877551,2.984019716227649
M15@H4,wick_touch,neutral,reversal,fresh,retested_1,2,2.5,1.5,1.7683574544165157
M15@H4,wick_touch,neutral,reversal,fresh,retested_2plus,42,5.404761904761905,1.2857142857142858,3.1645705476814614
M15@H4,wick_touch,neutral,reversal,mature,retested_2plus,23,92.21739130434783,1.0869565217391304,2.609392738526785
M15@H4,wick_touch,neutral,reversal,old,retested_2plus,12,377.0,1.5833333333333333,3.0319629863580158
M15@H4,wick_touch,neutral,reversal,young,retested_2plus,160,26.7,1.325,4.0840601792477775
M15@H4,wick_touch,with_daily,continuation,fresh,retested_1,111,3.4864864864864864,2.2882882882882885,2.310488022842966
M15@H4,wick_touch,with_daily,continuation,fresh,retested_2plus,1544,4.887305699481865,2.280440414507772,2.8871491684028987
M15@H4,wick_touch,with_daily,continuation,mature,retested_1,1,153.0,1.0,1.1189432624022893
M15@H4,wick_touch,with_daily,continuation,mature,retested_2plus,242,113.89669421487604,1.43801652892562,3.0481234671678026
M15@H4,wick_touch,with_daily,continuation,old,retested_2plus,55,347.2,1.3454545454545455,4.62759362910631
M15@H4,wick_touch,with_daily,continuation,young,retested_1,33,20.484848484848484,2.1818181818181817,2.459980413146728
M15@H4,wick_touch,with_daily,continuation,young,retested_2plus,1247,22.038492381716118,2.166800320769848,2.930777479339939
M15@H4,wick_touch,with_daily,pullback,fresh,retested_1,20,2.75,2.35,2.640861983026138
M15@H4,wick_touch,with_daily,pullback,fresh,retested_2plus,56,7.839285714285714,1.75,3.4142782789734305
M15@H4,wick_touch,with_daily,pullback,mature,retested_2plus,168,92.0297619047619,1.8154761904761905,4.344664051323029
M15@H4,wick_touch,with_daily,pullback,old,retested_2plus,42,494.0,1.5238095238095237,4.150889297540342
M15@H4,wick_touch,with_daily,pullback,young,retested_1,1,12.0,1.0,3.682973881122774
M15@H4,wick_touch,with_daily,pullback,young,retested_2plus,490,27.36122448979592,1.989795918367347,3.5122874481271564
M15@H4,wick_touch,with_daily,push,fresh,retested_1,1,9.0,3.0,1.5114503816792582
M15@H4,wick_touch,with_daily,push,fresh,retested_2plus,54,6.814814814814815,2.611111111111111,3.0493092895902354
M15@H4,wick_touch,with_daily,push,mature,retested_1,1,56.0,2.0,1.211161831836256
M15@H4,wick_touch,with_daily,push,mature,retested_2plus,29,120.44827586206897,1.4482758620689655,2.520358010295634
M15@H4,wick_touch,with_daily,push,old,retested_2plus,16,332.0,1.875,2.06760163426987
M15@H4,wick_touch,with_daily,push,young,retested_1,3,17.666666666666668,2.6666666666666665,3.231864860621748
M15@H4,wick_touch,with_daily,push,young,retested_2plus,86,23.72093023255814,2.6744186046511627,3.1835843897536593
M15@H4,wick_touch,with_daily,reversal,fresh,retested_2plus,18,6.388888888888889,1.7222222222222223,4.166550674435558
M15@H4,wick_touch,with_daily,reversal,mature,retested_2plus,6,89.0,1.6666666666666667,2.8129717339634657
M15@H4,wick_touch,with_daily,reversal,old,retested_2plus,2,3092.0,1.0,1.9564978025588478
M15@H4,wick_touch,with_daily,reversal,young,retested_2plus,73,25.356164383561644,2.0547945205479454,2.9219261136545702
M1@M15,body_close,against_daily,continuation,fresh,retested_1,586,3.13481228668942,2.167235494880546,1.5386240758731775
M1@M15,body_close,against_daily,continuation,fresh,retested_2plus,35737,5.1544897445224835,2.147690069116042,1.373208581265108
M1@M15,body_close,against_daily,continuation,mature,retested_1,7,131.42857142857142,2.5714285714285716,2.0556653822586775
M1@M15,body_close,against_daily,continuation,mature,retested_2plus,5252,81.96706016755522,2.1370906321401373,2.008281152423268
M1@M15,body_close,against_daily,continuation,old,retested_1,15,467.8666666666667,2.2,1.4319478573305133
M1@M15,body_close,against_daily,continuation,old,retested_2plus,9533,1085.386551977342,1.8376166998846113,2.589035914734294
M1@M15,body_close,against_daily,continuation,young,retested_1,37,18.756756756756758,2.2432432432432434,1.9955022174851835
M1@M15,body_close,against_daily,continuation,young,retested_2plus,19561,22.796533919533765,2.1694187413731405,2.0498597465805113
M1@M15,body_close,against_daily,pullback,fresh,retested_1,312,2.5801282051282053,2.176282051282051,1.3552400475978674
M1@M15,body_close,against_daily,pullback,fresh,retested_2plus,2914,7.997940974605354,2.127659574468085,1.7523669280400982
M1@M15,body_close,against_daily,pullback,mature,retested_2plus,2584,85.50812693498452,2.2476780185758516,2.514244791489716
M1@M15,body_close,against_daily,pullback,old,retested_1,1,959.0,3.0,0.8332416118636734
M1@M15,body_close,against_daily,pullback,old,retested_2plus,4491,910.3030505455355,1.970162547316856,2.4945930216249685
M1@M15,body_close,against_daily,pullback,young,retested_1,5,20.0,3.0,1.6293993094947823
M1@M15,body_close,against_daily,pullback,young,retested_2plus,8607,23.709654932032066,2.0795863831764843,2.614496783813922
M1@M15,body_close,against_daily,push,fresh,retested_2plus,89,7.52808988764045,1.0,1.2815170072263735
M1@M15,body_close,against_daily,push,old,retested_1,1,858.0,1.0,0.7163742690062732
M1@M15,body_close,against_daily,push,old,retested_2plus,548,490.05109489051097,1.6569343065693432,1.421995980178274
M1@M15,body_close,against_daily,push,young,retested_2plus,318,31.20440251572327,1.7735849056603774,2.4292978541190573
M1@M15,body_close,against_daily,reversal,fresh,retested_1,44,3.6136363636363638,2.2954545454545454,1.894186072684806
M1@M15,body_close,against_daily,reversal,fresh,retested_2plus,1735,5.371181556195966,2.0524495677233427,1.6707794018718
M1@M15,body_close,against_daily,reversal,mature,retested_1,2,54.0,3.0,1.8999339933993853
M1@M15,body_close,against_daily,reversal,mature,retested_2plus,501,85.7944111776447,3.0,2.2286942316835696
M1@M15,body_close,against_daily,reversal,old,retested_1,1,570.0,2.0,1.629175946547916
M1@M15,body_close,against_daily,reversal,old,retested_2plus,1296,915.3379629629629,2.45679012345679,2.260274405869066
M1@M15,body_close,against_daily,reversal,young,retested_1,4,23.0,2.5,2.6942132310628923
M1@M15,body_close,against_daily,reversal,young,retested_2plus,1926,24.62772585669782,2.2263759086188992,1.923255502443881
M1@M15,body_close,at_transition,continuation,fresh,first_touch,1,3.0,2.0,0.8341968911914561
M1@M15,body_close,at_transition,continuation,fresh,retested_1,1,8.0,1.0,0.22198731501037608
M1@M15,body_close,at_transition,continuation,fresh,retested_2plus,21,6.571428571428571,1.4285714285714286,1.2072804053639852
M1@M15,body_close,at_transition,continuation,mature,retested_1,2,150.5,1.5,1.5079946524065364
M1@M15,body_close,at_transition,continuation,mature,retested_2plus,3,116.66666666666667,1.3333333333333333,1.497618952258888
M1@M15,body_close,at_transition,continuation,old,retested_2plus,14,555.5714285714286,1.4285714285714286,3.5368663131341243
M1@M15,body_close,at_transition,continuation,young,retested_1,1,17.0,1.0,1.3244772702449208
M1@M15,body_close,at_transition,continuation,young,retested_2plus,25,22.68,1.44,1.7240585126365349
M1@M15,body_close,at_transition,pullback,fresh,retested_2plus,1,8.0,1.0,1.1460840290790495
M1@M15,body_close,at_transition,pullback,mature,retested_2plus,5,103.8,1.8,1.353123036266502
M1@M15,body_close,at_transition,pullback,old,retested_1,1,1659.0,1.0,0.048951048951036934
M1@M15,body_close,at_transition,pullback,old,retested_2plus,10,268.4,1.5,3.2435702182180974
M1@M15,body_close,at_transition,pullback,young,retested_2plus,20,24.5,1.4,1.6833491012219934
M1@M15,body_close,at_transition,push,mature,retested_2plus,1,108.0,2.0,1.1489898989909024
M1@M15,body_close,at_transition,push,old,retested_2plus,1,444.0,1.0,3.1575867153373895
M1@M15,body_close,neutral,continuation,fresh,first_touch,3,3.0,2.0,0.8788187905417445
M1@M15,body_close,neutral,continuation,fresh,retested_1,337,3.0445103857566767,1.3827893175074184,1.5892564168844243
M1@M15,body_close,neutral,continuation,fresh,retested_2plus,20302,5.2596788493744455,1.379962565264506,1.4097944488832952
M1@M15,body_close,neutral,continuation,mature,retested_1,10,108.4,1.5,1.339932976127114
M1@M15,body_close,neutral,continuation,mature,retested_2plus,5748,102.75504523312456,1.5521920668058455,2.1806506028600037
M1@M15,body_close,neutral,continuation,old,retested_1,6,422.6666666666667,1.5,1.7356705427056844
M1@M15,body_close,neutral,continuation,old,retested_2plus,3916,535.2987742594485,1.6384065372829417,2.1268561871239235
M1@M15,body_close,neutral,continuation,young,retested_1,22,25.59090909090909,1.4545454545454546,1.6223337770329935
M1@M15,body_close,neutral,continuation,young,retested_2plus,12815,24.181740148263753,1.3530238002341006,1.6723800575029275
M1@M15,body_close,neutral,pullback,fresh,retested_1,165,2.4545454545454546,1.4242424242424243,1.4181802732928952
M1@M15,body_close,neutral,pullback,fresh,retested_2plus,1434,7.857740585774058,1.400976290097629,1.639910463583475
M1@M15,body_close,neutral,pullback,mature,retested_2plus,1708,114.89988290398126,1.6270491803278688,2.4463051891517833
M1@M15,body_close,neutral,pullback,old,retested_2plus,1826,360.32694414019716,1.6171960569550932,2.1435120261508573
M1@M15,body_close,neutral,pullback,young,retested_1,2,25.5,1.0,5.323517339783379
M1@M15,body_close,neutral,pullback,young,retested_2plus,5230,22.933843212237093,1.32868068833652,2.190193872186751
M1@M15,body_close,neutral,push,fresh,retested_2plus,6,4.0,0.0,2.139600735399827
M1@M15,body_close,neutral,push,mature,retested_1,1,91.0,0.0,1.7206703910614072
M1@M15,body_close,neutral,push,mature,retested_2plus,744,100.86962365591398,1.1935483870967742,1.899662566858965
M1@M15,body_close,neutral,push,old,retested_1,2,590.5,1.5,1.5858187166269977
M1@M15,body_close,neutral,push,old,retested_2plus,621,1384.657004830918,1.4202898550724639,2.632572697759585
M1@M15,body_close,neutral,push,young,retested_1,1,44.0,2.0,1.6410256410255688
M1@M15,body_close,neutral,push,young,retested_2plus,50,39.94,1.72,1.297380364538636
M1@M15,body_close,neutral,reversal,fresh,retested_1,6,3.6666666666666665,0.5,0.8665633873774136
M1@M15,body_close,neutral,reversal,fresh,retested_2plus,272,5.319852941176471,0.3713235294117647,1.1212554280324514
M1@M15,body_close,neutral,reversal,mature,retested_2plus,143,159.23776223776224,0.5944055944055944,1.8548387963293582
M1@M15,body_close,neutral,reversal,old,retested_2plus,253,568.905138339921,1.9328063241106719,2.131264511586997
M1@M15,body_close,neutral,reversal,young,retested_2plus,67,19.746268656716417,0.9402985074626866,1.8467504131661259
M1@M15,body_close,with_daily,continuation,fresh,first_touch,1,2.0,1.0,1.4905362776024558
M1@M15,body_close,with_daily,continuation,fresh,retested_1,662,3.1314199395770395,2.200906344410876,1.6649568835670474
M1@M15,body_close,with_daily,continuation,fresh,retested_2plus,37639,5.15938255532825,2.145646802518664,1.4470996997103653
M1@M15,body_close,with_daily,continuation,mature,retested_1,17,122.58823529411765,2.176470588235294,1.6135344217715457
M1@M15,body_close,with_daily,continuation,mature,retested_2plus,10902,97.52036323610346,2.175839295542102,1.7585927612441288
M1@M15,body_close,with_daily,continuation,old,retested_1,13,560.4615384615385,2.076923076923077,1.164813259029629
M1@M15,body_close,with_daily,continuation,old,retested_2plus,10859,454.7356110139055,1.9235657058661018,2.4006375375083544
M1@M15,body_close,with_daily,continuation,young,retested_1,43,22.953488372093023,2.186046511627907,1.8035193220426888
M1@M15,body_close,with_daily,continuation,young,retested_2plus,23027,23.669605246015546,2.1922091457853825,1.811611633690802
M1@M15,body_close,with_daily,pullback,fresh,retested_1,306,2.6372549019607843,2.1176470588235294,1.4219587163758765
M1@M15,body_close,with_daily,pullback,fresh,retested_2plus,2961,7.8280986153326575,2.1536643026004727,2.096013289706913
M1@M15,body_close,with_daily,pullback,mature,retested_1,3,178.33333333333334,1.3333333333333333,2.2815099119751348
M1@M15,body_close,with_daily,pullback,mature,retested_2plus,4853,94.01978157840512,2.3597774572429424,2.223277811610391
M1@M15,body_close,with_daily,pullback,old,retested_1,4,533.75,2.25,0.895117299331589
M1@M15,body_close,with_daily,pullback,old,retested_2plus,4429,373.2508466922556,1.6730638970422218,2.3820271743960544
M1@M15,body_close,with_daily,pullback,young,retested_1,5,25.2,1.2,1.0852187026725764
M1@M15,body_close,with_daily,pullback,young,retested_2plus,9905,24.957294295810197,2.2109035840484603,2.1708195976531837
M1@M15,body_close,with_daily,push,fresh,retested_2plus,214,7.4766355140186915,2.0841121495327104,1.6434824910964647
M1@M15,body_close,with_daily,push,mature,retested_1,1,104.0,3.0,0.6100917431193916
M1@M15,body_close,with_daily,push,mature,retested_2plus,316,126.89873417721519,2.800632911392405,1.0461396406050638
M1@M15,body_close,with_daily,push,old,retested_2plus,383,308.3942558746736,2.9817232375979112,1.6429767641677513
M1@M15,body_close,with_daily,push,young,retested_1,2,32.5,3.0,1.6952257023941173
M1@M15,body_close,with_daily,push,young,retested_2plus,811,21.215782983970406,2.532675709001233,1.5801428547460181
M1@M15,body_close,with_daily,reversal,fresh,retested_1,2,2.5,1.0,1.6854173603669467
M1@M15,body_close,with_daily,reversal,fresh,retested_2plus,180,4.777777777777778,2.0,2.399407095834935
M1@M15,body_close,with_daily,reversal,old,retested_2plus,185,1214.7297297297298,1.572972972972973,1.1228755624055942
M1@M15,body_close,with_daily,reversal,young,retested_2plus,43,14.581395348837209,1.930232558139535,2.227633550637526
M1@M15,break_through,against_daily,continuation,fresh,first_touch,8,3.0,2.125,3.155149802502203
M1@M15,break_through,against_daily,pullback,fresh,first_touch,5,2.4,2.6,2.6637018108374724
M1@M15,break_through,at_transition,continuation,mature,first_touch,3,194.0,1.3333333333333333,7.3885233215123405
M1@M15,break_through,at_transition,pullback,mature,first_touch,1,194.0,1.0,7.501404494381869
M1@M15,break_through,neutral,continuation,fresh,first_touch,2,2.0,1.5,1.3535028116214216
M1@M15,break_through,neutral,pullback,fresh,first_touch,6,2.6666666666666665,1.5,2.5545403613347073
M1@M15,break_through,with_daily,continuation,fresh,first_touch,8,2.75,2.0,2.773218637051397
M1@M15,break_through,with_daily,continuation,mature,first_touch,1,194.0,3.0,2.85895453102621
M1@M15,break_through,with_daily,pullback,fresh,first_touch,3,2.0,1.3333333333333333,1.8302789364050571
M1@M15,near_miss,against_daily,continuation,fresh,first_touch,948,3.577004219409283,2.170886075949367,2.8874768360544314
M1@M15,near_miss,against_daily,continuation,fresh,retested_1,309,3.954692556634304,2.0355987055016183,3.1518663347769698
M1@M15,near_miss,against_daily,continuation,fresh,retested_2plus,4742,5.269295655841417,2.118515394348376,3.120277392692516
M1@M15,near_miss,against_daily,continuation,mature,first_touch,15,96.13333333333334,1.9333333333333333,3.221310282339091
M1@M15,near_miss,against_daily,continuation,mature,retested_1,2,63.0,3.0,0.9180393331337975
M1@M15,near_miss,against_daily,continuation,mature,retested_2plus,751,78.96537949400799,2.106524633821571,3.6585219102779205
M1@M15,near_miss,against_daily,continuation,old,first_touch,38,824.5263157894736,1.631578947368421,2.7888608908834236
M1@M15,near_miss,against_daily,continuation,old,retested_1,17,1013.5882352941177,2.5294117647058822,2.453436442890593
M1@M15,near_miss,against_daily,continuation,old,retested_2plus,1461,993.0088980150582,1.837782340862423,4.053486182852931
M1@M15,near_miss,against_daily,continuation,young,first_touch,110,19.654545454545456,2.2636363636363637,2.918301568161778
M1@M15,near_miss,against_daily,continuation,young,retested_1,56,19.928571428571427,2.2857142857142856,3.080514297335543
M1@M15,near_miss,against_daily,continuation,young,retested_2plus,2936,23.735694822888284,2.193119891008174,3.7154238718549255
M1@M15,near_miss,against_daily,pullback,fresh,first_touch,79,2.721518987341772,2.1772151898734178,3.2356945096897243
M1@M15,near_miss,against_daily,pullback,fresh,retested_2plus,597,7.90787269681742,2.1323283082077054,3.629611141259721
M1@M15,near_miss,against_daily,pullback,mature,retested_2plus,528,80.81439393939394,2.2178030303030303,3.830000175315283
M1@M15,near_miss,against_daily,pullback,old,first_touch,9,1145.3333333333333,2.7777777777777777,2.3950148122363903
M1@M15,near_miss,against_daily,pullback,old,retested_1,15,754.2666666666667,3.0,2.119338058804034
M1@M15,near_miss,against_daily,pullback,old,retested_2plus,959,1099.400417101147,1.9259645464025026,4.157121582775794
M1@M15,near_miss,against_daily,pullback,young,first_touch,10,16.7,2.7,3.3592640269570047
M1@M15,near_miss,against_daily,pullback,young,retested_1,3,19.666666666666668,2.0,2.0300634923695373
M1@M15,near_miss,against_daily,pullback,young,retested_2plus,1805,22.754016620498614,2.0703601108033243,4.002959731058775
M1@M15,near_miss,against_daily,push,old,first_touch,2,747.5,1.0,1.787286023140887
M1@M15,near_miss,against_daily,push,old,retested_2plus,176,551.1590909090909,1.5568181818181819,3.040336533229083
M1@M15,near_miss,against_daily,push,young,retested_2plus,50,29.34,1.84,4.562670306011467
M1@M15,near_miss,against_daily,reversal,fresh,first_touch,33,4.090909090909091,2.3333333333333335,2.780814025431001
M1@M15,near_miss,against_daily,reversal,fresh,retested_1,9,5.222222222222222,1.0,3.4573351629311477
M1@M15,near_miss,against_daily,reversal,fresh,retested_2plus,262,5.778625954198473,2.267175572519084,3.612628598671674
M1@M15,near_miss,against_daily,reversal,mature,first_touch,3,64.0,3.0,2.9199936272304363
M1@M15,near_miss,against_daily,reversal,mature,retested_2plus,124,101.29838709677419,3.0,3.8122352703635096
M1@M15,near_miss,against_daily,reversal,old,retested_2plus,153,847.5032679738562,2.450980392156863,4.027093203235251
M1@M15,near_miss,against_daily,reversal,young,first_touch,8,25.25,2.0,4.602553683625464
M1@M15,near_miss,against_daily,reversal,young,retested_2plus,233,22.751072961373392,2.412017167381974,3.819056413403191
M1@M15,near_miss,at_transition,continuation,fresh,retested_2plus,2,6.5,1.5,3.968786325394756
M1@M15,near_miss,at_transition,continuation,old,first_touch,1,217.0,1.0,1.7814930136455085
M1@M15,near_miss,at_transition,continuation,old,retested_2plus,2,275.5,1.5,2.5034159547433914
M1@M15,near_miss,at_transition,continuation,young,retested_2plus,6,17.0,1.6666666666666667,5.169269923053303
M1@M15,near_miss,at_transition,pullback,mature,retested_2plus,2,74.0,2.0,4.906843784786018
M1@M15,near_miss,at_transition,pullback,old,retested_2plus,1,217.0,2.0,3.8953974895395955
M1@M15,near_miss,at_transition,pullback,young,retested_2plus,3,27.666666666666668,1.3333333333333333,4.134950913021176
M1@M15,near_miss,neutral,continuation,fresh,first_touch,565,3.330973451327434,1.415929203539823,2.948316180263183
M1@M15,near_miss,neutral,continuation,fresh,retested_1,182,3.89010989010989,1.4615384615384615,2.9774292845137267
M1@M15,near_miss,neutral,continuation,fresh,retested_2plus,2762,5.393917451122375,1.4062273714699494,3.2167648622828153
M1@M15,near_miss,neutral,continuation,mature,first_touch,21,83.52380952380952,1.3333333333333333,3.1099438963930703
M1@M15,near_miss,neutral,continuation,mature,retested_1,4,81.0,1.75,2.722331698187493
M1@M15,near_miss,neutral,continuation,mature,retested_2plus,779,99.00513478818999,1.4518613607188704,4.218698653683988
M1@M15,near_miss,neutral,continuation,old,first_touch,14,459.92857142857144,1.5,3.1849404601228963
M1@M15,near_miss,neutral,continuation,old,retested_1,1,643.0,2.0,2.5104039167683854
M1@M15,near_miss,neutral,continuation,old,retested_2plus,583,591.2178387650085,1.5506003430531732,3.6494996909543698
M1@M15,near_miss,neutral,continuation,young,first_touch,105,23.333333333333332,1.438095238095238,2.7192315852076483
M1@M15,near_miss,neutral,continuation,young,retested_1,37,20.405405405405407,1.2432432432432432,2.8948281567697536
M1@M15,near_miss,neutral,continuation,young,retested_2plus,1951,24.280369041517172,1.3926191696565864,3.5197159073081146
M1@M15,near_miss,neutral,pullback,fresh,first_touch,31,2.6451612903225805,1.5483870967741935,2.933200910879568
M1@M15,near_miss,neutral,pullback,fresh,retested_1,2,8.5,1.5,2.9357443614313135
M1@M15,near_miss,neutral,pullback,fresh,retested_2plus,249,7.9156626506024095,1.3775100401606426,3.767772205969084
M1@M15,near_miss,neutral,pullback,mature,first_touch,1,97.0,2.0,1.0976000000001644
M1@M15,near_miss,neutral,pullback,mature,retested_2plus,329,99.24012158054711,1.5714285714285714,3.908111354371362
M1@M15,near_miss,neutral,pullback,old,first_touch,2,675.0,2.0,1.7878951467310873
M1@M15,near_miss,neutral,pullback,old,retested_2plus,346,418.9421965317919,1.5780346820809248,3.422879547901412
M1@M15,near_miss,neutral,pullback,young,first_touch,7,27.285714285714285,1.1428571428571428,2.3270545802950484
M1@M15,near_miss,neutral,pullback,young,retested_1,6,30.5,1.0,2.6359337585539246
M1@M15,near_miss,neutral,pullback,young,retested_2plus,1061,25.560791705937795,1.4307257304429783,4.184855671165364
M1@M15,near_miss,neutral,push,mature,first_touch,1,91.0,0.0,2.3829787234041078
M1@M15,near_miss,neutral,push,mature,retested_2plus,122,129.60655737704917,0.6557377049180327,3.8521111246424855
M1@M15,near_miss,neutral,push,old,first_touch,1,436.0,1.0,2.9597917993461764
M1@M15,near_miss,neutral,push,old,retested_2plus,42,803.7857142857143,1.5714285714285714,3.166627833386241
M1@M15,near_miss,neutral,push,young,first_touch,1,44.0,2.0,3.1506849315073007
M1@M15,near_miss,neutral,push,young,retested_1,3,14.0,1.0,3.130788661619905
M1@M15,near_miss,neutral,push,young,retested_2plus,11,41.72727272727273,1.8181818181818181,2.923930716124184
M1@M15,near_miss,neutral,reversal,fresh,first_touch,17,3.0588235294117645,0.7058823529411765,3.315033432373832
M1@M15,near_miss,neutral,reversal,fresh,retested_1,7,3.4285714285714284,0.2857142857142857,3.784700073151685
M1@M15,near_miss,neutral,reversal,fresh,retested_2plus,43,5.813953488372093,0.9069767441860465,3.6430404604698086
M1@M15,near_miss,neutral,reversal,mature,retested_2plus,52,155.07692307692307,0.5769230769230769,3.1156585511044517
M1@M15,near_miss,neutral,reversal,old,retested_2plus,57,775.8947368421053,1.5087719298245614,5.149369439500815
M1@M15,near_miss,neutral,reversal,young,retested_2plus,33,18.636363636363637,1.4545454545454546,3.462511544691034
M1@M15,near_miss,with_daily,continuation,fresh,first_touch,947,3.5258711721224922,2.1129883843717,3.141515449808446
M1@M15,near_miss,with_daily,continuation,fresh,retested_1,392,3.607142857142857,2.0408163265306123,3.060648728649518
M1@M15,near_miss,with_daily,continuation,fresh,retested_2plus,5228,5.245600612088753,2.1608645753634277,3.272360336076275
M1@M15,near_miss,with_daily,continuation,mature,first_touch,29,125.27586206896552,1.9655172413793103,3.3032429737390148
M1@M15,near_miss,with_daily,continuation,mature,retested_1,23,142.34782608695653,1.3043478260869565,3.058457906608791
M1@M15,near_miss,with_daily,continuation,mature,retested_2plus,1485,111.8976430976431,2.1622895622895624,3.4800012132232636
M1@M15,near_miss,with_daily,continuation,old,first_touch,34,603.6764705882352,1.588235294117647,2.647258875721232
M1@M15,near_miss,with_daily,continuation,old,retested_1,20,388.85,1.5,2.8886372902421824
M1@M15,near_miss,with_daily,continuation,old,retested_2plus,1599,461.79924953095684,2.099437148217636,3.7322470805670314
M1@M15,near_miss,with_daily,continuation,young,first_touch,114,23.63157894736842,2.0526315789473686,3.3008544361604204
M1@M15,near_miss,with_daily,continuation,young,retested_1,53,23.81132075471698,2.2830188679245285,3.8193720562066407
M1@M15,near_miss,with_daily,continuation,young,retested_2plus,3434,22.78567268491555,2.1592894583576006,3.594420469866896
M1@M15,near_miss,with_daily,pullback,fresh,first_touch,96,2.65625,2.1145833333333335,3.2061698780050794
M1@M15,near_miss,with_daily,pullback,fresh,retested_2plus,573,8.043630017452006,2.174520069808028,3.5698962968827996
M1@M15,near_miss,with_daily,pullback,mature,first_touch,4,142.25,2.0,1.8388526983811768
M1@M15,near_miss,with_daily,pullback,mature,retested_1,10,114.9,2.7,2.8101741114715293
M1@M15,near_miss,with_daily,pullback,mature,retested_2plus,1062,105.42937853107344,2.309792843691149,4.078022620774265
M1@M15,near_miss,with_daily,pullback,old,first_touch,3,434.3333333333333,2.0,2.4596990037276254
M1@M15,near_miss,with_daily,pullback,old,retested_1,2,837.0,1.0,1.8332607585414311
M1@M15,near_miss,with_daily,pullback,old,retested_2plus,967,450.1685625646329,1.811789038262668,4.286988505630607
M1@M15,near_miss,with_daily,pullback,young,first_touch,15,22.933333333333334,2.466666666666667,3.511318529559864
M1@M15,near_miss,with_daily,pullback,young,retested_1,13,22.23076923076923,2.230769230769231,3.512131436460654
M1@M15,near_miss,with_daily,pullback,young,retested_2plus,2131,25.575316752698264,2.1801970905678085,4.070379840491719
M1@M15,near_miss,with_daily,push,fresh,retested_2plus,46,7.217391304347826,1.7391304347826086,3.4154245633327793
M1@M15,near_miss,with_daily,push,mature,first_touch,18,112.77777777777777,3.0,2.94119487191215
M1@M15,near_miss,with_daily,push,mature,retested_1,1,122.0,3.0,1.6793540945792436
M1@M15,near_miss,with_daily,push,mature,retested_2plus,94,147.5,2.6595744680851063,2.251780354468557
M1@M15,near_miss,with_daily,push,old,first_touch,8,211.0,3.0,2.7586330687663896
M1@M15,near_miss,with_daily,push,old,retested_1,7,306.57142857142856,3.0,3.1804421387701187
M1@M15,near_miss,with_daily,push,old,retested_2plus,90,305.2111111111111,2.977777777777778,3.404031922800235
M1@M15,near_miss,with_daily,push,young,first_touch,13,29.76923076923077,2.6923076923076925,3.2792795223356874
M1@M15,near_miss,with_daily,push,young,retested_1,8,14.75,1.5,1.8004944063078794
M1@M15,near_miss,with_daily,push,young,retested_2plus,189,22.883597883597883,2.201058201058201,3.434749432098855
M1@M15,near_miss,with_daily,reversal,fresh,first_touch,1,2.0,1.0,2.099999999998915
M1@M15,near_miss,with_daily,reversal,fresh,retested_1,4,6.75,1.5,4.137161218240244
M1@M15,near_miss,with_daily,reversal,fresh,retested_2plus,19,6.368421052631579,1.105263157894737,3.9179803821140196
M1@M15,near_miss,with_daily,reversal,mature,retested_2plus,5,57.0,1.0,3.591016972719948
M1@M15,near_miss,with_daily,reversal,old,retested_2plus,60,787.95,2.1333333333333333,2.8770723066678263
M1@M15,near_miss,with_daily,reversal,young,retested_2plus,8,15.875,2.5,5.459722507731551
M1@M15,wick_touch,against_daily,continuation,fresh,retested_1,320,3.659375,2.09375,2.7475065879938185
M1@M15,wick_touch,against_daily,continuation,fresh,retested_2plus,5602,4.9187790074973226,2.136022848982506,2.848528569916748
M1@M15,wick_touch,against_daily,continuation,mature,retested_1,6,118.0,2.3333333333333335,1.7355940784311399
M1@M15,wick_touch,against_daily,continuation,mature,retested_2plus,778,79.87146529562982,2.147814910025707,3.3474149064725465
M1@M15,wick_touch,against_daily,continuation,old,retested_1,12,846.8333333333334,1.5833333333333333,2.3060637618218096
M1@M15,wick_touch,against_daily,continuation,old,retested_2plus,1343,1041.0796723752792,1.798957557706627,3.77928033109375
M1@M15,wick_touch,against_daily,continuation,young,retested_1,44,20.681818181818183,2.0681818181818183,2.55004083954133
M1@M15,wick_touch,against_daily,continuation,young,retested_2plus,2808,23.21937321937322,2.1709401709401708,3.330470740727816
M1@M15,wick_touch,against_daily,pullback,fresh,retested_1,82,2.4390243902439024,2.1097560975609757,2.663315157338492
M1@M15,wick_touch,against_daily,pullback,fresh,retested_2plus,513,7.861598440545809,2.060428849902534,3.3153812217907426
M1@M15,wick_touch,against_daily,pullback,mature,retested_2plus,506,83.29841897233202,2.302371541501976,3.674191155672615
M1@M15,wick_touch,against_daily,pullback,old,retested_1,3,841.3333333333334,1.6666666666666667,1.729223504748126
M1@M15,wick_touch,against_daily,pullback,old,retested_2plus,764,1047.2421465968587,1.861256544502618,3.9629381333784903
M1@M15,wick_touch,against_daily,pullback,young,retested_1,8,20.375,2.125,1.9596951623247638
M1@M15,wick_touch,against_daily,pullback,young,retested_2plus,1562,23.302176696542894,2.059539052496799,3.7586754723084717
M1@M15,wick_touch,against_daily,push,old,retested_1,4,811.25,1.5,1.4619649006946047
M1@M15,wick_touch,against_daily,push,old,retested_2plus,138,498.5,1.5579710144927537,2.8935281158372534
M1@M15,wick_touch,against_daily,push,young,retested_1,1,27.0,3.0,1.0471698113205938
M1@M15,wick_touch,against_daily,push,young,retested_2plus,73,31.438356164383563,1.7123287671232876,4.333880493984799
M1@M15,wick_touch,against_daily,reversal,fresh,retested_1,10,3.0,1.7,3.911319373713263
M1@M15,wick_touch,against_daily,reversal,fresh,retested_2plus,238,5.163865546218488,2.226890756302521,3.334672826531501
M1@M15,wick_touch,against_daily,reversal,mature,retested_1,2,133.5,3.0,1.8006523897320394
M1@M15,wick_touch,against_daily,reversal,mature,retested_2plus,128,101.0625,3.0,3.5489222945815935
M1@M15,wick_touch,against_daily,reversal,old,retested_2plus,135,842.4888888888889,2.2814814814814817,3.501220985870127
M1@M15,wick_touch,against_daily,reversal,young,retested_1,1,30.0,1.0,8.19754783689894
M1@M15,wick_touch,against_daily,reversal,young,retested_2plus,210,22.257142857142856,2.5095238095238095,3.6148260534525267
M1@M15,wick_touch,at_transition,continuation,fresh,retested_1,4,7.25,1.25,2.7368783696331738
M1@M15,wick_touch,at_transition,continuation,fresh,retested_2plus,9,7.222222222222222,1.5555555555555556,3.303388275295733
M1@M15,wick_touch,at_transition,continuation,mature,retested_2plus,3,141.66666666666666,1.6666666666666667,7.652134244230484
M1@M15,wick_touch,at_transition,continuation,old,retested_1,1,201.0,2.0,5.764705882353097
M1@M15,wick_touch,at_transition,continuation,old,retested_2plus,1,238.0,2.0,7.2526737967921315
M1@M15,wick_touch,at_transition,continuation,young,retested_1,2,22.5,1.5,5.725126329007385
M1@M15,wick_touch,at_transition,continuation,young,retested_2plus,17,22.647058823529413,1.5294117647058822,4.080230599954133
M1@M15,wick_touch,at_transition,pullback,fresh,retested_2plus,2,9.5,1.5,5.574314011157236
M1@M15,wick_touch,at_transition,pullback,mature,retested_2plus,1,93.0,1.0,6.654069767443038
M1@M15,wick_touch,at_transition,pullback,old,retested_1,1,213.0,1.0,1.5219272494888025
M1@M15,wick_touch,at_transition,pullback,old,retested_2plus,3,222.33333333333334,2.0,6.4975645824795905
M1@M15,wick_touch,at_transition,pullback,young,retested_2plus,10,29.5,1.6,5.25879649180265
M1@M15,wick_touch,at_transition,push,young,retested_1,1,12.0,1.0,3.7827298050144615
M1@M15,wick_touch,at_transition,push,young,retested_2plus,1,24.0,1.0,5.401114206129279
M1@M15,wick_touch,neutral,continuation,fresh,retested_1,168,3.738095238095238,1.4523809523809523,2.7668071929351594
M1@M15,wick_touch,neutral,continuation,fresh,retested_2plus,3256,5.011363636363637,1.3925061425061425,2.9364651230172965
M1@M15,wick_touch,neutral,continuation,mature,retested_1,7,80.14285714285714,1.2857142857142858,3.8210418368517307
M1@M15,wick_touch,neutral,continuation,mature,retested_2plus,758,100.26253298153034,1.4221635883905013,3.770902307617604
M1@M15,wick_touch,neutral,continuation,old,retested_1,2,504.0,2.0,2.6471838069677216
M1@M15,wick_touch,neutral,continuation,old,retested_2plus,513,655.0058479532164,1.543859649122807,3.331768071953028
M1@M15,wick_touch,neutral,continuation,young,retested_1,26,22.923076923076923,1.3846153846153846,2.7660269767852794
M1@M15,wick_touch,neutral,continuation,young,retested_2plus,1880,23.81063829787234,1.3813829787234042,3.1865877225644432
M1@M15,wick_touch,neutral,pullback,fresh,retested_1,35,2.4285714285714284,1.2857142857142858,2.603036562606004
M1@M15,wick_touch,neutral,pullback,fresh,retested_2plus,237,7.860759493670886,1.3544303797468353,3.1801434461371665
M1@M15,wick_touch,neutral,pullback,mature,retested_1,1,105.0,1.0,5.442259925062468
M1@M15,wick_touch,neutral,pullback,mature,retested_2plus,301,102.64451827242524,1.5182724252491695,3.7704713643461876
M1@M15,wick_touch,neutral,pullback,old,retested_1,1,675.0,2.0,0.9699439633216218
M1@M15,wick_touch,neutral,pullback,old,retested_2plus,275,412.28727272727275,1.6,3.2124857458568687
M1@M15,wick_touch,neutral,pullback,young,retested_1,2,29.0,1.0,2.624658939799299
M1@M15,wick_touch,neutral,pullback,young,retested_2plus,895,24.30167597765363,1.4033519553072626,3.69690775418195
M1@M15,wick_touch,neutral,push,mature,retested_1,1,123.0,0.0,3.50704225352076
M1@M15,wick_touch,neutral,push,mature,retested_2plus,98,116.10204081632654,0.9081632653061225,3.5398163664676208
M1@M15,wick_touch,neutral,push,old,retested_2plus,40,926.525,1.5,3.25204592100733
M1@M15,wick_touch,neutral,push,young,retested_2plus,12,34.416666666666664,1.5,2.3338547832312124
M1@M15,wick_touch,neutral,reversal,fresh,retested_1,4,3.25,1.0,3.5935499772706554
M1@M15,wick_touch,neutral,reversal,fresh,retested_2plus,35,5.628571428571429,0.8285714285714286,3.392563191670887
M1@M15,wick_touch,neutral,reversal,mature,retested_2plus,40,154.85,0.525,3.2245699718362806
M1@M15,wick_touch,neutral,reversal,old,retested_2plus,67,714.3731343283582,1.626865671641791,4.276809784374612
M1@M15,wick_touch,neutral,reversal,young,retested_2plus,31,19.483870967741936,1.2580645161290323,2.9714417509573594
M1@M15,wick_touch,with_daily,continuation,fresh,retested_1,333,3.3813813813813813,2.075075075075075,2.681834273499774
M1@M15,wick_touch,with_daily,continuation,fresh,retested_2plus,5905,4.916680779000846,2.147163420829805,2.9539084375204463
M1@M15,wick_touch,with_daily,continuation,mature,retested_1,16,128.75,1.5,2.9880954810508706
M1@M15,wick_touch,with_daily,continuation,mature,retested_2plus,1598,111.4630788485607,2.1495619524405507,3.250276390827766
M1@M15,wick_touch,with_daily,continuation,old,retested_1,12,444.5833333333333,2.0,2.593094816584086
M1@M15,wick_touch,with_daily,continuation,old,retested_2plus,1534,468.8761408083442,2.0795306388526726,3.4778841592234615
M1@M15,wick_touch,with_daily,continuation,young,retested_1,38,20.05263157894737,2.210526315789474,2.9895473544309334
M1@M15,wick_touch,with_daily,continuation,young,retested_2plus,3360,22.996130952380952,2.2113095238095237,3.281280597378869
M1@M15,wick_touch,with_daily,pullback,fresh,retested_1,70,2.657142857142857,2.157142857142857,3.054126477691207
M1@M15,wick_touch,with_daily,pullback,fresh,retested_2plus,537,7.878957169459963,2.1098696461824953,3.5689570091840888
M1@M15,wick_touch,with_daily,pullback,mature,retested_1,1,61.0,1.0,3.03278688524579
M1@M15,wick_touch,with_daily,pullback,mature,retested_2plus,971,105.2409886714727,2.349124613800206,3.7190396856024184
M1@M15,wick_touch,with_daily,pullback,old,retested_1,2,509.0,1.5,3.0321668111973112
M1@M15,wick_touch,with_daily,pullback,old,retested_2plus,814,448.45700245700243,1.7616707616707616,3.7799157450671563
M1@M15,wick_touch,with_daily,pullback,young,retested_1,5,19.6,2.2,2.944567754124985
M1@M15,wick_touch,with_daily,pullback,young,retested_2plus,1761,25.863145939806927,2.173197047132311,3.767052864058804
M1@M15,wick_touch,with_daily,push,fresh,retested_2plus,38,7.131578947368421,1.894736842105263,3.1299336987063584
M1@M15,wick_touch,with_daily,push,mature,retested_1,3,148.0,3.0,2.4397585434581504
M1@M15,wick_touch,with_daily,push,mature,retested_2plus,63,133.36507936507937,2.5714285714285716,2.0782020174877838
M1@M15,wick_touch,with_daily,push,old,retested_1,2,210.0,3.0,2.8101899274437656
M1@M15,wick_touch,with_daily,push,old,retested_2plus,104,290.46153846153845,2.9903846153846154,3.06258282871938
M1@M15,wick_touch,with_daily,push,young,retested_1,3,17.333333333333332,3.0,2.2452158875071215
M1@M15,wick_touch,with_daily,push,young,retested_2plus,181,23.34806629834254,2.270718232044199,2.9553521503354876
M1@M15,wick_touch,with_daily,reversal,fresh,retested_1,3,4.333333333333333,1.6666666666666667,3.4762393654902985
M1@M15,wick_touch,with_daily,reversal,fresh,retested_2plus,13,5.0,1.3076923076923077,3.0706569320891433
M1@M15,wick_touch,with_daily,reversal,mature,retested_2plus,3,58.0,1.0,3.5612985443486225
M1@M15,wick_touch,with_daily,reversal,old,retested_2plus,36,799.1944444444445,1.6666666666666667,2.6506642271844987
M1@M15,wick_touch,with_daily,reversal,young,retested_2plus,5,18.2,3.0,5.18815706058163
M1@M5,body_close,against_daily,continuation,fresh,first_touch,4,4.5,2.0,1.0254547172338933
M1@M5,body_close,against_daily,continuation,fresh,retested_1,1796,3.1419821826280625,2.1854120267260577,0.794355812970665
M1@M5,body_close,against_daily,continuation,fresh,retested_2plus,36951,5.407972720630023,2.1565586858271764,0.781817323390094
M1@M5,body_close,against_daily,continuation,mature,retested_1,35,94.94285714285714,2.142857142857143,0.8189803847226003
M1@M5,body_close,against_daily,continuation,mature,retested_2plus,10190,96.83483807654564,2.217271835132483,1.540777483355367
M1@M5,body_close,against_daily,continuation,old,retested_1,18,981.0,2.0555555555555554,0.8077610620378589
M1@M5,body_close,against_daily,continuation,old,retested_2plus,6143,1519.7745401269738,2.0076509848608173,1.251266018899774
M1@M5,body_close,against_daily,continuation,young,retested_1,135,22.303703703703704,2.022222222222222,0.9082358757388366
M1@M5,body_close,against_daily,continuation,young,retested_2plus,24083,23.658057550969563,2.1685006020844577,1.003039495247561
M1@M5,body_close,against_daily,pullback,fresh,first_touch,2,2.0,1.0,0.8667225917137715
M1@M5,body_close,against_daily,pullback,fresh,retested_1,891,2.5667789001122334,2.1571268237934906,0.7605200279842369
M1@M5,body_close,against_daily,pullback,fresh,retested_2plus,2965,7.892074198988196,2.2006745362563236,0.9820020297692564
M1@M5,body_close,against_daily,pullback,mature,retested_1,12,84.66666666666667,2.6666666666666665,0.5997415120907964
M1@M5,body_close,against_daily,pullback,mature,retested_2plus,5925,94.78632911392405,2.188523206751055,1.8757268590346048
M1@M5,body_close,against_daily,pullback,old,retested_1,5,1759.8,2.2,0.682680096781253
M1@M5,body_close,against_daily,pullback,old,retested_2plus,3057,1475.0408897612037,1.9744847890088322,1.5936363088340755
M1@M5,body_close,against_daily,pullback,young,retested_1,22,25.454545454545453,2.0,0.7827103140208114
M1@M5,body_close,against_daily,pullback,young,retested_2plus,11442,25.275563712637652,2.191749694109421,1.2506569810585086
M1@M5,body_close,against_daily,push,fresh,retested_2plus,23,8.173913043478262,1.0,0.7122886699904497
M1@M5,body_close,against_daily,push,mature,retested_2plus,14,107.35714285714286,3.0,0.747335256179914
M1@M5,body_close,against_daily,push,old,retested_1,4,2008.75,2.0,0.7671436678858228
M1@M5,body_close,against_daily,push,old,retested_2plus,194,1413.4432989690722,2.0412371134020617,0.9205812359293929
M1@M5,body_close,against_daily,push,young,retested_2plus,157,22.49044585987261,1.0,1.4879718965991307
M1@M5,body_close,against_daily,reversal,fresh,retested_1,67,3.0597014925373136,2.2388059701492535,0.9712483138392836
M1@M5,body_close,against_daily,reversal,fresh,retested_2plus,1163,5.779019776440241,2.2347377472055032,0.8749000227266053
M1@M5,body_close,against_daily,reversal,mature,retested_2plus,515,89.4873786407767,2.0815533980582526,1.0666619034808131
M1@M5,body_close,against_daily,reversal,old,retested_1,2,1839.0,3.0,1.0616083635560418
M1@M5,body_close,against_daily,reversal,old,retested_2plus,489,1805.1247443762782,2.7607361963190185,0.8763683845273886
M1@M5,body_close,against_daily,reversal,young,retested_1,1,24.0,1.0,1.1210729716509786
M1@M5,body_close,against_daily,reversal,young,retested_2plus,1213,21.870568837592746,2.0115416323165705,1.1636666903462873
M1@M5,body_close,at_transition,continuation,fresh,first_touch,2,5.5,2.0,0.8107284364519024
M1@M5,body_close,at_transition,continuation,fresh,retested_1,1,4.0,2.0,0.1859082209783985
M1@M5,body_close,at_transition,continuation,fresh,retested_2plus,11,6.818181818181818,1.6363636363636365,0.35859288107012355
M1@M5,body_close,at_transition,continuation,mature,retested_1,1,84.0,2.0,0.7850467289722753
M1@M5,body_close,at_transition,continuation,mature,retested_2plus,15,89.86666666666666,1.2666666666666666,1.2451998306355965
M1@M5,body_close,at_transition,continuation,old,retested_1,1,638.0,1.0,2.0174672489081327
M1@M5,body_close,at_transition,continuation,old,retested_2plus,11,574.2727272727273,1.4545454545454546,1.0341474494873268
M1@M5,body_close,at_transition,continuation,young,retested_1,1,50.0,1.0,0.8065217391302797
M1@M5,body_close,at_transition,continuation,young,retested_2plus,29,27.275862068965516,1.4827586206896552,0.6122177127802256
M1@M5,body_close,at_transition,pullback,fresh,retested_2plus,1,10.0,2.0,0.22788074381569598
M1@M5,body_close,at_transition,pullback,mature,retested_1,1,73.0,1.0,0.6490066225155965
M1@M5,body_close,at_transition,pullback,mature,retested_2plus,19,90.10526315789474,1.5263157894736843,1.0050425990573015
M1@M5,body_close,at_transition,pullback,old,retested_1,2,1127.0,2.0,0.31952522052266225
M1@M5,body_close,at_transition,pullback,old,retested_2plus,18,682.2222222222222,1.7222222222222223,0.9860485174052377
M1@M5,body_close,at_transition,pullback,young,retested_1,1,26.0,1.0,0.6985138004250437
M1@M5,body_close,at_transition,pullback,young,retested_2plus,12,32.416666666666664,1.3333333333333333,0.8745790696984139
M1@M5,body_close,at_transition,push,old,retested_2plus,1,322.0,2.0,0.3005050505039835
M1@M5,body_close,at_transition,push,young,retested_2plus,1,13.0,2.0,0.9879879879874175
M1@M5,body_close,neutral,continuation,fresh,first_touch,4,6.5,2.0,0.8309106773675753
M1@M5,body_close,neutral,continuation,fresh,retested_1,974,3.290554414784394,1.3973305954825461,0.8042309541555269
M1@M5,body_close,neutral,continuation,fresh,retested_2plus,19576,5.435277891295464,1.3703514507560277,0.7748751541152229
M1@M5,body_close,neutral,continuation,mature,retested_1,19,107.73684210526316,1.5263157894736843,0.8753369927313344
M1@M5,body_close,neutral,continuation,mature,retested_2plus,6834,100.9776119402985,1.4209833187006147,1.3039374150259022
M1@M5,body_close,neutral,continuation,old,retested_1,19,519.0,1.4736842105263157,0.8629984244049943
M1@M5,body_close,neutral,continuation,old,retested_2plus,5192,680.9212249614792,1.6082434514637904,1.6341372977345432
M1@M5,body_close,neutral,continuation,young,retested_1,66,21.666666666666668,1.3484848484848484,1.0097339442662578
M1@M5,body_close,neutral,continuation,young,retested_2plus,13541,24.166309726017282,1.411934125987741,0.967941396655935
M1@M5,body_close,neutral,pullback,fresh,first_touch,1,2.0,2.0,0.882352941176714
M1@M5,body_close,neutral,pullback,fresh,retested_1,477,2.5534591194968552,1.4088050314465408,0.7525307975654055
M1@M5,body_close,neutral,pullback,fresh,retested_2plus,1629,7.868017188459177,1.4106813996316758,0.9483635189729878
M1@M5,body_close,neutral,pullback,mature,retested_1,6,119.83333333333333,1.1666666666666667,1.4340756559992827
M1@M5,body_close,neutral,pullback,mature,retested_2plus,3556,96.47975253093364,1.4440382452193476,1.637139740696331
M1@M5,body_close,neutral,pullback,old,retested_1,4,995.25,1.0,2.0353757578133105
M1@M5,body_close,neutral,pullback,old,retested_2plus,2482,784.4838839645447,1.54754230459307,1.9695767927232235
M1@M5,body_close,neutral,pullback,young,retested_1,12,17.833333333333332,1.1666666666666667,0.879785584830174
M1@M5,body_close,neutral,pullback,young,retested_2plus,6593,25.830122857576217,1.3882906112543607,1.05308490013879
M1@M5,body_close,neutral,push,fresh,retested_2plus,24,9.291666666666666,0.5833333333333334,0.821521047348808
M1@M5,body_close,neutral,push,mature,retested_1,3,145.66666666666666,0.6666666666666666,0.6042038939679937
M1@M5,body_close,neutral,push,mature,retested_2plus,110,137.48181818181817,0.2909090909090909,0.49544118201008736
M1@M5,body_close,neutral,push,old,retested_2plus,451,931.3481152993348,0.9024390243902439,1.3444279550487008
M1@M5,body_close,neutral,push,young,retested_1,4,17.0,0.75,0.5362966489718439
M1@M5,body_close,neutral,push,young,retested_2plus,90,23.177777777777777,0.4,0.6712148611909747
M1@M5,body_close,neutral,reversal,fresh,retested_1,15,2.6666666666666665,0.8,1.1062776006220634
M1@M5,body_close,neutral,reversal,fresh,retested_2plus,216,6.314814814814815,0.7453703703703703,1.0478058189170139
M1@M5,body_close,neutral,reversal,mature,retested_2plus,39,58.30769230769231,0.5897435897435898,2.4289323549892483
M1@M5,body_close,neutral,reversal,old,retested_1,1,1461.0,2.0,0.5139240506327226
M1@M5,body_close,neutral,reversal,old,retested_2plus,171,1548.6842105263158,1.9181286549707601,1.7871518959160713
M1@M5,body_close,neutral,reversal,young,retested_2plus,173,16.976878612716764,0.5606936416184971,1.4847993219816416
M1@M5,body_close,neutral,unknown,fresh,retested_1,1,2.0,0.0,0.5879443962928991
M1@M5,body_close,with_daily,continuation,fresh,first_touch,5,3.2,2.0,1.1076890506998747
M1@M5,body_close,with_daily,continuation,fresh,retested_1,1775,3.191549295774648,2.150985915492958,0.8169989035903029
M1@M5,body_close,with_daily,continuation,fresh,retested_2plus,37719,5.36745406824147,2.150163047800843,0.793926791304372
M1@M5,body_close,with_daily,continuation,mature,retested_1,30,102.96666666666667,2.3,1.037263045341788
M1@M5,body_close,with_daily,continuation,mature,retested_2plus,11979,100.46840303865098,2.2000166958844645,1.404422904073126
M1@M5,body_close,with_daily,continuation,old,retested_1,46,732.0869565217391,1.9782608695652173,0.8602635536094477
M1@M5,body_close,with_daily,continuation,old,retested_2plus,11585,743.2132930513595,2.022960725075529,1.3809668233980537
M1@M5,body_close,with_daily,continuation,young,first_touch,1,17.0,3.0,0.7690582959646296
M1@M5,body_close,with_daily,continuation,young,retested_1,118,21.322033898305083,2.2966101694915255,0.9587497122658064
M1@M5,body_close,with_daily,continuation,young,retested_2plus,24385,23.642362107853188,2.15107648144351,0.9998407638355404
M1@M5,body_close,with_daily,pullback,fresh,first_touch,2,2.0,2.0,1.2322995837854496
M1@M5,body_close,with_daily,pullback,fresh,retested_1,969,2.589267285861713,2.170278637770898,0.7215962252444861
M1@M5,body_close,with_daily,pullback,fresh,retested_2plus,3273,7.994500458295142,2.155820348304308,1.013273736044746
M1@M5,body_close,with_daily,pullback,mature,retested_1,11,86.27272727272727,2.090909090909091,1.2489070750283207
M1@M5,body_close,with_daily,pullback,mature,retested_2plus,6689,101.429959635222,2.287337419644192,1.753544237011634
M1@M5,body_close,with_daily,pullback,old,retested_1,11,821.5454545454545,2.727272727272727,0.5534963168649224
M1@M5,body_close,with_daily,pullback,old,retested_2plus,5256,725.8318112633181,2.0093226788432266,1.56990657472705
M1@M5,body_close,with_daily,pullback,young,retested_1,27,22.962962962962962,2.2962962962962963,0.8821745039304644
M1@M5,body_close,with_daily,pullback,young,retested_2plus,11502,24.577464788732396,2.185619892192662,1.1958121554296632
M1@M5,body_close,with_daily,push,fresh,retested_1,5,7.8,1.8,0.616566831706715
M1@M5,body_close,with_daily,push,fresh,retested_2plus,132,7.681818181818182,1.6515151515151516,0.8288511954172229
M1@M5,body_close,with_daily,push,mature,retested_1,2,64.0,2.0,0.2084991246221652
M1@M5,body_close,with_daily,push,mature,retested_2plus,215,94.66976744186047,2.813953488372093,0.9394156728374684
M1@M5,body_close,with_daily,push,old,retested_1,4,1072.25,2.25,0.496722394011736
M1@M5,body_close,with_daily,push,old,retested_2plus,247,717.7085020242915,2.8299595141700404,0.6878684515938167
M1@M5,body_close,with_daily,push,young,retested_1,5,26.6,2.2,0.7177371923951379
M1@M5,body_close,with_daily,push,young,retested_2plus,402,24.114427860696516,2.246268656716418,0.8096784466384692
M1@M5,body_close,with_daily,reversal,fresh,retested_1,5,2.8,1.0,0.9438134737696409
M1@M5,body_close,with_daily,reversal,fresh,retested_2plus,63,5.174603174603175,1.0,0.7492273317021433
M1@M5,body_close,with_daily,reversal,old,retested_2plus,32,6339.375,1.25,0.5648027535351144
M1@M5,body_close,with_daily,reversal,young,retested_2plus,41,27.195121951219512,1.048780487804878,1.0635144272177552
M1@M5,break_through,against_daily,continuation,fresh,first_touch,62,2.3548387096774195,2.129032258064516,1.7914975266489752
M1@M5,break_through,against_daily,pullback,fresh,first_touch,58,2.3793103448275863,2.1379310344827585,1.9537519128904084
M1@M5,break_through,against_daily,pullback,old,first_touch,2,578.0,2.5,3.187217493787932
M1@M5,break_through,against_daily,reversal,fresh,first_touch,1,4.0,1.0,1.7933884297526914
M1@M5,break_through,at_transition,pullback,old,first_touch,1,578.0,1.0,11.630193336075598
M1@M5,break_through,neutral,continuation,fresh,first_touch,32,2.15625,1.5,2.0159597365646387
M1@M5,break_through,neutral,pullback,fresh,first_touch,27,2.4074074074074074,1.5555555555555556,1.6846727864826943
M1@M5,break_through,neutral,reversal,fresh,first_touch,1,2.0,0.0,1.3738317757011085
M1@M5,break_through,with_daily,continuation,fresh,first_touch,44,2.3181818181818183,2.3636363636363638,1.8386536178921944
M1@M5,break_through,with_daily,pullback,fresh,first_touch,56,2.517857142857143,2.2142857142857144,1.9968068229973568
M1@M5,near_miss,against_daily,continuation,fresh,first_touch,2426,3.8413025556471556,2.170239076669415,2.0157400865395263
M1@M5,near_miss,against_daily,continuation,fresh,retested_1,1091,4.015582034830431,2.093492208982585,2.1100198920361506
M1@M5,near_miss,against_daily,continuation,fresh,retested_2plus,7037,5.86187295722609,2.147932357538724,2.1869598197123867
M1@M5,near_miss,against_daily,continuation,mature,first_touch,83,85.20481927710843,2.4096385542168677,1.8002655550075293
M1@M5,near_miss,against_daily,continuation,mature,retested_1,38,83.13157894736842,2.263157894736842,1.9411133653960393
M1@M5,near_miss,against_daily,continuation,mature,retested_2plus,2606,94.39754412893323,2.214888718342287,2.7477897009416514
M1@M5,near_miss,against_daily,continuation,old,first_touch,59,1167.7966101694915,1.9152542372881356,1.921898905156349
M1@M5,near_miss,against_daily,continuation,old,retested_1,19,1128.157894736842,1.6842105263157894,1.804351024926892
M1@M5,near_miss,against_daily,continuation,old,retested_2plus,1476,1388.658536585366,1.8421409214092141,2.5761982586699452
M1@M5,near_miss,against_daily,continuation,young,first_touch,450,21.91777777777778,2.0044444444444443,2.2086194867301816
M1@M5,near_miss,against_daily,continuation,young,retested_1,272,20.231617647058822,2.1544117647058822,2.1714381708431048
M1@M5,near_miss,against_daily,continuation,young,retested_2plus,5357,23.46014560388277,2.221392570468546,2.3969185602177587
M1@M5,near_miss,against_daily,pullback,fresh,first_touch,321,2.7258566978193146,2.1869158878504673,2.050010234178628
M1@M5,near_miss,against_daily,pullback,fresh,retested_1,13,8.538461538461538,1.9230769230769231,2.6179703145968314
M1@M5,near_miss,against_daily,pullback,fresh,retested_2plus,935,8.02566844919786,2.2032085561497325,2.297142133907643
M1@M5,near_miss,against_daily,pullback,mature,first_touch,27,84.25925925925925,2.4814814814814814,2.07875801968918
M1@M5,near_miss,against_daily,pullback,mature,retested_1,14,75.64285714285714,2.4285714285714284,2.034630506376054
M1@M5,near_miss,against_daily,pullback,mature,retested_2plus,1903,93.01734104046243,2.2643194955333685,2.8158457806393704
M1@M5,near_miss,against_daily,pullback,old,first_touch,15,922.9333333333333,2.2,1.6942904077091876
M1@M5,near_miss,against_daily,pullback,old,retested_1,8,784.125,2.25,1.3850938387358256
M1@M5,near_miss,against_daily,pullback,old,retested_2plus,888,1366.2274774774776,1.9324324324324325,2.6761161282111297
M1@M5,near_miss,against_daily,pullback,young,first_touch,74,25.527027027027028,2.189189189189189,2.1010162252562394
M1@M5,near_miss,against_daily,pullback,young,retested_1,38,29.05263157894737,2.263157894736842,2.0119149652849004
M1@M5,near_miss,against_daily,pullback,young,retested_2plus,3825,24.973071895424837,2.195032679738562,2.533315060636485
M1@M5,near_miss,against_daily,push,fresh,retested_2plus,4,7.75,1.0,2.7229641806651506
M1@M5,near_miss,against_daily,push,mature,retested_2plus,11,98.9090909090909,3.0,1.9264655056695055
M1@M5,near_miss,against_daily,push,old,first_touch,8,1748.5,1.5,1.2979132147432577
M1@M5,near_miss,against_daily,push,old,retested_2plus,54,1120.7777777777778,1.3703703703703705,2.2564583911006295
M1@M5,near_miss,against_daily,push,young,retested_2plus,12,32.25,1.0,4.23620379536224
M1@M5,near_miss,against_daily,reversal,fresh,first_touch,52,3.673076923076923,2.019230769230769,2.064215868051562
M1@M5,near_miss,against_daily,reversal,fresh,retested_1,15,4.466666666666667,2.0,2.146435262242352
M1@M5,near_miss,against_daily,reversal,fresh,retested_2plus,195,6.38974358974359,2.169230769230769,2.72151132019974
M1@M5,near_miss,against_daily,reversal,mature,first_touch,1,81.0,1.0,1.9459459459462307
M1@M5,near_miss,against_daily,reversal,mature,retested_1,2,83.0,1.0,2.312323517547792
M1@M5,near_miss,against_daily,reversal,mature,retested_2plus,158,101.5632911392405,2.6392405063291138,2.600914598515312
M1@M5,near_miss,against_daily,reversal,old,first_touch,2,595.0,3.0,1.450671104722269
M1@M5,near_miss,against_daily,reversal,old,retested_2plus,167,1142.2215568862275,2.6646706586826348,2.2266852516841444
M1@M5,near_miss,against_daily,reversal,young,first_touch,9,21.22222222222222,2.7777777777777777,2.1199708110998534
M1@M5,near_miss,against_daily,reversal,young,retested_1,8,22.75,2.75,2.3761321328848193
M1@M5,near_miss,against_daily,reversal,young,retested_2plus,211,23.407582938388625,2.2322274881516586,2.363267347244853
M1@M5,near_miss,at_transition,continuation,fresh,first_touch,1,5.0,1.0,2.856185850917585
M1@M5,near_miss,at_transition,continuation,fresh,retested_2plus,1,10.0,1.0,5.103005875027554
M1@M5,near_miss,at_transition,continuation,mature,retested_2plus,3,113.66666666666667,1.6666666666666667,6.603300757558867
M1@M5,near_miss,at_transition,continuation,old,retested_2plus,4,445.25,1.5,3.8937447889584464
M1@M5,near_miss,at_transition,continuation,young,first_touch,1,15.0,2.0,2.1582150101415736
M1@M5,near_miss,at_transition,continuation,young,retested_2plus,1,16.0,1.0,1.6121212121220305
M1@M5,near_miss,at_transition,pullback,mature,retested_2plus,1,160.0,1.0,1.3144104803495713
M1@M5,near_miss,at_transition,pullback,old,retested_2plus,4,1053.75,1.5,6.348728370521657
M1@M5,near_miss,at_transition,pullback,young,retested_2plus,1,42.0,1.0,4.913649025070092
M1@M5,near_miss,neutral,continuation,fresh,first_touch,1290,3.906201550387597,1.430232558139535,2.0261797327749407
M1@M5,near_miss,neutral,continuation,fresh,retested_1,561,3.9964349376114083,1.338680926916221,2.0200517620041687
M1@M5,near_miss,neutral,continuation,fresh,retested_2plus,3759,5.868848097898377,1.3777600425645118,2.1741279387333967
M1@M5,near_miss,neutral,continuation,mature,first_touch,62,117.64516129032258,1.2580645161290323,2.2432950988767852
M1@M5,near_miss,neutral,continuation,mature,retested_1,27,130.11111111111111,1.4444444444444444,2.1358262930124265
M1@M5,near_miss,neutral,continuation,mature,retested_2plus,1304,100.09509202453988,1.4248466257668713,2.9693593608669637
M1@M5,near_miss,neutral,continuation,old,first_touch,36,818.0833333333334,1.3611111111111112,2.5087655468127505
M1@M5,near_miss,neutral,continuation,old,retested_1,13,680.3846153846154,1.3076923076923077,2.1856910923820276
M1@M5,near_miss,neutral,continuation,old,retested_2plus,1144,798.3041958041958,1.4597902097902098,2.683042604366731
M1@M5,near_miss,neutral,continuation,young,first_touch,195,20.912820512820513,1.2615384615384615,2.054103482392821
M1@M5,near_miss,neutral,continuation,young,retested_1,96,21.802083333333332,1.3229166666666667,2.07451622629519
M1@M5,near_miss,neutral,continuation,young,retested_2plus,3258,23.545426642111725,1.4140577041129527,2.346693998609036
M1@M5,near_miss,neutral,pullback,fresh,first_touch,154,2.7467532467532467,1.396103896103896,2.071770484788139
M1@M5,near_miss,neutral,pullback,fresh,retested_1,16,8.5,1.4375,3.029019623419523
M1@M5,near_miss,neutral,pullback,fresh,retested_2plus,608,8.075657894736842,1.425986842105263,2.4813386791487386
M1@M5,near_miss,neutral,pullback,mature,first_touch,16,143.75,1.125,1.705279890295563
M1@M5,near_miss,neutral,pullback,mature,retested_1,6,119.66666666666667,1.3333333333333333,1.6156207178514317
M1@M5,near_miss,neutral,pullback,mature,retested_2plus,1086,98.69705340699817,1.4429097605893186,2.89235771924504
M1@M5,near_miss,neutral,pullback,old,first_touch,11,1013.8181818181819,1.1818181818181819,2.2001246215085692
M1@M5,near_miss,neutral,pullback,old,retested_1,4,1082.5,1.25,1.5068852149865384
M1@M5,near_miss,neutral,pullback,old,retested_2plus,873,751.0332187857961,1.5131729667812142,2.561498510717982
M1@M5,near_miss,neutral,pullback,young,first_touch,69,24.652173913043477,1.2463768115942029,2.1736951586302364
M1@M5,near_miss,neutral,pullback,young,retested_1,15,18.333333333333332,1.4,1.8477675569359426
M1@M5,near_miss,neutral,pullback,young,retested_2plus,2121,25.532767562470532,1.3979255068363978,2.4834559910823444
M1@M5,near_miss,neutral,push,fresh,retested_1,3,5.0,2.0,2.871396353471484
M1@M5,near_miss,neutral,push,fresh,retested_2plus,2,6.0,0.0,2.2497421620164935
M1@M5,near_miss,neutral,push,mature,first_touch,7,130.0,2.0,0.792419381118882
M1@M5,near_miss,neutral,push,mature,retested_2plus,41,137.0487804878049,0.2926829268292683,1.887810958732444
M1@M5,near_miss,neutral,push,old,first_touch,3,363.6666666666667,0.0,3.040203336716028
M1@M5,near_miss,neutral,push,old,retested_2plus,146,449.4657534246575,1.1027397260273972,2.6324956769226326
M1@M5,near_miss,neutral,push,young,first_touch,4,18.0,0.5,1.6210603304699163
M1@M5,near_miss,neutral,push,young,retested_1,5,26.0,0.6,3.1335858954091824
M1@M5,near_miss,neutral,push,young,retested_2plus,24,18.916666666666668,0.8333333333333334,2.055491507904911
M1@M5,near_miss,neutral,reversal,fresh,first_touch,19,3.210526315789474,1.2105263157894737,2.549027882399106
M1@M5,near_miss,neutral,reversal,fresh,retested_1,4,5.5,0.0,2.8185225873537036
M1@M5,near_miss,neutral,reversal,fresh,retested_2plus,33,7.0,0.5454545454545454,2.497408957725386
M1@M5,near_miss,neutral,reversal,mature,retested_2plus,26,60.65384615384615,1.1538461538461537,3.4980113403112503
M1@M5,near_miss,neutral,reversal,old,first_touch,5,1460.4,2.0,2.13348564684524
M1@M5,near_miss,neutral,reversal,old,retested_2plus,30,1033.6,1.4,2.548659969727616
M1@M5,near_miss,neutral,reversal,young,retested_2plus,40,18.5,0.375,2.986350096625213
M1@M5,near_miss,with_daily,continuation,fresh,first_touch,2588,3.829598145285935,2.1371715610510047,2.103279920620753
M1@M5,near_miss,with_daily,continuation,fresh,retested_1,990,3.9323232323232324,2.214141414141414,2.1636788208984776
M1@M5,near_miss,with_daily,continuation,fresh,retested_2plus,7115,5.894729444834856,2.1544624033731554,2.2192070509564443
M1@M5,near_miss,with_daily,continuation,mature,first_touch,95,92.72631578947369,2.210526315789474,2.4577412807471517
M1@M5,near_miss,with_daily,continuation,mature,retested_1,46,111.97826086956522,2.3260869565217392,1.8803033166377003
M1@M5,near_miss,with_daily,continuation,mature,retested_2plus,3083,100.20175154070711,2.2140771975348685,2.8226538060429354
M1@M5,near_miss,with_daily,continuation,old,first_touch,125,1009.856,2.016,2.101792737017117
M1@M5,near_miss,with_daily,continuation,old,retested_1,69,800.072463768116,2.0579710144927534,2.1407115696222783
M1@M5,near_miss,with_daily,continuation,old,retested_2plus,2754,766.8097312999274,2.074074074074074,2.8890126473748188
M1@M5,near_miss,with_daily,continuation,young,first_touch,421,21.33016627078385,2.2280285035629452,2.183569827983752
M1@M5,near_miss,with_daily,continuation,young,retested_1,197,22.543147208121827,1.9898477157360406,2.1741441280292504
M1@M5,near_miss,with_daily,continuation,young,retested_2plus,5302,23.84949075820445,2.1827612221803094,2.442180058562215
M1@M5,near_miss,with_daily,pullback,fresh,first_touch,343,2.8396501457725947,2.2186588921282797,2.1143206352351127
M1@M5,near_miss,with_daily,pullback,fresh,retested_1,1,7.0,3.0,1.5927992160275923
M1@M5,near_miss,with_daily,pullback,fresh,retested_2plus,1003,7.967098703888335,2.152542372881356,2.4401563870182748
M1@M5,near_miss,with_daily,pullback,mature,first_touch,36,82.94444444444444,2.4166666666666665,2.2404117972298705
M1@M5,near_miss,with_daily,pullback,mature,retested_1,16,101.25,2.0,1.9117141532625292
M1@M5,near_miss,with_daily,pullback,mature,retested_2plus,2360,104.13983050847457,2.2470338983050846,3.067577147039868
M1@M5,near_miss,with_daily,pullback,old,first_touch,20,710.4,2.35,2.1496960739972435
M1@M5,near_miss,with_daily,pullback,old,retested_1,20,810.25,2.5,1.6222682999905793
M1@M5,near_miss,with_daily,pullback,old,retested_2plus,1796,770.3067928730512,2.0556792873051224,2.939812880800702
M1@M5,near_miss,with_daily,pullback,young,first_touch,52,21.692307692307693,2.519230769230769,2.0733607829093366
M1@M5,near_miss,with_daily,pullback,young,retested_1,52,23.78846153846154,2.3653846153846154,2.1981400508149216
M1@M5,near_miss,with_daily,pullback,young,retested_2plus,3908,25.1471340839304,2.1502047082906857,2.6485286370852026
M1@M5,near_miss,with_daily,push,fresh,first_touch,11,7.545454545454546,1.7272727272727273,2.087644312171416
M1@M5,near_miss,with_daily,push,fresh,retested_1,3,8.0,1.0,2.470084097564351
M1@M5,near_miss,with_daily,push,fresh,retested_2plus,46,7.282608695652174,2.130434782608696,2.260007592570576
M1@M5,near_miss,with_daily,push,mature,first_touch,4,89.75,3.0,1.5646893729851943
M1@M5,near_miss,with_daily,push,mature,retested_1,7,99.28571428571429,3.0,2.1059651361835123
M1@M5,near_miss,with_daily,push,mature,retested_2plus,65,89.24615384615385,2.8461538461538463,2.532560778677145
M1@M5,near_miss,with_daily,push,old,first_touch,5,362.0,3.0,2.085207185155604
M1@M5,near_miss,with_daily,push,old,retested_1,5,644.4,3.0,1.8231651776232716
M1@M5,near_miss,with_daily,push,old,retested_2plus,145,802.9793103448276,2.8,2.11079695366673
M1@M5,near_miss,with_daily,push,young,first_touch,15,23.733333333333334,1.5333333333333334,1.933114270430548
M1@M5,near_miss,with_daily,push,young,retested_1,16,25.75,1.75,1.8173782661046676
M1@M5,near_miss,with_daily,push,young,retested_2plus,170,27.61764705882353,2.052941176470588,2.251694748179367
M1@M5,near_miss,with_daily,reversal,fresh,first_touch,6,3.0,1.3333333333333333,2.1651922240024892
M1@M5,near_miss,with_daily,reversal,fresh,retested_1,3,7.0,1.0,2.2554954038134394
M1@M5,near_miss,with_daily,reversal,fresh,retested_2plus,22,5.818181818181818,1.0,2.236157867134645
M1@M5,near_miss,with_daily,reversal,mature,retested_2plus,2,51.0,3.0,3.250317315923748
M1@M5,near_miss,with_daily,reversal,old,first_touch,1,1241.0,1.0,1.9111842105254333
M1@M5,near_miss,with_daily,reversal,old,retested_2plus,15,4460.533333333334,1.5333333333333334,1.7321250381496034
M1@M5,near_miss,with_daily,reversal,young,first_touch,1,18.0,3.0,4.771164474593046
M1@M5,near_miss,with_daily,reversal,young,retested_2plus,9,18.11111111111111,1.2222222222222223,3.0202213216803395
M1@M5,wick_touch,against_daily,continuation,fresh,retested_1,996,3.5913654618473894,2.1285140562248994,1.676379662253084
M1@M5,wick_touch,against_daily,continuation,fresh,retested_2plus,9300,5.31236559139785,2.1508602150537635,1.86305498791544
M1@M5,wick_touch,against_daily,continuation,mature,retested_1,34,88.52941176470588,2.5,1.379843220138793
M1@M5,wick_touch,against_daily,continuation,mature,retested_2plus,2511,95.37395459976105,2.1931501393866983,2.467761401981063
M1@M5,wick_touch,against_daily,continuation,old,retested_1,24,1489.0,1.9166666666666667,1.4118360686064724
M1@M5,wick_touch,against_daily,continuation,old,retested_2plus,1418,1331.1100141043723,1.8829337094499294,2.1804549142108787
M1@M5,wick_touch,against_daily,continuation,young,retested_1,137,21.613138686131386,2.204379562043796,1.7661405992212253
M1@M5,wick_touch,against_daily,continuation,young,retested_2plus,5412,23.168883961566888,2.1600147819660016,2.0479318549850407
M1@M5,wick_touch,against_daily,pullback,fresh,retested_1,324,2.574074074074074,2.095679012345679,1.719816708386509
M1@M5,wick_touch,against_daily,pullback,fresh,retested_2plus,871,7.989667049368542,2.1986222732491387,2.104830519824703
M1@M5,wick_touch,against_daily,pullback,mature,retested_1,12,86.75,2.25,1.7515670029769739
M1@M5,wick_touch,against_daily,pullback,mature,retested_2plus,1630,95.15276073619631,2.2288343558282206,2.6346891632429505
M1@M5,wick_touch,against_daily,pullback,old,retested_1,10,868.7,2.0,1.8100797766105203
M1@M5,wick_touch,against_daily,pullback,old,retested_2plus,914,1382.5404814004376,1.8676148796498906,2.4092372183291584
M1@M5,wick_touch,against_daily,pullback,young,retested_1,18,26.333333333333332,2.1666666666666665,1.7196987733700775
M1@M5,wick_touch,against_daily,pullback,young,retested_2plus,3263,24.334967821023596,2.199203187250996,2.2150935479778524
M1@M5,wick_touch,against_daily,push,fresh,retested_2plus,6,7.5,1.0,2.207985961054882
M1@M5,wick_touch,against_daily,push,mature,retested_2plus,7,99.0,3.0,1.5849245800646936
M1@M5,wick_touch,against_daily,push,old,retested_1,1,760.0,1.0,0.912076271186381
M1@M5,wick_touch,against_daily,push,old,retested_2plus,53,1039.4905660377358,1.4528301886792452,1.8139935803188052
M1@M5,wick_touch,against_daily,push,young,retested_2plus,16,26.125,1.0,3.4434556810565673
M1@M5,wick_touch,against_daily,reversal,fresh,retested_1,27,3.6296296296296298,2.0,1.7225068842603166
M1@M5,wick_touch,against_daily,reversal,fresh,retested_2plus,267,5.98876404494382,2.2134831460674156,2.1078902517471896
M1@M5,wick_touch,against_daily,reversal,mature,retested_1,1,81.0,1.0,2.52325581395352
M1@M5,wick_touch,against_daily,reversal,mature,retested_2plus,134,109.50746268656717,2.5970149253731343,2.249217005504239
M1@M5,wick_touch,against_daily,reversal,old,retested_1,1,598.0,3.0,1.1375369063196548
M1@M5,wick_touch,against_daily,reversal,old,retested_2plus,123,1416.7317073170732,2.5528455284552845,1.8498568711198187
M1@M5,wick_touch,against_daily,reversal,young,retested_1,4,28.0,3.0,2.2345213929650005
M1@M5,wick_touch,against_daily,reversal,young,retested_2plus,200,21.72,2.0,2.290751768220613
M1@M5,wick_touch,at_transition,continuation,fresh,retested_1,2,8.0,1.0,2.8045120090925755
M1@M5,wick_touch,at_transition,continuation,fresh,retested_2plus,5,5.8,1.4,2.6184919533730344
M1@M5,wick_touch,at_transition,continuation,mature,retested_1,1,58.0,1.0,2.0410367170623993
M1@M5,wick_touch,at_transition,continuation,mature,retested_2plus,14,83.92857142857143,1.4285714285714286,4.13603255380084
M1@M5,wick_touch,at_transition,continuation,old,retested_1,2,590.0,2.0,5.53046496631606
M1@M5,wick_touch,at_transition,continuation,old,retested_2plus,2,971.5,1.5,4.638360358806144
M1@M5,wick_touch,at_transition,continuation,young,retested_1,4,26.75,1.25,1.6564542221055043
M1@M5,wick_touch,at_transition,continuation,young,retested_2plus,28,30.571428571428573,1.3928571428571428,2.8177169145863368
M1@M5,wick_touch,at_transition,pullback,fresh,retested_2plus,1,7.0,1.0,2.6186317321689643
M1@M5,wick_touch,at_transition,pullback,mature,retested_1,1,74.0,1.0,3.923566878981247
M1@M5,wick_touch,at_transition,pullback,mature,retested_2plus,6,100.16666666666667,1.3333333333333333,3.926693562093281
M1@M5,wick_touch,at_transition,pullback,old,retested_1,1,578.0,2.0,1.3663101604280172
M1@M5,wick_touch,at_transition,pullback,old,retested_2plus,2,690.0,1.0,0.668920431849761
M1@M5,wick_touch,at_transition,pullback,young,retested_1,2,19.0,1.0,1.0938342002841708
M1@M5,wick_touch,at_transition,pullback,young,retested_2plus,19,30.0,1.3157894736842106,3.0236143689983583
M1@M5,wick_touch,at_transition,push,mature,retested_2plus,1,72.0,1.0,5.966573816157094
M1@M5,wick_touch,at_transition,push,young,retested_1,1,33.0,1.0,3.704735376044726
M1@M5,wick_touch,at_transition,push,young,retested_2plus,1,23.0,2.0,2.7874720357939466
M1@M5,wick_touch,neutral,continuation,fresh,retested_1,525,3.5085714285714285,1.4114285714285715,1.6943990067672783
M1@M5,wick_touch,neutral,continuation,fresh,retested_2plus,5014,5.34224172317511,1.3683685680095732,1.8377027086978657
M1@M5,wick_touch,neutral,continuation,mature,retested_1,18,111.0,1.4444444444444444,1.8238765219222022
M1@M5,wick_touch,neutral,continuation,mature,retested_2plus,1368,101.45760233918129,1.3567251461988303,2.3775955656164163
M1@M5,wick_touch,neutral,continuation,old,retested_1,17,797.2941176470588,1.588235294117647,1.726447519058863
M1@M5,wick_touch,neutral,continuation,old,retested_2plus,1124,744.5044483985765,1.4341637010676156,2.2977333417088057
M1@M5,wick_touch,neutral,continuation,young,retested_1,65,20.49230769230769,1.353846153846154,1.531164504431197
M1@M5,wick_touch,neutral,continuation,young,retested_2plus,3296,23.02609223300971,1.4183859223300972,2.0025626957530624
M1@M5,wick_touch,neutral,pullback,fresh,retested_1,179,2.547486033519553,1.3463687150837989,1.750084251510453
M1@M5,wick_touch,neutral,pullback,fresh,retested_2plus,468,7.858974358974359,1.4230769230769231,2.2115811581752807
M1@M5,wick_touch,neutral,pullback,mature,retested_1,6,98.16666666666667,1.3333333333333333,1.5632839631534488
M1@M5,wick_touch,neutral,pullback,mature,retested_2plus,955,99.63560209424084,1.4544502617801047,2.6051266320961095
M1@M5,wick_touch,neutral,pullback,old,retested_1,6,535.6666666666666,1.3333333333333333,1.3802516798084898
M1@M5,wick_touch,neutral,pullback,old,retested_2plus,835,788.3137724550899,1.5149700598802396,2.3840826791857896
M1@M5,wick_touch,neutral,pullback,young,retested_1,12,21.583333333333332,1.4166666666666667,1.5676696523494245
M1@M5,wick_touch,neutral,pullback,young,retested_2plus,1794,25.041248606466,1.3723522853957637,2.180627519492403
M1@M5,wick_touch,neutral,push,fresh,retested_2plus,7,8.714285714285714,0.8571428571428571,1.8322577962128612
M1@M5,wick_touch,neutral,push,mature,retested_2plus,40,152.0,1.0,1.3478014945518912
M1@M5,wick_touch,neutral,push,old,retested_1,1,365.0,0.0,2.1696832579185235
M1@M5,wick_touch,neutral,push,old,retested_2plus,114,518.640350877193,1.2017543859649122,2.4350029793168337
M1@M5,wick_touch,neutral,push,young,retested_2plus,26,18.846153846153847,0.5384615384615384,1.8828061935062839
M1@M5,wick_touch,neutral,reversal,fresh,retested_1,4,4.25,0.5,2.3879329058337295
M1@M5,wick_touch,neutral,reversal,fresh,retested_2plus,37,6.324324324324325,0.7297297297297297,1.9921608671869782
M1@M5,wick_touch,neutral,reversal,mature,retested_2plus,19,57.94736842105263,0.47368421052631576,2.892276843456831
M1@M5,wick_touch,neutral,reversal,old,retested_2plus,22,1115.2727272727273,1.5,2.3615228787977727
M1@M5,wick_touch,neutral,reversal,young,retested_2plus,47,16.4468085106383,0.574468085106383,2.548931469559619
M1@M5,wick_touch,with_daily,continuation,fresh,retested_1,1024,3.5576171875,2.1591796875,1.7161879546232361
M1@M5,wick_touch,with_daily,continuation,fresh,retested_2plus,9618,5.352880016635475,2.1585568725306716,1.862052059001282
M1@M5,wick_touch,with_daily,continuation,mature,retested_1,40,92.6,2.175,1.9602706744485023
M1@M5,wick_touch,with_daily,continuation,mature,retested_2plus,2877,99.99409106708377,2.212721584984359,2.4520703968656945
M1@M5,wick_touch,with_daily,continuation,old,retested_1,46,747.1739130434783,2.130434782608696,1.6073609592104579
M1@M5,wick_touch,with_daily,continuation,old,retested_2plus,2702,788.0777202072538,2.0910436713545524,2.434036889260245
M1@M5,wick_touch,with_daily,continuation,young,retested_1,148,20.736486486486488,2.027027027027027,1.7083423550188708
M1@M5,wick_touch,with_daily,continuation,young,retested_2plus,5465,23.43220494053065,2.1782250686184814,2.0973234570183465
M1@M5,wick_touch,with_daily,pullback,fresh,retested_1,335,2.5671641791044775,2.1373134328358208,1.757519574686717
M1@M5,wick_touch,with_daily,pullback,fresh,retested_2plus,977,8.013306038894575,2.1258955987717503,2.169369847297551
M1@M5,wick_touch,with_daily,pullback,mature,retested_1,9,86.11111111111111,2.2222222222222223,1.7275802980741726
M1@M5,wick_touch,with_daily,pullback,mature,retested_2plus,1985,102.96070528967255,2.2347607052896725,2.7161996236747825
M1@M5,wick_touch,with_daily,pullback,old,retested_1,12,769.4166666666666,2.4166666666666665,1.1604034280081281
M1@M5,wick_touch,with_daily,pullback,old,retested_2plus,1456,726.6895604395604,2.159340659340659,2.5333860352340514
M1@M5,wick_touch,with_daily,pullback,young,retested_1,33,24.87878787878788,2.1818181818181817,2.055284546704458
M1@M5,wick_touch,with_daily,pullback,young,retested_2plus,3416,24.66188524590164,2.1501756440281032,2.344026572010859
M1@M5,wick_touch,with_daily,push,fresh,retested_1,1,7.0,1.0,1.9811320754709367
M1@M5,wick_touch,with_daily,push,fresh,retested_2plus,51,8.03921568627451,1.8235294117647058,1.7601165218758732
M1@M5,wick_touch,with_daily,push,mature,retested_1,5,80.6,3.0,2.1078985230204763
M1@M5,wick_touch,with_daily,push,mature,retested_2plus,103,87.48543689320388,2.854368932038835,1.9679967644334626
M1@M5,wick_touch,with_daily,push,old,retested_1,5,372.0,3.0,2.795317794341436
M1@M5,wick_touch,with_daily,push,old,retested_2plus,158,679.1708860759494,2.810126582278481,1.7250146541482425
M1@M5,wick_touch,with_daily,push,young,retested_1,7,18.428571428571427,2.142857142857143,1.3202222873396672
M1@M5,wick_touch,with_daily,push,young,retested_2plus,157,27.611464968152866,2.082802547770701,1.7473901626313344
M1@M5,wick_touch,with_daily,reversal,fresh,retested_1,3,4.333333333333333,1.0,2.2474061857791408
M1@M5,wick_touch,with_daily,reversal,fresh,retested_2plus,30,5.566666666666666,1.0,1.9196814698144573
M1@M5,wick_touch,with_daily,reversal,old,retested_1,1,1255.0,1.0,0.8863049095604578
M1@M5,wick_touch,with_daily,reversal,old,retested_2plus,22,6787.954545454545,1.0909090909090908,1.4833560368150545
M1@M5,wick_touch,with_daily,reversal,young,retested_1,1,18.0,3.0,4.252924425013159
M1@M5,wick_touch,with_daily,reversal,young,retested_2plus,9,17.333333333333332,1.4444444444444444,2.4694926358926628
M5@H1,body_close,against_daily,continuation,fresh,first_touch,1,2.0,3.0,0.8804347826085671
M5@H1,body_close,against_daily,continuation,fresh,retested_1,349,3.002865329512894,2.1432664756446993,1.3234016968529407
M5@H1,body_close,against_daily,continuation,fresh,retested_2plus,17698,5.027912758503786,2.223132557351113,1.3367403776069797
M5@H1,body_close,against_daily,continuation,mature,retested_1,22,98.81818181818181,1.9545454545454546,1.4144880000740248
M5@H1,body_close,against_daily,continuation,mature,retested_2plus,6627,118.62230270107138,1.7609778180172024,1.6993817366404693
M5@H1,body_close,against_daily,continuation,old,retested_1,18,820.8333333333334,2.111111111111111,1.3491713531338607
M5@H1,body_close,against_daily,continuation,old,retested_2plus,7645,890.8995421844343,2.184957488554611,1.9522808377552905
M5@H1,body_close,against_daily,continuation,young,retested_1,20,26.2,2.1,0.8033807730078127
M5@H1,body_close,against_daily,continuation,young,retested_2plus,7840,20.162372448979593,2.24375,1.4672557179800332
M5@H1,body_close,against_daily,pullback,fresh,retested_1,214,2.5186915887850465,2.191588785046729,1.262918391619682
M5@H1,body_close,against_daily,pullback,fresh,retested_2plus,1540,7.788961038961039,2.198051948051948,1.8329487203306358
M5@H1,body_close,against_daily,pullback,mature,first_touch,1,51.0,2.0,1.0563636363637512
M5@H1,body_close,against_daily,pullback,mature,retested_2plus,3236,117.84456118665018,1.8309641532756489,2.0189722760105107
M5@H1,body_close,against_daily,pullback,old,retested_1,3,520.0,2.0,2.421166152383013
M5@H1,body_close,against_daily,pullback,old,retested_2plus,3793,793.2923807012919,2.226997099920907,2.3329725778741186
M5@H1,body_close,against_daily,pullback,young,retested_1,6,27.166666666666668,2.0,1.564705985711516
M5@H1,body_close,against_daily,pullback,young,retested_2plus,3462,19.773541305603697,2.2261698440207973,1.9489559326381538
M5@H1,body_close,against_daily,push,mature,retested_1,1,144.0,3.0,0.6623505976093244
M5@H1,body_close,against_daily,push,mature,retested_2plus,75,92.37333333333333,1.6133333333333333,0.907744505344293
M5@H1,body_close,against_daily,push,old,retested_1,1,755.0,2.0,6.0011898523366725
M5@H1,body_close,against_daily,push,old,retested_2plus,454,1951.1651982378855,1.9933920704845816,3.5079395997007348
M5@H1,body_close,against_daily,reversal,fresh,retested_1,14,3.0714285714285716,2.0714285714285716,1.7362706281988793
M5@H1,body_close,against_daily,reversal,fresh,retested_2plus,673,5.823179791976226,2.164933135215453,1.5366037568040065
M5@H1,body_close,against_daily,reversal,mature,retested_2plus,461,86.39479392624729,2.0,4.7894598417791645
M5@H1,body_close,against_daily,reversal,old,retested_1,1,273.0,3.0,3.9683544303799287
M5@H1,body_close,against_daily,reversal,old,retested_2plus,231,270.71861471861473,2.1904761904761907,1.4990450566271112
M5@H1,body_close,against_daily,reversal,young,retested_1,1,50.0,3.0,0.9218088319519617
M5@H1,body_close,against_daily,reversal,young,retested_2plus,417,20.335731414868107,2.47242206235012,2.2601343109905314
M5@H1,body_close,at_transition,continuation,fresh,retested_1,6,5.0,1.3333333333333333,1.8363556458055852
M5@H1,body_close,at_transition,continuation,fresh,retested_2plus,104,6.403846153846154,1.5192307692307692,1.9796229323734449
M5@H1,body_close,at_transition,continuation,mature,retested_1,6,68.33333333333333,1.3333333333333333,1.3769749755274725
M5@H1,body_close,at_transition,continuation,mature,retested_2plus,59,84.52542372881356,1.3559322033898304,2.1093251530785393
M5@H1,body_close,at_transition,continuation,old,retested_2plus,20,715.9,1.4,3.402428491511114
M5@H1,body_close,at_transition,continuation,young,retested_1,1,50.0,1.0,0.7475331531868035
M5@H1,body_close,at_transition,continuation,young,retested_2plus,48,22.208333333333332,1.5,2.4203155305738946
M5@H1,body_close,at_transition,pullback,fresh,retested_2plus,9,8.555555555555555,1.6666666666666667,2.6395795532706625
M5@H1,body_close,at_transition,pullback,mature,retested_1,2,96.0,1.5,0.3329183438473727
M5@H1,body_close,at_transition,pullback,mature,retested_2plus,28,97.03571428571429,1.5,2.122628338252048
M5@H1,body_close,at_transition,pullback,old,retested_2plus,9,983.4444444444445,1.6666666666666667,3.2671085322838636
M5@H1,body_close,at_transition,pullback,young,retested_2plus,21,22.047619047619047,1.4761904761904763,2.6158557842156744
M5@H1,body_close,at_transition,push,mature,retested_2plus,1,59.0,1.0,2.3498817966902297
M5@H1,body_close,at_transition,push,old,retested_2plus,1,2009.0,1.0,14.448000000000018
M5@H1,body_close,at_transition,reversal,fresh,retested_2plus,1,7.0,2.0,0.8025477707007326
M5@H1,body_close,at_transition,reversal,mature,retested_2plus,5,103.4,1.8,5.335444689916442
M5@H1,body_close,at_transition,reversal,young,retested_2plus,2,34.5,1.5,4.205781323474883
M5@H1,body_close,neutral,continuation,fresh,retested_1,279,3.182795698924731,1.3691756272401434,1.2969214347541675
M5@H1,body_close,neutral,continuation,fresh,retested_2plus,13727,5.345523420995119,1.3977562468128506,1.3367641365931202
M5@H1,body_close,neutral,continuation,mature,retested_1,14,92.92857142857143,1.4285714285714286,1.1049804885504493
M5@H1,body_close,neutral,continuation,mature,retested_2plus,5597,100.5917455779882,1.4005717348579596,1.7854357715884148
M5@H1,body_close,neutral,continuation,old,retested_2plus,2992,1206.188168449198,1.3960561497326203,2.717114682508197
M5@H1,body_close,neutral,continuation,young,retested_1,12,21.5,1.4166666666666667,1.3915619413017584
M5@H1,body_close,neutral,continuation,young,retested_2plus,8244,23.628093158660842,1.4537845705967978,1.6079518358976106
M5@H1,body_close,neutral,pullback,fresh,retested_1,136,2.661764705882353,1.3529411764705883,1.1703043792857457
M5@H1,body_close,neutral,pullback,fresh,retested_2plus,1196,7.719063545150502,1.3269230769230769,1.9234066930405738
M5@H1,body_close,neutral,pullback,mature,retested_1,3,145.0,1.3333333333333333,1.2532159895142436
M5@H1,body_close,neutral,pullback,mature,retested_2plus,1832,102.42085152838428,1.3247816593886463,2.610741086352204
M5@H1,body_close,neutral,pullback,old,retested_2plus,1445,1685.5806228373701,1.4346020761245675,2.5756483221449713
M5@H1,body_close,neutral,pullback,young,retested_1,2,32.0,1.5,0.08579036709913118
M5@H1,body_close,neutral,pullback,young,retested_2plus,3484,24.02841561423651,1.467853042479908,1.7700989763704507
M5@H1,body_close,neutral,push,fresh,retested_2plus,65,6.3076923076923075,2.0,1.0276614811782065
M5@H1,body_close,neutral,push,mature,retested_2plus,11,51.0,1.0,0.605770882227276
M5@H1,body_close,neutral,push,old,retested_2plus,83,2118.3614457831327,1.0,2.6728498641164737
M5@H1,body_close,neutral,push,young,retested_2plus,49,43.06122448979592,1.0,0.8239454371443533
M5@H1,body_close,neutral,reversal,fresh,retested_1,3,2.6666666666666665,1.3333333333333333,1.613222714007793
M5@H1,body_close,neutral,reversal,fresh,retested_2plus,144,5.270833333333333,1.6319444444444444,2.5678171598190187
M5@H1,body_close,neutral,reversal,mature,retested_2plus,190,107.26315789473684,1.9473684210526316,10.399566455387834
M5@H1,body_close,neutral,reversal,old,retested_2plus,41,257.5853658536585,1.0,2.2425066796189297
M5@H1,body_close,neutral,reversal,young,retested_2plus,375,29.68,1.2506666666666666,3.4816575133051706
M5@H1,body_close,with_daily,continuation,fresh,retested_1,390,3.18974358974359,2.2564102564102564,1.3423753424791778
M5@H1,body_close,with_daily,continuation,fresh,retested_2plus,19468,5.127439901376618,2.2512841586192724,1.31480500203064
M5@H1,body_close,with_daily,continuation,mature,retested_1,17,82.70588235294117,2.176470588235294,1.283825052229049
M5@H1,body_close,with_daily,continuation,mature,retested_2plus,6913,91.83755243743671,2.156082742658759,1.5887637308116653
M5@H1,body_close,with_daily,continuation,old,retested_1,2,321.5,3.0,1.51574218197218
M5@H1,body_close,with_daily,continuation,old,retested_2plus,1380,463.2463768115942,1.4355072463768115,2.296204950054724
M5@H1,body_close,with_daily,continuation,young,first_touch,1,27.0,2.0,0.8593350383632078
M5@H1,body_close,with_daily,continuation,young,retested_1,29,27.862068965517242,2.0,1.4895550555049544
M5@H1,body_close,with_daily,continuation,young,retested_2plus,10874,23.73496413463307,2.146220342100423,1.413699392310741
M5@H1,body_close,with_daily,pullback,fresh,retested_1,228,2.6710526315789473,2.206140350877193,1.161471032673804
M5@H1,body_close,with_daily,pullback,fresh,retested_2plus,1788,7.51510067114094,2.368008948545861,1.9248324835932344
M5@H1,body_close,with_daily,pullback,mature,retested_1,1,106.0,3.0,1.7664319248825924
M5@H1,body_close,with_daily,pullback,mature,retested_2plus,2585,94.83288201160542,2.1338491295938105,1.6906194487970867
M5@H1,body_close,with_daily,pullback,old,retested_1,1,218.0,3.0,0.9342744450805106
M5@H1,body_close,with_daily,pullback,old,retested_2plus,1143,569.1566054243219,1.720909886264217,3.315644529886022
M5@H1,body_close,with_daily,pullback,young,retested_1,2,50.0,3.0,0.45551845563606874
M5@H1,body_close,with_daily,pullback,young,retested_2plus,4270,24.444496487119437,2.4046838407494144,1.7469455869274348
M5@H1,body_close,with_daily,push,fresh,retested_1,1,5.0,1.0,0.8791479172061374
M5@H1,body_close,with_daily,push,fresh,retested_2plus,15,8.266666666666667,1.1333333333333333,1.7606745192721234
M5@H1,body_close,with_daily,push,mature,retested_1,1,141.0,1.0,1.3930693069306208
M5@H1,body_close,with_daily,push,old,retested_2plus,178,1998.876404494382,1.0,8.57455967543872
M5@H1,body_close,with_daily,push,young,retested_1,2,28.0,3.0,0.5531952019219705
M5@H1,body_close,with_daily,push,young,retested_2plus,91,31.12087912087912,2.681318681318681,0.8029207267347226
M5@H1,body_close,with_daily,reversal,fresh,retested_1,2,3.0,1.5,2.912353532471356
M5@H1,body_close,with_daily,reversal,fresh,retested_2plus,140,6.007142857142857,1.457142857142857,2.3585181222546923
M5@H1,body_close,with_daily,reversal,mature,retested_2plus,223,102.4798206278027,2.125560538116592,4.1961672893492095
M5@H1,break_through,against_daily,continuation,fresh,first_touch,6,3.0,2.5,2.388721988082887
M5@H1,break_through,against_daily,continuation,mature,first_touch,2,51.0,1.5,1.1618653278150846
M5@H1,break_through,against_daily,continuation,young,first_touch,1,50.0,3.0,1.9892627057981078
M5@H1,break_through,against_daily,pullback,fresh,first_touch,5,2.0,2.0,1.7898511497606218
M5@H1,break_through,at_transition,continuation,mature,first_touch,2,52.5,1.0,4.368797154286176
M5@H1,break_through,at_transition,pullback,mature,first_touch,1,52.0,2.0,4.995454545454297
M5@H1,break_through,at_transition,pullback,young,first_touch,3,50.0,1.0,5.882705664936815
M5@H1,break_through,neutral,continuation,fresh,first_touch,8,2.125,1.375,1.6432007192294635
M5@H1,break_through,neutral,continuation,young,first_touch,2,50.0,1.0,1.2674333477179043
M5@H1,break_through,neutral,pullback,fresh,first_touch,3,2.6666666666666665,1.0,1.7710836937017709
M5@H1,break_through,neutral,pullback,mature,first_touch,1,53.0,1.0,3.84919651043669
M5@H1,break_through,neutral,pullback,young,first_touch,2,38.0,1.0,1.5757563578307032
M5@H1,break_through,with_daily,continuation,fresh,first_touch,8,2.5,2.375,1.9043147960734945
M5@H1,break_through,with_daily,continuation,mature,first_touch,4,52.0,2.0,2.5825301026270915
M5@H1,break_through,with_daily,pullback,fresh,first_touch,4,2.25,1.75,2.287584940947002
M5@H1,break_through,with_daily,pullback,young,first_touch,1,50.0,3.0,2.9130025125627914
M5@H1,near_miss,against_daily,continuation,fresh,first_touch,552,3.608695652173913,2.161231884057971,2.637409564889244
M5@H1,near_miss,against_daily,continuation,fresh,retested_1,248,3.7016129032258065,2.157258064516129,2.8687444147179297
M5@H1,near_miss,against_daily,continuation,fresh,retested_2plus,2798,5.353466761972838,2.2262330235882772,3.0270560606832437
M5@H1,near_miss,against_daily,continuation,mature,first_touch,57,101.43859649122807,2.0,2.7877349946153305
M5@H1,near_miss,against_daily,continuation,mature,retested_1,14,82.57142857142857,2.357142857142857,2.5653346304812215
M5@H1,near_miss,against_daily,continuation,mature,retested_2plus,854,115.11241217798595,1.8887587822014051,3.159253543211365
M5@H1,near_miss,against_daily,continuation,old,first_touch,34,974.6764705882352,2.5294117647058822,3.0696989104844423
M5@H1,near_miss,against_daily,continuation,old,retested_1,10,729.5,2.7,2.1643129632146056
M5@H1,near_miss,against_daily,continuation,old,retested_2plus,998,904.5961923847696,2.05310621242485,3.509624060487607
M5@H1,near_miss,against_daily,continuation,young,first_touch,62,23.5,1.7580645161290323,2.0683595880832883
M5@H1,near_miss,against_daily,continuation,young,retested_1,30,23.566666666666666,2.2333333333333334,2.7797471470441075
M5@H1,near_miss,against_daily,continuation,young,retested_2plus,1050,19.65904761904762,2.3133333333333335,3.20937230912961
M5@H1,near_miss,against_daily,pullback,fresh,first_touch,48,2.9375,2.1875,2.4440924392832444
M5@H1,near_miss,against_daily,pullback,fresh,retested_1,1,9.0,2.0,2.457046979865872
M5@H1,near_miss,against_daily,pullback,fresh,retested_2plus,388,7.912371134020619,2.268041237113402,3.0211713016638275
M5@H1,near_miss,against_daily,pullback,mature,first_touch,8,77.875,2.375,2.4514609780100263
M5@H1,near_miss,against_daily,pullback,mature,retested_1,3,148.0,2.3333333333333335,3.5983733623585707
M5@H1,near_miss,against_daily,pullback,mature,retested_2plus,619,124.68174474959612,1.7156704361873991,3.692392284867628
M5@H1,near_miss,against_daily,pullback,old,first_touch,17,1035.4117647058824,1.6470588235294117,3.458187571184078
M5@H1,near_miss,against_daily,pullback,old,retested_1,1,476.0,1.0,1.7899224294343128
M5@H1,near_miss,against_daily,pullback,old,retested_2plus,826,1024.3498789346247,2.2106537530266346,3.8834521822175314
M5@H1,near_miss,against_daily,pullback,young,first_touch,12,28.166666666666668,2.25,2.6475176503736404
M5@H1,near_miss,against_daily,pullback,young,retested_2plus,702,18.846153846153847,2.324786324786325,3.670606824082271
M5@H1,near_miss,against_daily,push,mature,first_touch,2,110.5,2.0,1.6939108664607674
M5@H1,near_miss,against_daily,push,mature,retested_1,1,77.0,1.0,2.729147141518609
M5@H1,near_miss,against_daily,push,mature,retested_2plus,32,107.0,1.875,2.165491323118793
M5@H1,near_miss,against_daily,push,old,first_touch,2,1035.0,1.5,3.9123148603550595
M5@H1,near_miss,against_daily,push,old,retested_1,2,1324.0,3.0,1.3259513255405655
M5@H1,near_miss,against_daily,push,old,retested_2plus,88,2068.0454545454545,2.5113636363636362,5.222304189435475
M5@H1,near_miss,against_daily,reversal,fresh,first_touch,17,5.0,2.411764705882353,3.4138207269432814
M5@H1,near_miss,against_daily,reversal,fresh,retested_1,3,6.333333333333333,1.6666666666666667,5.400440635387022
M5@H1,near_miss,against_daily,reversal,fresh,retested_2plus,52,5.634615384615385,2.1923076923076925,3.9970565585762605
M5@H1,near_miss,against_daily,reversal,mature,first_touch,1,126.0,1.0,3.348519362186854
M5@H1,near_miss,against_daily,reversal,mature,retested_2plus,86,99.76744186046511,1.8604651162790697,6.131997909075748
M5@H1,near_miss,against_daily,reversal,old,first_touch,1,273.0,3.0,4.80196253345239
M5@H1,near_miss,against_daily,reversal,old,retested_2plus,40,269.125,1.45,3.0680480669343924
M5@H1,near_miss,against_daily,reversal,young,retested_2plus,62,21.887096774193548,2.7903225806451615,4.959785275315149
M5@H1,near_miss,at_transition,continuation,fresh,first_touch,4,6.5,1.5,3.7740565856786676
M5@H1,near_miss,at_transition,continuation,fresh,retested_2plus,7,5.142857142857143,1.4285714285714286,4.0317350772711285
M5@H1,near_miss,at_transition,continuation,mature,retested_2plus,15,112.0,1.6,5.013896079791718
M5@H1,near_miss,at_transition,continuation,old,retested_2plus,5,557.4,1.4,4.622869770067347
M5@H1,near_miss,at_transition,continuation,young,first_touch,1,13.0,1.0,3.739597315436735
M5@H1,near_miss,at_transition,continuation,young,retested_2plus,4,21.0,1.5,5.244716188627926
M5@H1,near_miss,at_transition,pullback,mature,first_touch,1,165.0,2.0,2.2178477690287925
M5@H1,near_miss,at_transition,pullback,mature,retested_2plus,4,159.75,1.75,6.734528673034336
M5@H1,near_miss,at_transition,pullback,young,retested_2plus,6,17.833333333333332,1.1666666666666667,4.788114050436508
M5@H1,near_miss,neutral,continuation,fresh,first_touch,402,3.6044776119402986,1.3855721393034826,2.6799615655274915
M5@H1,near_miss,neutral,continuation,fresh,retested_1,167,3.844311377245509,1.3532934131736527,2.701628368699847
M5@H1,near_miss,neutral,continuation,fresh,retested_2plus,1863,5.399355877616747,1.3805689747718732,3.1316345458609813
M5@H1,near_miss,neutral,continuation,mature,first_touch,43,78.86046511627907,1.4883720930232558,2.633953902072747
M5@H1,near_miss,neutral,continuation,mature,retested_1,13,83.07692307692308,1.4615384615384615,2.8596886309976273
M5@H1,near_miss,neutral,continuation,mature,retested_2plus,877,105.29532497149373,1.4367160775370582,3.542309630669684
M5@H1,near_miss,neutral,continuation,old,first_touch,4,2306.0,1.0,1.5270388894194684
M5@H1,near_miss,neutral,continuation,old,retested_1,2,278.5,2.0,3.168997302672538
M5@H1,near_miss,neutral,continuation,old,retested_2plus,410,1299.5829268292682,1.3048780487804879,3.4221804348108757
M5@H1,near_miss,neutral,continuation,young,first_touch,40,21.95,1.275,2.668175566381559
M5@H1,near_miss,neutral,continuation,young,retested_1,23,23.652173913043477,1.391304347826087,2.6510270591936345
M5@H1,near_miss,neutral,continuation,young,retested_2plus,1054,22.579696394686906,1.4487666034155597,3.3341463664986537
M5@H1,near_miss,neutral,pullback,fresh,first_touch,28,2.8214285714285716,1.25,2.378680533251437
M5@H1,near_miss,neutral,pullback,fresh,retested_2plus,211,8.293838862559241,1.3507109004739337,3.2144549666237987
M5@H1,near_miss,neutral,pullback,mature,first_touch,1,198.0,2.0,4.815568022440119
M5@H1,near_miss,neutral,pullback,mature,retested_1,4,86.0,1.25,2.3635486401317425
M5@H1,near_miss,neutral,pullback,mature,retested_2plus,479,111.12317327766179,1.4968684759916493,3.543768576494464
M5@H1,near_miss,neutral,pullback,old,first_touch,8,1042.875,2.0,3.1057421564596908
M5@H1,near_miss,neutral,pullback,old,retested_1,1,1050.0,2.0,3.43366778149344
M5@H1,near_miss,neutral,pullback,old,retested_2plus,291,1124.5017182130584,1.3745704467353952,3.794251250865206
M5@H1,near_miss,neutral,pullback,young,first_touch,3,12.0,1.3333333333333333,2.763290664453432
M5@H1,near_miss,neutral,pullback,young,retested_2plus,703,21.57894736842105,1.42674253200569,3.534574235326959
M5@H1,near_miss,neutral,push,old,retested_2plus,25,1723.4,1.0,4.090403169111251
M5@H1,near_miss,neutral,push,young,retested_2plus,2,37.5,1.0,2.3281022611575164
M5@H1,near_miss,neutral,reversal,fresh,retested_1,12,2.8333333333333335,1.1666666666666667,5.015340385011968
M5@H1,near_miss,neutral,reversal,fresh,retested_2plus,29,5.413793103448276,1.5517241379310345,5.005428703856417
M5@H1,near_miss,neutral,reversal,mature,retested_2plus,27,108.0,2.0,12.718824513336147
M5@H1,near_miss,neutral,reversal,old,retested_2plus,16,258.3125,1.0,3.148381027712194
M5@H1,near_miss,neutral,reversal,young,retested_2plus,73,28.575342465753426,0.9041095890410958,4.596962364037969
M5@H1,near_miss,with_daily,continuation,fresh,first_touch,557,3.723518850987433,2.1938958707360863,2.6961761527997004
M5@H1,near_miss,with_daily,continuation,fresh,retested_1,250,3.704,2.224,2.9830134932358203
M5@H1,near_miss,with_daily,continuation,fresh,retested_2plus,2499,5.414965986394558,2.195678271308523,2.9935429026846667
M5@H1,near_miss,with_daily,continuation,mature,first_touch,46,69.52173913043478,2.347826086956522,2.1311309592669176
M5@H1,near_miss,with_daily,continuation,mature,retested_1,20,68.05,2.55,2.3703263614477494
M5@H1,near_miss,with_daily,continuation,mature,retested_2plus,1370,90.51386861313868,2.345255474452555,2.8569016200184216
M5@H1,near_miss,with_daily,continuation,old,first_touch,2,426.0,2.0,2.09348634812014
M5@H1,near_miss,with_daily,continuation,old,retested_2plus,363,539.5289256198347,1.325068870523416,3.800661684100416
M5@H1,near_miss,with_daily,continuation,young,first_touch,102,25.186274509803923,1.9215686274509804,2.89420337085618
M5@H1,near_miss,with_daily,continuation,young,retested_1,26,27.73076923076923,2.1153846153846154,2.321786618370881
M5@H1,near_miss,with_daily,continuation,young,retested_2plus,1750,25.174285714285713,2.153714285714286,2.988986123252822
M5@H1,near_miss,with_daily,pullback,fresh,first_touch,50,3.06,2.16,2.7324030416443197
M5@H1,near_miss,with_daily,pullback,fresh,retested_2plus,253,7.600790513833992,2.185770750988142,3.507599264700871
M5@H1,near_miss,with_daily,pullback,mature,first_touch,10,84.2,2.0,2.0062081397841505
M5@H1,near_miss,with_daily,pullback,mature,retested_1,4,82.5,1.75,2.992387374530144
M5@H1,near_miss,with_daily,pullback,mature,retested_2plus,779,96.26315789473684,2.2554557124518615,3.3855030053109805
M5@H1,near_miss,with_daily,pullback,old,retested_2plus,222,608.6171171171171,1.6081081081081081,3.878052580525264
M5@H1,near_miss,with_daily,pullback,young,first_touch,6,14.5,1.1666666666666667,3.2155234613428
M5@H1,near_miss,with_daily,pullback,young,retested_1,7,17.714285714285715,2.0,2.0010708062990417
M5@H1,near_miss,with_daily,pullback,young,retested_2plus,898,27.289532293986635,2.3530066815144766,3.229833604740107
M5@H1,near_miss,with_daily,push,fresh,first_touch,2,5.0,1.0,1.6627783595252723
M5@H1,near_miss,with_daily,push,fresh,retested_2plus,24,7.958333333333333,1.5833333333333333,2.6727564599633062
M5@H1,near_miss,with_daily,push,mature,first_touch,1,141.0,1.0,2.777599999999809
M5@H1,near_miss,with_daily,push,mature,retested_2plus,7,117.14285714285714,1.2857142857142858,2.430875542463588
M5@H1,near_miss,with_daily,push,old,retested_2plus,18,1992.7222222222222,1.0,11.450350362086336
M5@H1,near_miss,with_daily,push,young,retested_1,1,39.0,3.0,2.034460338101466
M5@H1,near_miss,with_daily,push,young,retested_2plus,35,30.34285714285714,2.2857142857142856,2.676045113850519
M5@H1,near_miss,with_daily,reversal,fresh,first_touch,1,3.0,2.0,3.761682242990448
M5@H1,near_miss,with_daily,reversal,fresh,retested_1,2,6.0,2.0,9.283612766139063
M5@H1,near_miss,with_daily,reversal,fresh,retested_2plus,8,6.25,1.125,6.716883265046659
M5@H1,near_miss,with_daily,reversal,mature,retested_2plus,75,81.66666666666667,2.4133333333333336,4.200355133490981
M5@H1,wick_touch,against_daily,continuation,fresh,retested_1,237,3.5443037974683542,2.2025316455696204,2.341342247215391
M5@H1,wick_touch,against_daily,continuation,fresh,retested_2plus,3469,5.004612280196022,2.203805131161718,2.687705161240197
M5@H1,wick_touch,against_daily,continuation,mature,retested_1,13,87.61538461538461,2.1538461538461537,2.760961416283521
M5@H1,wick_touch,against_daily,continuation,mature,retested_2plus,872,115.9552752293578,1.790137614678899,2.999875271506151
M5@H1,wick_touch,against_daily,continuation,old,retested_1,10,1336.0,2.5,2.172170514368815
M5@H1,wick_touch,against_daily,continuation,old,retested_2plus,980,871.065306122449,2.0714285714285716,3.2774951821975336
M5@H1,wick_touch,against_daily,continuation,young,retested_1,20,24.55,2.55,2.005265838594202
M5@H1,wick_touch,against_daily,continuation,young,retested_2plus,1068,19.59550561797753,2.2668539325842696,2.9023336243707853
M5@H1,wick_touch,against_daily,pullback,fresh,retested_1,60,2.85,2.316666666666667,2.2729650155100596
M5@H1,wick_touch,against_daily,pullback,fresh,retested_2plus,343,8.096209912536443,2.151603498542274,2.8059214080127677
M5@H1,wick_touch,against_daily,pullback,mature,retested_1,2,107.5,2.5,2.525458511577874
M5@H1,wick_touch,against_daily,pullback,mature,retested_2plus,554,122.64620938628158,1.651624548736462,3.4961065424747604
M5@H1,wick_touch,against_daily,pullback,old,retested_1,3,470.0,2.3333333333333335,2.6487120506540283
M5@H1,wick_touch,against_daily,pullback,old,retested_2plus,727,1032.748280605227,2.283356258596974,3.5609891239389935
M5@H1,wick_touch,against_daily,pullback,young,retested_1,2,36.0,2.5,1.4400073874576242
M5@H1,wick_touch,against_daily,pullback,young,retested_2plus,700,19.77857142857143,2.297142857142857,3.4464370532001065
M5@H1,wick_touch,against_daily,push,mature,retested_1,1,77.0,1.0,1.6584402764067205
M5@H1,wick_touch,against_daily,push,mature,retested_2plus,31,117.29032258064517,2.161290322580645,1.815931861504637
M5@H1,wick_touch,against_daily,push,old,retested_1,1,1316.0,1.0,2.411938695484376
M5@H1,wick_touch,against_daily,push,old,retested_2plus,80,2131.8125,2.4625,4.9793865967224
M5@H1,wick_touch,against_daily,reversal,fresh,retested_1,6,4.333333333333333,2.1666666666666665,4.3101680533685
M5@H1,wick_touch,against_daily,reversal,fresh,retested_2plus,92,5.260869565217392,2.2282608695652173,3.102542286845527
M5@H1,wick_touch,against_daily,reversal,mature,retested_1,1,126.0,1.0,2.597503228583682
M5@H1,wick_touch,against_daily,reversal,mature,retested_2plus,54,89.51851851851852,2.0555555555555554,5.4748053691282665
M5@H1,wick_touch,against_daily,reversal,old,retested_2plus,33,229.66666666666666,1.3636363636363635,2.6192953241008734
M5@H1,wick_touch,against_daily,reversal,young,retested_2plus,65,22.276923076923076,2.8153846153846156,4.832770282283307
M5@H1,wick_touch,at_transition,continuation,fresh,retested_1,4,5.0,1.0,4.022721695160294
M5@H1,wick_touch,at_transition,continuation,fresh,retested_2plus,28,6.035714285714286,1.4285714285714286,4.177416258232102
M5@H1,wick_touch,at_transition,continuation,mature,retested_1,3,70.33333333333333,2.0,4.129295030075478
M5@H1,wick_touch,at_transition,continuation,mature,retested_2plus,10,77.2,1.4,3.585246941354697
M5@H1,wick_touch,at_transition,continuation,old,retested_2plus,6,709.0,1.5,4.70687334502892
M5@H1,wick_touch,at_transition,continuation,young,retested_1,1,50.0,2.0,1.714859136841494
M5@H1,wick_touch,at_transition,continuation,young,retested_2plus,12,22.333333333333332,1.5833333333333333,4.644801375879497
M5@H1,wick_touch,at_transition,pullback,fresh,retested_2plus,2,8.0,1.0,4.801988560021185
M5@H1,wick_touch,at_transition,pullback,mature,retested_1,1,52.0,2.0,4.37607144932187
M5@H1,wick_touch,at_transition,pullback,mature,retested_2plus,5,113.4,1.6,6.454358932932318
M5@H1,wick_touch,at_transition,pullback,old,retested_2plus,4,593.25,1.5,4.922926018362353
M5@H1,wick_touch,at_transition,pullback,young,retested_2plus,5,25.0,1.6,4.2971870406287564
M5@H1,wick_touch,at_transition,reversal,fresh,retested_2plus,1,8.0,2.0,8.46938238741696
M5@H1,wick_touch,at_transition,reversal,mature,retested_2plus,1,80.0,2.0,7.311093906604098
M5@H1,wick_touch,neutral,continuation,fresh,retested_1,149,3.7248322147651005,1.4630872483221478,2.43903191293223
M5@H1,wick_touch,neutral,continuation,fresh,retested_2plus,2325,5.089032258064516,1.3733333333333333,2.7148100523285947
M5@H1,wick_touch,neutral,continuation,mature,retested_1,10,82.2,1.6,2.2332345086414
M5@H1,wick_touch,neutral,continuation,mature,retested_2plus,905,101.43977900552485,1.416574585635359,3.2234754845329445
M5@H1,wick_touch,neutral,continuation,old,retested_1,3,1964.6666666666667,1.3333333333333333,1.745553704340787
M5@H1,wick_touch,neutral,continuation,old,retested_2plus,344,1175.3343023255813,1.319767441860465,3.293863647993642
M5@H1,wick_touch,neutral,continuation,young,retested_1,17,24.647058823529413,1.4705882352941178,2.1473077268812086
M5@H1,wick_touch,neutral,continuation,young,retested_2plus,1196,22.608695652173914,1.4297658862876255,2.9812463925038113
M5@H1,wick_touch,neutral,pullback,fresh,retested_1,35,2.5714285714285716,1.3428571428571427,2.4059317037231396
M5@H1,wick_touch,neutral,pullback,fresh,retested_2plus,184,8.201086956521738,1.423913043478261,3.320849022378712
M5@H1,wick_touch,neutral,pullback,mature,retested_1,1,138.0,2.0,2.4288184438041456
M5@H1,wick_touch,neutral,pullback,mature,retested_2plus,434,108.92626728110599,1.4608294930875576,3.488048488671546
M5@H1,wick_touch,neutral,pullback,old,retested_1,2,701.0,1.5,3.1212971208221956
M5@H1,wick_touch,neutral,pullback,old,retested_2plus,219,1145.7077625570776,1.3150684931506849,3.6349105399300172
M5@H1,wick_touch,neutral,pullback,young,retested_1,2,18.5,1.5,1.8080775307082493
M5@H1,wick_touch,neutral,pullback,young,retested_2plus,604,21.08609271523179,1.4387417218543046,3.3004438888617127
M5@H1,wick_touch,neutral,push,old,retested_2plus,22,2079.2727272727275,1.0,3.430933109997376
M5@H1,wick_touch,neutral,push,young,retested_2plus,9,43.77777777777778,1.0,2.234435372286873
M5@H1,wick_touch,neutral,reversal,fresh,retested_1,3,2.6666666666666665,1.0,3.2549717113439343
M5@H1,wick_touch,neutral,reversal,fresh,retested_2plus,30,6.0,1.6666666666666667,4.563085049337167
M5@H1,wick_touch,neutral,reversal,mature,retested_2plus,27,108.70370370370371,2.0,10.230651126681327
M5@H1,wick_touch,neutral,reversal,old,retested_2plus,14,262.7142857142857,1.0,2.3929214869277757
M5@H1,wick_touch,neutral,reversal,young,retested_2plus,56,29.535714285714285,1.0535714285714286,4.788282533505255
M5@H1,wick_touch,with_daily,continuation,fresh,retested_1,225,3.7022222222222223,2.1822222222222223,2.420929580636818
M5@H1,wick_touch,with_daily,continuation,fresh,retested_2plus,3015,5.06832504145937,2.184742951907131,2.6299454954191965
M5@H1,wick_touch,with_daily,continuation,mature,retested_1,17,75.11764705882354,2.588235294117647,1.8858925113052896
M5@H1,wick_touch,with_daily,continuation,mature,retested_2plus,1269,89.42710795902285,2.272655634357762,2.6327136333829886
M5@H1,wick_touch,with_daily,continuation,old,retested_1,1,611.0,1.0,1.0838709677420018
M5@H1,wick_touch,with_daily,continuation,old,retested_2plus,281,634.3060498220641,1.3701067615658362,3.255625137058578
M5@H1,wick_touch,with_daily,continuation,young,retested_1,36,25.5,1.9166666666666667,2.418013562291354
M5@H1,wick_touch,with_daily,continuation,young,retested_2plus,1746,24.853951890034363,2.1334478808705613,2.7048598293251134
M5@H1,wick_touch,with_daily,pullback,fresh,retested_1,50,2.58,2.14,2.5617193935766984
M5@H1,wick_touch,with_daily,pullback,fresh,retested_2plus,312,7.705128205128205,2.141025641025641,3.201607876353455
M5@H1,wick_touch,with_daily,pullback,mature,retested_1,3,68.33333333333333,2.0,2.6592661244113556
M5@H1,wick_touch,with_daily,pullback,mature,retested_2plus,681,93.5330396475771,2.195301027900147,2.980387245339847
M5@H1,wick_touch,with_daily,pullback,old,retested_1,1,673.0,1.0,1.1843470660801567
M5@H1,wick_touch,with_daily,pullback,old,retested_2plus,201,557.7412935323383,1.592039800995025,4.594354356312711
M5@H1,wick_touch,with_daily,pullback,young,retested_1,8,23.5,2.375,2.2019049947892064
M5@H1,wick_touch,with_daily,pullback,young,retested_2plus,849,27.73616018845701,2.3180212014134276,2.9692809933197237
M5@H1,wick_touch,with_daily,push,fresh,retested_2plus,14,7.142857142857143,1.2142857142857142,2.1435990249172443
M5@H1,wick_touch,with_daily,push,mature,retested_2plus,2,141.5,1.0,1.7903014527537748
M5@H1,wick_touch,with_daily,push,old,retested_2plus,16,1998.125,1.0,9.522070081663145
M5@H1,wick_touch,with_daily,push,young,retested_1,1,37.0,3.0,2.9246575342465517
M5@H1,wick_touch,with_daily,push,young,retested_2plus,37,29.594594594594593,2.5945945945945947,2.285194383364985
M5@H1,wick_touch,with_daily,reversal,fresh,retested_1,1,6.0,2.0,8.115613253033041
M5@H1,wick_touch,with_daily,reversal,fresh,retested_2plus,12,7.0,1.25,6.934297613810077
M5@H1,wick_touch,with_daily,reversal,mature,retested_2plus,67,90.11940298507463,2.328358208955224,6.611224976236958
M5@M15,body_close,against_daily,continuation,fresh,first_touch,1,2.0,3.0,0.7979683972911932
M5@M15,body_close,against_daily,continuation,fresh,retested_1,1335,3.39625468164794,2.148314606741573,0.5543698378125792
M5@M15,body_close,against_daily,continuation,fresh,retested_2plus,17197,5.673605861487469,2.147409431877653,0.5698116013360217
M5@M15,body_close,against_daily,continuation,mature,retested_1,29,105.24137931034483,2.1379310344827585,0.6582036948406753
M5@M15,body_close,against_daily,continuation,mature,retested_2plus,3756,85.74121405750799,2.2289669861554846,0.8559662686536271
M5@M15,body_close,against_daily,continuation,old,retested_1,28,696.6071428571429,2.107142857142857,0.6222292160010376
M5@M15,body_close,against_daily,continuation,old,retested_2plus,7450,899.6805369127517,1.8641610738255034,1.2285325630706438
M5@M15,body_close,against_daily,continuation,young,retested_1,99,20.818181818181817,2.1818181818181817,0.6044622881425913
M5@M15,body_close,against_daily,continuation,young,retested_2plus,11548,23.350883269830273,2.1606338759958432,0.8005791017998252
M5@M15,body_close,against_daily,pullback,fresh,first_touch,1,4.0,3.0,0.7965949820789436
M5@M15,body_close,against_daily,pullback,fresh,retested_1,730,2.6027397260273974,2.1835616438356165,0.5181130640215227
M5@M15,body_close,against_daily,pullback,fresh,retested_2plus,1382,8.088277858176555,2.193921852387844,0.7189325706129106
M5@M15,body_close,against_daily,pullback,mature,retested_1,3,124.0,2.3333333333333335,0.8546747077513769
M5@M15,body_close,against_daily,pullback,mature,retested_2plus,1654,80.16203143893591,2.206166868198307,0.9318488458275653
M5@M15,body_close,against_daily,pullback,old,retested_1,13,936.6153846153846,1.9230769230769231,0.4364722672905861
M5@M15,body_close,against_daily,pullback,old,retested_2plus,3916,822.450204290092,1.945097037793667,1.392334378027465
M5@M15,body_close,against_daily,pullback,young,retested_1,14,20.285714285714285,2.2142857142857144,0.8289023295069508
M5@M15,body_close,against_daily,pullback,young,retested_2plus,5655,24.534571175950486,2.125552608311229,0.9594030004893738
M5@M15,body_close,against_daily,push,fresh,retested_1,1,9.0,2.0,1.5011848341230432
M5@M15,body_close,against_daily,push,fresh,retested_2plus,5,9.6,2.0,0.5361503533191846
M5@M15,body_close,against_daily,push,old,retested_2plus,218,1108.665137614679,2.55045871559633,1.8444274229677533
M5@M15,body_close,against_daily,push,young,retested_2plus,1,11.0,2.0,1.2035763411279636
M5@M15,body_close,against_daily,reversal,fresh,retested_1,29,3.0344827586206895,2.310344827586207,0.7062568315121733
M5@M15,body_close,against_daily,reversal,fresh,retested_2plus,345,5.820289855072463,2.336231884057971,0.72095348958288
M5@M15,body_close,against_daily,reversal,mature,retested_1,2,125.5,3.0,0.758707250361663
M5@M15,body_close,against_daily,reversal,mature,retested_2plus,95,83.4421052631579,1.7263157894736842,0.9290360224241512
M5@M15,body_close,against_daily,reversal,old,retested_2plus,588,510.95068027210885,2.07312925170068,5.377197880864996
M5@M15,body_close,against_daily,reversal,young,retested_1,1,26.0,1.0,0.7665982203971164
M5@M15,body_close,against_daily,reversal,young,retested_2plus,400,22.085,2.3475,0.953286626388532
M5@M15,body_close,at_transition,continuation,fresh,retested_1,15,6.733333333333333,1.2666666666666666,0.3672475904484413
M5@M15,body_close,at_transition,continuation,fresh,retested_2plus,56,6.160714285714286,1.5357142857142858,0.6005477602923729
M5@M15,body_close,at_transition,continuation,mature,retested_1,3,133.66666666666666,1.6666666666666667,0.6564251767445217
M5@M15,body_close,at_transition,continuation,mature,retested_2plus,20,124.95,1.45,1.3387466496511338
M5@M15,body_close,at_transition,continuation,old,retested_1,4,222.75,1.25,0.7002407608789192
M5@M15,body_close,at_transition,continuation,old,retested_2plus,47,463.468085106383,1.6382978723404256,1.6391057602959476
M5@M15,body_close,at_transition,continuation,young,retested_1,7,16.285714285714285,1.2857142857142858,0.6402201526161482
M5@M15,body_close,at_transition,continuation,young,retested_2plus,78,22.55128205128205,1.4230769230769231,1.1106038917734062
M5@M15,body_close,at_transition,pullback,fresh,retested_2plus,4,8.5,1.5,1.8311075398608236
M5@M15,body_close,at_transition,pullback,mature,retested_2plus,17,92.88235294117646,1.588235294117647,1.3999279342267135
M5@M15,body_close,at_transition,pullback,old,retested_1,1,1659.0,1.0,0.5497933107854271
M5@M15,body_close,at_transition,pullback,old,retested_2plus,47,452.40425531914894,1.5106382978723405,1.9986669182060053
M5@M15,body_close,at_transition,pullback,young,retested_1,1,13.0,2.0,0.7455621301775253
M5@M15,body_close,at_transition,pullback,young,retested_2plus,64,23.40625,1.40625,1.0551423949122358
M5@M15,body_close,at_transition,push,mature,retested_2plus,1,108.0,2.0,0.6797101449275843
M5@M15,body_close,at_transition,push,young,retested_1,1,14.0,2.0,0.7477851426964671
M5@M15,body_close,at_transition,reversal,fresh,retested_2plus,1,9.0,1.0,0.5269582909461838
M5@M15,body_close,at_transition,reversal,old,retested_2plus,6,407.3333333333333,1.6666666666666667,4.525123187559927
M5@M15,body_close,at_transition,reversal,young,retested_2plus,2,30.0,2.0,4.456255800720881
M5@M15,body_close,neutral,continuation,fresh,first_touch,2,2.0,1.5,0.6937387220707376
M5@M15,body_close,neutral,continuation,fresh,retested_1,933,3.3033226152197215,1.4062165058949625,0.5446206159878636
M5@M15,body_close,neutral,continuation,fresh,retested_2plus,12335,5.6981759221726795,1.4047020672882042,0.5776776101140012
M5@M15,body_close,neutral,continuation,mature,retested_1,20,106.45,1.4,0.6375262157249839
M5@M15,body_close,neutral,continuation,mature,retested_2plus,4297,100.35094251803584,1.4638119618338377,0.9895749117176532
M5@M15,body_close,neutral,continuation,old,retested_1,23,579.4347826086956,1.565217391304348,0.6770720531646804
M5@M15,body_close,neutral,continuation,old,retested_2plus,4285,735.8042007001167,1.395565927654609,1.4490531948434007
M5@M15,body_close,neutral,continuation,young,retested_1,68,20.5,1.4411764705882353,0.6310547292356108
M5@M15,body_close,neutral,continuation,young,retested_2plus,9779,23.699560282237446,1.422333571939871,0.7906902078168992
M5@M15,body_close,neutral,pullback,fresh,first_touch,3,3.3333333333333335,2.0,1.0240354878502183
M5@M15,body_close,neutral,pullback,fresh,retested_1,529,2.570888468809074,1.4083175803402646,0.5394126095513564
M5@M15,body_close,neutral,pullback,fresh,retested_2plus,1121,8.12042818911686,1.4032114183764497,0.6986176555903028
M5@M15,body_close,neutral,pullback,mature,retested_1,3,101.66666666666667,1.3333333333333333,0.5881984390247431
M5@M15,body_close,neutral,pullback,mature,retested_2plus,1843,99.67390124796528,1.461204557786218,0.9426481306562926
M5@M15,body_close,neutral,pullback,old,retested_1,5,514.8,1.4,0.44131376386944143
M5@M15,body_close,neutral,pullback,old,retested_2plus,2560,721.95703125,1.473828125,2.0207904544563187
M5@M15,body_close,neutral,pullback,young,retested_1,11,27.363636363636363,1.2727272727272727,0.8010958577812132
M5@M15,body_close,neutral,pullback,young,retested_2plus,4569,23.858612387831034,1.4062158021448894,0.9409823823114625
M5@M15,body_close,neutral,push,fresh,retested_1,1,7.0,0.0,0.2950819672131311
M5@M15,body_close,neutral,push,fresh,retested_2plus,75,7.213333333333333,0.37333333333333335,0.4848026784965102
M5@M15,body_close,neutral,push,mature,retested_1,1,57.0,0.0,2.2485465116280756
M5@M15,body_close,neutral,push,mature,retested_2plus,173,97.79768786127168,1.1791907514450868,0.9092080507543707
M5@M15,body_close,neutral,push,old,retested_2plus,136,1186.7941176470588,1.0073529411764706,2.721560512388047
M5@M15,body_close,neutral,push,young,retested_1,3,28.666666666666668,1.0,0.521418307014613
M5@M15,body_close,neutral,push,young,retested_2plus,112,23.017857142857142,1.0982142857142858,0.4918642065499381
M5@M15,body_close,neutral,reversal,fresh,retested_1,14,3.142857142857143,0.5,0.5255477398984353
M5@M15,body_close,neutral,reversal,fresh,retested_2plus,178,6.224719101123595,0.6629213483146067,0.6120682894332358
M5@M15,body_close,neutral,reversal,mature,retested_2plus,141,92.98581560283688,2.0,5.687388121939087
M5@M15,body_close,neutral,reversal,old,retested_2plus,92,450.0,1.75,7.116559748924349
M5@M15,body_close,neutral,reversal,young,retested_1,1,21.0,1.0,0.5126407458858805
M5@M15,body_close,neutral,reversal,young,retested_2plus,144,23.0,0.875,1.1255731999483207
M5@M15,body_close,with_daily,continuation,fresh,retested_1,1286,3.3771384136858478,2.150077760497667,0.5675596341978922
M5@M15,body_close,with_daily,continuation,fresh,retested_2plus,17861,5.658025866412855,2.173002631431611,0.5785978383341968
M5@M15,body_close,with_daily,continuation,mature,retested_1,41,109.65853658536585,2.2195121951219514,0.571607890792557
M5@M15,body_close,with_daily,continuation,mature,retested_2plus,6022,97.48389239455331,2.192793091996015,0.8403830347330379
M5@M15,body_close,with_daily,continuation,old,retested_1,38,475.44736842105266,2.1052631578947367,0.5490985656802353
M5@M15,body_close,with_daily,continuation,old,retested_2plus,5572,510.2467695620962,2.0522254127781765,1.2245057548718752
M5@M15,body_close,with_daily,continuation,young,retested_1,104,20.33653846153846,2.2211538461538463,0.6668377665104672
M5@M15,body_close,with_daily,continuation,young,retested_2plus,12343,22.86486267520052,2.200599530098031,0.7736601141543287
M5@M15,body_close,with_daily,pullback,fresh,first_touch,1,2.0,3.0,0.6137992600393332
M5@M15,body_close,with_daily,pullback,fresh,retested_1,788,2.6218274111675126,2.1624365482233503,0.5356339705145869
M5@M15,body_close,with_daily,pullback,fresh,retested_2plus,1691,8.062684801892372,2.0916617386162035,0.7244464397227245
M5@M15,body_close,with_daily,pullback,mature,retested_1,6,116.33333333333333,2.0,1.0536389230648158
M5@M15,body_close,with_daily,pullback,mature,retested_2plus,2761,98.21296631655197,2.290112278160087,0.8700225081951546
M5@M15,body_close,with_daily,pullback,old,retested_1,13,478.3076923076923,2.4615384615384617,0.5479593830270176
M5@M15,body_close,with_daily,pullback,old,retested_2plus,2738,467.7874360847334,2.030679327976625,1.3592100899495618
M5@M15,body_close,with_daily,pullback,young,retested_1,27,22.77777777777778,2.259259259259259,0.7905555567650397
M5@M15,body_close,with_daily,pullback,young,retested_2plus,6233,23.5485320070592,2.2101716669340608,0.8993305818186512
M5@M15,body_close,with_daily,push,fresh,retested_1,1,9.0,3.0,0.3693660681568462
M5@M15,body_close,with_daily,push,fresh,retested_2plus,45,7.866666666666666,2.6222222222222222,0.6152599562912638
M5@M15,body_close,with_daily,push,mature,retested_1,1,52.0,3.0,0.4029296472045301
M5@M15,body_close,with_daily,push,mature,retested_2plus,66,110.62121212121212,2.606060606060606,0.36177656854097273
M5@M15,body_close,with_daily,push,old,retested_1,1,207.0,3.0,0.6233766233766618
M5@M15,body_close,with_daily,push,old,retested_2plus,74,301.63513513513516,3.0,0.718395255669928
M5@M15,body_close,with_daily,push,young,retested_1,5,19.6,2.6,0.6952753649944519
M5@M15,body_close,with_daily,push,young,retested_2plus,119,22.672268907563026,2.403361344537815,0.5685277907262739
M5@M15,body_close,with_daily,reversal,fresh,retested_1,3,4.0,2.0,0.9410615568919725
M5@M15,body_close,with_daily,reversal,fresh,retested_2plus,35,6.4,2.0,1.3539721263861684
M5@M15,body_close,with_daily,reversal,old,retested_2plus,88,506.72727272727275,2.0113636363636362,2.731617456216521
M5@M15,body_close,with_daily,reversal,young,retested_2plus,111,20.74774774774775,2.0,3.66544708454797
M5@M15,break_through,against_daily,continuation,fresh,first_touch,70,2.5142857142857142,2.3,1.3230721694964538
M5@M15,break_through,against_daily,pullback,fresh,first_touch,71,2.5774647887323945,2.140845070422535,1.5856007010761
M5@M15,break_through,against_daily,pullback,mature,first_touch,2,194.5,2.0,4.202947158755869
M5@M15,break_through,against_daily,reversal,fresh,first_touch,2,3.5,2.0,1.5720143294578153
M5@M15,break_through,at_transition,continuation,mature,first_touch,5,194.2,1.4,5.147549269858432
M5@M15,break_through,at_transition,pullback,mature,first_touch,4,194.5,1.0,3.4150604940686327
M5@M15,break_through,neutral,continuation,fresh,first_touch,58,2.3620689655172415,1.3103448275862069,1.486884870897552
M5@M15,break_through,neutral,pullback,fresh,first_touch,60,2.4166666666666665,1.4333333333333333,1.4663294853128916
M5@M15,break_through,neutral,reversal,fresh,first_touch,1,3.0,0.0,1.3602836879432427
M5@M15,break_through,with_daily,continuation,fresh,first_touch,79,2.4936708860759493,2.1772151898734178,1.4970757822532132
M5@M15,break_through,with_daily,continuation,mature,first_touch,2,194.5,3.0,1.9715718820612378
M5@M15,break_through,with_daily,pullback,fresh,first_touch,79,2.5569620253164556,1.9873417721518987,1.449945313644945
M5@M15,near_miss,against_daily,continuation,fresh,first_touch,1652,4.356537530266344,2.1168280871670704,1.6932633543165163
M5@M15,near_miss,against_daily,continuation,fresh,retested_1,744,4.42741935483871,2.193548387096774,1.780284686546624
M5@M15,near_miss,against_daily,continuation,fresh,retested_2plus,3414,6.2527826596367895,2.1570005858230816,1.8260830965451553
M5@M15,near_miss,against_daily,continuation,mature,first_touch,68,103.36764705882354,2.2058823529411766,1.7238618089424216
M5@M15,near_miss,against_daily,continuation,mature,retested_1,26,129.73076923076923,2.1923076923076925,1.8386022145292924
M5@M15,near_miss,against_daily,continuation,mature,retested_2plus,1027,85.22784810126582,2.3417721518987342,2.1777775512180213
M5@M15,near_miss,against_daily,continuation,old,first_touch,67,826.3134328358209,2.1641791044776117,1.6940121895827156
M5@M15,near_miss,against_daily,continuation,old,retested_1,45,1073.0444444444445,2.066666666666667,1.7002742610481814
M5@M15,near_miss,against_daily,continuation,old,retested_2plus,1960,926.1505102040817,1.9168367346938775,2.3894344522976616
M5@M15,near_miss,against_daily,continuation,young,first_touch,252,20.726190476190474,2.3968253968253967,1.8484747569327697
M5@M15,near_miss,against_daily,continuation,young,retested_1,118,20.14406779661017,2.135593220338983,1.7632005925626053
M5@M15,near_miss,against_daily,continuation,young,retested_2plus,3256,24.222665847665848,2.180282555282555,2.0016361386032795
M5@M15,near_miss,against_daily,pullback,fresh,first_touch,282,2.797872340425532,2.049645390070922,1.6989999581202713
M5@M15,near_miss,against_daily,pullback,fresh,retested_1,4,9.0,2.5,1.989747820071255
M5@M15,near_miss,against_daily,pullback,fresh,retested_2plus,537,8.25512104283054,2.100558659217877,2.0385332530393088
M5@M15,near_miss,against_daily,pullback,mature,first_touch,11,115.0,2.272727272727273,1.5643771670130884
M5@M15,near_miss,against_daily,pullback,mature,retested_1,14,112.14285714285714,2.5,1.6544442567256337
M5@M15,near_miss,against_daily,pullback,mature,retested_2plus,762,79.74540682414698,2.232283464566929,2.219938231146078
M5@M15,near_miss,against_daily,pullback,old,first_touch,24,1082.2916666666667,2.25,1.4164502676373794
M5@M15,near_miss,against_daily,pullback,old,retested_1,16,1138.375,2.3125,1.4996973976938381
M5@M15,near_miss,against_daily,pullback,old,retested_2plus,1326,914.3725490196078,1.9660633484162895,2.3592732625189727
M5@M15,near_miss,against_daily,pullback,young,first_touch,45,23.11111111111111,2.2222222222222223,1.8690983871844593
M5@M15,near_miss,against_daily,pullback,young,retested_1,51,25.764705882352942,2.0,1.7664249140213348
M5@M15,near_miss,against_daily,pullback,young,retested_2plus,2368,24.2027027027027,2.1482263513513513,2.115603845205887
M5@M15,near_miss,against_daily,push,old,first_touch,2,1680.5,1.5,1.6485220377637635
M5@M15,near_miss,against_daily,push,old,retested_1,1,3050.0,2.0,1.9471776819871685
M5@M15,near_miss,against_daily,push,old,retested_2plus,84,860.0714285714286,2.0595238095238093,2.8155960629125483
M5@M15,near_miss,against_daily,push,young,retested_2plus,1,11.0,2.0,3.7234042553194424
M5@M15,near_miss,against_daily,reversal,fresh,first_touch,18,4.333333333333333,2.4444444444444446,1.614039842607798
M5@M15,near_miss,against_daily,reversal,fresh,retested_1,11,6.090909090909091,1.9090909090909092,1.8218547097315478
M5@M15,near_miss,against_daily,reversal,fresh,retested_2plus,53,6.339622641509434,2.6792452830188678,2.2851702223768067
M5@M15,near_miss,against_daily,reversal,mature,first_touch,2,133.0,3.0,1.5466370317986706
M5@M15,near_miss,against_daily,reversal,mature,retested_2plus,11,99.27272727272727,2.909090909090909,1.8210290912465998
M5@M15,near_miss,against_daily,reversal,old,retested_2plus,62,585.741935483871,1.8548387096774193,4.609000573757037
M5@M15,near_miss,against_daily,reversal,young,first_touch,3,26.666666666666668,1.0,2.7344941633388067
M5@M15,near_miss,against_daily,reversal,young,retested_2plus,85,23.611764705882354,2.6,2.3081287535062183
M5@M15,near_miss,at_transition,continuation,fresh,first_touch,6,6.333333333333333,1.3333333333333333,2.2321397286023235
M5@M15,near_miss,at_transition,continuation,fresh,retested_1,2,6.5,2.0,1.7090617890562876
M5@M15,near_miss,at_transition,continuation,fresh,retested_2plus,8,5.25,1.5,3.2207399184973164
M5@M15,near_miss,at_transition,continuation,mature,first_touch,1,198.0,2.0,2.0263157894731405
M5@M15,near_miss,at_transition,continuation,mature,retested_2plus,6,112.66666666666667,1.6666666666666667,2.605182381342733
M5@M15,near_miss,at_transition,continuation,old,first_touch,2,221.0,1.0,1.385638940980725
M5@M15,near_miss,at_transition,continuation,old,retested_2plus,9,432.3333333333333,1.3333333333333333,2.606581120610481
M5@M15,near_miss,at_transition,continuation,young,first_touch,1,12.0,1.0,3.4868255959842567
M5@M15,near_miss,at_transition,continuation,young,retested_2plus,17,19.647058823529413,1.7058823529411764,3.2779893852939974
M5@M15,near_miss,at_transition,pullback,fresh,retested_2plus,1,5.0,1.0,2.94285714285742
M5@M15,near_miss,at_transition,pullback,mature,retested_2plus,4,63.5,1.5,3.5128212771584213
M5@M15,near_miss,at_transition,pullback,old,retested_2plus,12,377.3333333333333,1.4166666666666667,3.6185563329487986
M5@M15,near_miss,at_transition,pullback,young,first_touch,1,26.0,1.0,5.235714285714218
M5@M15,near_miss,at_transition,pullback,young,retested_2plus,13,24.846153846153847,1.5384615384615385,3.2021251449032286
M5@M15,near_miss,at_transition,reversal,fresh,retested_2plus,1,9.0,2.0,3.285312673673438
M5@M15,near_miss,neutral,continuation,fresh,first_touch,1137,4.156552330694811,1.4274406332453826,1.707498843081565
M5@M15,near_miss,neutral,continuation,fresh,retested_1,594,4.203703703703703,1.4175084175084176,1.728405379890131
M5@M15,near_miss,neutral,continuation,fresh,retested_2plus,2642,6.257380772142317,1.400454201362604,1.8549395083194782
M5@M15,near_miss,neutral,continuation,mature,first_touch,37,109.35135135135135,1.5135135135135136,1.9352597924807897
M5@M15,near_miss,neutral,continuation,mature,retested_1,24,94.58333333333333,1.3333333333333333,2.0183419574952928
M5@M15,near_miss,neutral,continuation,mature,retested_2plus,1093,100.78133577310156,1.4181152790484903,2.3435778150833877
M5@M15,near_miss,neutral,continuation,old,first_touch,63,530.0,1.6507936507936507,1.9614578893722157
M5@M15,near_miss,neutral,continuation,old,retested_1,42,539.4761904761905,1.5476190476190477,1.4734549720713919
M5@M15,near_miss,neutral,continuation,old,retested_2plus,1010,716.4831683168317,1.4306930693069306,2.3997771709355025
M5@M15,near_miss,neutral,continuation,young,first_touch,195,20.29230769230769,1.5179487179487179,1.7134558372397222
M5@M15,near_miss,neutral,continuation,young,retested_1,111,21.74774774774775,1.3423423423423424,1.887902041450032
M5@M15,near_miss,neutral,continuation,young,retested_2plus,2569,23.39392759828727,1.4106656286492798,2.0812701068086272
M5@M15,near_miss,neutral,pullback,fresh,first_touch,201,2.890547263681592,1.4129353233830846,1.6245420806424105
M5@M15,near_miss,neutral,pullback,fresh,retested_1,7,9.714285714285714,1.2857142857142858,2.488830489947276
M5@M15,near_miss,neutral,pullback,fresh,retested_2plus,429,7.967365967365968,1.358974358974359,1.9593482399063935
M5@M15,near_miss,neutral,pullback,mature,first_touch,7,96.71428571428571,1.7142857142857142,1.7720863299541694
M5@M15,near_miss,neutral,pullback,mature,retested_1,7,83.57142857142857,1.4285714285714286,1.4501003760982452
M5@M15,near_miss,neutral,pullback,mature,retested_2plus,692,96.36705202312139,1.4638728323699421,2.244849590427282
M5@M15,near_miss,neutral,pullback,old,first_touch,12,320.4166666666667,1.6666666666666667,1.8415780623292586
M5@M15,near_miss,neutral,pullback,old,retested_1,6,415.3333333333333,1.8333333333333333,1.8299390562692537
M5@M15,near_miss,neutral,pullback,old,retested_2plus,757,567.4306472919419,1.4451783355350065,2.4701512261079173
M5@M15,near_miss,neutral,pullback,young,first_touch,44,21.295454545454547,1.3181818181818181,1.7008630723804101
M5@M15,near_miss,neutral,pullback,young,retested_1,23,24.91304347826087,1.434782608695652,1.866744626385811
M5@M15,near_miss,neutral,pullback,young,retested_2plus,1897,24.826041117554034,1.4285714285714286,2.1531153097377156
M5@M15,near_miss,neutral,push,fresh,first_touch,2,7.5,0.0,2.0833172084624527
M5@M15,near_miss,neutral,push,fresh,retested_2plus,4,8.75,1.25,1.237403876437535
M5@M15,near_miss,neutral,push,mature,retested_2plus,52,109.26923076923077,0.7884615384615384,2.561600371303003
M5@M15,near_miss,neutral,push,old,retested_2plus,13,824.6153846153846,1.0,4.385107369841524
M5@M15,near_miss,neutral,push,young,first_touch,2,34.5,1.0,1.4984459984459648
M5@M15,near_miss,neutral,push,young,retested_2plus,41,25.414634146341463,0.8292682926829268,1.8208119824250393
M5@M15,near_miss,neutral,reversal,fresh,first_touch,20,4.55,0.9,1.713126868408084
M5@M15,near_miss,neutral,reversal,fresh,retested_1,2,5.0,0.5,2.1743755845523616
M5@M15,near_miss,neutral,reversal,fresh,retested_2plus,34,5.529411764705882,0.3235294117647059,2.151124937312552
M5@M15,near_miss,neutral,reversal,mature,retested_2plus,21,90.19047619047619,1.9523809523809523,5.76868813669876
M5@M15,near_miss,neutral,reversal,old,retested_2plus,16,964.0625,1.125,3.720147526657892
M5@M15,near_miss,neutral,reversal,young,first_touch,1,21.0,1.0,2.0912085198770005
M5@M15,near_miss,neutral,reversal,young,retested_2plus,44,29.0,1.3636363636363635,2.876234062132158
M5@M15,near_miss,with_daily,continuation,fresh,first_touch,1643,4.300060864272672,2.1521606816798537,1.7255964565615503
M5@M15,near_miss,with_daily,continuation,fresh,retested_1,868,4.399769585253456,2.1117511520737327,1.745608803993025
M5@M15,near_miss,with_daily,continuation,fresh,retested_2plus,3331,6.192134494145902,2.1332933053137197,1.8297622297790617
M5@M15,near_miss,with_daily,continuation,mature,first_touch,103,108.47572815533981,2.0485436893203883,1.9164537498029348
M5@M15,near_miss,with_daily,continuation,mature,retested_1,87,114.48275862068965,1.793103448275862,1.779537163088628
M5@M15,near_miss,with_daily,continuation,mature,retested_2plus,1679,105.34842167957117,2.176295413936867,2.1036514385846643
M5@M15,near_miss,with_daily,continuation,old,first_touch,51,582.4313725490196,1.9607843137254901,1.6123513932256806
M5@M15,near_miss,with_daily,continuation,old,retested_1,59,529.2203389830509,2.4745762711864407,1.755811638304112
M5@M15,near_miss,with_daily,continuation,old,retested_2plus,1572,509.47010178117046,2.1342239185750635,2.146676757692219
M5@M15,near_miss,with_daily,continuation,young,first_touch,271,23.084870848708487,2.121771217712177,1.9347338157520249
M5@M15,near_miss,with_daily,continuation,young,retested_1,158,20.056962025316455,2.1202531645569622,1.9363160657551375
M5@M15,near_miss,with_daily,continuation,young,retested_2plus,3270,24.068807339449542,2.1938837920489296,2.03843095521511
M5@M15,near_miss,with_daily,pullback,fresh,first_touch,276,2.8768115942028984,2.148550724637681,1.7142656830120362
M5@M15,near_miss,with_daily,pullback,fresh,retested_1,7,9.571428571428571,1.4285714285714286,2.0553191316541675
M5@M15,near_miss,with_daily,pullback,fresh,retested_2plus,570,8.098245614035088,2.205263157894737,1.9960540875995276
M5@M15,near_miss,with_daily,pullback,mature,first_touch,31,112.41935483870968,2.4193548387096775,1.8840572456760507
M5@M15,near_miss,with_daily,pullback,mature,retested_1,24,105.125,1.5833333333333333,1.7567886834296909
M5@M15,near_miss,with_daily,pullback,mature,retested_2plus,1252,103.26437699680511,2.2356230031948883,2.165220164508015
M5@M15,near_miss,with_daily,pullback,old,first_touch,20,441.3,2.15,1.6777688069045706
M5@M15,near_miss,with_daily,pullback,old,retested_1,9,525.1111111111111,2.5555555555555554,1.396864837266679
M5@M15,near_miss,with_daily,pullback,old,retested_2plus,1036,485.6843629343629,2.111003861003861,2.1717668025354993
M5@M15,near_miss,with_daily,pullback,young,first_touch,46,21.543478260869566,2.1739130434782608,1.9332343031229482
M5@M15,near_miss,with_daily,pullback,young,retested_1,41,23.536585365853657,1.7804878048780488,2.3139002149445065
M5@M15,near_miss,with_daily,pullback,young,retested_2plus,2407,24.16452014956377,2.142085583714167,2.189066449507308
M5@M15,near_miss,with_daily,push,fresh,first_touch,1,6.0,3.0,1.550181079264692
M5@M15,near_miss,with_daily,push,fresh,retested_1,4,8.0,2.5,1.0876570247031572
M5@M15,near_miss,with_daily,push,fresh,retested_2plus,26,7.0,2.3846153846153846,1.4772585001005771
M5@M15,near_miss,with_daily,push,mature,first_touch,1,109.0,3.0,1.7120847376022499
M5@M15,near_miss,with_daily,push,mature,retested_1,2,128.5,3.0,1.59343552700509
M5@M15,near_miss,with_daily,push,mature,retested_2plus,43,117.3953488372093,2.697674418604651,1.2782248249708672
M5@M15,near_miss,with_daily,push,old,first_touch,2,211.0,3.0,1.4394454609510339
M5@M15,near_miss,with_daily,push,old,retested_1,1,339.0,3.0,2.1895734597155787
M5@M15,near_miss,with_daily,push,old,retested_2plus,32,264.03125,3.0,2.0007941461426433
M5@M15,near_miss,with_daily,push,young,first_touch,15,19.933333333333334,2.6,1.8376988608025682
M5@M15,near_miss,with_daily,push,young,retested_2plus,71,21.732394366197184,1.9859154929577465,1.733826065626322
M5@M15,near_miss,with_daily,reversal,fresh,first_touch,2,3.5,2.0,1.4994795227924724
M5@M15,near_miss,with_daily,reversal,fresh,retested_2plus,5,6.8,1.8,2.8553115931273196
M5@M15,near_miss,with_daily,reversal,old,retested_2plus,19,410.05263157894734,2.789473684210526,3.7991788146806287
M5@M15,near_miss,with_daily,reversal,young,retested_2plus,1,31.0,2.0,13.804741980474926
M5@M15,wick_touch,against_daily,continuation,fresh,retested_1,828,3.8019323671497585,2.1231884057971016,1.39120638216971
M5@M15,wick_touch,against_daily,continuation,fresh,retested_2plus,5756,5.592077831827658,2.142981236970118,1.4578744180952614
M5@M15,wick_touch,against_daily,continuation,mature,retested_1,29,126.58620689655173,2.2758620689655173,1.3462897602171504
M5@M15,wick_touch,against_daily,continuation,mature,retested_2plus,1073,87.52003727865797,2.2907735321528424,1.7658161550133897
M5@M15,wick_touch,against_daily,continuation,old,retested_1,40,920.525,1.975,1.345660048199584
M5@M15,wick_touch,against_daily,continuation,old,retested_2plus,2081,920.3877943296492,1.9067755886592983,1.980158958186337
M5@M15,wick_touch,against_daily,continuation,young,retested_1,117,22.034188034188034,2.2222222222222223,1.5365937681209136
M5@M15,wick_touch,against_daily,continuation,young,retested_2plus,3750,23.444266666666667,2.1968,1.6592388182033537
M5@M15,wick_touch,against_daily,pullback,fresh,retested_1,299,2.5183946488294313,2.2040133779264215,1.3554190781139783
M5@M15,wick_touch,against_daily,pullback,fresh,retested_2plus,552,8.067028985507246,2.003623188405797,1.6289565654449327
M5@M15,wick_touch,against_daily,pullback,mature,retested_1,6,105.5,2.3333333333333335,1.252838455944749
M5@M15,wick_touch,against_daily,pullback,mature,retested_2plus,705,83.10921985815602,2.2851063829787233,1.8892334509983837
M5@M15,wick_touch,against_daily,pullback,old,retested_1,9,846.8888888888889,2.111111111111111,1.5273125449656793
M5@M15,wick_touch,against_daily,pullback,old,retested_2plus,1264,920.3924050632911,1.9659810126582278,2.073161708880342
M5@M15,wick_touch,against_daily,pullback,young,retested_1,26,24.076923076923077,2.5384615384615383,1.488308258820985
M5@M15,wick_touch,against_daily,pullback,young,retested_2plus,2357,24.682647433177767,2.1294017819261772,1.7985344040266078
M5@M15,wick_touch,against_daily,push,old,retested_1,2,1681.5,1.5,1.3239891140509785
M5@M15,wick_touch,against_daily,push,old,retested_2plus,97,864.9278350515464,2.1752577319587627,2.7169448317436253
M5@M15,wick_touch,against_daily,push,young,retested_2plus,1,11.0,2.0,2.420074349442469
M5@M15,wick_touch,against_daily,reversal,fresh,retested_1,19,4.0,2.473684210526316,1.383022420168991
M5@M15,wick_touch,against_daily,reversal,fresh,retested_2plus,69,5.449275362318841,2.3333333333333335,1.6404121805900005
M5@M15,wick_touch,against_daily,reversal,mature,retested_1,1,69.0,3.0,1.0168918918920364
M5@M15,wick_touch,against_daily,reversal,mature,retested_2plus,20,95.35,2.6,1.8519449201916345
M5@M15,wick_touch,against_daily,reversal,old,retested_2plus,77,546.4285714285714,1.9870129870129871,5.111304222807281
M5@M15,wick_touch,against_daily,reversal,young,retested_1,1,30.0,1.0,4.014610182958361
M5@M15,wick_touch,against_daily,reversal,young,retested_2plus,81,23.271604938271604,2.506172839506173,2.2821710824090613
M5@M15,wick_touch,at_transition,continuation,fresh,retested_1,5,7.8,1.6,1.7560791221706995
M5@M15,wick_touch,at_transition,continuation,fresh,retested_2plus,24,6.791666666666667,1.4583333333333333,2.320840011830308
M5@M15,wick_touch,at_transition,continuation,mature,retested_1,1,199.0,1.0,0.9792395087369433
M5@M15,wick_touch,at_transition,continuation,mature,retested_2plus,13,101.46153846153847,1.7692307692307692,3.306479611963759
M5@M15,wick_touch,at_transition,continuation,old,retested_1,2,203.5,1.5,2.8634518822433903
M5@M15,wick_touch,at_transition,continuation,old,retested_2plus,18,411.3888888888889,1.4444444444444444,2.648123031494383
M5@M15,wick_touch,at_transition,continuation,young,retested_1,7,18.142857142857142,1.5714285714285714,2.30814605307545
M5@M15,wick_touch,at_transition,continuation,young,retested_2plus,43,21.27906976744186,1.4883720930232558,2.4968275673450204
M5@M15,wick_touch,at_transition,pullback,fresh,retested_2plus,4,9.25,1.5,2.6788945382119085
M5@M15,wick_touch,at_transition,pullback,mature,retested_2plus,5,97.2,1.4,4.461260748361225
M5@M15,wick_touch,at_transition,pullback,old,retested_1,3,376.3333333333333,1.6666666666666667,1.1756511628859765
M5@M15,wick_touch,at_transition,pullback,old,retested_2plus,17,591.6470588235294,1.3529411764705883,3.903501126994982
M5@M15,wick_touch,at_transition,pullback,young,retested_2plus,29,27.344827586206897,1.5172413793103448,2.5979297838538424
M5@M15,wick_touch,neutral,continuation,fresh,retested_1,567,3.7001763668430336,1.4126984126984128,1.3621063007533216
M5@M15,wick_touch,neutral,continuation,fresh,retested_2plus,4201,5.626517495834325,1.4189478695548678,1.4873997542421589
M5@M15,wick_touch,neutral,continuation,mature,retested_1,27,122.29629629629629,1.4074074074074074,1.4587066009611394
M5@M15,wick_touch,neutral,continuation,mature,retested_2plus,1218,100.12807881773399,1.4203612479474548,1.871141116232179
M5@M15,wick_touch,neutral,continuation,old,retested_1,18,610.7777777777778,1.6111111111111112,1.7092743176208711
M5@M15,wick_touch,neutral,continuation,old,retested_2plus,1064,674.0169172932331,1.3843984962406015,1.890820677811334
M5@M15,wick_touch,neutral,continuation,young,retested_1,81,20.765432098765434,1.4814814814814814,1.390262941192625
M5@M15,wick_touch,neutral,continuation,young,retested_2plus,3080,23.374025974025972,1.410064935064935,1.7030047828691275
M5@M15,wick_touch,neutral,pullback,fresh,retested_1,237,2.6033755274261603,1.4177215189873418,1.409239268878306
M5@M15,wick_touch,neutral,pullback,fresh,retested_2plus,400,7.9425,1.3275,1.6508648552727498
M5@M15,wick_touch,neutral,pullback,mature,retested_1,6,90.83333333333333,1.1666666666666667,1.0350841589229631
M5@M15,wick_touch,neutral,pullback,mature,retested_2plus,625,95.9488,1.4704,1.8234657607466433
M5@M15,wick_touch,neutral,pullback,old,retested_1,6,604.3333333333334,1.6666666666666667,1.232607017770418
M5@M15,wick_touch,neutral,pullback,old,retested_2plus,663,561.9366515837104,1.4343891402714932,2.0919166964458547
M5@M15,wick_touch,neutral,pullback,young,retested_1,18,23.77777777777778,1.5555555555555556,1.308207986421339
M5@M15,wick_touch,neutral,pullback,young,retested_2plus,1714,24.46674445740957,1.4212368728121354,1.8274619952477946
M5@M15,wick_touch,neutral,push,fresh,retested_2plus,15,7.666666666666667,1.1333333333333333,1.1948652706685825
M5@M15,wick_touch,neutral,push,mature,retested_2plus,46,101.54347826086956,0.8043478260869565,2.217758438957779
M5@M15,wick_touch,neutral,push,old,retested_1,1,1315.0,1.0,1.3370165745855858
M5@M15,wick_touch,neutral,push,old,retested_2plus,21,689.8571428571429,1.0952380952380953,3.9324345138764922
M5@M15,wick_touch,neutral,push,young,retested_1,1,29.0,0.0,0.6625514403294192
M5@M15,wick_touch,neutral,push,young,retested_2plus,36,23.36111111111111,0.8888888888888888,1.3176100739987293
M5@M15,wick_touch,neutral,reversal,fresh,retested_1,7,3.5714285714285716,1.0,1.452958716033113
M5@M15,wick_touch,neutral,reversal,fresh,retested_2plus,34,5.794117647058823,0.6764705882352942,1.6049250120066327
M5@M15,wick_touch,neutral,reversal,mature,retested_2plus,18,81.66666666666667,2.0,6.831593386846728
M5@M15,wick_touch,neutral,reversal,old,retested_2plus,19,806.5263157894736,1.368421052631579,6.471752609964248
M5@M15,wick_touch,neutral,reversal,young,retested_1,1,11.0,2.0,5.7956714778061595
M5@M15,wick_touch,neutral,reversal,young,retested_2plus,27,24.555555555555557,1.2222222222222223,2.2614399347755354
M5@M15,wick_touch,with_daily,continuation,fresh,retested_1,844,3.796208530805687,2.1516587677725116,1.3684621633095235
M5@M15,wick_touch,with_daily,continuation,fresh,retested_2plus,5807,5.620974685724126,2.1508524194937144,1.4785406650236355
M5@M15,wick_touch,with_daily,continuation,mature,retested_1,55,129.01818181818183,1.9090909090909092,1.6052731681588455
M5@M15,wick_touch,with_daily,continuation,mature,retested_2plus,1881,107.06060606060606,2.1807549175970227,1.7281043692178393
M5@M15,wick_touch,with_daily,continuation,old,retested_1,31,563.1290322580645,2.2903225806451615,1.3287274833581486
M5@M15,wick_touch,with_daily,continuation,old,retested_2plus,1705,483.50615835777126,2.167155425219941,1.748870468697896
M5@M15,wick_touch,with_daily,continuation,young,retested_1,120,20.375,2.125,1.59375006474063
M5@M15,wick_touch,with_daily,continuation,young,retested_2plus,3801,23.12891344383057,2.2081031307550645,1.671654981795195
M5@M15,wick_touch,with_daily,pullback,fresh,retested_1,339,2.631268436578171,2.1563421828908553,1.4035852564097675
M5@M15,wick_touch,with_daily,pullback,fresh,retested_2plus,567,7.99647266313933,2.119929453262787,1.6026355877265073
M5@M15,wick_touch,with_daily,pullback,mature,retested_1,14,119.57142857142857,1.8571428571428572,1.37540451490429
M5@M15,wick_touch,with_daily,pullback,mature,retested_2plus,1230,104.75447154471544,2.305691056910569,1.772745328332101
M5@M15,wick_touch,with_daily,pullback,old,retested_1,7,550.1428571428571,2.142857142857143,1.1384337660743804
M5@M15,wick_touch,with_daily,pullback,old,retested_2plus,1029,459.6588921282799,2.138969873663751,1.7727481803780192
M5@M15,wick_touch,with_daily,pullback,young,retested_1,26,26.307692307692307,2.3076923076923075,1.4511646500200306
M5@M15,wick_touch,with_daily,pullback,young,retested_2plus,2364,24.08502538071066,2.170896785109983,1.802589452296806
M5@M15,wick_touch,with_daily,push,fresh,retested_1,1,7.0,3.0,1.0188761355749436
M5@M15,wick_touch,with_daily,push,fresh,retested_2plus,27,7.592592592592593,2.3333333333333335,1.2444160381513596
M5@M15,wick_touch,with_daily,push,mature,retested_1,1,181.0,3.0,1.2014925373134329
M5@M15,wick_touch,with_daily,push,mature,retested_2plus,31,118.51612903225806,2.6774193548387095,1.149092050833802
M5@M15,wick_touch,with_daily,push,old,retested_1,1,211.0,3.0,1.348993288590779
M5@M15,wick_touch,with_daily,push,old,retested_2plus,40,279.575,3.0,1.528011501957336
M5@M15,wick_touch,with_daily,push,young,retested_1,2,37.5,2.5,3.8357851577082567
M5@M15,wick_touch,with_daily,push,young,retested_2plus,84,22.69047619047619,2.357142857142857,1.4116202705503542
M5@M15,wick_touch,with_daily,reversal,fresh,retested_1,2,3.0,1.5,1.0984750793323312
M5@M15,wick_touch,with_daily,reversal,fresh,retested_2plus,6,4.333333333333333,1.6666666666666667,1.866061419978772
M5@M15,wick_touch,with_daily,reversal,old,retested_2plus,11,443.27272727272725,2.5454545454545454,5.40901489511439
M5@M15,wick_touch,with_daily,reversal,young,retested_2plus,11,21.727272727272727,2.0,7.8666902547984
