tf_pair,touch_type,bias_alignment,zone_role,age_bucket,test_count_cls,count,avg_zone_age,avg_bias_strength,avg_price_distance_at_touch
H1@D1,body_close,against_daily,continuation,fresh,retested_1,17,7.0588235294117645,1.7058823529411764,2.05422354335545
H1@D1,body_close,against_daily,continuation,fresh,retested_2plus,9878,6.9790443409597085,1.8343794290342175,1.7552706611100832
H1@D1,body_close,against_daily,continuation,mature,retested_1,6,78.16666666666667,3.0,3.8931784302698547
H1@D1,body_close,against_daily,continuation,mature,retested_2plus,6810,93.33450807635829,2.487224669603524,2.2966559543737004
H1@D1,body_close,against_daily,continuation,old,retested_1,11,712.6363636363636,2.909090909090909,1.687230144634384
H1@D1,body_close,against_daily,continuation,old,retested_2plus,5370,626.1422718808194,2.464245810055866,2.5131778640593563
H1@D1,body_close,against_daily,continuation,young,retested_1,23,25.0,2.391304347826087,2.33319874858016
H1@D1,body_close,against_daily,continuation,young,retested_2plus,15090,24.2324055666004,2.3479125248508947,1.9749701477740464
H1@D1,body_close,against_daily,pullback,fresh,retested_1,2,5.0,1.0,2.944560661872
H1@D1,body_close,against_daily,pullback,fresh,retested_2plus,214,8.658878504672897,1.588785046728972,1.4409178296620824
H1@D1,body_close,against_daily,pullback,mature,retested_1,1,154.0,3.0,1.0430663221359704
H1@D1,body_close,against_daily,pullback,mature,retested_2plus,2056,84.0749027237354,2.321011673151751,2.455921101096909
H1@D1,body_close,against_daily,pullback,old,retested_2plus,2286,622.1080489938757,2.3858267716535435,2.263872339925068
H1@D1,body_close,against_daily,pullback,young,retested_1,2,32.5,2.5,2.1864867442303786
H1@D1,body_close,against_daily,pullback,young,retested_2plus,3299,27.729615034859048,2.1306456501970295,2.4259987796965783
H1@D1,body_close,against_daily,push,fresh,retested_2plus,57,7.754385964912281,2.017543859649123,1.8010084146933927
H1@D1,body_close,against_daily,push,mature,retested_2plus,462,106.0909090909091,2.2813852813852815,1.624586947475777
H1@D1,body_close,against_daily,push,old,retested_2plus,207,639.1932367149758,2.207729468599034,1.5865001633423426
H1@D1,body_close,against_daily,push,young,retested_2plus,294,24.01360544217687,2.13265306122449,1.9739949334636853
H1@D1,body_close,against_daily,reversal,fresh,retested_2plus,432,6.949074074074074,1.8912037037037037,2.0482909817594606
H1@D1,body_close,against_daily,reversal,old,retested_2plus,556,1563.2068345323742,2.652877697841727,1.9428502925423492
H1@D1,body_close,against_daily,reversal,young,retested_2plus,713,23.32538569424965,2.1991584852734922,2.5342359116018245
H1@D1,body_close,at_transition,continuation,fresh,retested_1,29,4.172413793103448,1.5517241379310345,1.8874822001094993
H1@D1,body_close,at_transition,continuation,fresh,retested_2plus,769,6.544863459037711,1.399219765929779,1.588375291142424
H1@D1,body_close,at_transition,continuation,mature,retested_2plus,261,93.14176245210729,1.3908045977011494,2.318810746058539
H1@D1,body_close,at_transition,continuation,old,retested_2plus,211,537.7345971563981,1.4265402843601895,2.5347652246909065
H1@D1,body_close,at_transition,continuation,young,retested_1,2,19.5,1.0,1.7134464181299212
H1@D1,body_close,at_transition,continuation,young,retested_2plus,724,22.354972375690608,1.4585635359116023,1.7374714304485033
H1@D1,body_close,at_transition,pullback,fresh,retested_1,34,4.382352941176471,1.3823529411764706,1.5999643896836475
H1@D1,body_close,at_transition,pullback,fresh,retested_2plus,15,8.733333333333333,1.4,1.2400008487480128
H1@D1,body_close,at_transition,pullback,mature,retested_2plus,88,81.875,1.3863636363636365,2.460458912629185
H1@D1,body_close,at_transition,pullback,old,retested_2plus,106,610.0754716981132,1.349056603773585,2.242389190944686
H1@D1,body_close,at_transition,pullback,young,retested_2plus,189,25.64021164021164,1.3862433862433863,2.2145063802007754
H1@D1,body_close,at_transition,push,fresh,retested_2plus,1,8.0,2.0,1.5057987280209217
H1@D1,body_close,at_transition,push,mature,retested_2plus,26,109.03846153846153,1.5,1.7900117664339101
H1@D1,body_close,at_transition,push,old,retested_2plus,16,611.75,1.625,1.0461313915382824
H1@D1,body_close,at_transition,push,young,retested_2plus,13,21.692307692307693,1.2307692307692308,1.5585459097008676
H1@D1,body_close,at_transition,reversal,fresh,retested_1,3,5.0,1.6666666666666667,1.5675508358992827
H1@D1,body_close,at_transition,reversal,fresh,retested_2plus,32,6.6875,1.34375,1.5428948577645532
H1@D1,body_close,at_transition,reversal,old,retested_2plus,16,1051.875,1.3125,2.288264232984142
H1@D1,body_close,at_transition,reversal,young,retested_2plus,37,21.216216216216218,1.4054054054054055,2.676624754667999
H1@D1,body_close,neutral,continuation,fresh,retested_1,71,4.52112676056338,1.3943661971830985,2.0636990276305816
H1@D1,body_close,neutral,continuation,fresh,retested_2plus,7557,5.821093026333201,1.4067751753341273,1.8935715234190693
H1@D1,body_close,neutral,continuation,mature,retested_1,3,59.0,1.0,3.0283064078730817
H1@D1,body_close,neutral,continuation,mature,retested_2plus,2416,90.72682119205298,1.3319536423841059,2.583992792382406
H1@D1,body_close,neutral,continuation,old,retested_2plus,1807,529.3110127282789,1.2966242390702822,2.8315328665275517
H1@D1,body_close,neutral,continuation,young,retested_1,18,23.833333333333332,1.2777777777777777,1.731697587025418
H1@D1,body_close,neutral,continuation,young,retested_2plus,5945,21.80117746005046,1.417830109335576,2.0653066493985937
H1@D1,body_close,neutral,pullback,fresh,retested_1,38,3.6315789473684212,1.4736842105263157,1.555768993247485
H1@D1,body_close,neutral,pullback,fresh,retested_2plus,302,7.76158940397351,1.4867549668874172,1.9539746265121498
H1@D1,body_close,neutral,pullback,mature,retested_2plus,538,85.80297397769517,1.4014869888475836,2.838364544973502
H1@D1,body_close,neutral,pullback,old,retested_2plus,1095,586.0812785388127,1.2931506849315069,3.2454701232983796
H1@D1,body_close,neutral,pullback,young,retested_2plus,1523,26.985554826001312,1.4267892317793829,2.712723548798674
H1@D1,body_close,neutral,push,fresh,retested_2plus,34,6.647058823529412,1.3823529411764706,1.1221378994283584
H1@D1,body_close,neutral,push,mature,retested_1,2,145.5,1.5,2.2054451499412733
H1@D1,body_close,neutral,push,mature,retested_2plus,222,117.30630630630631,1.2387387387387387,2.451725926631097
H1@D1,body_close,neutral,push,old,retested_1,2,347.5,1.0,2.6072506110178195
H1@D1,body_close,neutral,push,old,retested_2plus,195,757.4974358974359,1.3846153846153846,1.3239913621923856
H1@D1,body_close,neutral,push,young,retested_1,1,32.0,2.0,2.9399619668568198
H1@D1,body_close,neutral,push,young,retested_2plus,30,20.166666666666668,1.8,0.9554612557244726
H1@D1,body_close,neutral,reversal,fresh,retested_1,1,2.0,2.0,8.941002949851603
H1@D1,body_close,neutral,reversal,fresh,retested_2plus,363,6.4986225895316805,1.4931129476584022,2.263350013189582
H1@D1,body_close,neutral,reversal,old,retested_2plus,176,893.2443181818181,1.3181818181818181,3.3472036494796598
H1@D1,body_close,neutral,reversal,young,retested_2plus,232,18.42241379310345,1.2543103448275863,3.0933339681783893
H1@D1,body_close,with_daily,continuation,fresh,retested_1,266,3.7142857142857144,1.8458646616541354,2.278956779502815
H1@D1,body_close,with_daily,continuation,fresh,retested_2plus,10967,4.622595057900976,1.9777514361265616,2.0243824661893997
H1@D1,body_close,with_daily,continuation,mature,retested_2plus,1633,86.45560318432334,1.7183098591549295,2.858422403871555
H1@D1,body_close,with_daily,continuation,old,retested_2plus,1368,535.4649122807018,1.739766081871345,3.350676420232994
H1@D1,body_close,with_daily,continuation,young,retested_1,3,31.666666666666668,1.3333333333333333,1.0380459678988658
H1@D1,body_close,with_daily,continuation,young,retested_2plus,3783,23.27755749405234,1.6738038593708697,2.2022363187282044
H1@D1,body_close,with_daily,pullback,fresh,retested_1,120,3.4833333333333334,1.6583333333333334,1.9193072582200321
H1@D1,body_close,with_daily,pullback,fresh,retested_2plus,566,8.252650176678445,1.726148409893993,2.31925777645077
H1@D1,body_close,with_daily,pullback,mature,retested_1,1,73.0,1.0,1.651065801668263
H1@D1,body_close,with_daily,pullback,mature,retested_2plus,740,80.36216216216216,1.872972972972973,3.1862947128738677
H1@D1,body_close,with_daily,pullback,old,retested_2plus,867,627.7104959630911,1.9250288350634372,3.0411106963190497
H1@D1,body_close,with_daily,pullback,young,retested_2plus,2142,24.65126050420168,1.9028944911297851,2.8204933696144803
H1@D1,body_close,with_daily,push,fresh,retested_2plus,12,9.0,2.0,2.3559450352276
H1@D1,body_close,with_daily,push,mature,retested_1,1,70.0,3.0,0.81485587583151
H1@D1,body_close,with_daily,push,mature,retested_2plus,107,91.55140186915888,1.8317757009345794,2.3317905964855643
H1@D1,body_close,with_daily,push,old,retested_2plus,57,344.9122807017544,1.0526315789473684,1.1437686385314785
H1@D1,body_close,with_daily,push,young,retested_2plus,163,22.12269938650307,1.7791411042944785,2.0566391260481947
H1@D1,body_close,with_daily,reversal,fresh,retested_1,15,3.7333333333333334,1.9333333333333333,2.6459586261949273
H1@D1,body_close,with_daily,reversal,fresh,retested_2plus,348,4.931034482758621,1.867816091954023,2.118470863850019
H1@D1,body_close,with_daily,reversal,old,retested_2plus,112,799.4642857142857,1.8035714285714286,3.069460771524421
H1@D1,body_close,with_daily,reversal,young,retested_2plus,257,21.412451361867703,1.6342412451361867,3.7367911724115257
H1@D1,break_through,at_transition,continuation,fresh,first_touch,2,4.0,1.0,2.397777285834533
H1@D1,break_through,neutral,pullback,fresh,first_touch,1,2.0,1.0,2.6721556886227145
H1@D1,near_miss,against_daily,continuation,fresh,first_touch,39,7.512820512820513,1.9487179487179487,3.625266638753478
H1@D1,near_miss,against_daily,continuation,fresh,retested_1,16,7.3125,1.3125,2.9999521488472003
H1@D1,near_miss,against_daily,continuation,fresh,retested_2plus,652,7.217791411042945,1.6733128834355828,3.934456357873239
H1@D1,near_miss,against_daily,continuation,mature,first_touch,20,91.3,2.6,4.528334459276773
H1@D1,near_miss,against_daily,continuation,mature,retested_1,3,148.0,2.6666666666666665,3.655497244558165
H1@D1,near_miss,against_daily,continuation,mature,retested_2plus,530,87.07358490566038,2.237735849056604,5.121914518107619
H1@D1,near_miss,against_daily,continuation,old,first_touch,18,756.6666666666666,2.9444444444444446,3.2089255090772535
H1@D1,near_miss,against_daily,continuation,old,retested_1,2,803.0,2.0,8.163061598556034
H1@D1,near_miss,against_daily,continuation,old,retested_2plus,594,639.996632996633,2.3855218855218854,4.52812935628095
H1@D1,near_miss,against_daily,continuation,young,first_touch,56,23.928571428571427,2.4285714285714284,3.791491005215287
H1@D1,near_miss,against_daily,continuation,young,retested_1,25,19.36,2.24,3.5637330639029923
H1@D1,near_miss,against_daily,continuation,young,retested_2plus,1444,24.77146814404432,2.257617728531856,4.05668180987145
H1@D1,near_miss,against_daily,pullback,fresh,retested_2plus,21,8.476190476190476,1.2857142857142858,4.23742422777442
H1@D1,near_miss,against_daily,pullback,mature,first_touch,3,89.66666666666667,2.0,3.3353557471661883
H1@D1,near_miss,against_daily,pullback,mature,retested_1,1,63.0,2.0,2.7558528428094613
H1@D1,near_miss,against_daily,pullback,mature,retested_2plus,304,98.2467105263158,2.3026315789473686,5.093349505394486
H1@D1,near_miss,against_daily,pullback,old,first_touch,12,1301.0833333333333,2.3333333333333335,2.069195300869361
H1@D1,near_miss,against_daily,pullback,old,retested_1,4,434.5,2.75,3.937389581924226
H1@D1,near_miss,against_daily,pullback,old,retested_2plus,377,548.9681697612732,2.442970822281167,4.886274902245551
H1@D1,near_miss,against_daily,pullback,young,first_touch,2,33.5,2.0,4.1277858547072865
H1@D1,near_miss,against_daily,pullback,young,retested_2plus,555,28.42162162162162,2.0720720720720722,4.505512706759603
H1@D1,near_miss,against_daily,push,fresh,retested_2plus,5,6.4,1.2,4.072951961780687
H1@D1,near_miss,against_daily,push,mature,retested_1,1,169.0,2.0,4.207586494372712
H1@D1,near_miss,against_daily,push,mature,retested_2plus,25,118.76,2.04,3.8229062135361587
H1@D1,near_miss,against_daily,push,old,first_touch,3,553.3333333333334,1.6666666666666667,2.929014117531523
H1@D1,near_miss,against_daily,push,old,retested_2plus,46,723.6086956521739,2.239130434782609,3.544291508638875
H1@D1,near_miss,against_daily,push,young,first_touch,1,26.0,1.0,2.13625621403108
H1@D1,near_miss,against_daily,push,young,retested_1,2,17.0,2.0,1.9122566902803335
H1@D1,near_miss,against_daily,push,young,retested_2plus,30,24.466666666666665,2.0,3.335986010580368
H1@D1,near_miss,against_daily,reversal,fresh,retested_2plus,30,7.8,2.3666666666666667,4.692305022783374
H1@D1,near_miss,against_daily,reversal,old,retested_2plus,49,1167.2244897959183,2.4285714285714284,4.7051428105010356
H1@D1,near_miss,against_daily,reversal,young,retested_2plus,73,21.273972602739725,2.1095890410958904,4.4357401643778935
H1@D1,near_miss,at_transition,continuation,fresh,first_touch,13,5.846153846153846,1.3846153846153846,2.7229921736678073
H1@D1,near_miss,at_transition,continuation,fresh,retested_1,2,6.0,1.5,2.4513969860130516
H1@D1,near_miss,at_transition,continuation,fresh,retested_2plus,88,6.886363636363637,1.4090909090909092,3.4265285060986086
H1@D1,near_miss,at_transition,continuation,mature,retested_2plus,15,69.73333333333333,1.4666666666666666,4.510216850474225
H1@D1,near_miss,at_transition,continuation,old,retested_2plus,32,514.03125,1.25,3.552533157316705
H1@D1,near_miss,at_transition,continuation,young,first_touch,3,18.0,1.6666666666666667,3.368773541203334
H1@D1,near_miss,at_transition,continuation,young,retested_1,2,26.5,1.0,3.1658535365160576
H1@D1,near_miss,at_transition,continuation,young,retested_2plus,134,24.395522388059703,1.4179104477611941,3.5295274248617217
H1@D1,near_miss,at_transition,pullback,fresh,first_touch,7,4.428571428571429,1.2857142857142858,3.1322057637625207
H1@D1,near_miss,at_transition,pullback,fresh,retested_2plus,7,8.857142857142858,1.4285714285714286,3.8428061009081707
H1@D1,near_miss,at_transition,pullback,mature,retested_2plus,17,99.11764705882354,1.2941176470588236,4.147234771023
H1@D1,near_miss,at_transition,pullback,old,retested_2plus,27,485.44444444444446,1.5185185185185186,4.346224202016222
H1@D1,near_miss,at_transition,pullback,young,retested_2plus,37,26.89189189189189,1.4594594594594594,3.918103655120672
H1@D1,near_miss,at_transition,push,fresh,retested_2plus,1,7.0,1.0,2.8056552962298396
H1@D1,near_miss,at_transition,push,mature,retested_2plus,2,89.5,1.0,3.4485395000874117
H1@D1,near_miss,at_transition,push,old,retested_2plus,3,683.3333333333334,1.3333333333333333,3.433380663930141
H1@D1,near_miss,at_transition,push,young,retested_2plus,2,14.5,1.0,3.325587298688487
H1@D1,near_miss,at_transition,reversal,fresh,retested_2plus,5,8.0,1.6,4.989455709506382
H1@D1,near_miss,at_transition,reversal,old,retested_2plus,4,882.0,1.25,4.713934702997599
H1@D1,near_miss,at_transition,reversal,young,retested_2plus,5,26.2,1.0,4.0756174614424125
H1@D1,near_miss,neutral,continuation,fresh,first_touch,88,4.920454545454546,1.4886363636363635,3.333236736499785
H1@D1,near_miss,neutral,continuation,fresh,retested_1,39,6.230769230769231,1.3846153846153846,3.5229871830656236
H1@D1,near_miss,neutral,continuation,fresh,retested_2plus,802,6.238154613466334,1.3977556109725686,4.013114829976072
H1@D1,near_miss,neutral,continuation,mature,first_touch,8,70.0,1.375,3.3686900124995156
H1@D1,near_miss,neutral,continuation,mature,retested_1,1,188.0,1.0,2.9280332553910413
H1@D1,near_miss,neutral,continuation,mature,retested_2plus,232,89.69396551724138,1.4396551724137931,5.02300868737229
H1@D1,near_miss,neutral,continuation,old,first_touch,3,1004.0,1.6666666666666667,2.232837324571127
H1@D1,near_miss,neutral,continuation,old,retested_1,4,371.25,1.25,3.457848838681156
H1@D1,near_miss,neutral,continuation,old,retested_2plus,205,559.4731707317073,1.424390243902439,4.448585425645147
H1@D1,near_miss,neutral,continuation,young,first_touch,30,20.666666666666668,1.4333333333333333,3.6425197403222134
H1@D1,near_miss,neutral,continuation,young,retested_1,5,17.8,1.0,3.704537302226053
H1@D1,near_miss,neutral,continuation,young,retested_2plus,773,23.44501940491591,1.4294954721862871,3.9942469484524654
H1@D1,near_miss,neutral,pullback,fresh,first_touch,1,7.0,2.0,1.69410319410321
H1@D1,near_miss,neutral,pullback,fresh,retested_2plus,38,7.894736842105263,1.4210526315789473,3.7849432126812745
H1@D1,near_miss,neutral,pullback,mature,first_touch,1,188.0,1.0,2.888096010379594
H1@D1,near_miss,neutral,pullback,mature,retested_1,1,122.0,1.0,4.2971098265895815
H1@D1,near_miss,neutral,pullback,mature,retested_2plus,121,81.38842975206612,1.4462809917355373,5.183840397616257
H1@D1,near_miss,neutral,pullback,old,retested_2plus,193,500.67875647668393,1.3730569948186528,4.5377156378948245
H1@D1,near_miss,neutral,pullback,young,first_touch,3,36.0,1.0,5.2561448834956
H1@D1,near_miss,neutral,pullback,young,retested_2plus,264,25.450757575757574,1.4318181818181819,4.570875333399079
H1@D1,near_miss,neutral,push,fresh,retested_2plus,5,7.0,1.6,4.016039683325378
H1@D1,near_miss,neutral,push,mature,first_touch,2,92.5,1.0,2.8727557220141566
H1@D1,near_miss,neutral,push,mature,retested_2plus,15,90.0,1.0,5.336095871796886
H1@D1,near_miss,neutral,push,old,first_touch,8,373.125,1.0,3.718687978740097
H1@D1,near_miss,neutral,push,old,retested_2plus,26,972.0769230769231,1.3076923076923077,4.1488822330748985
H1@D1,near_miss,neutral,push,young,retested_2plus,2,23.5,1.5,2.509515514546802
H1@D1,near_miss,neutral,reversal,fresh,retested_2plus,22,7.045454545454546,1.4090909090909092,5.115881269560205
H1@D1,near_miss,neutral,reversal,old,retested_2plus,10,831.4,1.2,4.903222090066895
H1@D1,near_miss,neutral,reversal,young,first_touch,1,17.0,1.0,1.961135342103062
H1@D1,near_miss,neutral,reversal,young,retested_2plus,31,23.516129032258064,1.3548387096774193,4.302618548763699
H1@D1,near_miss,with_daily,continuation,fresh,first_touch,500,3.998,1.83,3.860735638820661
H1@D1,near_miss,with_daily,continuation,fresh,retested_1,183,4.081967213114754,1.8524590163934427,3.830970216832306
H1@D1,near_miss,with_daily,continuation,fresh,retested_2plus,1493,5.273945077026122,2.1902210314802413,4.116348657158076
H1@D1,near_miss,with_daily,continuation,mature,first_touch,4,85.5,2.0,4.304599976076212
H1@D1,near_miss,with_daily,continuation,mature,retested_2plus,270,85.45555555555555,1.8518518518518519,5.045699851608096
H1@D1,near_miss,with_daily,continuation,old,first_touch,1,504.0,1.0,1.4615021256493932
H1@D1,near_miss,with_daily,continuation,old,retested_2plus,193,630.6113989637306,1.9844559585492227,5.145942513956732
H1@D1,near_miss,with_daily,continuation,young,first_touch,7,30.714285714285715,1.2857142857142858,4.2654781015201335
H1@D1,near_miss,with_daily,continuation,young,retested_1,5,20.6,1.8,3.337056767267279
H1@D1,near_miss,with_daily,continuation,young,retested_2plus,636,23.80503144654088,1.7641509433962264,4.309611971823112
H1@D1,near_miss,with_daily,pullback,fresh,first_touch,30,3.1,1.4,3.126951701084963
H1@D1,near_miss,with_daily,pullback,fresh,retested_2plus,92,8.347826086956522,1.8043478260869565,4.689916074035918
H1@D1,near_miss,with_daily,pullback,mature,first_touch,3,73.0,1.0,2.825794466660462
H1@D1,near_miss,with_daily,pullback,mature,retested_2plus,143,96.93006993006993,2.202797202797203,4.876498544958882
H1@D1,near_miss,with_daily,pullback,old,retested_2plus,157,516.343949044586,1.7006369426751593,4.5522955046031015
H1@D1,near_miss,with_daily,pullback,young,retested_2plus,341,25.774193548387096,1.8914956011730206,4.4185602180365455
H1@D1,near_miss,with_daily,push,fresh,retested_2plus,2,9.0,2.0,5.097189448983916
H1@D1,near_miss,with_daily,push,mature,retested_2plus,9,98.77777777777777,2.111111111111111,3.259673084728501
H1@D1,near_miss,with_daily,push,old,retested_2plus,8,662.625,1.375,3.4096310125388127
H1@D1,near_miss,with_daily,push,young,retested_2plus,25,24.72,1.68,3.807409169684182
H1@D1,near_miss,with_daily,reversal,fresh,first_touch,9,3.5555555555555554,2.111111111111111,4.263879928730439
H1@D1,near_miss,with_daily,reversal,fresh,retested_1,1,5.0,2.0,2.923778692579211
H1@D1,near_miss,with_daily,reversal,fresh,retested_2plus,50,6.06,1.98,4.434666651826675
H1@D1,near_miss,with_daily,reversal,old,retested_2plus,39,980.6153846153846,2.0,5.294424320728327
H1@D1,near_miss,with_daily,reversal,young,retested_2plus,39,23.23076923076923,1.5897435897435896,5.286561307614057
H1@D1,wick_touch,against_daily,continuation,fresh,retested_1,20,7.55,1.6,3.593490928752016
H1@D1,wick_touch,against_daily,continuation,fresh,retested_2plus,770,7.209090909090909,1.664935064935065,3.9172092468096316
H1@D1,wick_touch,against_daily,continuation,mature,retested_1,5,98.8,2.6,4.086280025510808
H1@D1,wick_touch,against_daily,continuation,mature,retested_2plus,570,90.2280701754386,2.319298245614035,4.956079188822423
H1@D1,wick_touch,against_daily,continuation,old,retested_1,4,541.0,2.25,5.035461506636375
H1@D1,wick_touch,against_daily,continuation,old,retested_2plus,577,609.0381282495667,2.3587521663778164,4.432134788705585
H1@D1,wick_touch,against_daily,continuation,young,retested_1,25,19.08,2.28,4.0949680455427595
H1@D1,wick_touch,against_daily,continuation,young,retested_2plus,1505,24.533554817275746,2.302325581395349,4.0673423050820166
H1@D1,wick_touch,against_daily,pullback,fresh,retested_2plus,18,8.88888888888889,1.5555555555555556,4.522722919549151
H1@D1,wick_touch,against_daily,pullback,mature,retested_1,1,63.0,2.0,3.057547169811426
H1@D1,wick_touch,against_daily,pullback,mature,retested_2plus,326,93.50306748466258,2.226993865030675,4.993104277708608
H1@D1,wick_touch,against_daily,pullback,old,retested_1,1,815.0,3.0,5.544359776717805
H1@D1,wick_touch,against_daily,pullback,old,retested_2plus,337,555.2462908011869,2.456973293768546,4.452760346276357
H1@D1,wick_touch,against_daily,pullback,young,retested_1,4,32.5,2.75,2.9755321133080472
H1@D1,wick_touch,against_daily,pullback,young,retested_2plus,499,27.364729458917836,1.993987975951904,4.560984429956243
H1@D1,wick_touch,against_daily,push,fresh,retested_2plus,7,7.285714285714286,1.8571428571428572,3.578132480809103
H1@D1,wick_touch,against_daily,push,mature,retested_2plus,26,124.73076923076923,2.3076923076923075,3.6824839196109007
H1@D1,wick_touch,against_daily,push,old,retested_1,2,699.5,3.0,3.1737106516235354
H1@D1,wick_touch,against_daily,push,old,retested_2plus,37,659.4054054054054,2.5675675675675675,3.039116570897448
H1@D1,wick_touch,against_daily,push,young,retested_1,1,17.0,2.0,2.441088367448898
H1@D1,wick_touch,against_daily,push,young,retested_2plus,54,26.925925925925927,2.074074074074074,3.4348042096475715
H1@D1,wick_touch,against_daily,reversal,fresh,retested_2plus,39,8.0,1.8717948717948718,4.388212166293085
H1@D1,wick_touch,against_daily,reversal,old,retested_2plus,56,1307.1964285714287,2.5,4.475455785159311
H1@D1,wick_touch,against_daily,reversal,young,retested_2plus,57,20.82456140350877,2.087719298245614,4.003808462595338
H1@D1,wick_touch,at_transition,continuation,fresh,retested_1,2,4.0,1.0,2.660558067267536
H1@D1,wick_touch,at_transition,continuation,fresh,retested_2plus,41,6.219512195121951,1.3658536585365855,2.7544210290947504
H1@D1,wick_touch,at_transition,continuation,mature,retested_2plus,23,86.0,1.5217391304347827,3.394725804631258
H1@D1,wick_touch,at_transition,continuation,old,retested_1,1,353.0,1.0,2.3350923482850305
H1@D1,wick_touch,at_transition,continuation,old,retested_2plus,9,554.5555555555555,1.5555555555555556,3.3160609435663932
H1@D1,wick_touch,at_transition,continuation,young,retested_2plus,43,23.53488372093023,1.441860465116279,2.990094718423858
H1@D1,wick_touch,at_transition,pullback,fresh,retested_1,8,4.125,1.625,2.7499961798076726
H1@D1,wick_touch,at_transition,pullback,mature,retested_2plus,10,93.1,1.6,3.2726639777881608
H1@D1,wick_touch,at_transition,pullback,old,retested_2plus,11,513.4545454545455,1.5454545454545454,2.8891271521948356
H1@D1,wick_touch,at_transition,pullback,young,retested_2plus,14,24.857142857142858,1.5,3.544872821024873
H1@D1,wick_touch,at_transition,push,old,retested_2plus,3,545.3333333333334,1.0,3.537771765786483
H1@D1,wick_touch,at_transition,push,young,retested_2plus,1,35.0,1.0,4.906705539358619
H1@D1,wick_touch,at_transition,reversal,fresh,retested_2plus,3,7.666666666666667,1.6666666666666667,3.0312961965886545
H1@D1,wick_touch,at_transition,reversal,old,retested_2plus,1,258.0,2.0,3.7147595356549914
H1@D1,wick_touch,at_transition,reversal,young,retested_2plus,2,16.0,1.0,4.621480796519591
H1@D1,wick_touch,neutral,continuation,fresh,retested_1,36,5.25,1.6388888888888888,3.5618388469635422
H1@D1,wick_touch,neutral,continuation,fresh,retested_2plus,907,5.9327453142227125,1.4112458654906284,4.032212716028693
H1@D1,wick_touch,neutral,continuation,mature,retested_1,3,107.66666666666667,1.3333333333333333,3.710212470304601
H1@D1,wick_touch,neutral,continuation,mature,retested_2plus,247,96.35627530364373,1.3643724696356276,4.842697282002297
H1@D1,wick_touch,neutral,continuation,old,retested_1,3,726.3333333333334,1.6666666666666667,3.1073343254574506
H1@D1,wick_touch,neutral,continuation,old,retested_2plus,203,557.6305418719212,1.4039408866995073,5.086288511059122
H1@D1,wick_touch,neutral,continuation,young,retested_1,4,20.5,1.25,3.6933136200777583
H1@D1,wick_touch,neutral,continuation,young,retested_2plus,741,24.045883940620783,1.4102564102564104,3.9876375944117406
H1@D1,wick_touch,neutral,pullback,fresh,retested_1,3,4.0,1.3333333333333333,3.337431108524829
H1@D1,wick_touch,neutral,pullback,fresh,retested_2plus,40,8.45,1.425,4.316431525426607
H1@D1,wick_touch,neutral,pullback,mature,retested_2plus,121,81.91735537190083,1.3636363636363635,4.7004587030156415
H1@D1,wick_touch,neutral,pullback,old,retested_2plus,152,430.6578947368421,1.3486842105263157,5.202670944424722
H1@D1,wick_touch,neutral,pullback,young,retested_1,1,17.0,2.0,1.5354838709677225
H1@D1,wick_touch,neutral,pullback,young,retested_2plus,236,26.597457627118644,1.4194915254237288,4.729495096984929
H1@D1,wick_touch,neutral,push,fresh,retested_2plus,3,6.666666666666667,1.6666666666666667,3.424010011223673
H1@D1,wick_touch,neutral,push,mature,retested_1,1,65.0,1.0,6.686740331491636
H1@D1,wick_touch,neutral,push,mature,retested_2plus,25,103.92,1.04,4.083835629755743
H1@D1,wick_touch,neutral,push,old,retested_2plus,15,729.0666666666667,1.1333333333333333,3.4696146920832294
H1@D1,wick_touch,neutral,push,young,retested_2plus,5,32.0,2.0,3.1429849264769882
H1@D1,wick_touch,neutral,reversal,fresh,retested_2plus,30,6.933333333333334,1.3,4.867242756276699
H1@D1,wick_touch,neutral,reversal,old,retested_2plus,25,723.64,1.2,5.479600727939235
H1@D1,wick_touch,neutral,reversal,young,retested_1,1,17.0,1.0,2.518989212919493
H1@D1,wick_touch,neutral,reversal,young,retested_2plus,28,21.785714285714285,1.3214285714285714,3.574518506908006
H1@D1,wick_touch,with_daily,continuation,fresh,retested_1,186,3.967741935483871,1.8655913978494623,3.781223368699851
H1@D1,wick_touch,with_daily,continuation,fresh,retested_2plus,1784,4.906390134529148,2.052690582959641,4.09328795783647
H1@D1,wick_touch,with_daily,continuation,mature,retested_1,2,98.0,2.0,4.094210595450103
H1@D1,wick_touch,with_daily,continuation,mature,retested_2plus,218,87.79816513761467,1.9357798165137614,5.132569461755561
H1@D1,wick_touch,with_daily,continuation,old,retested_1,1,504.0,1.0,2.9417862838914846
H1@D1,wick_touch,with_daily,continuation,old,retested_2plus,145,609.4,1.8551724137931034,5.42344932657349
H1@D1,wick_touch,with_daily,continuation,young,retested_1,3,17.666666666666668,2.0,2.5754130690651498
H1@D1,wick_touch,with_daily,continuation,young,retested_2plus,523,24.709369024856596,1.7265774378585086,4.159651800451632
H1@D1,wick_touch,with_daily,pullback,fresh,retested_1,23,3.869565217391304,1.7826086956521738,3.150975716039589
H1@D1,wick_touch,with_daily,pullback,fresh,retested_2plus,92,8.16304347826087,1.6956521739130435,4.80421531498948
H1@D1,wick_touch,with_daily,pullback,mature,retested_2plus,147,92.8843537414966,2.129251700680272,4.885937881011593
H1@D1,wick_touch,with_daily,pullback,old,retested_2plus,117,604.6239316239316,1.7777777777777777,5.121474625561946
H1@D1,wick_touch,with_daily,pullback,young,retested_2plus,328,24.378048780487806,1.7926829268292683,4.726551760268759
H1@D1,wick_touch,with_daily,push,fresh,retested_2plus,7,9.0,2.0,3.567521331950519
H1@D1,wick_touch,with_daily,push,mature,retested_2plus,12,102.33333333333333,1.6666666666666667,4.185202229616299
H1@D1,wick_touch,with_daily,push,old,retested_2plus,9,616.7777777777778,1.3333333333333333,3.1091330114263873
H1@D1,wick_touch,with_daily,push,young,retested_2plus,25,22.6,1.44,4.286913547032467
H1@D1,wick_touch,with_daily,reversal,fresh,retested_1,4,5.0,2.75,3.777964226021881
H1@D1,wick_touch,with_daily,reversal,fresh,retested_2plus,40,5.05,2.075,4.645713384891365
H1@D1,wick_touch,with_daily,reversal,old,retested_2plus,25,988.08,1.72,5.120272123914781
H1@D1,wick_touch,with_daily,reversal,young,retested_2plus,57,21.56140350877193,1.9473684210526316,5.660482793859336
H1@H4,body_close,against_daily,continuation,fresh,retested_1,707,3.2644978783592644,2.1994342291371995,0.7967862882842175
H1@H4,body_close,against_daily,continuation,fresh,retested_2plus,11679,5.0816850757770355,2.2053257984416472,0.7784145338062629
H1@H4,body_close,against_daily,continuation,mature,retested_1,41,103.0,2.073170731707317,0.5352003579064569
H1@H4,body_close,against_daily,continuation,mature,retested_2plus,8222,103.55606908294818,2.3317927511554366,1.013484659648497
H1@H4,body_close,against_daily,continuation,old,retested_1,33,768.5757575757576,2.393939393939394,1.420138566040702
H1@H4,body_close,against_daily,continuation,old,retested_2plus,8440,818.3761848341233,2.430450236966825,1.4921491138212082
H1@H4,body_close,against_daily,continuation,young,retested_1,141,21.52482269503546,2.1773049645390072,0.8508033389218852
H1@H4,body_close,against_daily,continuation,young,retested_2plus,10244,29.517668879344008,1.9267864115579851,0.9144890486721797
H1@H4,body_close,against_daily,pullback,fresh,retested_1,494,2.7975708502024292,2.2024291497975708,0.7352983573932161
H1@H4,body_close,against_daily,pullback,fresh,retested_2plus,840,7.523809523809524,2.3714285714285714,0.8550668775770751
H1@H4,body_close,against_daily,pullback,mature,retested_1,12,110.25,1.75,0.6555466592919107
H1@H4,body_close,against_daily,pullback,mature,retested_2plus,3155,105.22345483359746,2.2513470681458,1.0365273265478614
H1@H4,body_close,against_daily,pullback,old,retested_1,5,763.4,1.6,0.9322489483724483
H1@H4,body_close,against_daily,pullback,old,retested_2plus,3275,885.4683969465649,2.4506870229007633,1.3120714901765949
H1@H4,body_close,against_daily,pullback,young,retested_1,64,17.65625,2.171875,0.8237445243336979
H1@H4,body_close,against_daily,pullback,young,retested_2plus,2653,31.60007538635507,1.8609121748963438,1.0614912318238692
H1@H4,body_close,against_daily,push,fresh,retested_2plus,7,9.571428571428571,1.0,0.7447694109324375
H1@H4,body_close,against_daily,push,mature,retested_1,2,58.5,2.0,0.5842638943132836
H1@H4,body_close,against_daily,push,mature,retested_2plus,68,107.55882352941177,2.735294117647059,0.5940114883554879
H1@H4,body_close,against_daily,push,old,retested_1,2,554.5,2.5,0.30116087970013206
H1@H4,body_close,against_daily,push,old,retested_2plus,108,2118.537037037037,1.8240740740740742,0.6169825247677444
H1@H4,body_close,against_daily,push,young,retested_2plus,113,30.371681415929203,1.6371681415929205,0.7812867429968247
H1@H4,body_close,against_daily,reversal,fresh,retested_1,22,3.409090909090909,2.3636363636363638,0.8280755966383868
H1@H4,body_close,against_daily,reversal,fresh,retested_2plus,295,5.423728813559322,2.5728813559322035,1.1097861157150095
H1@H4,body_close,against_daily,reversal,mature,retested_2plus,130,123.41538461538461,2.4307692307692306,1.1751484955076852
H1@H4,body_close,against_daily,reversal,old,retested_2plus,90,378.7111111111111,2.688888888888889,1.9039925907577593
H1@H4,body_close,against_daily,reversal,young,retested_1,2,15.5,3.0,0.9354249585762853
H1@H4,body_close,against_daily,reversal,young,retested_2plus,266,30.518796992481203,2.0,0.9950318189354591
H1@H4,body_close,at_transition,continuation,fresh,retested_1,2,9.0,2.0,0.5941286453574564
H1@H4,body_close,at_transition,continuation,fresh,retested_2plus,645,5.775193798449612,1.3984496124031007,0.658878980255127
H1@H4,body_close,at_transition,continuation,mature,retested_2plus,353,100.58923512747876,1.4787535410764872,0.911316405986299
H1@H4,body_close,at_transition,continuation,old,retested_1,1,260.0,1.0,0.27721393034822184
H1@H4,body_close,at_transition,continuation,old,retested_2plus,266,898.6203007518797,1.4699248120300752,1.6788279477697794
H1@H4,body_close,at_transition,continuation,young,first_touch,1,14.0,2.0,0.8972755694506519
H1@H4,body_close,at_transition,continuation,young,retested_1,40,15.075,1.375,0.7211326983785786
H1@H4,body_close,at_transition,continuation,young,retested_2plus,924,25.62121212121212,1.396103896103896,0.7299655503973186
H1@H4,body_close,at_transition,pullback,fresh,retested_2plus,41,8.78048780487805,1.170731707317073,0.6918595133918493
H1@H4,body_close,at_transition,pullback,mature,retested_2plus,167,101.11976047904191,1.4491017964071857,1.0243722241441424
H1@H4,body_close,at_transition,pullback,old,retested_2plus,126,842.8571428571429,1.4285714285714286,1.4405429808655972
H1@H4,body_close,at_transition,pullback,young,retested_1,43,14.953488372093023,1.4186046511627908,0.8944622101521493
H1@H4,body_close,at_transition,pullback,young,retested_2plus,257,28.898832684824903,1.3891050583657587,0.9777494562369915
H1@H4,body_close,at_transition,push,fresh,retested_2plus,2,9.0,1.5,0.8887710821030685
H1@H4,body_close,at_transition,push,mature,retested_2plus,2,59.0,1.5,0.6813013218707631
H1@H4,body_close,at_transition,push,old,retested_2plus,9,3064.1111111111113,1.3333333333333333,0.3818391742141547
H1@H4,body_close,at_transition,push,young,retested_2plus,14,29.642857142857142,1.5,0.36709133845708425
H1@H4,body_close,at_transition,reversal,fresh,retested_2plus,7,6.714285714285714,1.4285714285714286,2.3471203842495783
H1@H4,body_close,at_transition,reversal,mature,retested_2plus,4,149.0,1.25,0.7492893409576534
H1@H4,body_close,at_transition,reversal,old,retested_2plus,3,1586.3333333333333,2.0,0.625715594898937
H1@H4,body_close,at_transition,reversal,young,retested_1,1,18.0,1.0,0.8747754683089293
H1@H4,body_close,at_transition,reversal,young,retested_2plus,18,24.5,1.3333333333333333,0.8784512724076401
H1@H4,body_close,neutral,continuation,fresh,retested_1,419,3.412887828162291,1.3890214797136038,0.7867410975147727
H1@H4,body_close,neutral,continuation,fresh,retested_2plus,7324,5.520207536865101,1.3697433096668488,0.7931646491085981
H1@H4,body_close,neutral,continuation,mature,retested_1,13,112.92307692307692,1.2307692307692308,0.6834383826372746
H1@H4,body_close,neutral,continuation,mature,retested_2plus,3098,98.78760490639122,1.3631375080697223,1.064287890191276
H1@H4,body_close,neutral,continuation,old,retested_1,6,447.3333333333333,1.3333333333333333,1.3855291213229635
H1@H4,body_close,neutral,continuation,old,retested_2plus,2331,951.2209352209352,1.3676533676533678,1.9419408662060698
H1@H4,body_close,neutral,continuation,young,retested_1,97,21.24742268041237,1.422680412371134,0.8887178000054633
H1@H4,body_close,neutral,continuation,young,retested_2plus,8419,24.72312626202637,1.3989785010096212,0.8835441754267412
H1@H4,body_close,neutral,pullback,fresh,retested_1,272,2.676470588235294,1.3713235294117647,0.7148633059541664
H1@H4,body_close,neutral,pullback,fresh,retested_2plus,546,8.448717948717949,1.3241758241758241,0.9751751721106228
H1@H4,body_close,neutral,pullback,mature,retested_1,7,84.28571428571429,1.5714285714285714,0.46600120463995687
H1@H4,body_close,neutral,pullback,mature,retested_2plus,1499,102.22948632421614,1.3655770513675785,1.103132786963222
H1@H4,body_close,neutral,pullback,old,retested_1,1,715.0,1.0,0.7231330104947372
H1@H4,body_close,neutral,pullback,old,retested_2plus,1273,885.6952081696779,1.391987431264729,1.8388604062014904
H1@H4,body_close,neutral,pullback,young,retested_1,32,24.40625,1.375,0.590801113080879
H1@H4,body_close,neutral,pullback,young,retested_2plus,3135,26.712280701754388,1.3655502392344498,1.1018758385028131
H1@H4,body_close,neutral,push,fresh,retested_1,3,6.666666666666667,0.6666666666666666,0.5001703262092655
H1@H4,body_close,neutral,push,fresh,retested_2plus,14,7.428571428571429,0.6428571428571429,0.39512918660109175
H1@H4,body_close,neutral,push,mature,retested_2plus,49,74.08163265306122,1.4285714285714286,0.6464378498721648
H1@H4,body_close,neutral,push,old,retested_1,2,1732.5,1.0,0.23886099877593464
H1@H4,body_close,neutral,push,old,retested_2plus,84,3171.9880952380954,1.1904761904761905,0.558467278695497
H1@H4,body_close,neutral,push,young,retested_2plus,54,34.833333333333336,1.537037037037037,0.6596640655507814
H1@H4,body_close,neutral,reversal,fresh,retested_1,5,3.0,1.0,1.0630075130885186
H1@H4,body_close,neutral,reversal,fresh,retested_2plus,52,6.634615384615385,1.0769230769230769,0.8423564197547179
H1@H4,body_close,neutral,reversal,mature,retested_2plus,61,107.50819672131148,1.1475409836065573,0.5416450441741963
H1@H4,body_close,neutral,reversal,old,retested_2plus,32,1793.1875,1.40625,0.5660204910720161
H1@H4,body_close,neutral,reversal,young,retested_2plus,253,24.438735177865613,1.4624505928853755,0.9638827638130965
H1@H4,body_close,with_daily,continuation,fresh,first_touch,1,2.0,1.0,0.4329454990814155
H1@H4,body_close,with_daily,continuation,fresh,retested_1,603,3.1359867330016584,2.3466003316749586,0.6450309911767086
H1@H4,body_close,with_daily,continuation,fresh,retested_2plus,7385,5.24062288422478,2.2148950575490858,0.6777547910861685
H1@H4,body_close,with_daily,continuation,mature,retested_1,10,81.8,1.7,0.5207076626652078
H1@H4,body_close,with_daily,continuation,mature,retested_2plus,1519,101.02501645819618,1.6346280447662935,1.2596348269434525
H1@H4,body_close,with_daily,continuation,old,retested_1,5,589.2,1.6,0.6947939952804476
H1@H4,body_close,with_daily,continuation,old,retested_2plus,1192,803.7558724832214,1.5687919463087248,1.9695766196097615
H1@H4,body_close,with_daily,continuation,young,retested_1,135,19.074074074074073,2.3407407407407406,0.7004689287974079
H1@H4,body_close,with_daily,continuation,young,retested_2plus,7556,22.09449444150344,2.066701958708311,0.8038694233112434
H1@H4,body_close,with_daily,pullback,fresh,retested_1,276,2.5760869565217392,1.894927536231884,0.6731492912383622
H1@H4,body_close,with_daily,pullback,fresh,retested_2plus,267,8.355805243445692,1.655430711610487,0.8307003775123072
H1@H4,body_close,with_daily,pullback,mature,retested_1,3,106.0,2.0,0.6069628813472814
H1@H4,body_close,with_daily,pullback,mature,retested_2plus,1049,105.5252621544328,1.8398474737845567,1.5231958365405533
H1@H4,body_close,with_daily,pullback,old,retested_1,1,222.0,1.0,0.4270201213668882
H1@H4,body_close,with_daily,pullback,old,retested_2plus,1105,859.6162895927602,1.8841628959276018,2.429215486195312
H1@H4,body_close,with_daily,pullback,young,retested_1,44,19.136363636363637,2.25,0.6437749535886781
H1@H4,body_close,with_daily,pullback,young,retested_2plus,2710,27.217343173431733,1.9269372693726938,1.179705729712471
H1@H4,body_close,with_daily,push,fresh,retested_1,2,7.5,1.5,0.9834740337717389
H1@H4,body_close,with_daily,push,fresh,retested_2plus,53,7.283018867924528,2.5283018867924527,0.5119300197136402
H1@H4,body_close,with_daily,push,mature,retested_2plus,11,129.27272727272728,1.3636363636363635,0.6475639051363482
H1@H4,body_close,with_daily,push,old,retested_1,1,588.0,3.0,0.003781739600240937
H1@H4,body_close,with_daily,push,old,retested_2plus,40,1233.45,1.1,0.5921839301305718
H1@H4,body_close,with_daily,push,young,retested_1,1,20.0,2.0,2.4240282685512975
H1@H4,body_close,with_daily,push,young,retested_2plus,130,23.392307692307693,2.476923076923077,0.6232291044911037
H1@H4,body_close,with_daily,reversal,mature,retested_2plus,17,152.76470588235293,1.0,1.0860996534027267
H1@H4,body_close,with_daily,reversal,old,retested_2plus,4,3805.5,2.5,1.324556298904694
H1@H4,body_close,with_daily,reversal,young,retested_2plus,133,27.81954887218045,2.1954887218045114,0.9401399530172881
H1@H4,break_through,against_daily,continuation,fresh,first_touch,28,2.642857142857143,1.8214285714285714,1.5878096768065877
H1@H4,break_through,against_daily,continuation,young,first_touch,3,16.666666666666668,1.3333333333333333,2.13014359373723
H1@H4,break_through,against_daily,pullback,fresh,first_touch,42,2.5952380952380953,2.0476190476190474,1.7125716592195748
H1@H4,break_through,against_daily,pullback,young,first_touch,2,15.5,3.0,1.0255722038697663
H1@H4,break_through,against_daily,reversal,fresh,first_touch,1,2.0,1.0,1.2813516443801547
H1@H4,break_through,at_transition,continuation,young,first_touch,2,14.5,1.0,1.2117146465576538
H1@H4,break_through,at_transition,pullback,young,first_touch,2,15.0,1.5,2.1352130591478353
H1@H4,break_through,neutral,continuation,fresh,first_touch,25,2.92,1.24,1.7656382962125365
H1@H4,break_through,neutral,continuation,young,first_touch,2,14.0,2.0,0.9635344245085181
H1@H4,break_through,neutral,pullback,fresh,first_touch,24,2.7916666666666665,1.2916666666666667,1.7436696333136386
H1@H4,break_through,with_daily,continuation,fresh,first_touch,50,2.16,2.4,1.769322038007567
H1@H4,break_through,with_daily,continuation,young,first_touch,3,15.0,2.0,1.3922910181447523
H1@H4,break_through,with_daily,pullback,fresh,first_touch,35,2.5142857142857142,2.0285714285714285,1.8859982304899383
H1@H4,near_miss,against_daily,continuation,fresh,first_touch,926,3.7062634989200864,2.2159827213822894,2.031573131398275
H1@H4,near_miss,against_daily,continuation,fresh,retested_1,411,4.038929440389294,2.0924574209245743,2.130301001384212
H1@H4,near_miss,against_daily,continuation,fresh,retested_2plus,1868,5.514453961456103,2.225374732334047,2.168597577462077
H1@H4,near_miss,against_daily,continuation,mature,first_touch,97,93.73195876288659,2.1443298969072164,1.8625311806652851
H1@H4,near_miss,against_daily,continuation,mature,retested_1,78,86.12820512820512,2.4871794871794872,1.9527873475485973
H1@H4,near_miss,against_daily,continuation,mature,retested_2plus,1725,104.33797101449275,2.2973913043478262,2.176282668304146
H1@H4,near_miss,against_daily,continuation,old,first_touch,84,538.6666666666666,2.119047619047619,2.154419655286335
H1@H4,near_miss,against_daily,continuation,old,retested_1,62,568.1935483870968,2.661290322580645,2.381150236648679
H1@H4,near_miss,against_daily,continuation,old,retested_2plus,1710,773.2502923976608,2.467251461988304,2.5968279671316976
H1@H4,near_miss,against_daily,continuation,young,first_touch,209,21.373205741626794,2.1148325358851676,2.1599727289775283
H1@H4,near_miss,against_daily,continuation,young,retested_1,136,23.78676470588235,1.9338235294117647,2.1885325680380485
H1@H4,near_miss,against_daily,continuation,young,retested_2plus,1848,30.510281385281385,1.7884199134199135,2.2598912177719788
H1@H4,near_miss,against_daily,pullback,fresh,first_touch,167,2.92814371257485,2.3233532934131738,1.9458389951652288
H1@H4,near_miss,against_daily,pullback,fresh,retested_1,3,8.666666666666666,2.3333333333333335,2.7865403934491133
H1@H4,near_miss,against_daily,pullback,fresh,retested_2plus,275,7.5636363636363635,2.370909090909091,2.1460375785092745
H1@H4,near_miss,against_daily,pullback,mature,first_touch,20,99.6,2.1,1.6213782606338136
H1@H4,near_miss,against_daily,pullback,mature,retested_1,22,105.5909090909091,2.1818181818181817,2.159356221868919
H1@H4,near_miss,against_daily,pullback,mature,retested_2plus,1047,108.73352435530086,2.248328557784145,2.2753841709617193
H1@H4,near_miss,against_daily,pullback,old,first_touch,22,567.5454545454545,2.3636363636363638,2.118238438207508
H1@H4,near_miss,against_daily,pullback,old,retested_1,9,528.8888888888889,1.7777777777777777,2.0031371327444885
H1@H4,near_miss,against_daily,pullback,old,retested_2plus,1067,782.0468603561387,2.484536082474227,2.4501702184272904
H1@H4,near_miss,against_daily,pullback,young,first_touch,29,24.862068965517242,1.8620689655172413,2.19522106576079
H1@H4,near_miss,against_daily,pullback,young,retested_1,5,37.2,1.6,1.8726834124730112
H1@H4,near_miss,against_daily,pullback,young,retested_2plus,771,33.92866407263294,1.7717250324254215,2.39257565957926
H1@H4,near_miss,against_daily,push,mature,first_touch,2,58.0,1.0,1.9410275364609986
H1@H4,near_miss,against_daily,push,mature,retested_2plus,18,99.72222222222223,2.0,1.5986768859993523
H1@H4,near_miss,against_daily,push,old,first_touch,1,1285.0,3.0,1.2508311170213022
H1@H4,near_miss,against_daily,push,old,retested_2plus,39,2028.5641025641025,2.0256410256410255,2.147320993415841
H1@H4,near_miss,against_daily,push,young,retested_2plus,27,31.814814814814813,1.8148148148148149,2.131648286982027
H1@H4,near_miss,against_daily,reversal,fresh,first_touch,25,4.56,2.8,1.9287107061320967
H1@H4,near_miss,against_daily,reversal,fresh,retested_1,15,3.6,2.6,2.0068248112998774
H1@H4,near_miss,against_daily,reversal,fresh,retested_2plus,65,5.815384615384615,2.5538461538461537,2.309662580277604
H1@H4,near_miss,against_daily,reversal,mature,first_touch,1,76.0,3.0,2.5658914728682465
H1@H4,near_miss,against_daily,reversal,mature,retested_1,7,79.28571428571429,2.857142857142857,2.2453479093359423
H1@H4,near_miss,against_daily,reversal,mature,retested_2plus,73,117.47945205479452,2.164383561643836,2.4680648464478834
H1@H4,near_miss,against_daily,reversal,old,retested_2plus,12,2597.25,1.75,3.1471132069719725
H1@H4,near_miss,against_daily,reversal,young,retested_1,6,17.166666666666668,3.0,2.1289760310807826
H1@H4,near_miss,against_daily,reversal,young,retested_2plus,22,33.36363636363637,1.8181818181818181,2.6805426090177495
H1@H4,near_miss,at_transition,continuation,fresh,first_touch,55,3.727272727272727,1.4,1.82768742403907
H1@H4,near_miss,at_transition,continuation,fresh,retested_1,22,4.318181818181818,1.4090909090909092,1.7246992618263413
H1@H4,near_miss,at_transition,continuation,fresh,retested_2plus,138,6.833333333333333,1.4130434782608696,1.5047446590698144
H1@H4,near_miss,at_transition,continuation,mature,first_touch,4,94.25,1.75,1.5101195968811065
H1@H4,near_miss,at_transition,continuation,mature,retested_2plus,85,102.91764705882353,1.4352941176470588,1.9070471615208553
H1@H4,near_miss,at_transition,continuation,old,first_touch,3,526.6666666666666,2.0,4.415226491776216
H1@H4,near_miss,at_transition,continuation,old,retested_1,1,278.0,2.0,1.5380281690140993
H1@H4,near_miss,at_transition,continuation,old,retested_2plus,72,845.9166666666666,1.4305555555555556,2.4676796739522695
H1@H4,near_miss,at_transition,continuation,young,first_touch,20,16.0,1.4,1.7307372323683647
H1@H4,near_miss,at_transition,continuation,young,retested_1,18,19.77777777777778,1.2777777777777777,1.7424683344286784
H1@H4,near_miss,at_transition,continuation,young,retested_2plus,215,26.29767441860465,1.3953488372093024,1.7360480401107303
H1@H4,near_miss,at_transition,pullback,fresh,retested_2plus,18,8.277777777777779,1.2222222222222223,1.7857385059446536
H1@H4,near_miss,at_transition,pullback,mature,first_touch,1,78.0,1.0,1.7979890310785507
H1@H4,near_miss,at_transition,pullback,mature,retested_1,2,66.5,1.5,1.3301767225868615
H1@H4,near_miss,at_transition,pullback,mature,retested_2plus,69,99.52173913043478,1.4202898550724639,1.9904790959485594
H1@H4,near_miss,at_transition,pullback,old,first_touch,1,387.0,2.0,2.0129240710823835
H1@H4,near_miss,at_transition,pullback,old,retested_2plus,51,774.0784313725491,1.4901960784313726,2.677688426398172
H1@H4,near_miss,at_transition,pullback,young,first_touch,6,14.5,1.6666666666666667,1.5111492200938077
H1@H4,near_miss,at_transition,pullback,young,retested_1,1,43.0,1.0,1.1167023554605435
H1@H4,near_miss,at_transition,pullback,young,retested_2plus,109,29.889908256880734,1.4403669724770642,1.9656868309271205
H1@H4,near_miss,at_transition,push,mature,retested_2plus,1,170.0,2.0,1.5214071448049917
H1@H4,near_miss,at_transition,push,old,retested_2plus,2,904.5,2.0,1.5470921757614102
H1@H4,near_miss,at_transition,push,young,retested_2plus,1,33.0,2.0,2.327302100161545
H1@H4,near_miss,at_transition,reversal,fresh,retested_2plus,2,9.0,1.0,2.126188813233526
H1@H4,near_miss,at_transition,reversal,mature,retested_2plus,3,98.0,1.6666666666666667,1.2632591761454852
H1@H4,near_miss,at_transition,reversal,old,retested_2plus,1,3727.0,1.0,2.4441860465117524
H1@H4,near_miss,at_transition,reversal,young,retested_2plus,5,29.6,1.6,1.7032372694876017
H1@H4,near_miss,neutral,continuation,fresh,first_touch,553,3.8933092224231465,1.3652802893309222,2.0035391678604553
H1@H4,near_miss,neutral,continuation,fresh,retested_1,257,4.400778210116732,1.4280155642023347,1.9963544626268164
H1@H4,near_miss,neutral,continuation,fresh,retested_2plus,1239,6.02502017756255,1.3623890234059726,2.0600518177450695
H1@H4,near_miss,neutral,continuation,mature,first_touch,36,108.77777777777777,1.3888888888888888,1.7726312336122776
H1@H4,near_miss,neutral,continuation,mature,retested_1,15,101.66666666666667,1.4666666666666666,1.7943007251678262
H1@H4,near_miss,neutral,continuation,mature,retested_2plus,696,102.37068965517241,1.4324712643678161,2.3844624887044437
H1@H4,near_miss,neutral,continuation,old,first_touch,24,609.3333333333334,1.4583333333333333,1.9606841475747263
H1@H4,near_miss,neutral,continuation,old,retested_1,10,718.0,1.1,2.526427872285489
H1@H4,near_miss,neutral,continuation,old,retested_2plus,523,854.0344168260038,1.4416826003824093,2.7850374124580126
H1@H4,near_miss,neutral,continuation,young,first_touch,188,21.94148936170213,1.5319148936170213,2.184344199924802
H1@H4,near_miss,neutral,continuation,young,retested_1,113,21.4070796460177,1.4336283185840708,2.17394573526157
H1@H4,near_miss,neutral,continuation,young,retested_2plus,1642,25.1163215590743,1.420828258221681,2.1874094103749955
H1@H4,near_miss,neutral,pullback,fresh,first_touch,95,2.610526315789474,1.3157894736842106,1.9585199218811566
H1@H4,near_miss,neutral,pullback,fresh,retested_1,2,9.5,1.5,1.983178577158879
H1@H4,near_miss,neutral,pullback,fresh,retested_2plus,163,8.478527607361963,1.343558282208589,2.352042321706595
H1@H4,near_miss,neutral,pullback,mature,first_touch,10,86.7,1.2,2.1551717857093773
H1@H4,near_miss,neutral,pullback,mature,retested_1,21,92.47619047619048,1.5238095238095237,1.8147710426655859
H1@H4,near_miss,neutral,pullback,mature,retested_2plus,547,97.43692870201097,1.4606946983546618,2.4965776184101784
H1@H4,near_miss,neutral,pullback,old,first_touch,2,331.0,1.0,2.647963225391906
H1@H4,near_miss,neutral,pullback,old,retested_1,8,522.0,1.875,1.6690676202680967
H1@H4,near_miss,neutral,pullback,old,retested_2plus,402,800.2313432835821,1.4751243781094527,3.057333624174362
H1@H4,near_miss,neutral,pullback,young,first_touch,17,22.294117647058822,1.3529411764705883,2.5232897520835236
H1@H4,near_miss,neutral,pullback,young,retested_1,11,32.54545454545455,1.4545454545454546,2.2354296265920284
H1@H4,near_miss,neutral,pullback,young,retested_2plus,1032,27.36143410852713,1.3963178294573644,2.4056300371286508
H1@H4,near_miss,neutral,push,fresh,first_touch,1,5.0,0.0,1.2598752598751926
H1@H4,near_miss,neutral,push,mature,first_touch,1,173.0,2.0,1.1428959521868698
H1@H4,near_miss,neutral,push,mature,retested_2plus,16,75.3125,1.6875,1.7250956050309205
H1@H4,near_miss,neutral,push,old,first_touch,1,1472.0,1.0,1.930978387171743
H1@H4,near_miss,neutral,push,old,retested_1,4,1472.75,1.0,1.5915823644342715
H1@H4,near_miss,neutral,push,old,retested_2plus,19,1891.4736842105262,1.1578947368421053,1.4886279492617092
H1@H4,near_miss,neutral,push,young,retested_2plus,9,31.444444444444443,1.7777777777777777,2.206908388633026
H1@H4,near_miss,neutral,reversal,fresh,first_touch,4,3.25,1.25,1.8003709025992158
H1@H4,near_miss,neutral,reversal,fresh,retested_1,3,4.0,0.0,1.6691347224069506
H1@H4,near_miss,neutral,reversal,fresh,retested_2plus,5,9.6,1.4,5.282694758105485
H1@H4,near_miss,neutral,reversal,mature,first_touch,4,86.75,1.0,1.6726147657692274
H1@H4,near_miss,neutral,reversal,mature,retested_1,4,88.0,1.0,1.5720479989114162
H1@H4,near_miss,neutral,reversal,mature,retested_2plus,29,114.06896551724138,1.206896551724138,1.6710837573213395
H1@H4,near_miss,neutral,reversal,old,retested_2plus,6,1451.3333333333333,1.0,2.1551391665463933
H1@H4,near_miss,neutral,reversal,young,first_touch,1,48.0,1.0,2.7068145800318137
H1@H4,near_miss,neutral,reversal,young,retested_1,4,21.0,2.0,4.424225970655055
H1@H4,near_miss,neutral,reversal,young,retested_2plus,35,25.885714285714286,1.6857142857142857,2.965953915959138
H1@H4,near_miss,with_daily,continuation,fresh,first_touch,759,4.019762845849803,2.147562582345191,1.9026244208499212
H1@H4,near_miss,with_daily,continuation,fresh,retested_1,374,4.390374331550802,2.235294117647059,1.888501198860999
H1@H4,near_miss,with_daily,continuation,fresh,retested_2plus,1342,6.028315946348733,2.1467958271236958,1.8907238282965402
H1@H4,near_miss,with_daily,continuation,mature,first_touch,25,96.4,1.68,1.893595992144701
H1@H4,near_miss,with_daily,continuation,mature,retested_1,4,68.0,1.5,2.454673391896937
H1@H4,near_miss,with_daily,continuation,mature,retested_2plus,500,106.362,1.794,2.378231611758119
H1@H4,near_miss,with_daily,continuation,old,first_touch,10,615.5,1.5,1.5899448396441218
H1@H4,near_miss,with_daily,continuation,old,retested_1,2,523.5,2.0,2.3810397855117778
H1@H4,near_miss,with_daily,continuation,old,retested_2plus,401,766.1496259351621,1.6134663341645885,2.822815795667792
H1@H4,near_miss,with_daily,continuation,young,first_touch,300,20.703333333333333,2.29,1.8953382673804247
H1@H4,near_miss,with_daily,continuation,young,retested_1,198,20.02020202020202,2.3282828282828283,2.0038538639840993
H1@H4,near_miss,with_daily,continuation,young,retested_2plus,2152,23.076208178438662,2.157992565055762,2.1194531108100483
H1@H4,near_miss,with_daily,pullback,fresh,first_touch,86,2.5813953488372094,1.9651162790697674,1.868165659752876
H1@H4,near_miss,with_daily,pullback,fresh,retested_1,2,8.5,1.5,1.3516942530870342
H1@H4,near_miss,with_daily,pullback,fresh,retested_2plus,93,8.655913978494624,1.7526881720430108,2.245387295190182
H1@H4,near_miss,with_daily,pullback,mature,first_touch,2,103.0,2.5,2.2850929556716904
H1@H4,near_miss,with_daily,pullback,mature,retested_1,4,116.0,1.25,2.204723123895435
H1@H4,near_miss,with_daily,pullback,mature,retested_2plus,436,99.47935779816514,1.8738532110091743,2.5096698237408783
H1@H4,near_miss,with_daily,pullback,old,first_touch,3,1079.3333333333333,1.0,1.7246576734216648
H1@H4,near_miss,with_daily,pullback,old,retested_1,5,709.2,1.0,2.3230686754572085
H1@H4,near_miss,with_daily,pullback,old,retested_2plus,321,894.9096573208723,1.8629283489096573,3.0598940525690934
H1@H4,near_miss,with_daily,pullback,young,first_touch,38,24.894736842105264,2.3421052631578947,2.3601645577077788
H1@H4,near_miss,with_daily,pullback,young,retested_1,20,26.1,2.1,1.9222670332479965
H1@H4,near_miss,with_daily,pullback,young,retested_2plus,1146,27.513089005235603,1.9703315881326353,2.4157740951730213
H1@H4,near_miss,with_daily,push,fresh,retested_2plus,16,8.8125,2.5,1.6251841114462737
H1@H4,near_miss,with_daily,push,mature,first_touch,6,153.5,1.0,1.3157157703035327
H1@H4,near_miss,with_daily,push,mature,retested_1,1,159.0,1.0,1.7717739068611176
H1@H4,near_miss,with_daily,push,mature,retested_2plus,7,152.71428571428572,1.5714285714285714,1.5515966291321932
H1@H4,near_miss,with_daily,push,old,first_touch,1,588.0,3.0,1.9226133840786679
H1@H4,near_miss,with_daily,push,old,retested_2plus,3,896.3333333333334,2.3333333333333335,1.5149656342164457
H1@H4,near_miss,with_daily,push,young,first_touch,1,33.0,3.0,1.3611111111111012
H1@H4,near_miss,with_daily,push,young,retested_1,5,18.4,2.8,1.6454102029628248
H1@H4,near_miss,with_daily,push,young,retested_2plus,41,24.097560975609756,2.3902439024390243,2.008260425243799
H1@H4,near_miss,with_daily,reversal,fresh,retested_2plus,4,8.75,1.0,2.3611792113650503
H1@H4,near_miss,with_daily,reversal,mature,retested_1,6,98.5,1.0,1.9560958873219436
H1@H4,near_miss,with_daily,reversal,mature,retested_2plus,8,146.125,2.0,2.3643005267630466
H1@H4,near_miss,with_daily,reversal,old,retested_2plus,5,3766.6,3.0,2.012092285028887
H1@H4,near_miss,with_daily,reversal,young,retested_1,4,14.25,1.0,2.3760156905002816
H1@H4,near_miss,with_daily,reversal,young,retested_2plus,54,27.962962962962962,1.962962962962963,2.812766294939205
H1@H4,wick_touch,against_daily,continuation,fresh,retested_1,453,3.706401766004415,2.1766004415011038,1.80437765180657
H1@H4,wick_touch,against_daily,continuation,fresh,retested_2plus,3099,5.081961923201033,2.24459503065505,1.9741512239495673
H1@H4,wick_touch,against_daily,continuation,mature,retested_1,57,91.40350877192982,2.3157894736842106,1.5171557816609442
H1@H4,wick_touch,against_daily,continuation,mature,retested_2plus,1985,103.38589420654912,2.2916876574307303,1.975390990742861
H1@H4,wick_touch,against_daily,continuation,old,retested_1,44,693.0454545454545,2.3636363636363638,2.1250464816224546
H1@H4,wick_touch,against_daily,continuation,old,retested_2plus,1828,744.2532822757112,2.4157549234135667,2.3795356647439645
H1@H4,wick_touch,against_daily,continuation,young,retested_1,93,24.258064516129032,2.064516129032258,1.8552512964448462
H1@H4,wick_touch,against_daily,continuation,young,retested_2plus,2270,29.451982378854627,1.8273127753303964,2.0127415060501175
H1@H4,wick_touch,against_daily,pullback,fresh,retested_1,200,2.85,2.24,1.7942440745833392
H1@H4,wick_touch,against_daily,pullback,fresh,retested_2plus,267,7.531835205992509,2.4194756554307117,2.0171517490718527
H1@H4,wick_touch,against_daily,pullback,mature,retested_1,11,114.9090909090909,2.0,1.7191485852406339
H1@H4,wick_touch,against_daily,pullback,mature,retested_2plus,980,105.2265306122449,2.204081632653061,2.0973940494740475
H1@H4,wick_touch,against_daily,pullback,old,retested_1,11,777.2727272727273,2.5454545454545454,1.5417644222151383
H1@H4,wick_touch,against_daily,pullback,old,retested_2plus,966,851.8778467908903,2.388198757763975,2.2019401129698455
H1@H4,wick_touch,against_daily,pullback,young,retested_1,36,19.97222222222222,2.0277777777777777,1.681618154868601
H1@H4,wick_touch,against_daily,pullback,young,retested_2plus,751,32.81491344873502,1.8002663115845539,2.1600126597978186
H1@H4,wick_touch,against_daily,push,mature,retested_1,1,92.0,2.0,2.998502246630128
H1@H4,wick_touch,against_daily,push,mature,retested_2plus,26,130.0,2.269230769230769,1.5549208932084153
H1@H4,wick_touch,against_daily,push,old,retested_1,1,925.0,2.0,0.46044444444442434
H1@H4,wick_touch,against_daily,push,old,retested_2plus,30,1964.6333333333334,2.1,1.6202048201249988
H1@H4,wick_touch,against_daily,push,young,retested_1,1,48.0,1.0,0.42451402630659296
H1@H4,wick_touch,against_daily,push,young,retested_2plus,23,29.08695652173913,1.6956521739130435,1.9252826073514184
H1@H4,wick_touch,against_daily,reversal,fresh,retested_1,15,3.533333333333333,2.2666666666666666,1.8401935804194232
H1@H4,wick_touch,against_daily,reversal,fresh,retested_2plus,64,5.3125,2.46875,2.083079852925228
H1@H4,wick_touch,against_daily,reversal,mature,retested_1,1,76.0,3.0,1.9375218150087197
H1@H4,wick_touch,against_daily,reversal,mature,retested_2plus,70,128.88571428571427,2.257142857142857,2.2497927972180847
H1@H4,wick_touch,against_daily,reversal,old,retested_2plus,20,1382.1,2.1,3.4644134567877742
H1@H4,wick_touch,against_daily,reversal,young,retested_1,2,27.5,2.0,1.8315030918551867
H1@H4,wick_touch,against_daily,reversal,young,retested_2plus,32,30.75,2.125,2.4870394526243595
H1@H4,wick_touch,at_transition,continuation,fresh,retested_1,9,4.888888888888889,1.2222222222222223,1.643262910264478
H1@H4,wick_touch,at_transition,continuation,fresh,retested_2plus,112,5.803571428571429,1.4821428571428572,1.3352149352329785
H1@H4,wick_touch,at_transition,continuation,mature,retested_2plus,52,101.73076923076923,1.4423076923076923,1.4042980418295128
H1@H4,wick_touch,at_transition,continuation,old,retested_2plus,37,869.1081081081081,1.5405405405405406,1.8158343069709122
H1@H4,wick_touch,at_transition,continuation,young,retested_1,9,19.444444444444443,1.4444444444444444,1.7517135798082935
H1@H4,wick_touch,at_transition,continuation,young,retested_2plus,167,24.15568862275449,1.377245508982036,1.4861447784081168
H1@H4,wick_touch,at_transition,pullback,fresh,retested_2plus,15,8.666666666666666,1.3333333333333333,1.3649810322653964
H1@H4,wick_touch,at_transition,pullback,mature,retested_2plus,28,100.78571428571429,1.4642857142857142,1.550129677411155
H1@H4,wick_touch,at_transition,pullback,old,retested_2plus,23,783.9565217391304,1.391304347826087,1.9234015893149663
H1@H4,wick_touch,at_transition,pullback,young,retested_1,4,16.75,1.25,1.7933647691239096
H1@H4,wick_touch,at_transition,pullback,young,retested_2plus,57,28.19298245614035,1.4210526315789473,1.7041132783477337
H1@H4,wick_touch,at_transition,push,old,retested_2plus,1,603.0,1.0,0.9508122743682942
H1@H4,wick_touch,at_transition,push,young,retested_2plus,1,16.0,1.0,1.5688769268412064
H1@H4,wick_touch,at_transition,reversal,mature,retested_2plus,1,170.0,1.0,1.4861833105335618
H1@H4,wick_touch,at_transition,reversal,old,retested_2plus,1,3835.0,2.0,2.338313767342652
H1@H4,wick_touch,at_transition,reversal,young,retested_2plus,5,27.2,1.8,2.2936837967535535
H1@H4,wick_touch,neutral,continuation,fresh,retested_1,295,3.6915254237288138,1.3898305084745763,1.6853248859689596
H1@H4,wick_touch,neutral,continuation,fresh,retested_2plus,2087,5.453761379971251,1.3775754671777671,1.8892247138174991
H1@H4,wick_touch,neutral,continuation,mature,retested_1,23,98.6086956521739,1.2608695652173914,1.7024845595822171
H1@H4,wick_touch,neutral,continuation,mature,retested_2plus,722,99.88365650969529,1.4099722991689752,2.037110252135168
H1@H4,wick_touch,neutral,continuation,old,retested_1,12,653.0,1.1666666666666667,1.5976676620712649
H1@H4,wick_touch,neutral,continuation,old,retested_2plus,528,797.0984848484849,1.4450757575757576,2.6235986037549264
H1@H4,wick_touch,neutral,continuation,young,retested_1,76,23.894736842105264,1.5263157894736843,1.6642722695111056
H1@H4,wick_touch,neutral,continuation,young,retested_2plus,2068,24.203094777562864,1.4168278529980658,1.9966681738624017
H1@H4,wick_touch,neutral,pullback,fresh,retested_1,108,2.8796296296296298,1.4444444444444444,1.70452925239609
H1@H4,wick_touch,neutral,pullback,fresh,retested_2plus,168,8.220238095238095,1.3095238095238095,2.067818711246673
H1@H4,wick_touch,neutral,pullback,mature,retested_1,4,94.25,1.25,1.4521992341593992
H1@H4,wick_touch,neutral,pullback,mature,retested_2plus,528,98.59280303030303,1.393939393939394,2.1998965930456804
H1@H4,wick_touch,neutral,pullback,old,retested_1,8,663.75,1.625,1.3558627729364063
H1@H4,wick_touch,neutral,pullback,old,retested_2plus,327,918.3853211009174,1.3761467889908257,2.928810565718615
H1@H4,wick_touch,neutral,pullback,young,retested_1,19,22.736842105263158,1.105263157894737,1.7000544827144473
H1@H4,wick_touch,neutral,pullback,young,retested_2plus,965,26.784455958549223,1.378238341968912,2.269271481044623
H1@H4,wick_touch,neutral,push,fresh,retested_1,1,10.0,1.0,1.689655172413873
H1@H4,wick_touch,neutral,push,fresh,retested_2plus,3,8.333333333333334,0.6666666666666666,1.4267522006221511
H1@H4,wick_touch,neutral,push,mature,retested_1,2,130.5,2.0,1.246474080509718
H1@H4,wick_touch,neutral,push,mature,retested_2plus,14,87.35714285714286,1.6428571428571428,1.3645948246565542
H1@H4,wick_touch,neutral,push,old,retested_1,1,1472.0,1.0,1.8052879229217804
H1@H4,wick_touch,neutral,push,old,retested_2plus,28,2477.8214285714284,1.2142857142857142,1.161194081204192
H1@H4,wick_touch,neutral,push,young,retested_2plus,15,27.933333333333334,1.2666666666666666,1.0874754073555652
H1@H4,wick_touch,neutral,reversal,fresh,retested_1,2,3.5,0.5,1.507997657024426
H1@H4,wick_touch,neutral,reversal,fresh,retested_2plus,14,6.714285714285714,1.0714285714285714,2.9936220917692
H1@H4,wick_touch,neutral,reversal,mature,retested_1,1,87.0,1.0,1.9085383502170936
H1@H4,wick_touch,neutral,reversal,mature,retested_2plus,27,110.74074074074075,1.1481481481481481,1.476311044592506
H1@H4,wick_touch,neutral,reversal,old,retested_2plus,3,2696.6666666666665,1.0,1.7830909088611306
H1@H4,wick_touch,neutral,reversal,young,retested_1,1,20.0,2.0,4.14031456953652
H1@H4,wick_touch,neutral,reversal,young,retested_2plus,43,27.558139534883722,1.4883720930232558,2.7542361969835985
H1@H4,wick_touch,with_daily,continuation,fresh,retested_1,411,3.880778588807786,2.167883211678832,1.519214462554251
H1@H4,wick_touch,with_daily,continuation,fresh,retested_2plus,2376,5.4132996632996635,2.1856060606060606,1.6817094621336022
H1@H4,wick_touch,with_daily,continuation,mature,retested_1,7,106.85714285714286,1.2857142857142858,1.270901012133422
H1@H4,wick_touch,with_daily,continuation,mature,retested_2plus,486,104.90123456790124,1.7448559670781894,2.1659978201668086
H1@H4,wick_touch,with_daily,continuation,old,retested_1,4,800.5,1.75,3.0707023412971832
H1@H4,wick_touch,with_daily,continuation,old,retested_2plus,374,740.0133689839572,1.6684491978609626,2.73926799708857
H1@H4,wick_touch,with_daily,continuation,young,retested_1,159,20.371069182389938,2.2955974842767297,1.6495941786044144
H1@H4,wick_touch,with_daily,continuation,young,retested_2plus,2523,22.32659532302814,2.12405866032501,1.8625766175822909
H1@H4,wick_touch,with_daily,pullback,fresh,retested_1,121,2.669421487603306,2.12396694214876,1.6885628502431693
H1@H4,wick_touch,with_daily,pullback,fresh,retested_2plus,88,8.738636363636363,1.5568181818181819,1.7924437625808052
H1@H4,wick_touch,with_daily,pullback,mature,retested_1,2,109.0,2.0,1.067377957458014
H1@H4,wick_touch,with_daily,pullback,mature,retested_2plus,365,102.55616438356165,1.8136986301369864,2.436188430764945
H1@H4,wick_touch,with_daily,pullback,old,retested_1,4,423.0,2.0,1.6070253067496467
H1@H4,wick_touch,with_daily,pullback,old,retested_2plus,280,735.1428571428571,1.8642857142857143,3.4509853328107045
H1@H4,wick_touch,with_daily,pullback,young,retested_1,24,22.625,2.4166666666666665,1.9724007470873854
H1@H4,wick_touch,with_daily,pullback,young,retested_2plus,1039,26.214629451395574,1.8142444658325312,2.3238539683563513
H1@H4,wick_touch,with_daily,push,fresh,retested_1,1,10.0,1.0,1.1379968188115432
H1@H4,wick_touch,with_daily,push,fresh,retested_2plus,4,9.0,1.75,1.306508552424728
H1@H4,wick_touch,with_daily,push,mature,retested_1,1,155.0,1.0,1.0219328307059747
H1@H4,wick_touch,with_daily,push,mature,retested_2plus,5,159.2,1.0,1.240252138005451
H1@H4,wick_touch,with_daily,push,old,retested_2plus,12,1090.5833333333333,1.6666666666666667,1.7148069440256792
H1@H4,wick_touch,with_daily,push,young,retested_1,2,15.0,2.5,1.7438419691314537
H1@H4,wick_touch,with_daily,push,young,retested_2plus,46,23.630434782608695,2.3260869565217392,1.7067870151264375
H1@H4,wick_touch,with_daily,reversal,mature,retested_1,2,132.0,1.0,1.898035472798376
H1@H4,wick_touch,with_daily,reversal,mature,retested_2plus,7,96.71428571428571,1.0,2.9198579017945256
H1@H4,wick_touch,with_daily,reversal,old,retested_2plus,2,3759.0,3.0,2.4775959802830694
H1@H4,wick_touch,with_daily,reversal,young,retested_2plus,32,25.96875,2.1875,2.229580526306207
M15@H1,body_close,against_daily,continuation,fresh,first_touch,3,4.666666666666667,2.0,0.8537997990878591
M15@H1,body_close,against_daily,continuation,fresh,retested_1,877,3.2725199543899657,2.241733181299886,0.7389931941457893
M15@H1,body_close,against_daily,continuation,fresh,retested_2plus,14036,5.467725847819891,2.1918637788543744,0.8662524528851535
M15@H1,body_close,against_daily,continuation,mature,first_touch,1,51.0,3.0,0.8851913477533909
M15@H1,body_close,against_daily,continuation,mature,retested_1,44,90.3409090909091,1.8863636363636365,1.0639474169732412
M15@H1,body_close,against_daily,continuation,mature,retested_2plus,8521,112.72057270273442,1.9399131557328952,1.5271743841676348
M15@H1,body_close,against_daily,continuation,old,retested_1,32,911.59375,2.125,0.5631582883238732
M15@H1,body_close,against_daily,continuation,old,retested_2plus,8094,793.9007907091673,2.301704966641957,1.6686471200597313
M15@H1,body_close,against_daily,continuation,young,retested_1,59,21.779661016949152,2.2033898305084745,0.7285475002474887
M15@H1,body_close,against_daily,continuation,young,retested_2plus,7613,20.10114278208328,2.1268882175226587,1.1120254859515222
M15@H1,body_close,against_daily,pullback,fresh,first_touch,1,7.0,1.0,1.6164383561647881
M15@H1,body_close,against_daily,pullback,fresh,retested_1,470,2.6042553191489364,2.202127659574468,0.6465324234852764
M15@H1,body_close,against_daily,pullback,fresh,retested_2plus,1403,8.083392729864576,2.2166785459729152,1.4004767887322946
M15@H1,body_close,against_daily,pullback,mature,retested_1,9,66.66666666666667,2.3333333333333335,1.239200985514013
M15@H1,body_close,against_daily,pullback,mature,retested_2plus,3328,114.96875,1.9429086538461537,1.9240355362168888
M15@H1,body_close,against_daily,pullback,old,retested_1,2,502.0,1.0,0.729767678565178
M15@H1,body_close,against_daily,pullback,old,retested_2plus,4590,880.4527233115468,2.3150326797385623,1.9637671694320442
M15@H1,body_close,against_daily,pullback,young,retested_1,10,28.6,2.5,0.9772412280005636
M15@H1,body_close,against_daily,pullback,young,retested_2plus,3381,18.910677314404023,2.1798284531203787,1.4889125132574423
M15@H1,body_close,against_daily,push,mature,retested_1,4,138.5,1.25,0.12376374041851597
M15@H1,body_close,against_daily,push,mature,retested_2plus,49,151.22448979591837,2.0,0.9831262142733463
M15@H1,body_close,against_daily,push,old,retested_1,2,495.5,2.5,0.6764682806423943
M15@H1,body_close,against_daily,push,old,retested_2plus,239,951.1506276150627,2.569037656903766,0.8170848234980659
M15@H1,body_close,against_daily,reversal,fresh,retested_1,29,3.310344827586207,2.6551724137931036,0.7879774662500277
M15@H1,body_close,against_daily,reversal,fresh,retested_2plus,553,6.043399638336347,2.6871609403254975,1.495661555636113
M15@H1,body_close,against_daily,reversal,mature,retested_1,1,51.0,3.0,0.6008043201692806
M15@H1,body_close,against_daily,reversal,mature,retested_2plus,489,92.6482617586912,2.085889570552147,1.447158158140943
M15@H1,body_close,against_daily,reversal,old,retested_2plus,276,648.018115942029,1.7934782608695652,1.661909178567135
M15@H1,body_close,against_daily,reversal,young,retested_1,2,16.5,3.0,1.6060601854993937
M15@H1,body_close,against_daily,reversal,young,retested_2plus,679,22.276877761413843,2.796759941089838,1.8769697272081753
M15@H1,body_close,at_transition,continuation,fresh,retested_1,3,4.666666666666667,2.0,0.8781517943273255
M15@H1,body_close,at_transition,continuation,fresh,retested_2plus,275,6.301818181818182,1.450909090909091,1.1934059044250394
M15@H1,body_close,at_transition,continuation,mature,retested_1,6,69.0,1.6666666666666667,1.3919274837756552
M15@H1,body_close,at_transition,continuation,mature,retested_2plus,210,91.35238095238095,1.4047619047619047,1.4670239349076295
M15@H1,body_close,at_transition,continuation,old,retested_2plus,77,762.025974025974,1.4155844155844155,2.1095680244342594
M15@H1,body_close,at_transition,continuation,young,retested_1,3,50.0,1.0,0.6557109214541194
M15@H1,body_close,at_transition,continuation,young,retested_2plus,110,22.6,1.4090909090909092,1.2404350693376593
M15@H1,body_close,at_transition,pullback,fresh,retested_2plus,28,8.464285714285714,1.4285714285714286,1.4489967927054992
M15@H1,body_close,at_transition,pullback,mature,retested_1,6,56.333333333333336,1.1666666666666667,0.6243597264896646
M15@H1,body_close,at_transition,pullback,mature,retested_2plus,72,98.0,1.3888888888888888,2.1279298516227363
M15@H1,body_close,at_transition,pullback,old,retested_2plus,47,934.8297872340426,1.425531914893617,2.3016539496480624
M15@H1,body_close,at_transition,pullback,young,retested_1,2,50.0,2.0,0.7740702760731175
M15@H1,body_close,at_transition,pullback,young,retested_2plus,32,22.71875,1.5625,1.4134903529989433
M15@H1,body_close,at_transition,push,mature,retested_2plus,2,103.0,2.0,1.0245236103029343
M15@H1,body_close,at_transition,push,young,retested_2plus,1,12.0,2.0,1.682692307692146
M15@H1,body_close,at_transition,reversal,fresh,retested_2plus,2,5.0,1.5,1.9741526507224418
M15@H1,body_close,at_transition,reversal,mature,retested_1,1,78.0,2.0,1.008720930232569
M15@H1,body_close,at_transition,reversal,mature,retested_2plus,6,99.0,1.1666666666666667,2.578090513180475
M15@H1,body_close,at_transition,reversal,old,retested_2plus,6,384.1666666666667,1.6666666666666667,1.8224483418038668
M15@H1,body_close,at_transition,reversal,young,retested_2plus,2,42.0,1.5,1.8024676415402137
M15@H1,body_close,neutral,continuation,fresh,first_touch,2,5.5,2.0,0.4210547052527299
M15@H1,body_close,neutral,continuation,fresh,retested_1,613,3.231647634584013,1.3686786296900488,0.7185925735059618
M15@H1,body_close,neutral,continuation,fresh,retested_2plus,9473,5.368309933495197,1.3653541644674339,0.8177552669489102
M15@H1,body_close,neutral,continuation,mature,retested_1,42,100.0,1.5476190476190477,0.7032082613476964
M15@H1,body_close,neutral,continuation,mature,retested_2plus,6135,101.55468622656886,1.3960880195599021,1.5118740302747051
M15@H1,body_close,neutral,continuation,old,retested_1,10,1005.2,1.4,0.5753186597596617
M15@H1,body_close,neutral,continuation,old,retested_2plus,3059,797.025498528931,1.3582870219025824,1.910450874223701
M15@H1,body_close,neutral,continuation,young,retested_1,40,27.475,1.425,0.9125460793708561
M15@H1,body_close,neutral,continuation,young,retested_2plus,6264,22.995689655172413,1.3713282247765006,1.1516562909622692
M15@H1,body_close,neutral,pullback,fresh,first_touch,1,2.0,2.0,0.4874130986146227
M15@H1,body_close,neutral,pullback,fresh,retested_1,333,2.744744744744745,1.3993993993993994,0.6507068745485884
M15@H1,body_close,neutral,pullback,fresh,retested_2plus,836,8.06578947368421,1.3528708133971292,1.2858471395490059
M15@H1,body_close,neutral,pullback,mature,retested_1,8,68.125,1.25,0.6071365260972434
M15@H1,body_close,neutral,pullback,mature,retested_2plus,2778,99.2455003599712,1.418286537077034,1.7317377539186782
M15@H1,body_close,neutral,pullback,old,retested_1,2,1125.0,1.0,1.813023601348928
M15@H1,body_close,neutral,pullback,old,retested_2plus,1440,871.16875,1.332638888888889,2.028779996033648
M15@H1,body_close,neutral,pullback,young,retested_1,11,30.636363636363637,1.3636363636363635,0.6640707077348116
M15@H1,body_close,neutral,pullback,young,retested_2plus,2856,23.186974789915965,1.3806022408963585,1.4140257388401467
M15@H1,body_close,neutral,push,fresh,retested_1,1,5.0,0.0,1.2713675213675728
M15@H1,body_close,neutral,push,fresh,retested_2plus,31,8.193548387096774,0.6129032258064516,1.3981047208002981
M15@H1,body_close,neutral,push,mature,retested_1,1,124.0,1.0,1.1303615249349699
M15@H1,body_close,neutral,push,mature,retested_2plus,36,94.5,1.8611111111111112,0.6020244307078833
M15@H1,body_close,neutral,push,old,retested_1,2,1911.5,1.0,0.3402671002158439
M15@H1,body_close,neutral,push,old,retested_2plus,59,576.5762711864406,1.2203389830508475,0.970073556190036
M15@H1,body_close,neutral,push,young,retested_2plus,45,23.022222222222222,0.8888888888888888,1.2229795368715746
M15@H1,body_close,neutral,reversal,fresh,retested_1,6,3.0,1.0,0.7591713666991254
M15@H1,body_close,neutral,reversal,fresh,retested_2plus,50,6.52,1.14,2.0831335301813905
M15@H1,body_close,neutral,reversal,mature,retested_2plus,197,108.98477157360406,1.365482233502538,1.716743986667192
M15@H1,body_close,neutral,reversal,old,retested_2plus,206,415.6407766990291,1.6699029126213591,1.5724769775676726
M15@H1,body_close,neutral,reversal,young,retested_1,1,11.0,1.0,4.470058055873251
M15@H1,body_close,neutral,reversal,young,retested_2plus,261,23.04597701149425,1.0842911877394636,2.731790926449152
M15@H1,body_close,with_daily,continuation,fresh,first_touch,5,2.0,2.8,0.7710846123488693
M15@H1,body_close,with_daily,continuation,fresh,retested_1,880,3.3079545454545456,2.2147727272727273,0.7274153907107137
M15@H1,body_close,with_daily,continuation,fresh,retested_2plus,14371,5.481038201934451,2.213276737874887,0.8013989641122271
M15@H1,body_close,with_daily,continuation,mature,retested_1,51,70.47058823529412,2.2745098039215685,0.7244292435329135
M15@H1,body_close,with_daily,continuation,mature,retested_2plus,6234,87.46551170997755,2.253609239653513,1.1615342348773672
M15@H1,body_close,with_daily,continuation,old,retested_1,8,351.375,1.5,0.5816081788562599
M15@H1,body_close,with_daily,continuation,old,retested_2plus,1337,660.8833208676141,1.724756918474196,1.4701775701630782
M15@H1,body_close,with_daily,continuation,young,retested_1,73,26.164383561643834,2.2054794520547945,0.8491601665235572
M15@H1,body_close,with_daily,continuation,young,retested_2plus,9293,22.966426342408266,2.198859356504896,1.0220626529783725
M15@H1,body_close,with_daily,pullback,fresh,first_touch,2,2.5,2.0,0.9704434634144737
M15@H1,body_close,with_daily,pullback,fresh,retested_1,492,2.6890243902439024,2.2601626016260163,0.6282961611984396
M15@H1,body_close,with_daily,pullback,fresh,retested_2plus,954,7.9979035639413,2.2756813417190775,1.0546182194126799
M15@H1,body_close,with_daily,pullback,mature,retested_1,12,83.33333333333333,2.8333333333333335,0.6038911218560649
M15@H1,body_close,with_daily,pullback,mature,retested_2plus,2682,90.62080536912751,2.321774794929157,1.3724224779718113
M15@H1,body_close,with_daily,pullback,old,retested_1,5,1063.0,1.4,0.28230857964242506
M15@H1,body_close,with_daily,pullback,old,retested_2plus,611,791.0736497545008,1.3420621931260228,2.772550227879406
M15@H1,body_close,with_daily,pullback,young,retested_1,14,36.357142857142854,2.142857142857143,0.9698773094519045
M15@H1,body_close,with_daily,pullback,young,retested_2plus,3545,24.871086036671368,2.1669957686882935,1.2243728530161995
M15@H1,body_close,with_daily,push,fresh,retested_2plus,62,7.225806451612903,2.8225806451612905,0.4167276760294814
M15@H1,body_close,with_daily,push,mature,retested_2plus,99,78.35353535353535,2.4343434343434343,0.9135263958166004
M15@H1,body_close,with_daily,push,old,retested_2plus,7,2287.0,1.0,0.3022394180485617
M15@H1,body_close,with_daily,push,young,retested_1,2,22.5,3.0,1.434638500069703
M15@H1,body_close,with_daily,push,young,retested_2plus,246,21.146341463414632,2.5040650406504064,1.0330569005784804
M15@H1,body_close,with_daily,reversal,fresh,retested_2plus,15,6.6,1.0,2.3933096904660065
M15@H1,body_close,with_daily,reversal,mature,retested_1,1,121.0,3.0,0.6118881118879596
M15@H1,body_close,with_daily,reversal,mature,retested_2plus,225,136.95111111111112,1.728888888888889,1.6419194462750448
M15@H1,body_close,with_daily,reversal,old,retested_2plus,36,869.4166666666666,1.0,1.8430791300743015
M15@H1,body_close,with_daily,reversal,young,retested_2plus,11,41.90909090909091,1.0,2.1919448327782196
M15@H1,break_through,against_daily,continuation,fresh,first_touch,53,2.509433962264151,2.150943396226415,1.665103038468892
M15@H1,break_through,against_daily,continuation,young,first_touch,3,37.666666666666664,3.0,2.7895762679088993
M15@H1,break_through,against_daily,pullback,fresh,first_touch,35,2.4857142857142858,2.1142857142857143,1.7460793801752788
M15@H1,break_through,against_daily,pullback,mature,first_touch,1,51.0,3.0,0.9499192245554763
M15@H1,break_through,against_daily,pullback,young,first_touch,2,50.0,1.5,1.5009981851180818
M15@H1,break_through,against_daily,reversal,fresh,first_touch,1,3.0,3.0,3.1533816425120618
M15@H1,break_through,at_transition,continuation,mature,first_touch,2,51.5,1.5,1.5388678639574915
M15@H1,break_through,at_transition,pullback,mature,first_touch,3,58.666666666666664,1.3333333333333333,2.5124078419596962
M15@H1,break_through,at_transition,pullback,young,first_touch,2,50.0,1.0,1.3960101010098316
M15@H1,break_through,neutral,continuation,fresh,first_touch,26,2.5384615384615383,1.2307692307692308,1.8310318975150015
M15@H1,break_through,neutral,pullback,fresh,first_touch,27,2.4074074074074074,1.4444444444444444,1.710807276021667
M15@H1,break_through,neutral,pullback,mature,first_touch,1,51.0,1.0,3.150838585136931
M15@H1,break_through,with_daily,continuation,fresh,first_touch,63,2.2698412698412698,2.111111111111111,1.62050895938684
M15@H1,break_through,with_daily,continuation,young,first_touch,3,50.0,2.3333333333333335,0.7817509039035704
M15@H1,break_through,with_daily,pullback,fresh,first_touch,44,2.477272727272727,2.3181818181818183,1.7597226690789889
M15@H1,break_through,with_daily,pullback,mature,first_touch,1,51.0,1.0,1.38224637681221
M15@H1,break_through,with_daily,pullback,young,first_touch,4,50.0,2.25,1.2598634683657761
M15@H1,near_miss,against_daily,continuation,fresh,first_touch,1124,3.863879003558719,2.236654804270463,1.948433214703563
M15@H1,near_miss,against_daily,continuation,fresh,retested_1,508,4.1515748031496065,2.2696850393700787,2.048350231759489
M15@H1,near_miss,against_daily,continuation,fresh,retested_2plus,2627,5.8671488389798245,2.2063189950513893,2.1513741215387054
M15@H1,near_miss,against_daily,continuation,mature,first_touch,93,105.81720430107526,1.6451612903225807,2.4066593758474055
M15@H1,near_miss,against_daily,continuation,mature,retested_1,68,94.67647058823529,1.7058823529411764,2.3641920465853055
M15@H1,near_miss,against_daily,continuation,mature,retested_2plus,1558,113.82284980744544,1.8421052631578947,2.7729080770929495
M15@H1,near_miss,against_daily,continuation,old,first_touch,78,942.6794871794872,1.9487179487179487,1.9299842075022815
M15@H1,near_miss,against_daily,continuation,old,retested_1,27,656.1111111111111,1.7777777777777777,1.6464515898381233
M15@H1,near_miss,against_daily,continuation,old,retested_2plus,1587,856.9533711405167,2.2652804032766225,2.6587119440230005
M15@H1,near_miss,against_daily,continuation,young,first_touch,89,19.685393258426966,2.3707865168539324,2.0820728638666335
M15@H1,near_miss,against_daily,continuation,young,retested_1,69,17.92753623188406,2.028985507246377,2.122732547687642
M15@H1,near_miss,against_daily,continuation,young,retested_2plus,1347,19.737936154417223,2.224201930215293,2.324110904846923
M15@H1,near_miss,against_daily,pullback,fresh,first_touch,177,2.6440677966101696,2.23728813559322,1.8738162397850837
M15@H1,near_miss,against_daily,pullback,fresh,retested_1,10,9.4,2.7,4.063086140871406
M15@H1,near_miss,against_daily,pullback,fresh,retested_2plus,408,7.928921568627451,2.2034313725490198,2.5175881336116235
M15@H1,near_miss,against_daily,pullback,mature,first_touch,20,98.35,2.1,2.070493679640361
M15@H1,near_miss,against_daily,pullback,mature,retested_1,5,124.2,1.2,1.529551036053156
M15@H1,near_miss,against_daily,pullback,mature,retested_2plus,959,117.55474452554745,1.9207507820646508,3.208640332933585
M15@H1,near_miss,against_daily,pullback,old,first_touch,16,745.5625,2.4375,1.5842215952537346
M15@H1,near_miss,against_daily,pullback,old,retested_1,1,481.0,3.0,1.423728813559304
M15@H1,near_miss,against_daily,pullback,old,retested_2plus,1143,906.1977252843394,2.3464566929133857,2.882188009451913
M15@H1,near_miss,against_daily,pullback,young,first_touch,27,20.0,2.3333333333333335,2.3400556342844605
M15@H1,near_miss,against_daily,pullback,young,retested_1,12,14.166666666666666,2.8333333333333335,1.8947468740100366
M15@H1,near_miss,against_daily,pullback,young,retested_2plus,1017,19.726647000983284,2.16125860373648,2.7651286714876715
M15@H1,near_miss,against_daily,push,mature,first_touch,3,146.33333333333334,2.0,1.2108865904155308
M15@H1,near_miss,against_daily,push,mature,retested_1,1,171.0,1.0,0.9808641975309313
M15@H1,near_miss,against_daily,push,mature,retested_2plus,31,152.58064516129033,2.0,2.3040671576562044
M15@H1,near_miss,against_daily,push,old,first_touch,3,372.0,2.6666666666666665,1.476729495933417
M15@H1,near_miss,against_daily,push,old,retested_2plus,101,1275.6138613861385,2.4752475247524752,1.9129613592992096
M15@H1,near_miss,against_daily,reversal,fresh,first_touch,28,4.571428571428571,2.892857142857143,2.5603185539420026
M15@H1,near_miss,against_daily,reversal,fresh,retested_1,16,3.75,2.9375,2.76969650040439
M15@H1,near_miss,against_daily,reversal,fresh,retested_2plus,88,6.7727272727272725,2.75,3.067550945858132
M15@H1,near_miss,against_daily,reversal,mature,first_touch,1,73.0,3.0,2.967922639836878
M15@H1,near_miss,against_daily,reversal,mature,retested_2plus,32,114.4375,1.6875,3.759386272603716
M15@H1,near_miss,against_daily,reversal,old,first_touch,1,794.0,3.0,2.3454152528003553
M15@H1,near_miss,against_daily,reversal,old,retested_2plus,54,560.4074074074074,2.2037037037037037,3.204122331822193
M15@H1,near_miss,against_daily,reversal,young,retested_2plus,141,20.53191489361702,2.858156028368794,2.767579999671575
M15@H1,near_miss,at_transition,continuation,fresh,first_touch,22,5.2272727272727275,1.3636363636363635,2.5920923983804234
M15@H1,near_miss,at_transition,continuation,fresh,retested_1,6,5.5,1.1666666666666667,3.245279466588754
M15@H1,near_miss,at_transition,continuation,fresh,retested_2plus,43,6.395348837209302,1.5348837209302326,2.9466307487050516
M15@H1,near_miss,at_transition,continuation,mature,first_touch,5,52.4,1.6,2.041071539116539
M15@H1,near_miss,at_transition,continuation,mature,retested_2plus,33,91.33333333333333,1.4545454545454546,3.174133776745787
M15@H1,near_miss,at_transition,continuation,old,first_touch,1,452.0,1.0,2.212483399734778
M15@H1,near_miss,at_transition,continuation,old,retested_2plus,13,559.1538461538462,1.3076923076923077,3.326466539324107
M15@H1,near_miss,at_transition,continuation,young,first_touch,3,28.666666666666668,1.6666666666666667,1.4558391414607872
M15@H1,near_miss,at_transition,continuation,young,retested_2plus,14,21.071428571428573,1.4285714285714286,2.9132755901575678
M15@H1,near_miss,at_transition,pullback,fresh,retested_2plus,4,8.75,1.5,2.7305882249576445
M15@H1,near_miss,at_transition,pullback,mature,first_touch,2,67.5,1.5,2.6135824618838686
M15@H1,near_miss,at_transition,pullback,mature,retested_2plus,16,92.1875,1.375,3.184271747089374
M15@H1,near_miss,at_transition,pullback,old,retested_1,1,262.0,1.0,1.0600272851297226
M15@H1,near_miss,at_transition,pullback,old,retested_2plus,9,522.7777777777778,1.4444444444444444,3.448439505895262
M15@H1,near_miss,at_transition,pullback,young,first_touch,1,47.0,1.0,3.4622302158273675
M15@H1,near_miss,at_transition,pullback,young,retested_1,1,14.0,2.0,4.200000000000207
M15@H1,near_miss,at_transition,pullback,young,retested_2plus,12,25.333333333333332,1.6666666666666667,3.196468444467545
M15@H1,near_miss,at_transition,reversal,fresh,first_touch,1,9.0,1.0,3.9188432582075765
M15@H1,near_miss,at_transition,reversal,old,retested_2plus,1,273.0,2.0,4.26923076923078
M15@H1,near_miss,at_transition,reversal,young,retested_2plus,1,32.0,2.0,4.847896440130661
M15@H1,near_miss,neutral,continuation,fresh,first_touch,727,3.9202200825309492,1.3961485557083906,1.9888501165568755
M15@H1,near_miss,neutral,continuation,fresh,retested_1,266,4.319548872180451,1.413533834586466,2.0056385006122017
M15@H1,near_miss,neutral,continuation,fresh,retested_2plus,1757,5.87080250426864,1.3511667615253273,2.181385667493716
M15@H1,near_miss,neutral,continuation,mature,first_touch,48,94.97916666666667,1.3958333333333333,2.2271905690994465
M15@H1,near_miss,neutral,continuation,mature,retested_1,44,88.29545454545455,1.2727272727272727,2.1537159906275765
M15@H1,near_miss,neutral,continuation,mature,retested_2plus,1261,106.203013481364,1.3632038065027756,2.707312412543572
M15@H1,near_miss,neutral,continuation,old,first_touch,19,857.421052631579,1.2105263157894737,1.952354654419568
M15@H1,near_miss,neutral,continuation,old,retested_1,15,551.5333333333333,1.2,1.7381165185143719
M15@H1,near_miss,neutral,continuation,old,retested_2plus,617,807.419773095624,1.3614262560777959,2.589055949240844
M15@H1,near_miss,neutral,continuation,young,first_touch,79,24.518987341772153,1.3291139240506329,1.993050302338115
M15@H1,near_miss,neutral,continuation,young,retested_1,53,18.962264150943398,1.3962264150943395,2.3170895885173204
M15@H1,near_miss,neutral,continuation,young,retested_2plus,1225,23.8734693877551,1.3926530612244898,2.4235970364636477
M15@H1,near_miss,neutral,pullback,fresh,first_touch,105,2.638095238095238,1.3904761904761904,1.9442309073065487
M15@H1,near_miss,neutral,pullback,fresh,retested_1,1,9.0,1.0,2.591346153846865
M15@H1,near_miss,neutral,pullback,fresh,retested_2plus,231,7.852813852813853,1.4025974025974026,2.4425536928378486
M15@H1,near_miss,neutral,pullback,mature,first_touch,9,89.33333333333333,1.2222222222222223,2.093687675462109
M15@H1,near_miss,neutral,pullback,mature,retested_1,8,167.5,1.25,3.573377531777389
M15@H1,near_miss,neutral,pullback,mature,retested_2plus,751,102.31824234354194,1.3981358189081226,2.8865253220341462
M15@H1,near_miss,neutral,pullback,old,first_touch,7,749.8571428571429,1.0,2.0151540088776967
M15@H1,near_miss,neutral,pullback,old,retested_1,3,451.3333333333333,1.6666666666666667,1.3873727929653343
M15@H1,near_miss,neutral,pullback,old,retested_2plus,366,939.0765027322404,1.3688524590163935,2.827556417842751
M15@H1,near_miss,neutral,pullback,young,first_touch,25,22.6,1.56,1.8321569644657283
M15@H1,near_miss,neutral,pullback,young,retested_1,14,16.642857142857142,1.5,2.1542778066656845
M15@H1,near_miss,neutral,pullback,young,retested_2plus,825,24.59030303030303,1.383030303030303,2.6282902827013994
M15@H1,near_miss,neutral,push,fresh,retested_2plus,4,8.5,0.5,2.334462390573436
M15@H1,near_miss,neutral,push,mature,first_touch,3,107.0,1.3333333333333333,1.740113664822286
M15@H1,near_miss,neutral,push,mature,retested_1,1,80.0,2.0,1.7395851364046744
M15@H1,near_miss,neutral,push,mature,retested_2plus,9,141.11111111111111,1.3333333333333333,1.642531200710713
M15@H1,near_miss,neutral,push,old,retested_2plus,23,771.1739130434783,1.3043478260869565,2.3639792795617685
M15@H1,near_miss,neutral,push,young,retested_1,5,38.6,1.4,1.7287241057605989
M15@H1,near_miss,neutral,push,young,retested_2plus,9,13.444444444444445,1.0,3.399037242301139
M15@H1,near_miss,neutral,reversal,fresh,first_touch,9,5.111111111111111,1.0,2.676404292901567
M15@H1,near_miss,neutral,reversal,fresh,retested_1,2,3.0,0.0,2.1789480771683367
M15@H1,near_miss,neutral,reversal,fresh,retested_2plus,18,6.055555555555555,1.4444444444444444,2.9748926602633197
M15@H1,near_miss,neutral,reversal,mature,retested_2plus,44,128.36363636363637,1.6136363636363635,4.589684460348736
M15@H1,near_miss,neutral,reversal,old,retested_2plus,64,447.15625,1.640625,3.189583294328782
M15@H1,near_miss,neutral,reversal,young,retested_2plus,19,33.421052631578945,1.0,2.3757382671849108
M15@H1,near_miss,with_daily,continuation,fresh,first_touch,1031,3.874878758486906,2.197866149369544,1.9476838661994078
M15@H1,near_miss,with_daily,continuation,fresh,retested_1,387,4.002583979328166,2.2222222222222223,2.022960837192839
M15@H1,near_miss,with_daily,continuation,fresh,retested_2plus,2509,5.858907931446791,2.2024711040255083,2.162286234576531
M15@H1,near_miss,with_daily,continuation,mature,first_touch,117,87.27350427350427,2.4786324786324787,2.0880916482160874
M15@H1,near_miss,with_daily,continuation,mature,retested_1,64,77.828125,2.234375,2.004084119342301
M15@H1,near_miss,with_daily,continuation,mature,retested_2plus,1465,88.49078498293515,2.2266211604095565,2.6322490664001785
M15@H1,near_miss,with_daily,continuation,old,first_touch,8,340.0,1.5,2.078502212975855
M15@H1,near_miss,with_daily,continuation,old,retested_1,2,1054.5,1.0,1.1473169665168002
M15@H1,near_miss,with_daily,continuation,old,retested_2plus,405,723.4246913580247,1.6864197530864198,2.79173564316231
M15@H1,near_miss,with_daily,continuation,young,first_touch,153,23.084967320261438,2.2026143790849675,2.1880780272268794
M15@H1,near_miss,with_daily,continuation,young,retested_1,101,22.84158415841584,2.108910891089109,1.9569370079484334
M15@H1,near_miss,with_daily,continuation,young,retested_2plus,1824,23.84703947368421,2.1716008771929824,2.35062099895951
M15@H1,near_miss,with_daily,pullback,fresh,first_touch,147,2.7687074829931975,2.1156462585034013,1.9153387618249789
M15@H1,near_miss,with_daily,pullback,fresh,retested_1,1,5.0,3.0,2.0326923076919248
M15@H1,near_miss,with_daily,pullback,fresh,retested_2plus,295,7.942372881355932,2.2915254237288134,2.2789504985900755
M15@H1,near_miss,with_daily,pullback,mature,first_touch,23,80.82608695652173,2.4782608695652173,1.7670581839798418
M15@H1,near_miss,with_daily,pullback,mature,retested_1,17,72.52941176470588,2.0,2.380499111068278
M15@H1,near_miss,with_daily,pullback,mature,retested_2plus,973,92.8273381294964,2.3124357656731758,2.580596449769403
M15@H1,near_miss,with_daily,pullback,old,first_touch,3,463.0,1.0,1.9185025184754327
M15@H1,near_miss,with_daily,pullback,old,retested_1,3,681.0,1.6666666666666667,1.2292490958591353
M15@H1,near_miss,with_daily,pullback,old,retested_2plus,251,896.8127490039841,1.5338645418326693,3.5345420811947528
M15@H1,near_miss,with_daily,pullback,young,first_touch,22,31.727272727272727,2.3636363636363638,2.117160567724263
M15@H1,near_miss,with_daily,pullback,young,retested_1,17,24.176470588235293,2.235294117647059,2.403444879057435
M15@H1,near_miss,with_daily,pullback,young,retested_2plus,1157,25.474503025064823,2.1097666378565254,2.4984871350336855
M15@H1,near_miss,with_daily,push,fresh,first_touch,4,8.0,2.25,1.5927909585145053
M15@H1,near_miss,with_daily,push,fresh,retested_1,2,7.5,2.5,1.915984348960049
M15@H1,near_miss,with_daily,push,fresh,retested_2plus,20,7.85,2.65,1.6766989480351877
M15@H1,near_miss,with_daily,push,mature,retested_1,1,64.0,3.0,1.3164944974089605
M15@H1,near_miss,with_daily,push,mature,retested_2plus,18,76.11111111111111,3.0,2.621211210376267
M15@H1,near_miss,with_daily,push,old,retested_2plus,17,603.7647058823529,1.4705882352941178,2.002522507360816
M15@H1,near_miss,with_daily,push,young,first_touch,9,19.88888888888889,3.0,1.647350764118477
M15@H1,near_miss,with_daily,push,young,retested_1,13,22.923076923076923,2.8461538461538463,1.2504372066400438
M15@H1,near_miss,with_daily,push,young,retested_2plus,79,22.759493670886076,2.8860759493670884,2.311630911380542
M15@H1,near_miss,with_daily,reversal,mature,first_touch,1,119.0,3.0,3.541401273885339
M15@H1,near_miss,with_daily,reversal,mature,retested_2plus,42,121.64285714285714,1.380952380952381,3.550386740334802
M15@H1,near_miss,with_daily,reversal,old,retested_2plus,12,863.9166666666666,1.0,4.587826431582237
M15@H1,near_miss,with_daily,reversal,young,retested_2plus,9,42.666666666666664,1.0,3.622805497840434
M15@H1,wick_touch,against_daily,continuation,fresh,retested_1,586,3.7525597269624575,2.189419795221843,1.5891430237297732
M15@H1,wick_touch,against_daily,continuation,fresh,retested_2plus,4082,5.291523762861343,2.2143557079862815,1.796443131738494
M15@H1,wick_touch,against_daily,continuation,mature,retested_1,42,98.64285714285714,1.7142857142857142,1.9047161724071924
M15@H1,wick_touch,against_daily,continuation,mature,retested_2plus,1534,114.44067796610169,1.8846153846153846,2.4187387508307343
M15@H1,wick_touch,against_daily,continuation,old,retested_1,28,899.25,2.3214285714285716,1.3772862144056515
M15@H1,wick_touch,against_daily,continuation,old,retested_2plus,1728,842.4467592592592,2.287037037037037,2.461347468656133
M15@H1,wick_touch,against_daily,continuation,young,retested_1,40,17.95,2.175,1.7299920277259973
M15@H1,wick_touch,against_daily,continuation,young,retested_2plus,1741,19.32222860425043,2.224583572659391,2.125044772904119
M15@H1,wick_touch,against_daily,pullback,fresh,retested_1,171,2.7251461988304095,2.198830409356725,1.6446799970979187
M15@H1,wick_touch,against_daily,pullback,fresh,retested_2plus,369,8.059620596205962,2.176151761517615,2.181260331084412
M15@H1,wick_touch,against_daily,pullback,mature,retested_1,8,73.875,2.625,2.321414792288003
M15@H1,wick_touch,against_daily,pullback,mature,retested_2plus,853,114.78546307151231,1.9413833528722158,2.9774105339187775
M15@H1,wick_touch,against_daily,pullback,old,retested_1,10,575.3,2.6,1.555398636721732
M15@H1,wick_touch,against_daily,pullback,old,retested_2plus,1073,874.2003727865797,2.3364398881640263,2.643919745657103
M15@H1,wick_touch,against_daily,pullback,young,retested_1,10,24.5,2.3,1.6913001651751958
M15@H1,wick_touch,against_daily,pullback,young,retested_2plus,1025,19.87609756097561,2.0839024390243903,2.6595002811963835
M15@H1,wick_touch,against_daily,push,mature,retested_1,3,133.33333333333334,1.6666666666666667,1.5367246820548053
M15@H1,wick_touch,against_daily,push,mature,retested_2plus,31,154.48387096774192,1.6129032258064515,1.2603344047767846
M15@H1,wick_touch,against_daily,push,old,retested_1,1,488.0,2.0,0.7475355969331499
M15@H1,wick_touch,against_daily,push,old,retested_2plus,85,970.0705882352942,2.623529411764706,1.6416819822093638
M15@H1,wick_touch,against_daily,reversal,fresh,retested_1,22,4.045454545454546,2.6363636363636362,2.0133495090224156
M15@H1,wick_touch,against_daily,reversal,fresh,retested_2plus,139,6.35251798561151,2.697841726618705,2.5644165032751016
M15@H1,wick_touch,against_daily,reversal,mature,retested_2plus,44,108.79545454545455,2.0454545454545454,3.211277476359497
M15@H1,wick_touch,against_daily,reversal,old,retested_1,1,794.0,3.0,1.2803090086906144
M15@H1,wick_touch,against_daily,reversal,old,retested_2plus,66,687.5909090909091,2.378787878787879,3.0454486573914994
M15@H1,wick_touch,against_daily,reversal,young,retested_2plus,134,20.007462686567163,2.8805970149253732,2.8329185401239934
M15@H1,wick_touch,at_transition,continuation,fresh,retested_1,22,5.136363636363637,1.5909090909090908,2.344696592749109
M15@H1,wick_touch,at_transition,continuation,fresh,retested_2plus,66,6.378787878787879,1.5,2.770815125150999
M15@H1,wick_touch,at_transition,continuation,mature,retested_1,10,62.2,1.2,2.356978306229878
M15@H1,wick_touch,at_transition,continuation,mature,retested_2plus,49,100.36734693877551,1.4489795918367347,3.108837308658587
M15@H1,wick_touch,at_transition,continuation,old,retested_2plus,23,894.0,1.3043478260869565,3.29573046272769
M15@H1,wick_touch,at_transition,continuation,young,retested_1,2,41.5,1.0,2.071502986158428
M15@H1,wick_touch,at_transition,continuation,young,retested_2plus,26,20.692307692307693,1.4615384615384615,2.46716437762791
M15@H1,wick_touch,at_transition,pullback,fresh,retested_2plus,6,8.666666666666666,1.6666666666666667,3.3672449127214716
M15@H1,wick_touch,at_transition,pullback,mature,retested_1,2,61.0,1.5,2.6574571883710814
M15@H1,wick_touch,at_transition,pullback,mature,retested_2plus,28,97.53571428571429,1.3928571428571428,3.5363482174158674
M15@H1,wick_touch,at_transition,pullback,old,retested_2plus,10,836.2,1.5,3.862891548584673
M15@H1,wick_touch,at_transition,pullback,young,retested_1,2,38.5,1.5,1.3593965830607366
M15@H1,wick_touch,at_transition,pullback,young,retested_2plus,25,23.56,1.56,3.397370845393396
M15@H1,wick_touch,at_transition,push,fresh,retested_1,1,8.0,2.0,2.2607003891049193
M15@H1,wick_touch,neutral,continuation,fresh,retested_1,329,3.8693009118541033,1.3738601823708207,1.5714381996498132
M15@H1,wick_touch,neutral,continuation,fresh,retested_2plus,2692,5.280089153046062,1.3852154531946508,1.7533611457459468
M15@H1,wick_touch,neutral,continuation,mature,retested_1,36,85.63888888888889,1.5,1.8459339251497606
M15@H1,wick_touch,neutral,continuation,mature,retested_2plus,1286,102.18740279937792,1.3615863141524105,2.351801219666319
M15@H1,wick_touch,neutral,continuation,old,retested_1,12,596.6666666666666,1.25,1.404314992950009
M15@H1,wick_touch,neutral,continuation,old,retested_2plus,640,851.6375,1.3484375,2.158484506454748
M15@H1,wick_touch,neutral,continuation,young,retested_1,42,20.047619047619047,1.3333333333333333,1.6814286146861317
M15@H1,wick_touch,neutral,continuation,young,retested_2plus,1405,22.729537366548044,1.392170818505338,2.0471846155188373
M15@H1,wick_touch,neutral,pullback,fresh,retested_1,128,2.7265625,1.4140625,1.6059093560081252
M15@H1,wick_touch,neutral,pullback,fresh,retested_2plus,181,7.834254143646409,1.425414364640884,2.290250643400853
M15@H1,wick_touch,neutral,pullback,mature,retested_1,8,109.75,1.375,1.674239880991506
M15@H1,wick_touch,neutral,pullback,mature,retested_2plus,657,103.06544901065449,1.4368340943683409,2.619744362274185
M15@H1,wick_touch,neutral,pullback,old,retested_1,4,1016.25,1.0,1.3887520960278508
M15@H1,wick_touch,neutral,pullback,old,retested_2plus,313,1014.7507987220447,1.351437699680511,2.5141649570972526
M15@H1,wick_touch,neutral,pullback,young,retested_1,15,22.2,1.4,1.8966191884995645
M15@H1,wick_touch,neutral,pullback,young,retested_2plus,847,23.273907910271546,1.3754427390791026,2.4332052782581846
M15@H1,wick_touch,neutral,push,fresh,retested_2plus,12,7.583333333333333,0.5,2.185091088456596
M15@H1,wick_touch,neutral,push,mature,retested_1,1,80.0,2.0,1.4726133441642306
M15@H1,wick_touch,neutral,push,mature,retested_2plus,13,107.0,1.6923076923076923,1.295013486223187
M15@H1,wick_touch,neutral,push,old,retested_1,1,266.0,1.0,0.8488576449913144
M15@H1,wick_touch,neutral,push,old,retested_2plus,26,679.5769230769231,1.1153846153846154,1.7131900659069943
M15@H1,wick_touch,neutral,push,young,retested_1,1,48.0,2.0,1.157258064516728
M15@H1,wick_touch,neutral,push,young,retested_2plus,18,20.555555555555557,1.3333333333333333,1.7792688443774323
M15@H1,wick_touch,neutral,reversal,fresh,retested_1,4,3.25,0.75,1.9893178353344085
M15@H1,wick_touch,neutral,reversal,fresh,retested_2plus,28,4.785714285714286,0.9642857142857143,2.4875071709003227
M15@H1,wick_touch,neutral,reversal,mature,retested_2plus,35,120.68571428571428,1.5142857142857142,3.694323969452689
M15@H1,wick_touch,neutral,reversal,old,retested_2plus,43,545.9767441860465,1.441860465116279,3.3891157944879837
M15@H1,wick_touch,neutral,reversal,young,retested_2plus,23,23.47826086956522,1.0,3.8084818772841715
M15@H1,wick_touch,with_daily,continuation,fresh,retested_1,538,3.630111524163569,2.163568773234201,1.6057521952376774
M15@H1,wick_touch,with_daily,continuation,fresh,retested_2plus,4021,5.314847052971897,2.16936085550858,1.7487956712465467
M15@H1,wick_touch,with_daily,continuation,mature,retested_1,47,81.29787234042553,2.276595744680851,1.5994606973866687
M15@H1,wick_touch,with_daily,continuation,mature,retested_2plus,1616,87.99938118811882,2.2636138613861387,2.188401195829346
M15@H1,wick_touch,with_daily,continuation,old,retested_1,4,668.0,1.5,2.340015534413874
M15@H1,wick_touch,with_daily,continuation,old,retested_2plus,351,632.7492877492878,1.6467236467236468,2.4364285684549167
M15@H1,wick_touch,with_daily,continuation,young,retested_1,72,26.36111111111111,2.3333333333333335,1.7265683640795109
M15@H1,wick_touch,with_daily,continuation,young,retested_2plus,2426,23.592333058532564,2.1933223413025558,1.9096647018981963
M15@H1,wick_touch,with_daily,pullback,fresh,retested_1,191,2.722513089005236,2.2198952879581153,1.5999995423170221
M15@H1,wick_touch,with_daily,pullback,fresh,retested_2plus,317,7.930599369085174,2.2145110410094637,1.9427261511977356
M15@H1,wick_touch,with_daily,pullback,mature,retested_1,10,77.5,2.4,1.6375289467424239
M15@H1,wick_touch,with_daily,pullback,mature,retested_2plus,923,93.24052004333694,2.352112676056338,2.224208448474105
M15@H1,wick_touch,with_daily,pullback,old,retested_1,2,251.5,2.0,0.6942710213031307
M15@H1,wick_touch,with_daily,pullback,old,retested_2plus,182,817.7912087912088,1.3571428571428572,3.5373893348600625
M15@H1,wick_touch,with_daily,pullback,young,retested_1,21,32.95238095238095,2.1904761904761907,1.2062705324204364
M15@H1,wick_touch,with_daily,pullback,young,retested_2plus,1131,25.320070733863837,2.0893015030946067,2.186936084337774
M15@H1,wick_touch,with_daily,push,fresh,retested_1,5,7.4,2.4,1.0594095210351206
M15@H1,wick_touch,with_daily,push,fresh,retested_2plus,27,7.148148148148148,2.5925925925925926,1.382584656422002
M15@H1,wick_touch,with_daily,push,mature,retested_1,1,63.0,3.0,1.458760694855638
M15@H1,wick_touch,with_daily,push,mature,retested_2plus,18,70.11111111111111,3.0,2.213937411944043
M15@H1,wick_touch,with_daily,push,old,retested_2plus,5,541.0,1.6,1.0381411479880822
M15@H1,wick_touch,with_daily,push,young,retested_1,5,20.0,2.8,1.2946989012166195
M15@H1,wick_touch,with_daily,push,young,retested_2plus,90,22.566666666666666,2.7666666666666666,2.0788879879214264
M15@H1,wick_touch,with_daily,reversal,fresh,retested_1,1,4.0,1.0,2.1761904761903623
M15@H1,wick_touch,with_daily,reversal,fresh,retested_2plus,2,4.5,1.0,2.711337592536214
M15@H1,wick_touch,with_daily,reversal,mature,retested_2plus,51,130.15686274509804,1.3725490196078431,3.396434146981497
M15@H1,wick_touch,with_daily,reversal,old,retested_2plus,8,864.625,1.0,4.3792351504283795
M15@H1,wick_touch,with_daily,reversal,young,retested_2plus,6,44.333333333333336,1.0,3.2715642673180394
M15@H4,body_close,against_daily,continuation,fresh,retested_1,202,3.222772277227723,2.123762376237624,2.2134754769899083
M15@H4,body_close,against_daily,continuation,fresh,retested_2plus,12117,4.7562928117520835,2.1831311380704794,1.906350613971652
M15@H4,body_close,against_daily,continuation,mature,retested_1,7,102.71428571428571,1.5714285714285714,1.7809051858379088
M15@H4,body_close,against_daily,continuation,mature,retested_2plus,8182,100.98398924468346,2.27047176729406,2.218134892944718
M15@H4,body_close,against_daily,continuation,old,retested_1,10,1118.9,2.5,1.5206190823607744
M15@H4,body_close,against_daily,continuation,old,retested_2plus,7094,963.2562729066817,2.3848322526078376,2.6228078644281476
M15@H4,body_close,against_daily,continuation,young,retested_1,52,22.557692307692307,2.1538461538461537,2.2331295563333375
M15@H4,body_close,against_daily,continuation,young,retested_2plus,11119,28.652486734418563,1.9266121054051624,2.125835282459112
M15@H4,body_close,against_daily,pullback,fresh,retested_1,142,2.704225352112676,2.3098591549295775,1.8484016105538033
M15@H4,body_close,against_daily,pullback,fresh,retested_2plus,715,7.344055944055944,2.4041958041958043,1.543860487236297
M15@H4,body_close,against_daily,pullback,mature,retested_2plus,2801,94.72009996429847,2.202070689039629,2.126504107271436
M15@H4,body_close,against_daily,pullback,old,retested_2plus,2794,1080.3747315676449,2.418754473872584,2.6119108260660444
M15@H4,body_close,against_daily,pullback,young,retested_1,18,18.77777777777778,1.9444444444444444,2.1974062694656955
M15@H4,body_close,against_daily,pullback,young,retested_2plus,2729,31.26126786368633,1.7827042872847196,2.6320124620975553
M15@H4,body_close,against_daily,push,mature,retested_1,2,114.0,1.5,0.9421355498720843
M15@H4,body_close,against_daily,push,mature,retested_2plus,208,115.46634615384616,2.206730769230769,1.2362415826121487
M15@H4,body_close,against_daily,push,old,retested_1,2,1610.5,2.5,1.6988125674615764
M15@H4,body_close,against_daily,push,old,retested_2plus,102,1456.3529411764705,2.6666666666666665,1.3595147644647023
M15@H4,body_close,against_daily,push,young,retested_1,1,42.0,1.0,1.079612906274652
M15@H4,body_close,against_daily,push,young,retested_2plus,260,35.011538461538464,1.8307692307692307,1.5990643935446176
M15@H4,body_close,against_daily,reversal,fresh,retested_1,24,3.5833333333333335,2.875,2.4242169039656556
M15@H4,body_close,against_daily,reversal,fresh,retested_2plus,941,5.2773645058448455,2.8331562167906483,1.7960264170315552
M15@H4,body_close,against_daily,reversal,mature,retested_2plus,367,152.5149863760218,2.5831062670299727,4.410055554430079
M15@H4,body_close,against_daily,reversal,old,retested_2plus,428,251.10046728971963,2.3014018691588785,3.925231686846065
M15@H4,body_close,against_daily,reversal,young,retested_1,2,14.0,3.0,2.188175400458166
M15@H4,body_close,against_daily,reversal,young,retested_2plus,633,23.30173775671406,2.325434439178515,2.995968981210195
M15@H4,body_close,at_transition,continuation,fresh,retested_2plus,159,5.773584905660377,1.4276729559748427,2.458400822613415
M15@H4,body_close,at_transition,continuation,mature,retested_2plus,83,107.3012048192771,1.3855421686746987,3.3016194584320577
M15@H4,body_close,at_transition,continuation,old,retested_2plus,45,1043.7555555555555,1.511111111111111,3.576462691145851
M15@H4,body_close,at_transition,continuation,young,retested_1,13,14.923076923076923,1.3846153846153846,2.5787152356104497
M15@H4,body_close,at_transition,continuation,young,retested_2plus,238,25.61764705882353,1.415966386554622,2.355331686458181
M15@H4,body_close,at_transition,pullback,fresh,retested_2plus,9,8.11111111111111,1.3333333333333333,1.9785992601420266
M15@H4,body_close,at_transition,pullback,mature,retested_2plus,40,98.6,1.325,2.9741185381949493
M15@H4,body_close,at_transition,pullback,old,retested_2plus,24,1003.4583333333334,1.5,2.9575357107881537
M15@H4,body_close,at_transition,pullback,young,retested_1,6,14.166666666666666,1.3333333333333333,2.7797010388576147
M15@H4,body_close,at_transition,pullback,young,retested_2plus,60,29.316666666666666,1.5,3.4988910885004727
M15@H4,body_close,at_transition,push,mature,retested_2plus,1,66.0,1.0,2.10386740331496
M15@H4,body_close,at_transition,push,young,retested_2plus,2,29.0,1.5,1.0049462732396202
M15@H4,body_close,at_transition,reversal,fresh,retested_2plus,5,8.0,1.4,3.0997926512470935
M15@H4,body_close,at_transition,reversal,mature,retested_2plus,5,95.4,1.6,1.847377181726468
M15@H4,body_close,at_transition,reversal,old,retested_2plus,3,213.0,1.3333333333333333,5.864092750425319
M15@H4,body_close,at_transition,reversal,young,retested_1,1,14.0,2.0,4.02727272727256
M15@H4,body_close,at_transition,reversal,young,retested_2plus,7,25.285714285714285,1.7142857142857142,3.9566845443082173
M15@H4,body_close,neutral,continuation,fresh,retested_1,137,3.051094890510949,1.4087591240875912,1.8912670098975706
M15@H4,body_close,neutral,continuation,fresh,retested_2plus,9480,5.091033755274261,1.3547468354430379,1.9314938640956802
M15@H4,body_close,neutral,continuation,mature,retested_1,7,106.42857142857143,1.1428571428571428,1.2094449418348527
M15@H4,body_close,neutral,continuation,mature,retested_2plus,3043,109.3697009530069,1.2862306933946763,2.3704992145523525
M15@H4,body_close,neutral,continuation,old,retested_1,3,375.0,1.6666666666666667,1.8421335078938563
M15@H4,body_close,neutral,continuation,old,retested_2plus,1273,927.9387274155538,1.4689709347996858,2.3277679751824873
M15@H4,body_close,neutral,continuation,young,retested_1,25,20.52,1.6,1.4669985360939775
M15@H4,body_close,neutral,continuation,young,retested_2plus,8529,24.622347285731035,1.37167311525384,2.069475474436544
M15@H4,body_close,neutral,pullback,fresh,retested_1,73,2.7945205479452055,1.3287671232876712,2.2343359353745904
M15@H4,body_close,neutral,pullback,fresh,retested_2plus,802,7.8915211970074814,1.4900249376558603,2.6300634697183614
M15@H4,body_close,neutral,pullback,mature,retested_1,1,85.0,1.0,2.34439178515048
M15@H4,body_close,neutral,pullback,mature,retested_2plus,1273,108.36213668499607,1.1461115475255303,2.4645605364524568
M15@H4,body_close,neutral,pullback,old,retested_2plus,888,943.2804054054054,1.5236486486486487,2.832609008487452
M15@H4,body_close,neutral,pullback,young,retested_1,7,16.0,1.2857142857142858,1.1388373965507956
M15@H4,body_close,neutral,pullback,young,retested_2plus,3566,26.665171060011218,1.3628715647784633,2.6518691972220667
M15@H4,body_close,neutral,push,fresh,retested_2plus,13,8.076923076923077,1.3846153846153846,0.7768955481532759
M15@H4,body_close,neutral,push,mature,retested_2plus,76,70.97368421052632,1.0921052631578947,0.8127093023830065
M15@H4,body_close,neutral,push,old,retested_1,1,800.0,1.0,0.0
M15@H4,body_close,neutral,push,old,retested_2plus,21,510.8095238095238,1.0,0.5192381325552139
M15@H4,body_close,neutral,push,young,retested_2plus,85,28.070588235294117,1.5529411764705883,0.8213618998021767
M15@H4,body_close,neutral,reversal,fresh,retested_1,4,3.5,1.5,1.1983375020801104
M15@H4,body_close,neutral,reversal,fresh,retested_2plus,116,6.068965517241379,1.2586206896551724,3.286261154107645
M15@H4,body_close,neutral,reversal,mature,retested_2plus,236,124.30084745762711,1.4915254237288136,1.298282764715906
M15@H4,body_close,neutral,reversal,old,retested_2plus,39,230.2051282051282,1.2307692307692308,1.2178463590850859
M15@H4,body_close,neutral,reversal,young,retested_1,1,24.0,1.0,3.1167355371897623
M15@H4,body_close,neutral,reversal,young,retested_2plus,297,22.49158249158249,1.4983164983164983,1.7737443737845573
M15@H4,body_close,neutral,unknown,fresh,retested_1,2,2.5,0.0,1.0128839146278725
M15@H4,body_close,with_daily,continuation,fresh,first_touch,1,2.0,3.0,1.791352438411259
M15@H4,body_close,with_daily,continuation,fresh,retested_1,202,3.1633663366336635,2.3613861386138613,1.5180701506914154
M15@H4,body_close,with_daily,continuation,fresh,retested_2plus,8527,5.039404245338337,2.2361909229506276,1.7853193603801742
M15@H4,body_close,with_daily,continuation,mature,retested_1,1,125.0,3.0,2.6714975845411186
M15@H4,body_close,with_daily,continuation,mature,retested_2plus,1864,100.3412017167382,1.6534334763948497,2.6696930575880096
M15@H4,body_close,with_daily,continuation,old,retested_1,1,327.0,2.0,0.8127340823970305
M15@H4,body_close,with_daily,continuation,old,retested_2plus,1085,1132.9603686635944,1.3907834101382488,2.576333240473204
M15@H4,body_close,with_daily,continuation,young,retested_1,40,19.1,2.25,1.5620500508700919
M15@H4,body_close,with_daily,continuation,young,retested_2plus,7904,21.84665991902834,2.11664979757085,1.7110967841502858
M15@H4,body_close,with_daily,pullback,fresh,retested_1,83,2.5421686746987953,1.9879518072289157,1.7049133601173074
M15@H4,body_close,with_daily,pullback,fresh,retested_2plus,216,8.444444444444445,1.4074074074074074,1.7964702730942437
M15@H4,body_close,with_daily,pullback,mature,retested_1,2,79.5,1.0,0.19921099813338206
M15@H4,body_close,with_daily,pullback,mature,retested_2plus,792,110.05555555555556,1.9507575757575757,3.0700959165605246
M15@H4,body_close,with_daily,pullback,old,retested_2plus,747,1082.0026773761713,1.7376171352074967,4.240091553427182
M15@H4,body_close,with_daily,pullback,young,retested_1,9,15.333333333333334,2.5555555555555554,2.8017195774812467
M15@H4,body_close,with_daily,pullback,young,retested_2plus,2450,28.33918367346939,1.989795918367347,3.1230589460001754
M15@H4,body_close,with_daily,push,fresh,retested_2plus,25,6.0,3.0,1.4484695482029186
M15@H4,body_close,with_daily,push,mature,retested_2plus,17,155.64705882352942,1.0588235294117647,0.5197860880576755
M15@H4,body_close,with_daily,push,young,retested_1,1,28.0,2.0,1.4025974025973909
M15@H4,body_close,with_daily,push,young,retested_2plus,109,16.18348623853211,2.4954128440366974,1.1743576759025047
M15@H4,body_close,with_daily,reversal,fresh,retested_2plus,62,9.516129032258064,1.0,4.753808539839908
M15@H4,body_close,with_daily,reversal,old,retested_2plus,95,215.52631578947367,1.0,2.3255374786107272
M15@H4,body_close,with_daily,reversal,young,retested_2plus,187,28.529411764705884,2.0267379679144386,2.379484147468956
M15@H4,break_through,against_daily,pullback,fresh,first_touch,4,2.0,2.25,2.1935813958826973
M15@H4,break_through,against_daily,reversal,young,first_touch,1,19.0,1.0,2.9107835531420223
M15@H4,break_through,neutral,continuation,fresh,first_touch,2,3.0,1.0,2.7535348294201274
M15@H4,break_through,with_daily,continuation,fresh,first_touch,4,2.0,2.5,1.8419284037603516
M15@H4,break_through,with_daily,pullback,fresh,first_touch,3,3.0,2.6666666666666665,2.595758576958577
M15@H4,near_miss,against_daily,continuation,fresh,first_touch,413,3.3220338983050848,2.1573849878934626,3.288630239801304
M15@H4,near_miss,against_daily,continuation,fresh,retested_1,123,3.6178861788617884,2.178861788617886,3.4324002278289147
M15@H4,near_miss,against_daily,continuation,fresh,retested_2plus,1386,4.764069264069264,2.2417027417027415,3.5420819564799677
M15@H4,near_miss,against_daily,continuation,mature,first_touch,33,71.27272727272727,1.696969696969697,2.547502526687085
M15@H4,near_miss,against_daily,continuation,mature,retested_1,15,109.6,1.6666666666666667,3.95149016133544
M15@H4,near_miss,against_daily,continuation,mature,retested_2plus,884,106.28393665158372,2.2126696832579187,3.622121006726721
M15@H4,near_miss,against_daily,continuation,old,first_touch,23,462.0,2.4782608695652173,2.594393902715796
M15@H4,near_miss,against_daily,continuation,old,retested_1,12,279.6666666666667,2.6666666666666665,3.396640035139937
M15@H4,near_miss,against_daily,continuation,old,retested_2plus,899,840.1167964404895,2.3982202447163514,4.24081661098215
M15@H4,near_miss,against_daily,continuation,young,first_touch,61,22.42622950819672,1.5737704918032787,3.606847310363357
M15@H4,near_miss,against_daily,continuation,young,retested_1,45,17.488888888888887,2.3555555555555556,2.867416042761888
M15@H4,near_miss,against_daily,continuation,young,retested_2plus,1040,29.621153846153845,1.8423076923076922,3.8474880943524403
M15@H4,near_miss,against_daily,pullback,fresh,first_touch,36,3.3055555555555554,2.4444444444444446,3.3699468049890715
M15@H4,near_miss,against_daily,pullback,fresh,retested_2plus,152,6.9868421052631575,2.4802631578947367,3.3049177292852323
M15@H4,near_miss,against_daily,pullback,mature,retested_1,5,144.4,2.4,3.048836726302473
M15@H4,near_miss,against_daily,pullback,mature,retested_2plus,407,103.31203931203932,2.1842751842751844,3.7454420920870706
M15@H4,near_miss,against_daily,pullback,old,first_touch,11,331.72727272727275,2.090909090909091,3.0773916555970957
M15@H4,near_miss,against_daily,pullback,old,retested_1,2,543.0,1.0,2.482407407407422
M15@H4,near_miss,against_daily,pullback,old,retested_2plus,524,962.7977099236641,2.3625954198473282,4.080210589730601
M15@H4,near_miss,against_daily,pullback,young,first_touch,5,27.2,1.2,3.899406165129757
M15@H4,near_miss,against_daily,pullback,young,retested_2plus,368,32.69021739130435,1.641304347826087,3.850033264477841
M15@H4,near_miss,against_daily,push,mature,first_touch,8,74.25,1.25,2.0166037422586545
M15@H4,near_miss,against_daily,push,mature,retested_2plus,70,97.7,2.142857142857143,3.0082574959867316
M15@H4,near_miss,against_daily,push,old,first_touch,1,2995.0,3.0,3.9342301943196847
M15@H4,near_miss,against_daily,push,old,retested_2plus,10,841.4,2.4,2.5232876818496033
M15@H4,near_miss,against_daily,push,young,retested_2plus,35,38.94285714285714,1.7428571428571429,2.689724585928447
M15@H4,near_miss,against_daily,reversal,fresh,first_touch,20,4.2,2.8,3.679396395841286
M15@H4,near_miss,against_daily,reversal,fresh,retested_1,15,4.6,2.533333333333333,2.19431574821371
M15@H4,near_miss,against_daily,reversal,fresh,retested_2plus,91,5.021978021978022,2.912087912087912,3.8315619612115794
M15@H4,near_miss,against_daily,reversal,mature,retested_2plus,50,148.72,2.42,4.0983347695746115
M15@H4,near_miss,against_daily,reversal,old,retested_2plus,41,279.1951219512195,2.5609756097560976,4.898282254698008
M15@H4,near_miss,against_daily,reversal,young,retested_2plus,72,24.65277777777778,2.375,4.667350767908364
M15@H4,near_miss,at_transition,continuation,fresh,first_touch,2,4.0,2.0,4.445844694819187
M15@H4,near_miss,at_transition,continuation,fresh,retested_1,1,4.0,1.0,4.150704225352226
M15@H4,near_miss,at_transition,continuation,fresh,retested_2plus,15,6.533333333333333,1.2666666666666666,4.17601705218067
M15@H4,near_miss,at_transition,continuation,mature,retested_2plus,2,80.5,2.0,5.5568621706911525
M15@H4,near_miss,at_transition,continuation,old,retested_2plus,4,585.75,1.5,5.5019996290270665
M15@H4,near_miss,at_transition,continuation,young,first_touch,3,17.333333333333332,1.6666666666666667,4.853575495607216
M15@H4,near_miss,at_transition,continuation,young,retested_2plus,16,27.625,1.4375,4.692803043759189
M15@H4,near_miss,at_transition,pullback,mature,retested_1,1,58.0,1.0,2.615885416666594
M15@H4,near_miss,at_transition,pullback,mature,retested_2plus,7,114.14285714285714,1.7142857142857142,5.248843270010103
M15@H4,near_miss,at_transition,pullback,old,retested_2plus,5,788.0,1.6,4.739868400032121
M15@H4,near_miss,at_transition,pullback,young,retested_2plus,11,28.272727272727273,1.2727272727272727,6.400228171493282
M15@H4,near_miss,at_transition,reversal,mature,retested_2plus,1,58.0,2.0,4.054413542926058
M15@H4,near_miss,at_transition,reversal,young,retested_2plus,1,33.0,1.0,4.123515439429794
M15@H4,near_miss,neutral,continuation,fresh,first_touch,257,3.2490272373540856,1.45136186770428,3.4321171318184978
M15@H4,near_miss,neutral,continuation,fresh,retested_1,105,3.7904761904761903,1.3523809523809525,3.391471104992899
M15@H4,near_miss,neutral,continuation,fresh,retested_2plus,1226,5.257748776508972,1.3752039151712887,3.3754609305377077
M15@H4,near_miss,neutral,continuation,mature,first_touch,22,120.9090909090909,1.0909090909090908,2.9643687617772225
M15@H4,near_miss,neutral,continuation,mature,retested_1,3,66.0,1.3333333333333333,3.833938521244221
M15@H4,near_miss,neutral,continuation,mature,retested_2plus,348,111.73850574712644,1.3074712643678161,3.7722426253163883
M15@H4,near_miss,neutral,continuation,old,first_touch,6,693.8333333333334,1.0,2.722260952321122
M15@H4,near_miss,neutral,continuation,old,retested_1,1,237.0,1.0,1.8186274509803526
M15@H4,near_miss,neutral,continuation,old,retested_2plus,255,836.364705882353,1.407843137254902,4.085357856620563
M15@H4,near_miss,neutral,continuation,young,first_touch,51,21.568627450980394,1.392156862745098,3.7564142517637396
M15@H4,near_miss,neutral,continuation,young,retested_1,21,20.047619047619047,1.4285714285714286,4.510766234390482
M15@H4,near_miss,neutral,continuation,young,retested_2plus,931,24.892588614393127,1.3941997851772288,3.709337957443681
M15@H4,near_miss,neutral,pullback,fresh,first_touch,24,2.7916666666666665,1.4583333333333333,3.322863714986091
M15@H4,near_miss,neutral,pullback,fresh,retested_2plus,66,8.454545454545455,1.5,4.292167128530894
M15@H4,near_miss,neutral,pullback,mature,retested_1,4,82.5,2.0,3.603221436533744
M15@H4,near_miss,neutral,pullback,mature,retested_2plus,218,95.78899082568807,1.3027522935779816,3.5749306859916152
M15@H4,near_miss,neutral,pullback,old,first_touch,1,426.0,1.0,6.245880861850775
M15@H4,near_miss,neutral,pullback,old,retested_1,2,238.0,2.0,1.9700115513457608
M15@H4,near_miss,neutral,pullback,old,retested_2plus,181,829.0828729281768,1.6187845303867403,4.526982466513043
M15@H4,near_miss,neutral,pullback,young,first_touch,2,15.0,1.0,3.9614564624134925
M15@H4,near_miss,neutral,pullback,young,retested_2plus,517,27.065764023210832,1.3733075435203095,4.355939447252218
M15@H4,near_miss,neutral,push,fresh,first_touch,1,8.0,1.0,1.884615384615412
M15@H4,near_miss,neutral,push,fresh,retested_2plus,3,8.0,2.0,1.5795872204359898
M15@H4,near_miss,neutral,push,mature,first_touch,1,164.0,1.0,1.2721991701245483
M15@H4,near_miss,neutral,push,mature,retested_2plus,10,80.6,1.2,2.7984156980447867
M15@H4,near_miss,neutral,push,old,retested_2plus,7,509.42857142857144,1.0,1.6475006318340075
M15@H4,near_miss,neutral,push,young,first_touch,1,17.0,2.0,2.7476970317298863
M15@H4,near_miss,neutral,push,young,retested_1,1,20.0,2.0,1.929104477611876
M15@H4,near_miss,neutral,push,young,retested_2plus,9,35.333333333333336,1.3333333333333333,2.60737109438003
M15@H4,near_miss,neutral,reversal,fresh,retested_1,1,4.0,0.0,4.115740740740475
M15@H4,near_miss,neutral,reversal,fresh,retested_2plus,16,7.5625,1.375,5.016443523257823
M15@H4,near_miss,neutral,reversal,mature,retested_2plus,26,96.65384615384616,1.8461538461538463,2.3963979412322365
M15@H4,near_miss,neutral,reversal,old,retested_2plus,5,229.4,1.2,2.3826246476790565
M15@H4,near_miss,neutral,reversal,young,retested_2plus,28,22.5,1.3571428571428572,6.347698218769406
M15@H4,near_miss,with_daily,continuation,fresh,first_touch,309,3.744336569579288,2.132686084142395,2.8729923268580833
M15@H4,near_miss,with_daily,continuation,fresh,retested_1,73,4.164383561643835,2.1232876712328768,2.981078631510761
M15@H4,near_miss,with_daily,continuation,fresh,retested_2plus,1215,5.260905349794239,2.219753086419753,3.1322506259784855
M15@H4,near_miss,with_daily,continuation,mature,first_touch,6,100.33333333333333,2.5,1.698956150572543
M15@H4,near_miss,with_daily,continuation,mature,retested_2plus,247,100.20242914979757,1.9230769230769231,4.27596271021884
M15@H4,near_miss,with_daily,continuation,old,retested_1,1,442.0,1.0,3.245514636449352
M15@H4,near_miss,with_daily,continuation,old,retested_2plus,198,995.3888888888889,1.702020202020202,4.17450735314319
M15@H4,near_miss,with_daily,continuation,young,first_touch,96,21.354166666666668,2.2708333333333335,2.6086550264610215
M15@H4,near_miss,with_daily,continuation,young,retested_1,28,17.964285714285715,2.142857142857143,4.241555271623995
M15@H4,near_miss,with_daily,continuation,young,retested_2plus,1386,22.038961038961038,2.217893217893218,3.2107867058680464
M15@H4,near_miss,with_daily,pullback,fresh,first_touch,19,2.6842105263157894,1.6842105263157894,2.92158378860306
M15@H4,near_miss,with_daily,pullback,fresh,retested_2plus,40,8.825,1.4,4.816479226644115
M15@H4,near_miss,with_daily,pullback,mature,first_touch,1,93.0,3.0,1.6280863173431301
M15@H4,near_miss,with_daily,pullback,mature,retested_2plus,202,110.7871287128713,1.797029702970297,4.55460659134653
M15@H4,near_miss,with_daily,pullback,old,retested_1,2,444.0,1.0,1.4914714791382637
M15@H4,near_miss,with_daily,pullback,old,retested_2plus,146,1109.9657534246576,2.136986301369863,5.098444287501758
M15@H4,near_miss,with_daily,pullback,young,first_touch,13,29.846153846153847,2.1538461538461537,3.890215926800692
M15@H4,near_miss,with_daily,pullback,young,retested_1,6,22.666666666666668,1.3333333333333333,2.636318412431506
M15@H4,near_miss,with_daily,pullback,young,retested_2plus,561,25.21212121212121,1.9269162210338682,4.277779691840756
M15@H4,near_miss,with_daily,push,fresh,first_touch,1,9.0,3.0,2.633239171374837
M15@H4,near_miss,with_daily,push,fresh,retested_2plus,11,7.363636363636363,3.0,2.511103651164898
M15@H4,near_miss,with_daily,push,mature,retested_2plus,15,103.0,1.6666666666666667,3.1975988787891936
M15@H4,near_miss,with_daily,push,young,first_touch,1,28.0,2.0,2.1248799231507864
M15@H4,near_miss,with_daily,push,young,retested_1,1,20.0,2.0,4.876260311640691
M15@H4,near_miss,with_daily,push,young,retested_2plus,37,22.405405405405407,2.3783783783783785,3.6717616101902224
M15@H4,near_miss,with_daily,reversal,young,retested_1,9,22.0,1.0,3.5491378163284737
M15@H4,near_miss,with_daily,reversal,young,retested_2plus,48,31.833333333333332,1.5416666666666667,3.944660145955639
M15@H4,wick_touch,against_daily,continuation,fresh,retested_1,135,3.533333333333333,2.2,3.1571943832596983
M15@H4,wick_touch,against_daily,continuation,fresh,retested_2plus,1821,4.522240527182866,2.2361339923119163,3.4325424964199955
M15@H4,wick_touch,against_daily,continuation,mature,retested_1,16,82.0,2.125,2.4224809562380814
M15@H4,wick_touch,against_daily,continuation,mature,retested_2plus,907,104.75964718853363,2.2381477398015437,3.5236717591231734
M15@H4,wick_touch,against_daily,continuation,old,retested_1,13,434.53846153846155,2.3846153846153846,2.6127258002480502
M15@H4,wick_touch,against_daily,continuation,old,retested_2plus,864,853.5775462962963,2.415509259259259,4.060075730717352
M15@H4,wick_touch,against_daily,continuation,young,retested_1,20,18.65,2.0,3.4592712825430807
M15@H4,wick_touch,against_daily,continuation,young,retested_2plus,1126,27.91474245115453,1.88898756660746,3.7577795595847547
M15@H4,wick_touch,against_daily,pullback,fresh,retested_1,36,2.8055555555555554,2.1666666666666665,3.389809240044917
M15@H4,wick_touch,against_daily,pullback,fresh,retested_2plus,160,6.99375,2.4625,3.1361015788884226
M15@H4,wick_touch,against_daily,pullback,mature,retested_1,3,130.0,2.6666666666666665,1.8893318112881603
M15@H4,wick_touch,against_daily,pullback,mature,retested_2plus,388,102.6417525773196,2.247422680412371,3.3008780466252152
M15@H4,wick_touch,against_daily,pullback,old,retested_1,3,967.6666666666666,2.0,3.058703185755778
M15@H4,wick_touch,against_daily,pullback,old,retested_2plus,504,922.0059523809524,2.3353174603174605,3.732362893110364
M15@H4,wick_touch,against_daily,pullback,young,retested_1,3,15.666666666666666,2.6666666666666665,3.9423258794396006
M15@H4,wick_touch,against_daily,pullback,young,retested_2plus,360,32.675,1.761111111111111,3.632821890137827
M15@H4,wick_touch,against_daily,push,mature,retested_1,1,122.0,2.0,1.048599199542711
M15@H4,wick_touch,against_daily,push,mature,retested_2plus,59,101.0,2.23728813559322,2.9299533374874445
M15@H4,wick_touch,against_daily,push,old,retested_1,1,1575.0,2.0,2.6148046607263784
M15@H4,wick_touch,against_daily,push,old,retested_2plus,10,963.3,2.1,1.810297447446694
M15@H4,wick_touch,against_daily,push,young,retested_1,1,18.0,1.0,1.3712772998014113
M15@H4,wick_touch,against_daily,push,young,retested_2plus,51,38.07843137254902,1.6274509803921569,2.2683050854798537
M15@H4,wick_touch,against_daily,reversal,fresh,retested_1,3,4.333333333333333,2.6666666666666665,2.553496278738058
M15@H4,wick_touch,against_daily,reversal,fresh,retested_2plus,101,4.99009900990099,2.8217821782178216,3.7054770664492946
M15@H4,wick_touch,against_daily,reversal,mature,retested_2plus,44,136.1818181818182,2.340909090909091,3.8628249077454337
M15@H4,wick_touch,against_daily,reversal,old,retested_2plus,35,259.0571428571429,2.4857142857142858,5.186712806849007
M15@H4,wick_touch,against_daily,reversal,young,retested_2plus,73,23.698630136986303,2.287671232876712,4.353520038846893
M15@H4,wick_touch,at_transition,continuation,fresh,retested_1,2,4.0,1.0,6.574851640075488
M15@H4,wick_touch,at_transition,continuation,fresh,retested_2plus,19,4.578947368421052,1.4736842105263157,4.507302643086961
M15@H4,wick_touch,at_transition,continuation,mature,retested_2plus,17,94.6470588235294,1.2941176470588236,4.245942736634151
M15@H4,wick_touch,at_transition,continuation,old,retested_2plus,14,900.1428571428571,1.7142857142857142,5.363355725718908
M15@H4,wick_touch,at_transition,continuation,young,retested_1,3,20.0,1.6666666666666667,6.098622509822651
M15@H4,wick_touch,at_transition,continuation,young,retested_2plus,35,26.514285714285716,1.3142857142857143,3.993978216085204
M15@H4,wick_touch,at_transition,pullback,fresh,retested_2plus,2,8.5,1.5,5.463859910581425
M15@H4,wick_touch,at_transition,pullback,mature,retested_2plus,4,113.0,1.0,4.435677899107418
M15@H4,wick_touch,at_transition,pullback,old,retested_2plus,4,1003.75,1.75,6.49723118405236
M15@H4,wick_touch,at_transition,pullback,young,retested_1,1,14.0,1.0,5.210045662101023
M15@H4,wick_touch,at_transition,pullback,young,retested_2plus,13,32.30769230769231,1.3076923076923077,6.031646813803306
M15@H4,wick_touch,at_transition,push,mature,retested_2plus,2,75.0,2.0,3.598618438192061
M15@H4,wick_touch,neutral,continuation,fresh,retested_1,92,3.3152173913043477,1.391304347826087,3.0264138055620844
M15@H4,wick_touch,neutral,continuation,fresh,retested_2plus,1436,5.165041782729805,1.3878830083565459,3.2385039435920207
M15@H4,wick_touch,neutral,continuation,mature,retested_1,1,85.0,2.0,8.776381909548238
M15@H4,wick_touch,neutral,continuation,mature,retested_2plus,281,107.2170818505338,1.2526690391459074,3.546385399590007
M15@H4,wick_touch,neutral,continuation,old,retested_1,4,957.25,1.0,1.4944828125741476
M15@H4,wick_touch,neutral,continuation,old,retested_2plus,220,852.3363636363637,1.4090909090909092,3.87375000271392
M15@H4,wick_touch,neutral,continuation,young,retested_1,21,25.238095238095237,1.4285714285714286,3.0251103079512722
M15@H4,wick_touch,neutral,continuation,young,retested_2plus,1032,24.20736434108527,1.3885658914728682,3.544012252029
M15@H4,wick_touch,neutral,pullback,fresh,retested_1,28,2.8214285714285716,1.25,2.9973772404653807
M15@H4,wick_touch,neutral,pullback,fresh,retested_2plus,80,7.8875,1.4375,4.143978751385513
M15@H4,wick_touch,neutral,pullback,mature,retested_1,1,72.0,2.0,2.3295544235427514
M15@H4,wick_touch,neutral,pullback,mature,retested_2plus,215,97.7860465116279,1.2325581395348837,3.2915656832945883
M15@H4,wick_touch,neutral,pullback,old,retested_1,2,583.5,1.5,1.8655220296391193
M15@H4,wick_touch,neutral,pullback,old,retested_2plus,172,904.25,1.558139534883721,4.4721299944251784
M15@H4,wick_touch,neutral,pullback,young,retested_1,1,21.0,1.0,4.765506807867205
M15@H4,wick_touch,neutral,pullback,young,retested_2plus,421,25.216152019002376,1.3467933491686461,4.475216220546467
M15@H4,wick_touch,neutral,push,fresh,retested_1,1,8.0,1.0,1.4993045897079436
M15@H4,wick_touch,neutral,push,fresh,retested_2plus,3,8.0,1.3333333333333333,1.7995323980602576
M15@H4,wick_touch,neutral,push,mature,retested_1,1,164.0,1.0,1.2224880382775885
M15@H4,wick_touch,neutral,push,mature,retested_2plus,15,84.46666666666667,1.2666666666666666,2.375894146252937
M15@H4,wick_touch,neutral,push,old,retested_2plus,5,567.2,1.0,0.989309688152131
M15@H4,wick_touch,neutral,push,young,retested_1,1,20.0,2.0,1.4321428571429098
M15@H4,wick_touch,neutral,push,young,retested_2plus,16,31.5625,1.5,2.35976948314586
M15@H4,wick_touch,neutral,reversal,fresh,retested_1,1,4.0,0.0,4.572072072072148
M15@H4,wick_touch,neutral,reversal,fresh,retested_2plus,15,6.733333333333333,1.1333333333333333,4.687792515989324
M15@H4,wick_touch,neutral,reversal,mature,retested_2plus,16,83.3125,1.5,1.8830968267211508
M15@H4,wick_touch,neutral,reversal,old,retested_2plus,11,206.54545454545453,1.0,1.958934824795925
M15@H4,wick_touch,neutral,reversal,young,retested_2plus,27,28.88888888888889,1.6296296296296295,4.012765928668529
M15@H4,wick_touch,with_daily,continuation,fresh,retested_1,105,3.4095238095238094,2.1142857142857143,2.5110798081511563
M15@H4,wick_touch,with_daily,continuation,fresh,retested_2plus,1484,4.883423180592992,2.1913746630727764,2.9415754155439675
M15@H4,wick_touch,with_daily,continuation,mature,retested_1,2,66.5,1.5,2.0424025168887283
M15@H4,wick_touch,with_daily,continuation,mature,retested_2plus,227,97.74449339207048,1.8722466960352422,4.160420758612969
M15@H4,wick_touch,with_daily,continuation,old,retested_2plus,176,937.6818181818181,1.6420454545454546,4.296473870629002
M15@H4,wick_touch,with_daily,continuation,young,retested_1,44,18.977272727272727,2.272727272727273,2.7296966198913597
M15@H4,wick_touch,with_daily,continuation,young,retested_2plus,1382,21.867583212735166,2.1931982633863965,2.957828569013674
M15@H4,wick_touch,with_daily,pullback,fresh,retested_1,7,2.2857142857142856,1.8571428571428572,2.818051996156701
M15@H4,wick_touch,with_daily,pullback,fresh,retested_2plus,29,8.344827586206897,1.1379310344827587,4.323053628411971
M15@H4,wick_touch,with_daily,pullback,mature,retested_2plus,174,104.41954022988506,1.7413793103448276,4.359807305762622
M15@H4,wick_touch,with_daily,pullback,old,retested_2plus,140,978.6857142857143,2.1785714285714284,5.585932232026037
M15@H4,wick_touch,with_daily,pullback,young,retested_1,5,19.2,1.6,3.6200469088525233
M15@H4,wick_touch,with_daily,pullback,young,retested_2plus,430,25.411627906976744,1.8837209302325582,4.229906351225079
M15@H4,wick_touch,with_daily,push,fresh,retested_2plus,8,6.625,3.0,1.944417941376705
M15@H4,wick_touch,with_daily,push,mature,retested_2plus,10,108.2,1.6,2.3739438623352713
M15@H4,wick_touch,with_daily,push,young,retested_1,1,20.0,2.0,5.078947368420975
M15@H4,wick_touch,with_daily,push,young,retested_2plus,22,21.545454545454547,2.272727272727273,3.528935258172645
M15@H4,wick_touch,with_daily,reversal,young,retested_2plus,38,31.57894736842105,1.7894736842105263,3.9179005737566017
M1@M15,body_close,against_daily,continuation,fresh,first_touch,2,2.0,1.0,1.005128205127952
M1@M15,body_close,against_daily,continuation,fresh,retested_1,669,3.133034379671151,2.233183856502242,1.9432285858012543
M1@M15,body_close,against_daily,continuation,fresh,retested_2plus,35697,5.105134885284477,2.164187466733899,1.9313011223348429
M1@M15,body_close,against_daily,continuation,mature,retested_1,9,83.88888888888889,2.5555555555555554,1.3948889611341413
M1@M15,body_close,against_daily,continuation,mature,retested_2plus,7961,85.92990830297701,2.0345433990704684,3.3784717108447917
M1@M15,body_close,against_daily,continuation,old,retested_1,16,822.6875,2.125,2.2898980672938456
M1@M15,body_close,against_daily,continuation,old,retested_2plus,13920,894.1191091954023,2.046623563218391,4.920643657367321
M1@M15,body_close,against_daily,continuation,young,retested_1,44,24.318181818181817,2.227272727272727,1.7250375993269258
M1@M15,body_close,against_daily,continuation,young,retested_2plus,21128,22.8434305187429,2.095560393790231,2.3387591772366547
M1@M15,body_close,against_daily,pullback,fresh,retested_1,285,2.4771929824561405,2.1473684210526316,1.9365747255977113
M1@M15,body_close,against_daily,pullback,fresh,retested_2plus,2995,7.870450751252087,2.112186978297162,2.6179875086591102
M1@M15,body_close,against_daily,pullback,mature,retested_1,2,85.5,3.0,0.6163428715568232
M1@M15,body_close,against_daily,pullback,mature,retested_2plus,3917,86.71176921113097,1.9078376308399285,3.877537214256283
M1@M15,body_close,against_daily,pullback,old,retested_1,1,2004.0,1.0,3.51236749116671
M1@M15,body_close,against_daily,pullback,old,retested_2plus,6353,953.3473949315284,2.001259247599559,4.760912422140315
M1@M15,body_close,against_daily,pullback,young,retested_1,4,27.25,1.75,1.2447131873411863
M1@M15,body_close,against_daily,pullback,young,retested_2plus,9245,24.549378042184966,2.2091941590048676,3.754888469957496
M1@M15,body_close,against_daily,push,fresh,retested_2plus,28,6.214285714285714,1.0,1.4153429327173124
M1@M15,body_close,against_daily,push,old,retested_2plus,257,670.5953307392996,1.2178988326848248,1.4528527773245257
M1@M15,body_close,against_daily,push,young,retested_2plus,111,15.837837837837839,3.0,3.1771097054691113
M1@M15,body_close,against_daily,reversal,fresh,retested_1,18,3.4444444444444446,2.7222222222222223,4.489067300808768
M1@M15,body_close,against_daily,reversal,fresh,retested_2plus,968,5.726239669421488,2.769628099173554,3.0205329009121002
M1@M15,body_close,against_daily,reversal,mature,retested_2plus,93,83.6989247311828,3.0,2.0312191588135686
M1@M15,body_close,against_daily,reversal,old,retested_1,2,600.0,2.5,1.363620551709493
M1@M15,body_close,against_daily,reversal,old,retested_2plus,885,410.2361581920904,1.8112994350282485,3.491876117785385
M1@M15,body_close,against_daily,reversal,young,retested_1,2,21.5,2.0,1.9324875052547514
M1@M15,body_close,against_daily,reversal,young,retested_2plus,1205,24.31784232365145,2.8107883817427384,2.9693625341544254
M1@M15,body_close,at_transition,continuation,fresh,retested_1,5,5.8,1.6,0.6754999350497352
M1@M15,body_close,at_transition,continuation,fresh,retested_2plus,11,6.363636363636363,1.7272727272727273,1.3312823061441958
M1@M15,body_close,at_transition,continuation,mature,retested_1,4,194.75,1.75,0.8078251569290466
M1@M15,body_close,at_transition,continuation,mature,retested_2plus,13,127.3076923076923,1.6153846153846154,1.383831215060544
M1@M15,body_close,at_transition,continuation,old,retested_2plus,29,372.2068965517241,1.1724137931034482,2.3473789872711563
M1@M15,body_close,at_transition,continuation,young,retested_1,2,12.0,1.5,1.4234497915845306
M1@M15,body_close,at_transition,continuation,young,retested_2plus,25,20.68,1.28,2.460107690192248
M1@M15,body_close,at_transition,pullback,fresh,retested_2plus,3,9.0,1.0,1.607503431973596
M1@M15,body_close,at_transition,pullback,mature,retested_2plus,1,130.0,2.0,9.167808392005997
M1@M15,body_close,at_transition,pullback,old,retested_2plus,11,401.8181818181818,1.4545454545454546,1.9405881473123592
M1@M15,body_close,at_transition,pullback,young,retested_2plus,12,23.083333333333332,1.1666666666666667,1.8055657948481587
M1@M15,body_close,at_transition,push,old,retested_2plus,1,213.0,1.0,0.6999999999998364
M1@M15,body_close,neutral,continuation,fresh,retested_1,391,3.289002557544757,1.2966751918158568,1.997215345120082
M1@M15,body_close,neutral,continuation,fresh,retested_2plus,21164,5.2366754866754865,1.297061047061047,1.8307605494341397
M1@M15,body_close,neutral,continuation,mature,retested_1,9,137.44444444444446,1.3333333333333333,8.48858583855065
M1@M15,body_close,neutral,continuation,mature,retested_2plus,5330,105.79399624765479,1.397748592870544,3.149627162129626
M1@M15,body_close,neutral,continuation,old,retested_1,8,1572.0,1.25,2.0824765929192086
M1@M15,body_close,neutral,continuation,old,retested_2plus,7660,699.165274151436,1.252219321148825,3.3524364959553603
M1@M15,body_close,neutral,continuation,young,retested_1,33,19.666666666666668,1.3333333333333333,1.916639764445638
M1@M15,body_close,neutral,continuation,young,retested_2plus,15487,23.618712468521988,1.261509653257571,2.640942486233214
M1@M15,body_close,neutral,pullback,fresh,retested_1,185,2.6648648648648647,1.2648648648648648,1.9539813109281863
M1@M15,body_close,neutral,pullback,fresh,retested_2plus,1348,7.932492581602374,1.2804154302670623,2.7875791790147244
M1@M15,body_close,neutral,pullback,mature,retested_1,1,194.0,1.0,1.0131578947398558
M1@M15,body_close,neutral,pullback,mature,retested_2plus,2076,98.21435452793834,1.5298651252408477,3.165070544647288
M1@M15,body_close,neutral,pullback,old,retested_1,1,214.0,1.0,0.031111111112683075
M1@M15,body_close,neutral,pullback,old,retested_2plus,4568,473.63922942206653,1.2848073555166375,4.71724285284077
M1@M15,body_close,neutral,pullback,young,retested_1,2,19.0,1.0,2.1379003825383305
M1@M15,body_close,neutral,pullback,young,retested_2plus,5987,24.42592283280441,1.2849507265742441,3.4867993192815834
M1@M15,body_close,neutral,push,fresh,retested_1,2,7.0,0.0,1.8635137218621574
M1@M15,body_close,neutral,push,fresh,retested_2plus,95,6.894736842105263,0.7578947368421053,1.401834351316564
M1@M15,body_close,neutral,push,mature,retested_2plus,256,73.125,0.0,1.6783347748500297
M1@M15,body_close,neutral,push,old,retested_1,3,374.3333333333333,1.3333333333333333,1.2480433363160486
M1@M15,body_close,neutral,push,old,retested_2plus,251,306.0557768924303,1.3665338645418326,2.68623150045383
M1@M15,body_close,neutral,push,young,retested_1,1,25.0,0.0,1.7986111111121044
M1@M15,body_close,neutral,push,young,retested_2plus,275,19.73818181818182,1.52,2.7322998361199318
M1@M15,body_close,neutral,reversal,fresh,retested_1,6,2.8333333333333335,0.6666666666666666,2.1671278965134118
M1@M15,body_close,neutral,reversal,fresh,retested_2plus,281,5.775800711743773,0.9252669039145908,1.6360998536890252
M1@M15,body_close,neutral,reversal,mature,retested_2plus,104,111.52884615384616,0.0,1.5054848603952569
M1@M15,body_close,neutral,reversal,young,retested_2plus,118,37.29661016949152,0.3220338983050847,2.4296138761892525
M1@M15,body_close,with_daily,continuation,fresh,first_touch,2,4.5,2.5,1.5043080016531083
M1@M15,body_close,with_daily,continuation,fresh,retested_1,646,3.1021671826625385,2.196594427244582,1.855052757127725
M1@M15,body_close,with_daily,continuation,fresh,retested_2plus,37572,5.256228042159055,2.196555945917172,1.778533367960107
M1@M15,body_close,with_daily,continuation,mature,retested_1,16,124.6875,2.375,4.47510021740381
M1@M15,body_close,with_daily,continuation,mature,retested_2plus,9500,105.25,2.348842105263158,3.0052814702480672
M1@M15,body_close,with_daily,continuation,old,retested_1,11,526.2727272727273,1.8181818181818181,2.244750022606395
M1@M15,body_close,with_daily,continuation,old,retested_2plus,7883,377.32614486870483,2.2140048204998095,2.9340846139534427
M1@M15,body_close,with_daily,continuation,young,retested_1,42,22.714285714285715,2.3095238095238093,1.9340115998790444
M1@M15,body_close,with_daily,continuation,young,retested_2plus,23174,23.23219987917494,2.2020367653404676,2.4615451171603864
M1@M15,body_close,with_daily,pullback,fresh,retested_1,310,2.693548387096774,2.2096774193548385,1.7735175602733335
M1@M15,body_close,with_daily,pullback,fresh,retested_2plus,3355,7.987779433681073,2.1758569299552906,2.230108696854697
M1@M15,body_close,with_daily,pullback,mature,retested_1,5,79.6,2.8,0.8514045578496205
M1@M15,body_close,with_daily,pullback,mature,retested_2plus,3585,100.48926080892608,2.039888423988842,2.8645669289751243
M1@M15,body_close,with_daily,pullback,old,retested_1,2,497.5,3.0,0.6417871146708936
M1@M15,body_close,with_daily,pullback,old,retested_2plus,4571,309.78451104791077,2.4712316779698096,3.158499607139661
M1@M15,body_close,with_daily,pullback,young,retested_1,4,19.0,2.0,1.3452875534968236
M1@M15,body_close,with_daily,pullback,young,retested_2plus,10300,24.086699029126212,2.243883495145631,3.2246880675961163
M1@M15,body_close,with_daily,push,fresh,retested_1,1,8.0,3.0,1.1981981981988667
M1@M15,body_close,with_daily,push,fresh,retested_2plus,204,7.142156862745098,3.0,1.372061209790895
M1@M15,body_close,with_daily,push,mature,retested_1,4,78.5,2.5,1.0811868516077667
M1@M15,body_close,with_daily,push,mature,retested_2plus,593,138.47554806070826,2.7436762225969646,1.5337192153491301
M1@M15,body_close,with_daily,push,old,retested_1,2,342.0,3.0,0.626267748478689
M1@M15,body_close,with_daily,push,old,retested_2plus,205,242.06829268292682,3.0,1.5833792276368024
M1@M15,body_close,with_daily,push,young,retested_1,5,32.6,2.6,0.8590794945708333
M1@M15,body_close,with_daily,push,young,retested_2plus,235,23.931914893617023,2.8893617021276596,1.4784255784928229
M1@M15,body_close,with_daily,reversal,fresh,retested_1,3,2.3333333333333335,1.6666666666666667,1.5454120297783094
M1@M15,body_close,with_daily,reversal,fresh,retested_2plus,146,4.267123287671233,1.9726027397260273,1.6012918609752114
M1@M15,body_close,with_daily,reversal,mature,retested_2plus,212,165.76415094339623,1.0,1.5861080794646034
M1@M15,body_close,with_daily,reversal,old,retested_2plus,59,607.0169491525423,2.2542372881355934,1.6531584618756077
M1@M15,break_through,against_daily,continuation,fresh,first_touch,8,2.375,2.25,2.608605804884212
M1@M15,break_through,against_daily,pullback,fresh,first_touch,3,2.0,3.0,2.931407583879038
M1@M15,break_through,at_transition,continuation,mature,first_touch,1,195.0,2.0,7.796208530806027
M1@M15,break_through,neutral,continuation,fresh,first_touch,10,2.2,1.5,3.3180343953771954
M1@M15,break_through,neutral,pullback,fresh,first_touch,2,3.5,1.0,1.7724358974371484
M1@M15,break_through,with_daily,continuation,fresh,first_touch,7,2.2857142857142856,2.142857142857143,2.3176325237935904
M1@M15,break_through,with_daily,pullback,fresh,first_touch,8,2.5,2.125,2.7654340142909604
M1@M15,near_miss,against_daily,continuation,fresh,first_touch,1979,3.6083880747852453,2.16422435573522,5.08519948132159
M1@M15,near_miss,against_daily,continuation,fresh,retested_1,629,3.742448330683625,2.165341812400636,3.7819847996750333
M1@M15,near_miss,against_daily,continuation,fresh,retested_2plus,7670,5.433767926988266,2.223728813559322,4.593946207057816
M1@M15,near_miss,against_daily,continuation,mature,first_touch,71,105.56338028169014,2.1267605633802815,6.880101568889557
M1@M15,near_miss,against_daily,continuation,mature,retested_1,18,113.38888888888889,2.1666666666666665,3.867080119537021
M1@M15,near_miss,against_daily,continuation,mature,retested_2plus,1303,85.17267843438219,2.1128165771297005,5.93133208375407
M1@M15,near_miss,against_daily,continuation,old,first_touch,60,1253.4333333333334,1.9333333333333333,4.171688180768344
M1@M15,near_miss,against_daily,continuation,old,retested_1,20,1868.8,2.0,3.8434049252227753
M1@M15,near_miss,against_daily,continuation,old,retested_2plus,2170,895.8981566820277,2.0714285714285716,6.384511668906004
M1@M15,near_miss,against_daily,continuation,young,first_touch,262,21.33206106870229,2.377862595419847,4.9015282315264805
M1@M15,near_miss,against_daily,continuation,young,retested_1,87,22.71264367816092,2.206896551724138,3.4300804947481165
M1@M15,near_miss,against_daily,continuation,young,retested_2plus,4634,23.558049201553732,2.1976694000863186,5.167156837162132
M1@M15,near_miss,against_daily,pullback,fresh,first_touch,96,2.5208333333333335,2.2291666666666665,3.6321004797351395
M1@M15,near_miss,against_daily,pullback,fresh,retested_1,4,7.75,2.0,2.1640943261521643
M1@M15,near_miss,against_daily,pullback,fresh,retested_2plus,1027,7.786757546251217,2.1343719571567674,5.672939297248045
M1@M15,near_miss,against_daily,pullback,mature,first_touch,4,75.0,2.5,2.941652355793416
M1@M15,near_miss,against_daily,pullback,mature,retested_2plus,699,83.39055793991416,2.2203147353361947,6.13051542716363
M1@M15,near_miss,against_daily,pullback,old,first_touch,2,724.0,3.0,3.4241761770680372
M1@M15,near_miss,against_daily,pullback,old,retested_1,5,2375.2,2.2,4.556249191323271
M1@M15,near_miss,against_daily,pullback,old,retested_2plus,1558,1064.6867779204108,2.0353016688061616,5.576623924101014
M1@M15,near_miss,against_daily,pullback,young,first_touch,52,25.442307692307693,2.1538461538461537,4.751477773444762
M1@M15,near_miss,against_daily,pullback,young,retested_1,61,19.42622950819672,2.262295081967213,3.3441202665967618
M1@M15,near_miss,against_daily,pullback,young,retested_2plus,2949,23.940318752119364,2.147168531705663,6.366121896638151
M1@M15,near_miss,against_daily,push,fresh,retested_2plus,7,6.142857142857143,1.0,3.0660587346217625
M1@M15,near_miss,against_daily,push,old,retested_1,1,677.0,1.0,2.5128205128192866
M1@M15,near_miss,against_daily,push,old,retested_2plus,40,859.875,1.275,3.748343045506754
M1@M15,near_miss,against_daily,push,young,retested_2plus,6,13.166666666666666,3.0,6.224772587095561
M1@M15,near_miss,against_daily,reversal,fresh,first_touch,11,2.727272727272727,3.0,4.5021361514808484
M1@M15,near_miss,against_daily,reversal,fresh,retested_1,19,2.3157894736842106,2.8947368421052633,3.737678914345089
M1@M15,near_miss,against_daily,reversal,fresh,retested_2plus,123,5.926829268292683,2.7886178861788617,5.326674507680717
M1@M15,near_miss,against_daily,reversal,mature,retested_2plus,26,78.73076923076923,3.0,5.083058287991145
M1@M15,near_miss,against_daily,reversal,old,retested_2plus,125,485.224,2.24,4.844023909222939
M1@M15,near_miss,against_daily,reversal,young,first_touch,24,14.708333333333334,3.0,6.246437465959759
M1@M15,near_miss,against_daily,reversal,young,retested_1,9,17.444444444444443,1.8888888888888888,2.9146730648381607
M1@M15,near_miss,against_daily,reversal,young,retested_2plus,181,22.39779005524862,2.712707182320442,7.1767388397387135
M1@M15,near_miss,at_transition,continuation,fresh,first_touch,1,6.0,1.0,4.909952606635728
M1@M15,near_miss,at_transition,continuation,fresh,retested_2plus,1,3.0,1.0,3.336079917143732
M1@M15,near_miss,at_transition,continuation,old,retested_2plus,7,391.85714285714283,1.1428571428571428,5.136070320016515
M1@M15,near_miss,at_transition,continuation,young,retested_2plus,6,14.166666666666666,1.6666666666666667,4.419019839286742
M1@M15,near_miss,at_transition,pullback,mature,retested_2plus,4,110.75,1.75,6.845495659299402
M1@M15,near_miss,at_transition,pullback,old,retested_2plus,4,211.75,1.25,3.447334480608425
M1@M15,near_miss,at_transition,pullback,young,retested_2plus,4,17.75,1.5,5.617548639038808
M1@M15,near_miss,neutral,continuation,fresh,first_touch,1109,3.774571686203787,1.3525698827772767,5.24740517739034
M1@M15,near_miss,neutral,continuation,fresh,retested_1,348,3.704022988505747,1.293103448275862,3.7124907040827817
M1@M15,near_miss,neutral,continuation,fresh,retested_2plus,4076,5.201913640824338,1.2931795878312071,4.228080433876871
M1@M15,near_miss,neutral,continuation,mature,first_touch,49,78.51020408163265,1.346938775510204,6.410465202216471
M1@M15,near_miss,neutral,continuation,mature,retested_1,15,100.06666666666666,1.2666666666666666,2.567530141654154
M1@M15,near_miss,neutral,continuation,mature,retested_2plus,985,100.72182741116751,1.4192893401015227,6.724611732591858
M1@M15,near_miss,neutral,continuation,old,first_touch,8,1996.875,1.0,2.85382597045191
M1@M15,near_miss,neutral,continuation,old,retested_1,14,809.7857142857143,1.3571428571428572,3.153604351951803
M1@M15,near_miss,neutral,continuation,old,retested_2plus,1290,797.806976744186,1.213953488372093,6.792904298949074
M1@M15,near_miss,neutral,continuation,young,first_touch,134,20.686567164179106,1.3805970149253732,4.3403167071178785
M1@M15,near_miss,neutral,continuation,young,retested_1,77,17.181818181818183,1.103896103896104,3.5606812639441254
M1@M15,near_miss,neutral,continuation,young,retested_2plus,2999,23.05635211737246,1.2870956985661888,5.829064162498625
M1@M15,near_miss,neutral,pullback,fresh,first_touch,54,2.462962962962963,1.3888888888888888,5.0587222887358445
M1@M15,near_miss,neutral,pullback,fresh,retested_1,1,8.0,1.0,2.281715130623986
M1@M15,near_miss,neutral,pullback,fresh,retested_2plus,406,7.586206896551724,1.3842364532019704,5.457622024140211
M1@M15,near_miss,neutral,pullback,mature,first_touch,3,99.0,1.6666666666666667,2.317795158652475
M1@M15,near_miss,neutral,pullback,mature,retested_1,21,79.28571428571429,1.1428571428571428,2.1012482369998455
M1@M15,near_miss,neutral,pullback,mature,retested_2plus,688,100.60174418604652,1.441860465116279,6.136674047780695
M1@M15,near_miss,neutral,pullback,old,first_touch,2,1987.5,1.0,3.175786448992508
M1@M15,near_miss,neutral,pullback,old,retested_1,15,1389.7333333333333,1.0,2.3990611602888734
M1@M15,near_miss,neutral,pullback,old,retested_2plus,708,795.1723163841808,1.3361581920903955,7.03787063838049
M1@M15,near_miss,neutral,pullback,young,first_touch,7,16.0,2.0,5.4945365788468195
M1@M15,near_miss,neutral,pullback,young,retested_1,5,23.0,1.6,2.6856576787680724
M1@M15,near_miss,neutral,pullback,young,retested_2plus,1633,23.337415799142683,1.2798530312308634,6.1049562540886235
M1@M15,near_miss,neutral,push,fresh,first_touch,11,6.363636363636363,0.0,3.2515434344713516
M1@M15,near_miss,neutral,push,fresh,retested_1,5,9.0,1.6,4.962352954928475
M1@M15,near_miss,neutral,push,fresh,retested_2plus,20,6.45,0.3,2.768090759897236
M1@M15,near_miss,neutral,push,mature,retested_2plus,33,69.3030303030303,0.0,4.371541860195713
M1@M15,near_miss,neutral,push,old,first_touch,3,327.0,2.0,2.8843051868914675
M1@M15,near_miss,neutral,push,old,retested_2plus,31,293.4193548387097,1.2258064516129032,10.313734227034676
M1@M15,near_miss,neutral,push,young,first_touch,2,24.0,0.0,3.1465395480240135
M1@M15,near_miss,neutral,push,young,retested_2plus,37,25.513513513513512,0.05405405405405406,3.2162489514439603
M1@M15,near_miss,neutral,reversal,fresh,first_touch,4,2.0,0.0,3.832180858808625
M1@M15,near_miss,neutral,reversal,fresh,retested_1,2,2.0,0.0,4.5365905836141724
M1@M15,near_miss,neutral,reversal,fresh,retested_2plus,42,5.666666666666667,0.3333333333333333,3.0848429916102758
M1@M15,near_miss,neutral,reversal,mature,retested_2plus,23,110.0,0.0,2.9337547880906354
M1@M15,near_miss,neutral,reversal,young,retested_2plus,31,26.93548387096774,0.3225806451612903,4.877552460256599
M1@M15,near_miss,with_daily,continuation,fresh,first_touch,1978,3.5414560161779574,2.3003033367037413,4.226366671777439
M1@M15,near_miss,with_daily,continuation,fresh,retested_1,599,3.8681135225375627,2.1569282136894823,3.5009039874238623
M1@M15,near_miss,with_daily,continuation,fresh,retested_2plus,7187,5.349241686378183,2.217336858216224,4.3462876488281
M1@M15,near_miss,with_daily,continuation,mature,first_touch,87,92.98850574712644,2.2988505747126435,5.164193049444595
M1@M15,near_miss,with_daily,continuation,mature,retested_1,46,156.80434782608697,2.5652173913043477,22.592293838263597
M1@M15,near_miss,with_daily,continuation,mature,retested_2plus,2019,100.17632491332343,2.349182763744428,6.620899521964688
M1@M15,near_miss,with_daily,continuation,old,first_touch,29,314.7931034482759,1.8620689655172413,3.819672322187524
M1@M15,near_miss,with_daily,continuation,old,retested_1,15,321.26666666666665,1.5333333333333334,2.32003894963876
M1@M15,near_miss,with_daily,continuation,old,retested_2plus,1550,467.41161290322583,2.278709677419355,6.013029342061509
M1@M15,near_miss,with_daily,continuation,young,first_touch,283,19.236749116607776,2.3321554770318023,4.48324850304625
M1@M15,near_miss,with_daily,continuation,young,retested_1,83,16.457831325301203,1.9397590361445782,4.188275641509167
M1@M15,near_miss,with_daily,continuation,young,retested_2plus,4997,22.71823093856314,2.151490894536722,5.437238159468098
M1@M15,near_miss,with_daily,pullback,fresh,first_touch,136,3.3088235294117645,2.051470588235294,3.9273667628915208
M1@M15,near_miss,with_daily,pullback,fresh,retested_1,8,10.0,3.0,4.550120078527537
M1@M15,near_miss,with_daily,pullback,fresh,retested_2plus,927,7.771305285868393,2.2632146709816614,4.785496327900509
M1@M15,near_miss,with_daily,pullback,mature,first_touch,14,124.42857142857143,2.5,4.529108330444047
M1@M15,near_miss,with_daily,pullback,mature,retested_1,3,66.66666666666667,2.6666666666666665,2.4835687828909663
M1@M15,near_miss,with_daily,pullback,mature,retested_2plus,1102,102.42921960072596,2.235934664246824,4.562712871754431
M1@M15,near_miss,with_daily,pullback,old,first_touch,3,420.0,2.3333333333333335,3.2415620309058464
M1@M15,near_miss,with_daily,pullback,old,retested_1,6,247.0,1.0,1.3002144176814447
M1@M15,near_miss,with_daily,pullback,old,retested_2plus,1379,308.86947063089195,2.307469180565627,6.5255353093145345
M1@M15,near_miss,with_daily,pullback,young,first_touch,30,19.966666666666665,2.2666666666666666,3.548455303841716
M1@M15,near_miss,with_daily,pullback,young,retested_1,24,23.791666666666668,2.5,3.480649681559978
M1@M15,near_miss,with_daily,pullback,young,retested_2plus,2741,23.10871944545786,2.2145202480846407,5.092912434229583
M1@M15,near_miss,with_daily,push,fresh,first_touch,9,6.888888888888889,3.0,2.6307899779063018
M1@M15,near_miss,with_daily,push,fresh,retested_1,1,6.0,3.0,3.077586206896733
M1@M15,near_miss,with_daily,push,fresh,retested_2plus,9,7.444444444444445,3.0,2.701365249421069
M1@M15,near_miss,with_daily,push,mature,first_touch,15,83.93333333333334,2.6,2.1018088513153748
M1@M15,near_miss,with_daily,push,mature,retested_1,7,133.14285714285714,3.0,4.932378532867192
M1@M15,near_miss,with_daily,push,mature,retested_2plus,125,110.024,2.664,3.881641147764163
M1@M15,near_miss,with_daily,push,old,retested_2plus,103,242.05825242718447,3.0,5.23349371479661
M1@M15,near_miss,with_daily,push,young,first_touch,1,31.0,1.0,1.4508204538754828
M1@M15,near_miss,with_daily,push,young,retested_1,5,15.2,3.0,2.410562182554809
M1@M15,near_miss,with_daily,push,young,retested_2plus,43,21.325581395348838,2.86046511627907,2.698492582511392
M1@M15,near_miss,with_daily,reversal,fresh,first_touch,15,3.533333333333333,1.2666666666666666,5.323740686322297
M1@M15,near_miss,with_daily,reversal,fresh,retested_1,1,4.0,1.0,3.116788321168173
M1@M15,near_miss,with_daily,reversal,fresh,retested_2plus,2,4.0,1.0,3.267728393452362
M1@M15,near_miss,with_daily,reversal,mature,retested_2plus,45,161.04444444444445,1.0,4.4304336189365
M1@M15,near_miss,with_daily,reversal,old,retested_2plus,13,543.1538461538462,2.076923076923077,4.635028995342972
M1@M15,wick_touch,against_daily,continuation,fresh,retested_1,314,3.426751592356688,2.1910828025477707,3.038364765638755
M1@M15,wick_touch,against_daily,continuation,fresh,retested_2plus,4916,5.008950366151343,2.1877542717656633,3.569019964921774
M1@M15,wick_touch,against_daily,continuation,mature,retested_1,9,101.66666666666667,2.2222222222222223,5.652272265051046
M1@M15,wick_touch,against_daily,continuation,mature,retested_2plus,814,86.57616707616708,2.1461916461916464,4.608391542322708
M1@M15,wick_touch,against_daily,continuation,old,retested_1,15,1118.8,1.8666666666666667,3.29119358147838
M1@M15,wick_touch,against_daily,continuation,old,retested_2plus,1455,871.215120274914,2.022680412371134,5.379527661761127
M1@M15,wick_touch,against_daily,continuation,young,retested_1,40,20.45,2.2,2.8388167456274074
M1@M15,wick_touch,against_daily,continuation,young,retested_2plus,2400,23.05625,2.17125,3.859165012427489
M1@M15,wick_touch,against_daily,pullback,fresh,retested_1,62,2.3548387096774195,2.225806451612903,3.1902882318802464
M1@M15,wick_touch,against_daily,pullback,fresh,retested_2plus,422,7.758293838862559,2.1800947867298577,4.569100870688775
M1@M15,wick_touch,against_daily,pullback,mature,retested_1,4,87.25,1.75,3.997761729073267
M1@M15,wick_touch,against_daily,pullback,mature,retested_2plus,481,82.78586278586279,2.234927234927235,4.861739482890504
M1@M15,wick_touch,against_daily,pullback,old,retested_2plus,861,1075.6840882694542,2.048780487804878,4.704953084227789
M1@M15,wick_touch,against_daily,pullback,young,retested_1,2,27.5,3.0,3.530091748693464
M1@M15,wick_touch,against_daily,pullback,young,retested_2plus,1323,24.695389266817838,2.1715797430083144,5.013272705641996
M1@M15,wick_touch,against_daily,push,fresh,retested_2plus,12,7.25,1.0,3.0713117721422205
M1@M15,wick_touch,against_daily,push,old,retested_1,1,677.0,1.0,2.8571428571422746
M1@M15,wick_touch,against_daily,push,old,retested_2plus,49,878.795918367347,1.2040816326530612,3.2643017789070687
M1@M15,wick_touch,against_daily,push,young,retested_2plus,4,15.75,3.0,6.42945725136841
M1@M15,wick_touch,against_daily,reversal,fresh,retested_1,7,2.7142857142857144,2.7142857142857144,3.4996243635393176
M1@M15,wick_touch,against_daily,reversal,fresh,retested_2plus,98,5.418367346938775,2.683673469387755,4.5193994437157565
M1@M15,wick_touch,against_daily,reversal,mature,retested_2plus,18,81.61111111111111,3.0,4.471144228794493
M1@M15,wick_touch,against_daily,reversal,old,retested_1,1,236.0,3.0,1.3200927108225746
M1@M15,wick_touch,against_daily,reversal,old,retested_2plus,75,436.2266666666667,2.1066666666666665,4.284367022017972
M1@M15,wick_touch,against_daily,reversal,young,retested_1,2,14.5,3.0,5.10823013415697
M1@M15,wick_touch,against_daily,reversal,young,retested_2plus,93,24.64516129032258,2.6129032258064515,5.563408291677829
M1@M15,wick_touch,at_transition,continuation,fresh,retested_1,5,6.8,1.4,2.64000303719395
M1@M15,wick_touch,at_transition,continuation,fresh,retested_2plus,10,5.6,1.5,3.2797971672077546
M1@M15,wick_touch,at_transition,continuation,mature,retested_2plus,6,116.5,1.8333333333333333,5.552466441796338
M1@M15,wick_touch,at_transition,continuation,old,retested_1,1,489.0,1.0,4.8434343434323335
M1@M15,wick_touch,at_transition,continuation,old,retested_2plus,12,619.0833333333334,1.25,6.9652985074249
M1@M15,wick_touch,at_transition,continuation,young,retested_1,10,21.6,1.5,5.610024212368123
M1@M15,wick_touch,at_transition,continuation,young,retested_2plus,21,21.428571428571427,1.4761904761904763,4.461606640352518
M1@M15,wick_touch,at_transition,pullback,fresh,retested_2plus,2,9.0,1.5,4.972173479521533
M1@M15,wick_touch,at_transition,pullback,mature,retested_2plus,1,62.0,2.0,3.8153153153151704
M1@M15,wick_touch,at_transition,pullback,old,retested_2plus,7,436.85714285714283,1.7142857142857142,6.882479037859047
M1@M15,wick_touch,at_transition,pullback,young,retested_2plus,16,27.375,1.5625,5.987803950588923
M1@M15,wick_touch,at_transition,push,old,retested_2plus,1,517.0,1.0,6.349557522125051
M1@M15,wick_touch,neutral,continuation,fresh,retested_1,200,3.61,1.295,3.1210574044089334
M1@M15,wick_touch,neutral,continuation,fresh,retested_2plus,2991,4.962219993313274,1.3189568706118355,3.3691084821278543
M1@M15,wick_touch,neutral,continuation,mature,retested_1,9,116.22222222222223,1.4444444444444444,2.8788857842739657
M1@M15,wick_touch,neutral,continuation,mature,retested_2plus,563,103.02309058614564,1.419182948490231,5.161875794632813
M1@M15,wick_touch,neutral,continuation,old,retested_1,7,1000.7142857142857,1.2857142857142858,2.4313594940924768
M1@M15,wick_touch,neutral,continuation,old,retested_2plus,889,862.5714285714286,1.2215973003374578,4.806616371318066
M1@M15,wick_touch,neutral,continuation,young,retested_1,30,20.066666666666666,1.2333333333333334,2.952378976880415
M1@M15,wick_touch,neutral,continuation,young,retested_2plus,1717,22.7361677344205,1.269656377402446,4.085595786943616
M1@M15,wick_touch,neutral,pullback,fresh,retested_1,46,2.4782608695652173,1.3043478260869565,3.1626480136513275
M1@M15,wick_touch,neutral,pullback,fresh,retested_2plus,201,7.840796019900497,1.3582089552238805,4.157882691281386
M1@M15,wick_touch,neutral,pullback,mature,retested_1,1,67.0,1.0,1.3034988480323222
M1@M15,wick_touch,neutral,pullback,mature,retested_2plus,315,104.64761904761905,1.4793650793650794,5.027806869081133
M1@M15,wick_touch,neutral,pullback,old,retested_1,1,1760.0,1.0,1.9987195902689345
M1@M15,wick_touch,neutral,pullback,old,retested_2plus,428,711.911214953271,1.3434579439252337,4.948032559537519
M1@M15,wick_touch,neutral,pullback,young,retested_1,1,16.0,2.0,1.7461836247015192
M1@M15,wick_touch,neutral,pullback,young,retested_2plus,845,23.2698224852071,1.332544378698225,5.150239280658007
M1@M15,wick_touch,neutral,push,fresh,retested_1,2,8.5,1.0,3.17639332187464
M1@M15,wick_touch,neutral,push,fresh,retested_2plus,24,6.541666666666667,0.25,2.491559889039343
M1@M15,wick_touch,neutral,push,mature,retested_2plus,29,69.24137931034483,0.0,3.909911457044375
M1@M15,wick_touch,neutral,push,old,retested_2plus,20,342.8,1.2,4.7976111797523675
M1@M15,wick_touch,neutral,push,young,retested_2plus,31,24.612903225806452,0.25806451612903225,3.2764698789275823
M1@M15,wick_touch,neutral,reversal,fresh,retested_1,2,2.0,0.0,3.9773478985078734
M1@M15,wick_touch,neutral,reversal,fresh,retested_2plus,42,5.666666666666667,0.19047619047619047,2.698403999218219
M1@M15,wick_touch,neutral,reversal,mature,retested_2plus,24,109.79166666666667,0.0,2.6648490471574893
M1@M15,wick_touch,neutral,reversal,young,retested_2plus,19,23.210526315789473,0.5263157894736842,5.071047944538822
M1@M15,wick_touch,with_daily,continuation,fresh,retested_1,314,3.4554140127388533,2.2261146496815285,3.0354067809426564
M1@M15,wick_touch,with_daily,continuation,fresh,retested_2plus,4857,5.014618077002265,2.1964175416924028,3.4484676228155617
M1@M15,wick_touch,with_daily,continuation,mature,retested_1,12,119.66666666666667,2.0,2.714113662769915
M1@M15,wick_touch,with_daily,continuation,mature,retested_2plus,1208,101.94867549668874,2.236754966887417,4.098983630082769
M1@M15,wick_touch,with_daily,continuation,old,retested_1,12,347.8333333333333,2.1666666666666665,2.8253628974880733
M1@M15,wick_touch,with_daily,continuation,old,retested_2plus,1015,412.35665024630543,2.334975369458128,4.201115456475546
M1@M15,wick_touch,with_daily,continuation,young,retested_1,39,20.0,2.230769230769231,3.1181397908457407
M1@M15,wick_touch,with_daily,continuation,young,retested_2plus,2576,23.042313664596275,2.18555900621118,3.872958003966012
M1@M15,wick_touch,with_daily,pullback,fresh,retested_1,71,2.7746478873239435,2.267605633802817,3.6054669888587094
M1@M15,wick_touch,with_daily,pullback,fresh,retested_2plus,458,7.794759825327511,2.2008733624454146,3.851225775354654
M1@M15,wick_touch,with_daily,pullback,mature,retested_1,5,106.2,1.4,2.4766294859840112
M1@M15,wick_touch,with_daily,pullback,mature,retested_2plus,634,106.63091482649843,2.192429022082019,3.588367554882236
M1@M15,wick_touch,with_daily,pullback,old,retested_2plus,642,320.1557632398754,2.303738317757009,4.872206082720662
M1@M15,wick_touch,with_daily,pullback,young,retested_1,5,21.2,2.4,3.406378551726038
M1@M15,wick_touch,with_daily,pullback,young,retested_2plus,1434,23.804741980474198,2.2831241283124126,4.32678824180143
M1@M15,wick_touch,with_daily,push,fresh,retested_1,2,6.5,3.0,2.290843621399158
M1@M15,wick_touch,with_daily,push,fresh,retested_2plus,14,7.142857142857143,3.0,2.7593390821092614
M1@M15,wick_touch,with_daily,push,mature,retested_1,1,101.0,3.0,1.6083916083915746
M1@M15,wick_touch,with_daily,push,mature,retested_2plus,102,102.44117647058823,2.5294117647058822,3.0917297243978163
M1@M15,wick_touch,with_daily,push,old,retested_1,1,240.0,3.0,1.0549898167005645
M1@M15,wick_touch,with_daily,push,old,retested_2plus,23,274.39130434782606,3.0,3.060375561298773
M1@M15,wick_touch,with_daily,push,young,retested_1,2,15.5,3.0,2.236111111109919
M1@M15,wick_touch,with_daily,push,young,retested_2plus,40,24.8,2.9,2.5957591978013896
M1@M15,wick_touch,with_daily,reversal,fresh,retested_1,3,3.0,1.0,2.6888199051125006
M1@M15,wick_touch,with_daily,reversal,fresh,retested_2plus,5,3.4,1.0,3.079091643603351
M1@M15,wick_touch,with_daily,reversal,mature,retested_2plus,25,160.8,1.0,3.5942868141542204
M1@M15,wick_touch,with_daily,reversal,old,retested_2plus,10,624.9,2.3,3.4901312800702238
M1@M5,body_close,against_daily,continuation,fresh,first_touch,25,2.76,2.16,1.2123472511527993
M1@M5,body_close,against_daily,continuation,fresh,retested_1,1859,3.254975793437332,2.201183431952663,0.9359172577454119
M1@M5,body_close,against_daily,continuation,fresh,retested_2plus,33990,5.33907031479847,2.2054427772874377,0.9919439062987891
M1@M5,body_close,against_daily,continuation,mature,first_touch,1,56.0,2.0,0.542066170012277
M1@M5,body_close,against_daily,continuation,mature,retested_1,54,103.81481481481481,2.3333333333333335,0.9107604250042227
M1@M5,body_close,against_daily,continuation,mature,retested_2plus,11683,97.9742360695027,2.110844817255842,2.0818080274374116
M1@M5,body_close,against_daily,continuation,old,retested_1,24,1172.25,2.0,0.7961313987070572
M1@M5,body_close,against_daily,continuation,old,retested_2plus,10508,1089.7440997335364,2.045774647887324,3.64558866897764
M1@M5,body_close,against_daily,continuation,young,retested_1,168,22.404761904761905,2.1904761904761907,0.9084864065100581
M1@M5,body_close,against_daily,continuation,young,retested_2plus,23156,23.903610295387804,2.210183105890482,1.3062782057019877
M1@M5,body_close,against_daily,pullback,fresh,first_touch,10,2.5,2.1,1.2727137932929466
M1@M5,body_close,against_daily,pullback,fresh,retested_1,887,2.53325817361894,2.216459977452086,0.8108469984209191
M1@M5,body_close,against_daily,pullback,fresh,retested_2plus,3076,7.824122236671001,2.217815344603381,1.4213921654767263
M1@M5,body_close,against_daily,pullback,mature,retested_1,13,115.15384615384616,2.1538461538461537,0.5991223323042558
M1@M5,body_close,against_daily,pullback,mature,retested_2plus,6176,100.13325777202073,2.1578691709844557,2.1787378345614417
M1@M5,body_close,against_daily,pullback,old,retested_1,5,1483.0,1.8,0.7341773932717824
M1@M5,body_close,against_daily,pullback,old,retested_2plus,4388,1036.0888787602553,1.9569279854147676,4.2857593730299985
M1@M5,body_close,against_daily,pullback,young,retested_1,29,22.655172413793103,2.0344827586206895,0.8135199922126558
M1@M5,body_close,against_daily,pullback,young,retested_2plus,10282,24.529858004279323,2.1441353822213576,1.7166383245740213
M1@M5,body_close,against_daily,push,fresh,retested_1,1,9.0,1.0,0.8267745024213572
M1@M5,body_close,against_daily,push,fresh,retested_2plus,21,7.285714285714286,1.9523809523809523,0.7474275487068458
M1@M5,body_close,against_daily,push,young,retested_1,2,20.5,2.0,2.6620840049295618
M1@M5,body_close,against_daily,push,young,retested_2plus,186,27.559139784946236,2.139784946236559,1.6388443222703304
M1@M5,body_close,against_daily,reversal,fresh,retested_1,24,4.166666666666667,2.5833333333333335,1.4220735604341161
M1@M5,body_close,against_daily,reversal,fresh,retested_2plus,431,6.241299303944316,2.2320185614849186,1.1509683648185847
M1@M5,body_close,against_daily,reversal,mature,retested_1,1,101.0,3.0,1.0800000000002945
M1@M5,body_close,against_daily,reversal,mature,retested_2plus,293,99.91808873720136,2.9112627986348123,2.0326659138638514
M1@M5,body_close,against_daily,reversal,old,retested_2plus,659,1193.773899848255,1.7162367223065251,3.571554923889941
M1@M5,body_close,against_daily,reversal,young,retested_1,2,20.5,3.0,0.7807174887892843
M1@M5,body_close,against_daily,reversal,young,retested_2plus,541,27.399260628465804,2.7301293900184844,3.407661351432297
M1@M5,body_close,at_transition,continuation,fresh,retested_1,4,5.75,1.25,0.1388194270486287
M1@M5,body_close,at_transition,continuation,fresh,retested_2plus,14,6.642857142857143,1.6428571428571428,0.6231036199519714
M1@M5,body_close,at_transition,continuation,mature,retested_2plus,14,100.42857142857143,1.2142857142857142,1.6991478714009525
M1@M5,body_close,at_transition,continuation,old,retested_1,2,1152.0,1.5,0.35895568961951746
M1@M5,body_close,at_transition,continuation,old,retested_2plus,31,792.8387096774194,1.1935483870967742,1.0934311139319393
M1@M5,body_close,at_transition,continuation,young,first_touch,1,12.0,1.0,0.8424375499638709
M1@M5,body_close,at_transition,continuation,young,retested_1,1,21.0,2.0,2.0588235294124004
M1@M5,body_close,at_transition,continuation,young,retested_2plus,22,25.5,1.2727272727272727,0.9473900047941594
M1@M5,body_close,at_transition,pullback,fresh,retested_2plus,3,8.666666666666666,1.6666666666666667,0.7783079086870419
M1@M5,body_close,at_transition,pullback,mature,retested_2plus,8,65.125,1.125,1.3271855425373407
M1@M5,body_close,at_transition,pullback,old,retested_1,2,607.5,1.0,0.589047910607393
M1@M5,body_close,at_transition,pullback,old,retested_2plus,22,663.2272727272727,1.3636363636363635,2.1110353187861666
M1@M5,body_close,at_transition,pullback,young,retested_1,2,22.5,2.0,0.8934727180003699
M1@M5,body_close,at_transition,pullback,young,retested_2plus,10,27.6,1.3,0.9095969208526657
M1@M5,body_close,at_transition,push,old,retested_2plus,1,625.0,1.0,0.33157894736903243
M1@M5,body_close,neutral,continuation,fresh,first_touch,11,2.1818181818181817,1.2727272727272727,1.1656886794806043
M1@M5,body_close,neutral,continuation,fresh,retested_1,1173,3.307757885763001,1.2463768115942029,0.9292260880452502
M1@M5,body_close,neutral,continuation,fresh,retested_2plus,22149,5.36904600659172,1.2755880626664862,1.0396408291178514
M1@M5,body_close,neutral,continuation,mature,retested_1,23,88.43478260869566,1.3043478260869565,1.2055854801772359
M1@M5,body_close,neutral,continuation,mature,retested_2plus,8123,100.73655053551643,1.2681275390865443,2.006777036878726
M1@M5,body_close,neutral,continuation,old,retested_1,30,906.1333333333333,1.3333333333333333,1.4481848486303799
M1@M5,body_close,neutral,continuation,old,retested_2plus,8917,816.8529774587865,1.3728832567006841,3.6592167671298874
M1@M5,body_close,neutral,continuation,young,retested_1,124,21.774193548387096,1.2741935483870968,1.1049670298514138
M1@M5,body_close,neutral,continuation,young,retested_2plus,14436,24.176226101413135,1.271958991410363,1.2282382374868828
M1@M5,body_close,neutral,pullback,fresh,first_touch,5,2.0,1.2,1.2213933846474136
M1@M5,body_close,neutral,pullback,fresh,retested_1,637,2.6043956043956045,1.2982731554160125,0.84323748633975
M1@M5,body_close,neutral,pullback,fresh,retested_2plus,1733,7.687247547605309,1.2388920946335833,1.2955321734623388
M1@M5,body_close,neutral,pullback,mature,retested_1,6,100.0,1.5,0.45937533181824924
M1@M5,body_close,neutral,pullback,mature,retested_2plus,4030,102.85062034739454,1.2898263027295285,2.55975288716076
M1@M5,body_close,neutral,pullback,old,retested_1,9,714.7777777777778,1.1111111111111112,0.6506481895338098
M1@M5,body_close,neutral,pullback,old,retested_2plus,4949,797.7585370781976,1.2509597898565368,5.044213965625816
M1@M5,body_close,neutral,pullback,young,retested_1,19,22.105263157894736,1.3157894736842106,0.8872349260005827
M1@M5,body_close,neutral,pullback,young,retested_2plus,5785,25.08522039757995,1.2783059636992222,1.585781899054823
M1@M5,body_close,neutral,push,fresh,retested_2plus,16,7.8125,0.0,0.6446883892591226
M1@M5,body_close,neutral,push,mature,retested_2plus,201,112.51243781094527,1.1044776119402986,1.395910677281425
M1@M5,body_close,neutral,push,old,retested_2plus,140,517.5,0.45,2.307494024864104
M1@M5,body_close,neutral,push,young,retested_1,3,19.666666666666668,0.6666666666666666,0.5045515647201735
M1@M5,body_close,neutral,push,young,retested_2plus,48,17.333333333333332,0.6666666666666666,0.7413496767487938
M1@M5,body_close,neutral,reversal,fresh,retested_1,6,4.0,1.0,1.4779448835314815
M1@M5,body_close,neutral,reversal,fresh,retested_2plus,97,6.515463917525773,0.3711340206185567,0.9382058654694337
M1@M5,body_close,neutral,reversal,mature,retested_2plus,85,130.48235294117646,0.0,1.9345490405882761
M1@M5,body_close,neutral,reversal,old,retested_2plus,67,334.1641791044776,0.0,1.294982474024815
M1@M5,body_close,neutral,reversal,young,retested_1,1,13.0,0.0,1.1232091690546762
M1@M5,body_close,neutral,reversal,young,retested_2plus,184,20.684782608695652,1.2608695652173914,1.5082920712998225
M1@M5,body_close,with_daily,continuation,fresh,first_touch,13,3.1538461538461537,2.6153846153846154,1.3138718447508082
M1@M5,body_close,with_daily,continuation,fresh,retested_1,1807,3.2966242390702822,2.1748754842280023,0.9223876828315317
M1@M5,body_close,with_daily,continuation,fresh,retested_2plus,34426,5.360425259977924,2.186370766281299,0.9461433290345965
M1@M5,body_close,with_daily,continuation,mature,retested_1,45,106.86666666666666,2.2,0.8125477702756974
M1@M5,body_close,with_daily,continuation,mature,retested_2plus,12895,100.6645211322218,2.2117875145405197,2.0380051159503583
M1@M5,body_close,with_daily,continuation,old,retested_1,45,613.3777777777777,2.3777777777777778,0.9313931700771891
M1@M5,body_close,with_daily,continuation,old,retested_2plus,9120,739.886951754386,2.337280701754386,1.960036668914453
M1@M5,body_close,with_daily,continuation,young,first_touch,3,14.333333333333334,1.6666666666666667,0.7303273039654258
M1@M5,body_close,with_daily,continuation,young,retested_1,130,20.592307692307692,2.3230769230769233,1.086990365921114
M1@M5,body_close,with_daily,continuation,young,retested_2plus,24314,23.78765320391544,2.214896767294563,1.2719574004932914
M1@M5,body_close,with_daily,pullback,fresh,first_touch,8,2.375,2.875,1.1976877298888353
M1@M5,body_close,with_daily,pullback,fresh,retested_1,910,2.589010989010989,2.207692307692308,0.8614686294059879
M1@M5,body_close,with_daily,pullback,fresh,retested_2plus,3271,8.039437480892694,2.1724243350657293,1.1816177659439808
M1@M5,body_close,with_daily,pullback,mature,retested_1,18,96.22222222222223,2.4444444444444446,0.8540379348732254
M1@M5,body_close,with_daily,pullback,mature,retested_2plus,7050,104.60028368794326,2.178723404255319,2.610736854824898
M1@M5,body_close,with_daily,pullback,old,retested_1,10,643.1,2.1,0.4286854092008321
M1@M5,body_close,with_daily,pullback,old,retested_2plus,4549,740.6344251483843,2.293251264014069,2.1428182009304764
M1@M5,body_close,with_daily,pullback,young,retested_1,25,24.32,1.96,0.8748605543801254
M1@M5,body_close,with_daily,pullback,young,retested_2plus,11233,25.4375500756699,2.183744324757411,1.5338091969554308
M1@M5,body_close,with_daily,push,fresh,retested_1,5,8.6,2.6,0.3994639351107684
M1@M5,body_close,with_daily,push,fresh,retested_2plus,107,7.4766355140186915,2.4766355140186915,0.5995824544341175
M1@M5,body_close,with_daily,push,mature,retested_1,1,94.0,1.0,0.3297237843724238
M1@M5,body_close,with_daily,push,mature,retested_2plus,176,91.16477272727273,2.272727272727273,1.170210891177811
M1@M5,body_close,with_daily,push,old,retested_1,6,536.8333333333334,3.0,0.7549969589827253
M1@M5,body_close,with_daily,push,old,retested_2plus,267,657.1423220973783,2.6704119850187267,0.8341933320102531
M1@M5,body_close,with_daily,push,young,retested_1,5,23.2,2.6,0.5713193630800275
M1@M5,body_close,with_daily,push,young,retested_2plus,409,25.03667481662592,2.349633251833741,0.8743993070413547
M1@M5,body_close,with_daily,reversal,fresh,retested_1,7,2.7142857142857144,1.2857142857142858,1.2317026252521461
M1@M5,body_close,with_daily,reversal,fresh,retested_2plus,130,6.369230769230769,1.2769230769230768,1.2735292621812224
M1@M5,body_close,with_daily,reversal,old,retested_2plus,206,722.9417475728155,1.2135922330097086,1.561558558253174
M1@M5,body_close,with_daily,reversal,young,retested_2plus,103,14.737864077669903,1.796116504854369,1.4976237824749834
M1@M5,break_through,against_daily,continuation,fresh,first_touch,50,2.48,2.22,1.8837314038379396
M1@M5,break_through,against_daily,continuation,old,first_touch,1,578.0,3.0,2.933747739199921
M1@M5,break_through,against_daily,pullback,fresh,first_touch,45,2.1777777777777776,2.311111111111111,2.083404914884795
M1@M5,break_through,against_daily,reversal,fresh,first_touch,1,3.0,1.0,2.524999999999566
M1@M5,break_through,at_transition,continuation,old,first_touch,3,579.6666666666666,1.0,7.8625390573962575
M1@M5,break_through,at_transition,pullback,old,first_touch,1,578.0,2.0,2.184397163121787
M1@M5,break_through,neutral,continuation,fresh,first_touch,35,2.4,1.3714285714285714,2.097516208742964
M1@M5,break_through,neutral,pullback,fresh,first_touch,30,2.4,1.2666666666666666,2.0291580727953447
M1@M5,break_through,with_daily,continuation,fresh,first_touch,50,2.44,2.16,1.9653107561365226
M1@M5,break_through,with_daily,continuation,old,first_touch,1,578.0,3.0,3.9016393442627337
M1@M5,break_through,with_daily,pullback,fresh,first_touch,56,2.357142857142857,2.2857142857142856,2.0062869942199546
M1@M5,near_miss,against_daily,continuation,fresh,first_touch,5288,4.287821482602118,2.1378593040847202,3.122090776862264
M1@M5,near_miss,against_daily,continuation,fresh,retested_1,1614,4.410161090458488,2.0749690210656753,2.692074912517501
M1@M5,near_miss,against_daily,continuation,fresh,retested_2plus,10218,5.921608925425719,2.1931884908984145,2.984758109578387
M1@M5,near_miss,against_daily,continuation,mature,first_touch,274,95.11313868613139,2.45985401459854,4.180606007964105
M1@M5,near_miss,against_daily,continuation,mature,retested_1,113,87.34513274336283,2.0707964601769913,2.3969177734799008
M1@M5,near_miss,against_daily,continuation,mature,retested_2plus,3272,94.73594132029339,2.1586185819070907,3.950510333583565
M1@M5,near_miss,against_daily,continuation,old,first_touch,167,1114.3892215568862,2.1137724550898205,3.2524159913805692
M1@M5,near_miss,against_daily,continuation,old,retested_1,48,864.9166666666666,1.6666666666666667,3.4507481568069824
M1@M5,near_miss,against_daily,continuation,old,retested_2plus,2627,1106.2196421773886,2.015607156452227,4.158593507512347
M1@M5,near_miss,against_daily,continuation,young,first_touch,929,20.777179763186222,2.293864370290635,3.1291079754915057
M1@M5,near_miss,against_daily,continuation,young,retested_1,299,21.464882943143813,2.177257525083612,2.7142825773587043
M1@M5,near_miss,against_daily,continuation,young,retested_2plus,9468,22.768483312209547,2.166983523447402,3.3091294919077052
M1@M5,near_miss,against_daily,pullback,fresh,first_touch,498,2.748995983935743,2.208835341365462,2.561204563999657
M1@M5,near_miss,against_daily,pullback,fresh,retested_1,12,8.75,2.0,2.5392817470401705
M1@M5,near_miss,against_daily,pullback,fresh,retested_2plus,1738,7.951668584579977,2.188722669735328,3.3914432701010897
M1@M5,near_miss,against_daily,pullback,mature,first_touch,53,120.60377358490567,2.169811320754717,2.315420286318987
M1@M5,near_miss,against_daily,pullback,mature,retested_1,33,87.18181818181819,2.0606060606060606,2.2575858866138625
M1@M5,near_miss,against_daily,pullback,mature,retested_2plus,2927,96.77758797403484,2.226511786812436,4.173776353702826
M1@M5,near_miss,against_daily,pullback,old,first_touch,13,880.6923076923077,2.076923076923077,2.161829566830189
M1@M5,near_miss,against_daily,pullback,old,retested_1,35,1350.0857142857142,2.0285714285714285,2.516514970525521
M1@M5,near_miss,against_daily,pullback,old,retested_2plus,1735,1011.0161383285302,1.9585014409221901,3.999803722931584
M1@M5,near_miss,against_daily,pullback,young,first_touch,174,24.0,2.0344827586206895,3.0847134516794785
M1@M5,near_miss,against_daily,pullback,young,retested_1,98,29.387755102040817,2.183673469387755,2.8504734298330696
M1@M5,near_miss,against_daily,pullback,young,retested_2plus,6537,24.396971087654887,2.1502218142878995,3.990661106926918
M1@M5,near_miss,against_daily,push,fresh,first_touch,2,8.0,1.0,3.846110498372501
M1@M5,near_miss,against_daily,push,fresh,retested_2plus,4,8.0,1.0,2.4544253513269743
M1@M5,near_miss,against_daily,push,young,first_touch,8,21.375,2.5,3.8680196639713467
M1@M5,near_miss,against_daily,push,young,retested_2plus,27,21.77777777777778,1.1481481481481481,3.378775547702742
M1@M5,near_miss,against_daily,reversal,fresh,first_touch,54,4.407407407407407,2.4814814814814814,2.903294321229287
M1@M5,near_miss,against_daily,reversal,fresh,retested_1,37,4.702702702702703,2.4324324324324325,3.0397123675625997
M1@M5,near_miss,against_daily,reversal,fresh,retested_2plus,63,6.4603174603174605,2.7777777777777777,2.473473837856888
M1@M5,near_miss,against_daily,reversal,mature,first_touch,1,101.0,3.0,3.67721518987513
M1@M5,near_miss,against_daily,reversal,mature,retested_2plus,192,87.390625,2.65625,5.1302179530374685
M1@M5,near_miss,against_daily,reversal,old,retested_1,8,1306.625,3.0,2.177595836894553
M1@M5,near_miss,against_daily,reversal,old,retested_2plus,98,960.8775510204082,2.2142857142857144,4.4093601877675805
M1@M5,near_miss,against_daily,reversal,young,first_touch,6,11.166666666666666,3.0,3.980446405280317
M1@M5,near_miss,against_daily,reversal,young,retested_1,14,32.785714285714285,2.142857142857143,2.1184701280427958
M1@M5,near_miss,against_daily,reversal,young,retested_2plus,166,24.879518072289155,2.680722891566265,3.3451577946203166
M1@M5,near_miss,at_transition,continuation,fresh,first_touch,3,3.0,1.3333333333333333,2.273389071402628
M1@M5,near_miss,at_transition,continuation,fresh,retested_1,2,4.5,1.5,2.8770806658126924
M1@M5,near_miss,at_transition,continuation,fresh,retested_2plus,8,6.375,1.25,3.637835787669175
M1@M5,near_miss,at_transition,continuation,mature,retested_2plus,5,72.0,1.4,5.411640164277111
M1@M5,near_miss,at_transition,continuation,old,first_touch,1,584.0,2.0,1.1567796610166645
M1@M5,near_miss,at_transition,continuation,old,retested_2plus,12,931.5833333333334,1.25,3.235740171902311
M1@M5,near_miss,at_transition,continuation,young,first_touch,2,15.5,1.5,2.4170128335270338
M1@M5,near_miss,at_transition,continuation,young,retested_2plus,13,27.615384615384617,1.4615384615384615,4.418176737709664
M1@M5,near_miss,at_transition,pullback,mature,first_touch,2,68.0,1.0,6.4693002960882495
M1@M5,near_miss,at_transition,pullback,mature,retested_2plus,1,60.0,1.0,6.407960199004144
M1@M5,near_miss,at_transition,pullback,old,retested_2plus,5,1066.6,1.2,3.744367915532667
M1@M5,near_miss,at_transition,pullback,young,retested_2plus,4,25.25,1.5,2.772896891373089
M1@M5,near_miss,neutral,continuation,fresh,first_touch,2827,4.127697205518217,1.2652989034311992,2.821119971903896
M1@M5,near_miss,neutral,continuation,fresh,retested_1,970,4.408247422680413,1.2608247422680412,3.7893558186936964
M1@M5,near_miss,neutral,continuation,fresh,retested_2plus,5795,5.9311475409836065,1.2750647109577222,2.801886010041298
M1@M5,near_miss,neutral,continuation,mature,first_touch,146,92.6917808219178,1.1917808219178083,2.93851954481372
M1@M5,near_miss,neutral,continuation,mature,retested_1,74,103.06756756756756,0.9459459459459459,5.735497704072161
M1@M5,near_miss,neutral,continuation,mature,retested_2plus,2163,97.91354600092464,1.308830328247804,3.9947234208859554
M1@M5,near_miss,neutral,continuation,old,first_touch,106,748.6320754716982,1.320754716981132,3.1782931414183615
M1@M5,near_miss,neutral,continuation,old,retested_1,62,869.1935483870968,1.3064516129032258,2.7468041096168605
M1@M5,near_miss,neutral,continuation,old,retested_2plus,2181,811.3411279229712,1.2984869325997248,4.205733027853282
M1@M5,near_miss,neutral,continuation,young,first_touch,651,22.62980030721966,1.2534562211981566,2.8278983481933917
M1@M5,near_miss,neutral,continuation,young,retested_1,221,24.06787330316742,1.3484162895927603,2.543484191016564
M1@M5,near_miss,neutral,continuation,young,retested_2plus,4938,23.997569866342648,1.3013365735115432,3.250021519536268
M1@M5,near_miss,neutral,pullback,fresh,first_touch,282,2.982269503546099,1.2730496453900708,2.6510206235509917
M1@M5,near_miss,neutral,pullback,fresh,retested_1,10,8.6,1.9,2.277445178588228
M1@M5,near_miss,neutral,pullback,fresh,retested_2plus,896,8.014508928571429,1.2511160714285714,3.6739884471271913
M1@M5,near_miss,neutral,pullback,mature,first_touch,40,106.95,1.025,2.6591293760497887
M1@M5,near_miss,neutral,pullback,mature,retested_1,32,103.65625,1.15625,1.9611628725170012
M1@M5,near_miss,neutral,pullback,mature,retested_2plus,1714,92.15810968494749,1.2718786464410734,4.364626446024659
M1@M5,near_miss,neutral,pullback,old,first_touch,41,654.0243902439024,1.024390243902439,4.322275976926261
M1@M5,near_miss,neutral,pullback,old,retested_1,8,1021.25,1.125,3.066829273762283
M1@M5,near_miss,neutral,pullback,old,retested_2plus,1445,839.9806228373702,1.273356401384083,4.27195865222879
M1@M5,near_miss,neutral,pullback,young,first_touch,76,27.210526315789473,1.118421052631579,2.3734299587134777
M1@M5,near_miss,neutral,pullback,young,retested_1,43,20.348837209302324,1.3255813953488371,3.6653264212806866
M1@M5,near_miss,neutral,pullback,young,retested_2plus,3215,25.462830482115084,1.3135303265940903,3.553300984210208
M1@M5,near_miss,neutral,push,fresh,retested_1,2,10.0,0.0,1.7611239266941243
M1@M5,near_miss,neutral,push,fresh,retested_2plus,1,10.0,0.0,1.7636136759627148
M1@M5,near_miss,neutral,push,mature,retested_2plus,25,92.96,0.16,2.1657060552259915
M1@M5,near_miss,neutral,push,old,retested_2plus,43,673.5348837209302,0.6744186046511628,6.73315919166245
M1@M5,near_miss,neutral,push,young,first_touch,4,26.0,0.5,1.5652317746832944
M1@M5,near_miss,neutral,push,young,retested_1,6,15.0,0.0,1.687354325452362
M1@M5,near_miss,neutral,push,young,retested_2plus,30,20.866666666666667,0.5333333333333333,2.5246825058367657
M1@M5,near_miss,neutral,reversal,fresh,first_touch,3,3.0,0.0,1.8318055241961533
M1@M5,near_miss,neutral,reversal,fresh,retested_1,11,4.545454545454546,0.0,2.711094369993438
M1@M5,near_miss,neutral,reversal,fresh,retested_2plus,12,8.25,0.6666666666666666,2.306550669156889
M1@M5,near_miss,neutral,reversal,mature,retested_2plus,13,123.46153846153847,0.0,5.195791135669102
M1@M5,near_miss,neutral,reversal,old,retested_2plus,31,332.35483870967744,0.0,2.7486601391934906
M1@M5,near_miss,neutral,reversal,young,first_touch,2,15.0,0.0,2.2829480940797873
M1@M5,near_miss,neutral,reversal,young,retested_2plus,39,18.974358974358974,0.2564102564102564,2.309461617517084
M1@M5,near_miss,with_daily,continuation,fresh,first_touch,5030,4.155666003976143,2.2202783300198807,2.7743039249073225
M1@M5,near_miss,with_daily,continuation,fresh,retested_1,1642,4.341656516443361,2.2783191230207063,2.824300522161056
M1@M5,near_miss,with_daily,continuation,fresh,retested_2plus,9665,5.944852560786343,2.177754785307812,2.801093750354164
M1@M5,near_miss,with_daily,continuation,mature,first_touch,224,98.57142857142857,2.299107142857143,2.5403416705030364
M1@M5,near_miss,with_daily,continuation,mature,retested_1,103,89.27184466019418,2.1067961165048543,2.400781945641621
M1@M5,near_miss,with_daily,continuation,mature,retested_2plus,4256,96.54299812030075,2.1898496240601504,3.816450064147594
M1@M5,near_miss,with_daily,continuation,old,first_touch,199,656.0,2.1758793969849246,3.67943912035702
M1@M5,near_miss,with_daily,continuation,old,retested_1,88,574.1477272727273,2.5113636363636362,2.157680556604802
M1@M5,near_miss,with_daily,continuation,old,retested_2plus,2886,693.3638253638254,2.272002772002772,3.585571857499397
M1@M5,near_miss,with_daily,continuation,young,first_touch,982,21.70264765784114,2.1812627291242364,3.051000016199211
M1@M5,near_miss,with_daily,continuation,young,retested_1,398,24.34673366834171,2.2110552763819094,3.066938951097332
M1@M5,near_miss,with_daily,continuation,young,retested_2plus,9053,24.1240472771457,2.1901027283773336,3.2179111111585517
M1@M5,near_miss,with_daily,pullback,fresh,first_touch,499,2.9018036072144286,2.284569138276553,2.5379951753643026
M1@M5,near_miss,with_daily,pullback,fresh,retested_1,9,8.0,1.6666666666666667,3.1649625458828856
M1@M5,near_miss,with_daily,pullback,fresh,retested_2plus,1660,7.937349397590362,2.15,3.502123227093084
M1@M5,near_miss,with_daily,pullback,mature,first_touch,56,108.82142857142857,2.0714285714285716,2.401067077202982
M1@M5,near_miss,with_daily,pullback,mature,retested_1,45,77.93333333333334,1.8888888888888888,2.942203866111149
M1@M5,near_miss,with_daily,pullback,mature,retested_2plus,2985,97.09145728643216,2.265326633165829,4.063373990030035
M1@M5,near_miss,with_daily,pullback,old,first_touch,45,491.0888888888889,2.3333333333333335,1.9155323970423348
M1@M5,near_miss,with_daily,pullback,old,retested_1,34,661.7058823529412,2.235294117647059,2.5733335403806867
M1@M5,near_miss,with_daily,pullback,old,retested_2plus,2227,684.5828468792097,2.350696003592277,3.832809248058931
M1@M5,near_miss,with_daily,pullback,young,first_touch,165,24.87878787878788,2.2363636363636363,3.0924598921368203
M1@M5,near_miss,with_daily,pullback,young,retested_1,133,25.13533834586466,2.293233082706767,4.407272148022528
M1@M5,near_miss,with_daily,pullback,young,retested_2plus,6513,24.742975587286963,2.1718102257024414,3.477972379348825
M1@M5,near_miss,with_daily,push,fresh,first_touch,7,8.571428571428571,3.0,2.573521987511207
M1@M5,near_miss,with_daily,push,fresh,retested_2plus,35,8.085714285714285,2.2,2.022929516328956
M1@M5,near_miss,with_daily,push,mature,first_touch,8,163.875,2.75,1.482974978224437
M1@M5,near_miss,with_daily,push,mature,retested_1,2,67.0,3.0,4.139992871145354
M1@M5,near_miss,with_daily,push,mature,retested_2plus,86,94.33720930232558,2.441860465116279,2.8921490243620753
M1@M5,near_miss,with_daily,push,old,first_touch,5,605.6,3.0,2.09559746909524
M1@M5,near_miss,with_daily,push,old,retested_1,2,433.5,3.0,1.8163657507532822
M1@M5,near_miss,with_daily,push,old,retested_2plus,80,538.225,2.475,2.185920388535183
M1@M5,near_miss,with_daily,push,young,first_touch,9,19.666666666666668,1.6666666666666667,2.021747095482755
M1@M5,near_miss,with_daily,push,young,retested_1,5,23.4,3.0,2.427457851497143
M1@M5,near_miss,with_daily,push,young,retested_2plus,247,24.17408906882591,2.2550607287449393,2.4247719593706147
M1@M5,near_miss,with_daily,reversal,fresh,first_touch,18,4.777777777777778,1.0,3.0866384621938203
M1@M5,near_miss,with_daily,reversal,fresh,retested_1,4,6.5,1.0,2.811949302767496
M1@M5,near_miss,with_daily,reversal,fresh,retested_2plus,26,4.423076923076923,1.7692307692307692,2.6898624282883623
M1@M5,near_miss,with_daily,reversal,old,retested_2plus,55,711.6545454545454,1.2181818181818183,4.057321734852781
M1@M5,near_miss,with_daily,reversal,young,retested_2plus,9,12.555555555555555,1.4444444444444444,3.1047542333238853
M1@M5,wick_touch,against_daily,continuation,fresh,retested_1,874,3.679633867276888,2.125858123569794,1.9058031578794454
M1@M5,wick_touch,against_daily,continuation,fresh,retested_2plus,7964,5.3185585133098945,2.2068056253139128,2.1618462987253793
M1@M5,wick_touch,against_daily,continuation,mature,retested_1,40,96.35,2.35,1.8952075255309295
M1@M5,wick_touch,against_daily,continuation,mature,retested_2plus,1802,97.85793562708102,2.145948945615982,2.774573002658351
M1@M5,wick_touch,against_daily,continuation,old,retested_1,30,1100.3,2.2333333333333334,2.1929511742844654
M1@M5,wick_touch,against_daily,continuation,old,retested_2plus,1507,1134.5832780358328,2.055739880557399,3.000050992092036
M1@M5,wick_touch,against_daily,continuation,young,retested_1,114,22.096491228070175,2.3157894736842106,1.9879579708018915
M1@M5,wick_touch,against_daily,continuation,young,retested_2plus,4871,22.99178813385342,2.180250461917471,2.429933883389431
M1@M5,wick_touch,against_daily,pullback,fresh,retested_1,264,2.5681818181818183,2.268939393939394,1.883709058640883
M1@M5,wick_touch,against_daily,pullback,fresh,retested_2plus,809,7.84548825710754,2.2336217552533992,2.5059696894336096
M1@M5,wick_touch,against_daily,pullback,mature,retested_1,8,108.125,2.375,2.428522020494606
M1@M5,wick_touch,against_daily,pullback,mature,retested_2plus,1200,99.38666666666667,2.1758333333333333,3.089780986225165
M1@M5,wick_touch,against_daily,pullback,old,retested_1,6,1312.8333333333333,1.8333333333333333,2.343975889728608
M1@M5,wick_touch,against_daily,pullback,old,retested_2plus,766,1115.2088772845952,2.0078328981723237,3.313294793277497
M1@M5,wick_touch,against_daily,pullback,young,retested_1,25,22.24,2.16,2.14408324671827
M1@M5,wick_touch,against_daily,pullback,young,retested_2plus,2712,23.95759587020649,2.1290560471976403,2.7982256221837147
M1@M5,wick_touch,against_daily,push,fresh,retested_1,1,9.0,1.0,3.4382024161080516
M1@M5,wick_touch,against_daily,push,fresh,retested_2plus,5,8.8,1.0,2.6891281104873306
M1@M5,wick_touch,against_daily,push,young,retested_1,1,11.0,1.0,2.5432786358177184
M1@M5,wick_touch,against_daily,push,young,retested_2plus,34,21.11764705882353,1.1764705882352942,3.225196223599502
M1@M5,wick_touch,against_daily,reversal,fresh,retested_1,21,3.3333333333333335,2.5714285714285716,2.224700872302024
M1@M5,wick_touch,against_daily,reversal,fresh,retested_2plus,78,6.230769230769231,2.551282051282051,2.1996081506826206
M1@M5,wick_touch,against_daily,reversal,mature,retested_2plus,71,91.87323943661971,2.7183098591549295,3.933758681783352
M1@M5,wick_touch,against_daily,reversal,old,retested_1,1,1973.0,3.0,2.2067277455152623
M1@M5,wick_touch,against_daily,reversal,old,retested_2plus,62,1007.483870967742,2.129032258064516,4.142273658104365
M1@M5,wick_touch,against_daily,reversal,young,retested_2plus,90,21.61111111111111,2.5,2.607139815456896
M1@M5,wick_touch,at_transition,continuation,fresh,retested_1,4,5.5,1.5,2.1771867308387964
M1@M5,wick_touch,at_transition,continuation,fresh,retested_2plus,10,5.1,1.4,3.307692345095974
M1@M5,wick_touch,at_transition,continuation,mature,retested_1,2,70.0,1.5,3.4819721583920233
M1@M5,wick_touch,at_transition,continuation,mature,retested_2plus,18,84.5,1.7777777777777777,5.66268627758161
M1@M5,wick_touch,at_transition,continuation,old,retested_1,1,1465.0,1.0,5.232323232320568
M1@M5,wick_touch,at_transition,continuation,old,retested_2plus,17,1014.5882352941177,1.3529411764705883,5.504315862206189
M1@M5,wick_touch,at_transition,continuation,young,retested_1,11,24.363636363636363,1.6363636363636365,2.5351690748149593
M1@M5,wick_touch,at_transition,continuation,young,retested_2plus,25,29.0,1.52,2.969957789089966
M1@M5,wick_touch,at_transition,pullback,fresh,retested_2plus,2,6.0,2.0,3.5902862829150086
M1@M5,wick_touch,at_transition,pullback,mature,retested_1,4,71.0,1.25,4.094592717575855
M1@M5,wick_touch,at_transition,pullback,mature,retested_2plus,19,85.21052631578948,1.5789473684210527,5.183604571495973
M1@M5,wick_touch,at_transition,pullback,old,retested_2plus,10,986.5,1.7,4.730152750768584
M1@M5,wick_touch,at_transition,pullback,young,retested_2plus,18,27.0,1.6111111111111112,3.5477266880237286
M1@M5,wick_touch,at_transition,push,young,retested_2plus,1,37.0,1.0,1.3498622589532743
M1@M5,wick_touch,neutral,continuation,fresh,retested_1,546,3.5384615384615383,1.2747252747252746,2.069720627925439
M1@M5,wick_touch,neutral,continuation,fresh,retested_2plus,5111,5.316572099393465,1.2848757581686558,2.1207684404908806
M1@M5,wick_touch,neutral,continuation,mature,retested_1,29,103.75862068965517,1.0689655172413792,1.8372126592239433
M1@M5,wick_touch,neutral,continuation,mature,retested_2plus,1260,103.16904761904762,1.2777777777777777,2.783837442880636
M1@M5,wick_touch,neutral,continuation,old,retested_1,22,823.6818181818181,1.4090909090909092,1.963063122438998
M1@M5,wick_touch,neutral,continuation,old,retested_2plus,1261,860.3774781919112,1.3362410785091197,3.241638858324768
M1@M5,wick_touch,neutral,continuation,young,retested_1,81,22.88888888888889,1.2592592592592593,1.714545805574045
M1@M5,wick_touch,neutral,continuation,young,retested_2plus,2930,23.104436860068258,1.3116040955631398,2.4572323733353807
M1@M5,wick_touch,neutral,pullback,fresh,retested_1,165,2.7454545454545456,1.2666666666666666,2.0259768200372172
M1@M5,wick_touch,neutral,pullback,fresh,retested_2plus,454,7.733480176211454,1.2312775330396475,2.5620738076329896
M1@M5,wick_touch,neutral,pullback,mature,retested_1,11,108.36363636363636,1.3636363636363635,1.6129158345759513
M1@M5,wick_touch,neutral,pullback,mature,retested_2plus,769,99.10273081924578,1.282184655396619,3.239786870210232
M1@M5,wick_touch,neutral,pullback,old,retested_1,7,975.4285714285714,1.7142857142857142,2.1834268085593878
M1@M5,wick_touch,neutral,pullback,old,retested_2plus,732,849.2609289617486,1.28551912568306,3.3668661401813615
M1@M5,wick_touch,neutral,pullback,young,retested_1,14,28.071428571428573,1.4285714285714286,2.016690129476497
M1@M5,wick_touch,neutral,pullback,young,retested_2plus,1407,25.449893390191896,1.2985074626865671,2.6720324955284696
M1@M5,wick_touch,neutral,push,fresh,retested_1,1,10.0,0.0,1.3664383561636344
M1@M5,wick_touch,neutral,push,fresh,retested_2plus,3,9.0,0.0,1.717217961764085
M1@M5,wick_touch,neutral,push,mature,retested_2plus,20,116.05,0.0,2.308889930629127
M1@M5,wick_touch,neutral,push,old,retested_1,1,903.0,2.0,0.8667108325770236
M1@M5,wick_touch,neutral,push,old,retested_2plus,31,615.6451612903226,0.41935483870967744,3.42453543508615
M1@M5,wick_touch,neutral,push,young,retested_1,1,13.0,2.0,1.317647058823716
M1@M5,wick_touch,neutral,push,young,retested_2plus,21,22.571428571428573,0.8571428571428571,2.1932077433344697
M1@M5,wick_touch,neutral,reversal,fresh,retested_1,3,3.6666666666666665,0.0,2.7247500090059504
M1@M5,wick_touch,neutral,reversal,fresh,retested_2plus,20,7.55,0.9,2.311398627361899
M1@M5,wick_touch,neutral,reversal,mature,retested_2plus,4,123.75,0.0,4.963570249775264
M1@M5,wick_touch,neutral,reversal,old,retested_2plus,31,336.8709677419355,0.0,2.8467224298107254
M1@M5,wick_touch,neutral,reversal,young,retested_1,2,15.5,0.0,1.6404439713375958
M1@M5,wick_touch,neutral,reversal,young,retested_2plus,29,17.896551724137932,0.06896551724137931,2.142297611358848
M1@M5,wick_touch,with_daily,continuation,fresh,retested_1,912,3.651315789473684,2.2357456140350878,1.8438987699264118
M1@M5,wick_touch,with_daily,continuation,fresh,retested_2plus,7846,5.327300535304614,2.174101452969666,2.105723124505933
M1@M5,wick_touch,with_daily,continuation,mature,retested_1,41,92.95121951219512,2.4146341463414633,1.883305189182179
M1@M5,wick_touch,with_daily,continuation,mature,retested_2plus,2184,97.71062271062272,2.1973443223443225,2.7148153819669156
M1@M5,wick_touch,with_daily,continuation,old,retested_1,41,641.1463414634146,2.4146341463414633,1.8596000149418614
M1@M5,wick_touch,with_daily,continuation,old,retested_2plus,1936,720.7484504132232,2.287706611570248,2.7068476442271376
M1@M5,wick_touch,with_daily,continuation,young,retested_1,150,22.093333333333334,2.22,2.0143685728965384
M1@M5,wick_touch,with_daily,continuation,young,retested_2plus,5024,23.395700636942674,2.223527070063694,2.3256740590151392
M1@M5,wick_touch,with_daily,pullback,fresh,retested_1,296,2.554054054054054,2.2195945945945947,1.9527187007416646
M1@M5,wick_touch,with_daily,pullback,fresh,retested_2plus,732,7.830601092896175,2.16120218579235,2.6376324165699576
M1@M5,wick_touch,with_daily,pullback,mature,retested_1,12,104.5,2.1666666666666665,1.5787825681573444
M1@M5,wick_touch,with_daily,pullback,mature,retested_2plus,1322,102.10665658093798,2.2957639939485626,3.1805332346776574
M1@M5,wick_touch,with_daily,pullback,old,retested_1,15,629.1333333333333,2.466666666666667,1.3843132603498287
M1@M5,wick_touch,with_daily,pullback,old,retested_2plus,1184,686.2069256756756,2.2432432432432434,2.9150443301180684
M1@M5,wick_touch,with_daily,pullback,young,retested_1,16,24.5,2.375,2.1537658566387474
M1@M5,wick_touch,with_daily,pullback,young,retested_2plus,2801,25.139235987147448,2.2131381649410926,2.5738883886485655
M1@M5,wick_touch,with_daily,push,fresh,retested_2plus,31,7.709677419354839,2.225806451612903,1.8159543593242093
M1@M5,wick_touch,with_daily,push,mature,retested_1,2,127.0,3.0,2.300792658868188
M1@M5,wick_touch,with_daily,push,mature,retested_2plus,52,94.53846153846153,2.269230769230769,2.296994736339449
M1@M5,wick_touch,with_daily,push,old,retested_1,4,586.75,2.5,2.410928332032378
M1@M5,wick_touch,with_daily,push,old,retested_2plus,88,582.6590909090909,2.477272727272727,1.7782183734980554
M1@M5,wick_touch,with_daily,push,young,retested_1,3,29.666666666666668,3.0,1.9804744740896991
M1@M5,wick_touch,with_daily,push,young,retested_2plus,122,25.60655737704918,2.2295081967213113,2.0067881162088805
M1@M5,wick_touch,with_daily,reversal,fresh,retested_1,5,4.2,1.4,2.3787699506868663
M1@M5,wick_touch,with_daily,reversal,fresh,retested_2plus,23,4.3478260869565215,1.434782608695652,2.4277280740034857
M1@M5,wick_touch,with_daily,reversal,old,retested_2plus,35,706.2285714285714,1.2,3.057347551261425
M1@M5,wick_touch,with_daily,reversal,young,retested_2plus,12,13.166666666666666,2.1666666666666665,3.0354361646823445
M5@H1,body_close,against_daily,continuation,fresh,first_touch,1,2.0,2.0,1.7182555862077011
M5@H1,body_close,against_daily,continuation,fresh,retested_1,360,3.15,2.2555555555555555,1.5026018161793158
M5@H1,body_close,against_daily,continuation,fresh,retested_2plus,17055,5.094341835238933,2.19742011140428,1.713570700689933
M5@H1,body_close,against_daily,continuation,mature,retested_1,15,96.53333333333333,2.0,2.112440447032544
M5@H1,body_close,against_daily,continuation,mature,retested_2plus,9691,112.85667113816943,1.8603859250851305,2.843981032115793
M5@H1,body_close,against_daily,continuation,old,retested_1,11,888.6363636363636,2.3636363636363638,0.9283762003297068
M5@H1,body_close,against_daily,continuation,old,retested_2plus,8145,795.845794966237,2.416206261510129,2.767883122857499
M5@H1,body_close,against_daily,continuation,young,retested_1,21,21.19047619047619,2.0952380952380953,1.4771338846395476
M5@H1,body_close,against_daily,continuation,young,retested_2plus,8590,21.18381839348079,2.191036088474971,2.041167789075325
M5@H1,body_close,against_daily,pullback,fresh,first_touch,1,2.0,1.0,1.9977875737416562
M5@H1,body_close,against_daily,pullback,fresh,retested_1,179,2.6033519553072626,2.2290502793296088,1.389754434859981
M5@H1,body_close,against_daily,pullback,fresh,retested_2plus,1581,7.871600253004428,2.2903225806451615,2.7689012685538343
M5@H1,body_close,against_daily,pullback,mature,retested_1,4,75.0,2.75,1.3665650046070261
M5@H1,body_close,against_daily,pullback,mature,retested_2plus,3166,119.09191408717625,1.7229943145925457,3.61807145406389
M5@H1,body_close,against_daily,pullback,old,retested_2plus,4616,908.3420710571924,2.419627383015598,2.741468665907781
M5@H1,body_close,against_daily,pullback,young,retested_1,3,25.666666666666668,2.3333333333333335,2.091998058533504
M5@H1,body_close,against_daily,pullback,young,retested_2plus,3824,19.879968619246863,2.2965481171548117,2.6235632652000676
M5@H1,body_close,against_daily,push,fresh,retested_1,1,10.0,3.0,1.9315849486884704
M5@H1,body_close,against_daily,push,fresh,retested_2plus,7,10.0,3.0,1.9640267555277444
M5@H1,body_close,against_daily,push,mature,retested_2plus,191,134.25130890052355,1.513089005235602,3.6601664698601706
M5@H1,body_close,against_daily,push,old,retested_1,2,515.0,2.0,0.4546076305270089
M5@H1,body_close,against_daily,push,old,retested_2plus,591,664.7478849407784,2.5549915397631136,3.0346437426222606
M5@H1,body_close,against_daily,push,young,retested_2plus,203,38.891625615763544,1.0098522167487685,3.400535341862214
M5@H1,body_close,against_daily,reversal,fresh,retested_1,24,3.875,2.5,2.1902542145405115
M5@H1,body_close,against_daily,reversal,fresh,retested_2plus,756,5.892857142857143,2.5595238095238093,3.2046207992431737
M5@H1,body_close,against_daily,reversal,mature,retested_1,1,52.0,1.0,0.7099056603776067
M5@H1,body_close,against_daily,reversal,mature,retested_2plus,1142,99.31611208406305,1.9500875656742558,4.2510527085672
M5@H1,body_close,against_daily,reversal,old,retested_2plus,1823,1393.2397147558968,1.8771256171146462,4.394523604060276
M5@H1,body_close,against_daily,reversal,young,retested_1,1,11.0,3.0,4.18945102260485
M5@H1,body_close,against_daily,reversal,young,retested_2plus,735,17.476190476190474,2.295238095238095,3.3873709647989543
M5@H1,body_close,at_transition,continuation,fresh,retested_1,4,3.5,1.5,1.116549995768119
M5@H1,body_close,at_transition,continuation,fresh,retested_2plus,93,6.397849462365591,1.4301075268817205,2.183376406540061
M5@H1,body_close,at_transition,continuation,mature,retested_1,4,55.25,1.75,1.9801287738944295
M5@H1,body_close,at_transition,continuation,mature,retested_2plus,68,91.54411764705883,1.3088235294117647,2.056068800430198
M5@H1,body_close,at_transition,continuation,old,retested_2plus,21,710.0952380952381,1.2857142857142858,2.81464719325456
M5@H1,body_close,at_transition,continuation,young,retested_2plus,39,23.333333333333332,1.5384615384615385,2.536560710819177
M5@H1,body_close,at_transition,pullback,fresh,retested_2plus,10,8.7,1.6,2.9100309153367006
M5@H1,body_close,at_transition,pullback,mature,retested_1,3,52.333333333333336,1.0,1.3704172792670075
M5@H1,body_close,at_transition,pullback,mature,retested_2plus,21,81.52380952380952,1.2857142857142858,3.6583077077891977
M5@H1,body_close,at_transition,pullback,old,retested_2plus,11,707.2727272727273,1.1818181818181819,1.7711934013534347
M5@H1,body_close,at_transition,pullback,young,retested_1,2,50.0,1.5,0.9429488623564497
M5@H1,body_close,at_transition,pullback,young,retested_2plus,13,26.53846153846154,1.6153846153846154,2.3221413963028943
M5@H1,body_close,at_transition,push,fresh,retested_1,1,8.0,2.0,2.969230769230228
M5@H1,body_close,at_transition,push,mature,retested_2plus,3,132.0,1.6666666666666667,1.3871607423690326
M5@H1,body_close,at_transition,push,old,retested_2plus,2,603.0,1.0,6.965837102763219
M5@H1,body_close,at_transition,push,young,retested_2plus,3,39.0,1.6666666666666667,1.342562236792791
M5@H1,body_close,at_transition,reversal,fresh,retested_2plus,2,7.5,1.0,4.906611062600676
M5@H1,body_close,at_transition,reversal,mature,retested_1,1,57.0,2.0,1.6615384615383144
M5@H1,body_close,at_transition,reversal,mature,retested_2plus,5,116.4,1.2,6.665515460652349
M5@H1,body_close,at_transition,reversal,old,retested_2plus,9,995.1111111111111,1.6666666666666667,8.438211398840618
M5@H1,body_close,at_transition,reversal,young,retested_2plus,1,12.0,1.0,1.4899598393571414
M5@H1,body_close,neutral,continuation,fresh,retested_1,261,3.1149425287356323,1.2681992337164751,1.6172060440219134
M5@H1,body_close,neutral,continuation,fresh,retested_2plus,12390,5.118079096045197,1.2771589991928975,1.5339884637137824
M5@H1,body_close,neutral,continuation,mature,retested_1,15,107.86666666666666,1.4666666666666666,1.091061105151724
M5@H1,body_close,neutral,continuation,mature,retested_2plus,5846,93.57252822442696,1.3250085528566542,2.4048028728145194
M5@H1,body_close,neutral,continuation,old,retested_1,2,1125.0,1.0,2.646783903022718
M5@H1,body_close,neutral,continuation,old,retested_2plus,2220,792.9869369369369,1.2459459459459459,2.4594695616411006
M5@H1,body_close,neutral,continuation,young,first_touch,1,50.0,2.0,1.6021126760560391
M5@H1,body_close,neutral,continuation,young,retested_1,24,27.791666666666668,1.25,2.040851805833424
M5@H1,body_close,neutral,continuation,young,retested_2plus,7617,23.36077195746357,1.2872521990284889,1.9385466760877537
M5@H1,body_close,neutral,pullback,fresh,retested_1,138,2.739130434782609,1.2681159420289856,1.3168856149467107
M5@H1,body_close,neutral,pullback,fresh,retested_2plus,931,8.078410311493018,1.2867883995703544,2.85743376501226
M5@H1,body_close,neutral,pullback,mature,retested_1,5,85.4,1.2,1.7969180461067218
M5@H1,body_close,neutral,pullback,mature,retested_2plus,2785,92.64308797127468,1.4211849192100539,2.7873491326620408
M5@H1,body_close,neutral,pullback,old,retested_2plus,754,1167.7771883289124,1.0490716180371353,2.689639752138105
M5@H1,body_close,neutral,pullback,young,retested_1,3,50.0,1.3333333333333333,0.7231121657859872
M5@H1,body_close,neutral,pullback,young,retested_2plus,2995,22.530884808013354,1.2434056761268781,2.5603974618918355
M5@H1,body_close,neutral,push,fresh,retested_2plus,56,5.660714285714286,0.0,1.4501610136882255
M5@H1,body_close,neutral,push,mature,retested_2plus,604,99.41721854304636,1.3427152317880795,2.333023884440333
M5@H1,body_close,neutral,push,old,retested_2plus,206,633.7233009708738,1.0145631067961165,3.560928517303963
M5@H1,body_close,neutral,push,young,retested_2plus,200,38.17,1.54,2.147533318385545
M5@H1,body_close,neutral,reversal,fresh,retested_1,9,3.111111111111111,0.4444444444444444,1.8324629710785005
M5@H1,body_close,neutral,reversal,fresh,retested_2plus,92,4.391304347826087,0.41304347826086957,2.234995156987394
M5@H1,body_close,neutral,reversal,mature,retested_2plus,682,146.92375366568916,1.1436950146627567,7.929418559031317
M5@H1,body_close,neutral,reversal,old,retested_2plus,1240,728.9943548387097,1.6008064516129032,6.370252381166505
M5@H1,body_close,neutral,reversal,young,retested_1,1,47.0,1.0,0.5330856363234302
M5@H1,body_close,neutral,reversal,young,retested_2plus,53,16.28301886792453,1.150943396226415,3.4923113131098256
M5@H1,body_close,with_daily,continuation,fresh,retested_1,396,3.138888888888889,2.275252525252525,1.51015737544546
M5@H1,body_close,with_daily,continuation,fresh,retested_2plus,17760,5.2625,2.249605855855856,1.55713201848811
M5@H1,body_close,with_daily,continuation,mature,retested_1,28,69.96428571428571,2.4642857142857144,1.0864737444697459
M5@H1,body_close,with_daily,continuation,mature,retested_2plus,5363,85.0149170240537,2.2245012120082044,2.008511106715955
M5@H1,body_close,with_daily,continuation,old,retested_1,5,365.8,1.4,0.46827085092429294
M5@H1,body_close,with_daily,continuation,old,retested_2plus,832,589.0649038461538,1.5360576923076923,1.586955729379473
M5@H1,body_close,with_daily,continuation,young,retested_1,24,25.416666666666668,2.2916666666666665,1.4736434734081005
M5@H1,body_close,with_daily,continuation,young,retested_2plus,10601,23.253277992642204,2.204509008584096,1.73597487021829
M5@H1,body_close,with_daily,pullback,fresh,retested_1,187,2.6470588235294117,2.1871657754010694,1.2331226462159075
M5@H1,body_close,with_daily,pullback,fresh,retested_2plus,1057,7.94891201513718,2.3197729422894984,2.112079149304023
M5@H1,body_close,with_daily,pullback,mature,retested_1,3,119.66666666666667,2.6666666666666665,0.9031905303861621
M5@H1,body_close,with_daily,pullback,mature,retested_2plus,2277,84.95871761089153,2.1901624945103206,2.0713492369260895
M5@H1,body_close,with_daily,pullback,old,retested_1,1,623.0,3.0,0.23076923076917444
M5@H1,body_close,with_daily,pullback,old,retested_2plus,493,735.6227180527384,1.3204868154158216,2.7064756390217344
M5@H1,body_close,with_daily,pullback,young,retested_1,7,37.285714285714285,2.2857142857142856,0.8499953174482798
M5@H1,body_close,with_daily,pullback,young,retested_2plus,4206,25.770803613884926,2.250118877793628,2.3366151235954598
M5@H1,body_close,with_daily,push,fresh,retested_1,2,10.0,3.0,1.0454300384914117
M5@H1,body_close,with_daily,push,fresh,retested_2plus,289,7.858131487889273,2.3771626297577853,2.6482205768997176
M5@H1,body_close,with_daily,push,mature,retested_1,2,83.5,3.0,0.4982772302927353
M5@H1,body_close,with_daily,push,mature,retested_2plus,210,78.96190476190476,2.9904761904761905,2.6636822965112334
M5@H1,body_close,with_daily,push,old,retested_2plus,57,578.859649122807,1.0,5.880351486558167
M5@H1,body_close,with_daily,push,young,retested_1,4,19.75,2.75,1.4758901866700869
M5@H1,body_close,with_daily,push,young,retested_2plus,1023,24.388074291300097,2.0762463343108504,1.8473025870773907
M5@H1,body_close,with_daily,reversal,fresh,retested_1,2,3.0,2.0,1.6696488400973104
M5@H1,body_close,with_daily,reversal,fresh,retested_2plus,137,6.37956204379562,1.437956204379562,1.6252679773894898
M5@H1,body_close,with_daily,reversal,mature,retested_1,1,53.0,1.0,7.326682858165464
M5@H1,body_close,with_daily,reversal,mature,retested_2plus,184,119.97826086956522,1.891304347826087,5.092206672762518
M5@H1,body_close,with_daily,reversal,old,retested_2plus,341,839.2785923753665,1.93841642228739,11.736651032808124
M5@H1,body_close,with_daily,reversal,young,retested_1,1,40.0,1.0,1.5746691871458127
M5@H1,body_close,with_daily,reversal,young,retested_2plus,69,36.492753623188406,1.0,1.9413919482731887
M5@H1,break_through,against_daily,continuation,fresh,first_touch,4,2.25,2.75,1.8001105095376442
M5@H1,break_through,against_daily,continuation,young,first_touch,1,50.0,3.0,2.7681159420290347
M5@H1,break_through,against_daily,pullback,fresh,first_touch,8,2.125,2.125,2.4922458889694874
M5@H1,break_through,against_daily,reversal,fresh,first_touch,1,4.0,3.0,2.4772727272726227
M5@H1,break_through,at_transition,pullback,mature,first_touch,1,51.0,1.0,2.6230598669621856
M5@H1,break_through,at_transition,pullback,young,first_touch,1,50.0,1.0,3.172284644194377
M5@H1,break_through,neutral,continuation,fresh,first_touch,6,2.3333333333333335,1.1666666666666667,1.8503451474716925
M5@H1,break_through,neutral,pullback,fresh,first_touch,4,2.25,1.5,2.5247189848570213
M5@H1,break_through,with_daily,continuation,fresh,first_touch,12,2.3333333333333335,2.25,2.673905023563144
M5@H1,break_through,with_daily,pullback,fresh,first_touch,4,2.5,2.0,2.2954948537595676
M5@H1,break_through,with_daily,pullback,young,first_touch,1,50.0,3.0,0.8986453982327821
M5@H1,near_miss,against_daily,continuation,fresh,first_touch,585,3.353846153846154,2.213675213675214,3.0883132448682575
M5@H1,near_miss,against_daily,continuation,fresh,retested_1,264,3.537878787878788,2.128787878787879,2.81277646252438
M5@H1,near_miss,against_daily,continuation,fresh,retested_2plus,2490,5.273493975903614,2.2654618473895582,3.3321785946400984
M5@H1,near_miss,against_daily,continuation,mature,first_touch,47,93.2127659574468,1.6808510638297873,3.709087347199715
M5@H1,near_miss,against_daily,continuation,mature,retested_1,27,91.5925925925926,1.5925925925925926,4.272417049346027
M5@H1,near_miss,against_daily,continuation,mature,retested_2plus,1066,115.48780487804878,1.8602251407129455,4.476517084171381
M5@H1,near_miss,against_daily,continuation,old,first_touch,44,835.5909090909091,2.2954545454545454,2.272152999209181
M5@H1,near_miss,against_daily,continuation,old,retested_1,17,371.52941176470586,1.7058823529411764,1.9634393311705125
M5@H1,near_miss,against_daily,continuation,old,retested_2plus,1197,762.0601503759399,2.3926482873851294,4.164533354044986
M5@H1,near_miss,against_daily,continuation,young,first_touch,58,22.06896551724138,2.3448275862068964,2.721935271313262
M5@H1,near_miss,against_daily,continuation,young,retested_1,35,16.085714285714285,2.5428571428571427,3.4177720765336863
M5@H1,near_miss,against_daily,continuation,young,retested_2plus,992,20.686491935483872,2.2419354838709675,3.6261959923804143
M5@H1,near_miss,against_daily,pullback,fresh,first_touch,53,2.792452830188679,2.3207547169811322,2.7857970679972515
M5@H1,near_miss,against_daily,pullback,fresh,retested_1,2,8.5,2.0,2.13866532834509
M5@H1,near_miss,against_daily,pullback,fresh,retested_2plus,316,7.984177215189874,2.259493670886076,4.832462543790276
M5@H1,near_miss,against_daily,pullback,mature,first_touch,5,105.0,1.4,4.224301372780195
M5@H1,near_miss,against_daily,pullback,mature,retested_1,1,74.0,2.0,2.567282321899508
M5@H1,near_miss,against_daily,pullback,mature,retested_2plus,581,120.1394148020654,1.8037865748709123,4.859971889202755
M5@H1,near_miss,against_daily,pullback,old,first_touch,3,333.0,3.0,1.9809224322425034
M5@H1,near_miss,against_daily,pullback,old,retested_1,2,299.0,2.5,1.1568524516919927
M5@H1,near_miss,against_daily,pullback,old,retested_2plus,630,876.5873015873016,2.3444444444444446,3.8347592696847577
M5@H1,near_miss,against_daily,pullback,young,first_touch,6,14.666666666666666,2.3333333333333335,3.1577409902841147
M5@H1,near_miss,against_daily,pullback,young,retested_1,5,12.2,3.0,3.232577357626339
M5@H1,near_miss,against_daily,pullback,young,retested_2plus,621,20.987117552334944,2.2657004830917873,4.570118574187302
M5@H1,near_miss,against_daily,push,fresh,first_touch,1,8.0,3.0,2.2649681528660253
M5@H1,near_miss,against_daily,push,mature,retested_2plus,40,133.175,1.475,5.79268016645384
M5@H1,near_miss,against_daily,push,old,first_touch,11,472.27272727272725,2.3636363636363638,1.5201477762677869
M5@H1,near_miss,against_daily,push,old,retested_1,2,2739.0,3.0,1.3652808703010324
M5@H1,near_miss,against_daily,push,old,retested_2plus,63,826.4920634920635,2.5714285714285716,4.761572000228752
M5@H1,near_miss,against_daily,push,young,retested_2plus,1,11.0,3.0,4.1839080459768345
M5@H1,near_miss,against_daily,reversal,fresh,first_touch,20,4.1,2.65,3.705690726457134
M5@H1,near_miss,against_daily,reversal,fresh,retested_1,2,7.0,3.0,4.195923282098711
M5@H1,near_miss,against_daily,reversal,fresh,retested_2plus,152,6.026315789473684,2.3947368421052633,6.015270026592458
M5@H1,near_miss,against_daily,reversal,mature,first_touch,1,61.0,3.0,1.673913043478437
M5@H1,near_miss,against_daily,reversal,mature,retested_2plus,64,97.515625,1.875,8.046902192954244
M5@H1,near_miss,against_daily,reversal,old,retested_2plus,59,885.6949152542373,1.423728813559322,6.1679684332021685
M5@H1,near_miss,against_daily,reversal,young,retested_2plus,149,17.436241610738254,2.134228187919463,5.173740045863296
M5@H1,near_miss,at_transition,continuation,fresh,first_touch,2,6.5,1.5,6.282855606358744
M5@H1,near_miss,at_transition,continuation,fresh,retested_2plus,9,6.0,1.4444444444444444,4.525245215009723
M5@H1,near_miss,at_transition,continuation,mature,first_touch,1,54.0,1.0,3.6103151862455682
M5@H1,near_miss,at_transition,continuation,mature,retested_2plus,10,83.9,1.5,3.9119179249567892
M5@H1,near_miss,at_transition,continuation,old,retested_2plus,4,870.0,1.25,4.701950541328796
M5@H1,near_miss,at_transition,continuation,young,retested_2plus,7,20.857142857142858,1.7142857142857142,6.336288231355332
M5@H1,near_miss,at_transition,pullback,mature,retested_2plus,2,84.5,1.0,3.9366871219840682
M5@H1,near_miss,at_transition,pullback,old,retested_2plus,2,394.0,1.0,3.7155176465056448
M5@H1,near_miss,at_transition,pullback,young,first_touch,1,47.0,1.0,6.793357933578015
M5@H1,near_miss,at_transition,pullback,young,retested_2plus,2,15.5,1.5,4.689753892516326
M5@H1,near_miss,at_transition,reversal,old,retested_2plus,2,1210.0,1.5,6.594351900052824
M5@H1,near_miss,neutral,continuation,fresh,first_touch,406,3.5541871921182264,1.3497536945812807,2.996312921676358
M5@H1,near_miss,neutral,continuation,fresh,retested_1,172,3.9709302325581395,1.3372093023255813,3.1401841966639243
M5@H1,near_miss,neutral,continuation,fresh,retested_2plus,1681,5.389054134443784,1.3022010707911957,3.13871397906355
M5@H1,near_miss,neutral,continuation,mature,first_touch,46,95.08695652173913,1.2173913043478262,3.208700829309777
M5@H1,near_miss,neutral,continuation,mature,retested_1,26,79.65384615384616,1.1923076923076923,2.9047396946747766
M5@H1,near_miss,neutral,continuation,mature,retested_2plus,856,99.06658878504673,1.2733644859813085,3.989485365726977
M5@H1,near_miss,neutral,continuation,old,first_touch,3,1237.6666666666667,1.0,2.0514279583907293
M5@H1,near_miss,neutral,continuation,old,retested_1,11,921.2727272727273,1.0,2.703876157524537
M5@H1,near_miss,neutral,continuation,old,retested_2plus,356,746.2837078651686,1.2275280898876404,3.6005282831842784
M5@H1,near_miss,neutral,continuation,young,first_touch,46,26.456521739130434,1.1956521739130435,2.2999421541042704
M5@H1,near_miss,neutral,continuation,young,retested_1,26,16.5,1.3076923076923077,2.9021844452469243
M5@H1,near_miss,neutral,continuation,young,retested_2plus,857,23.263710618436406,1.3243873978996499,3.663795518791726
M5@H1,near_miss,neutral,pullback,fresh,first_touch,39,2.58974358974359,1.3846153846153846,2.825814292179242
M5@H1,near_miss,neutral,pullback,fresh,retested_2plus,201,7.497512437810945,1.3880597014925373,4.069279111339247
M5@H1,near_miss,neutral,pullback,mature,first_touch,2,107.5,1.0,1.9763245723821994
M5@H1,near_miss,neutral,pullback,mature,retested_1,1,129.0,1.0,2.009207197284205
M5@H1,near_miss,neutral,pullback,mature,retested_2plus,468,99.26923076923077,1.264957264957265,4.116244822772425
M5@H1,near_miss,neutral,pullback,old,retested_1,4,445.5,1.0,1.4254093730186619
M5@H1,near_miss,neutral,pullback,old,retested_2plus,163,800.8957055214723,1.1901840490797546,3.3081321781243473
M5@H1,near_miss,neutral,pullback,young,first_touch,6,19.666666666666668,1.3333333333333333,2.8767444550891628
M5@H1,near_miss,neutral,pullback,young,retested_1,3,18.0,1.0,2.1391144558899753
M5@H1,near_miss,neutral,pullback,young,retested_2plus,566,22.75441696113074,1.2314487632508835,4.234638227263502
M5@H1,near_miss,neutral,push,fresh,retested_2plus,16,6.3125,0.0,1.7339768027723261
M5@H1,near_miss,neutral,push,mature,first_touch,1,80.0,2.0,1.5324540375152935
M5@H1,near_miss,neutral,push,mature,retested_1,4,89.75,1.75,2.026439275976882
M5@H1,near_miss,neutral,push,mature,retested_2plus,46,100.23913043478261,1.4782608695652173,4.851824386082874
M5@H1,near_miss,neutral,push,old,retested_2plus,41,476.0731707317073,1.024390243902439,6.207626784344159
M5@H1,near_miss,neutral,push,young,retested_2plus,19,28.526315789473685,0.7368421052631579,6.753634411861638
M5@H1,near_miss,neutral,reversal,fresh,first_touch,22,4.045454545454546,0.0,3.7934399535675705
M5@H1,near_miss,neutral,reversal,fresh,retested_1,5,4.6,2.0,5.651984830522243
M5@H1,near_miss,neutral,reversal,fresh,retested_2plus,39,5.17948717948718,0.8205128205128205,5.863205696168232
M5@H1,near_miss,neutral,reversal,mature,retested_2plus,68,118.22058823529412,1.0294117647058822,7.69638983359439
M5@H1,near_miss,neutral,reversal,old,retested_2plus,16,741.0,1.625,7.619964490441278
M5@H1,near_miss,neutral,reversal,young,retested_2plus,18,24.61111111111111,1.1111111111111112,5.065961754073909
M5@H1,near_miss,with_daily,continuation,fresh,first_touch,578,3.792387543252595,2.2560553633217992,2.881777094278703
M5@H1,near_miss,with_daily,continuation,fresh,retested_1,226,3.6814159292035398,2.252212389380531,3.0667871891182084
M5@H1,near_miss,with_daily,continuation,fresh,retested_2plus,2573,5.347065682083171,2.1877186164010882,3.288615396629673
M5@H1,near_miss,with_daily,continuation,mature,first_touch,60,82.7,2.533333333333333,2.772633730685437
M5@H1,near_miss,with_daily,continuation,mature,retested_1,15,95.73333333333333,2.6,4.0517103528005824
M5@H1,near_miss,with_daily,continuation,mature,retested_2plus,950,84.04631578947368,2.218947368421053,3.9639738249453873
M5@H1,near_miss,with_daily,continuation,old,first_touch,2,246.0,1.0,2.191316571086917
M5@H1,near_miss,with_daily,continuation,old,retested_1,3,346.0,1.6666666666666667,3.605427893067098
M5@H1,near_miss,with_daily,continuation,old,retested_2plus,147,516.5918367346939,1.3877551020408163,2.833592345144494
M5@H1,near_miss,with_daily,continuation,young,first_touch,45,21.42222222222222,2.2888888888888888,3.0027588658717037
M5@H1,near_miss,with_daily,continuation,young,retested_1,26,26.692307692307693,2.576923076923077,2.6665092174938256
M5@H1,near_miss,with_daily,continuation,young,retested_2plus,1538,23.238621586475944,2.2730819245773732,3.387328179969831
M5@H1,near_miss,with_daily,pullback,fresh,first_touch,45,2.511111111111111,2.1555555555555554,2.766368441127982
M5@H1,near_miss,with_daily,pullback,fresh,retested_2plus,225,8.084444444444445,2.0933333333333333,3.3502270828547682
M5@H1,near_miss,with_daily,pullback,mature,first_touch,10,84.8,2.5,2.333254092180252
M5@H1,near_miss,with_daily,pullback,mature,retested_1,3,132.33333333333334,2.6666666666666665,3.5660924444934534
M5@H1,near_miss,with_daily,pullback,mature,retested_2plus,583,86.0548885077187,2.319039451114923,3.705153804058555
M5@H1,near_miss,with_daily,pullback,old,first_touch,1,249.0,1.0,1.6705084745762513
M5@H1,near_miss,with_daily,pullback,old,retested_2plus,125,570.16,1.296,3.159625696085818
M5@H1,near_miss,with_daily,pullback,young,first_touch,6,28.166666666666668,2.6666666666666665,2.1323220384712314
M5@H1,near_miss,with_daily,pullback,young,retested_1,6,26.666666666666668,1.8333333333333333,2.789970261876158
M5@H1,near_miss,with_daily,pullback,young,retested_2plus,835,23.855089820359282,2.264670658682635,3.768557952484087
M5@H1,near_miss,with_daily,push,fresh,first_touch,12,9.333333333333334,3.0,2.4577271543825425
M5@H1,near_miss,with_daily,push,fresh,retested_2plus,27,7.444444444444445,2.4444444444444446,2.67914401263379
M5@H1,near_miss,with_daily,push,mature,first_touch,1,104.0,3.0,1.9387755102041115
M5@H1,near_miss,with_daily,push,mature,retested_2plus,67,81.74626865671642,3.0,5.941841844035363
M5@H1,near_miss,with_daily,push,old,retested_2plus,5,576.4,1.0,8.24062451431736
M5@H1,near_miss,with_daily,push,young,first_touch,13,26.692307692307693,2.076923076923077,1.814312714820874
M5@H1,near_miss,with_daily,push,young,retested_1,17,25.235294117647058,1.8823529411764706,1.9667709863157825
M5@H1,near_miss,with_daily,push,young,retested_2plus,222,26.653153153153152,2.1171171171171173,2.974923296522495
M5@H1,near_miss,with_daily,reversal,fresh,first_touch,1,3.0,3.0,3.0922570674556953
M5@H1,near_miss,with_daily,reversal,fresh,retested_1,2,3.0,3.0,2.2457641958919066
M5@H1,near_miss,with_daily,reversal,fresh,retested_2plus,10,4.0,2.0,2.79519431059009
M5@H1,near_miss,with_daily,reversal,mature,first_touch,1,53.0,1.0,7.364826659335584
M5@H1,near_miss,with_daily,reversal,mature,retested_2plus,21,96.42857142857143,1.4761904761904763,7.9073824820401315
M5@H1,near_miss,with_daily,reversal,old,retested_2plus,33,856.939393939394,1.7272727272727273,19.501584573829827
M5@H1,near_miss,with_daily,reversal,young,retested_2plus,14,43.0,1.0,4.809219262065047
M5@H1,wick_touch,against_daily,continuation,fresh,retested_1,235,3.421276595744681,2.2212765957446807,2.7408270499216627
M5@H1,wick_touch,against_daily,continuation,fresh,retested_2plus,2798,4.917798427448178,2.215153681200858,2.8786992005904413
M5@H1,wick_touch,against_daily,continuation,mature,retested_1,19,97.52631578947368,1.5789473684210527,3.0581389897303493
M5@H1,wick_touch,against_daily,continuation,mature,retested_2plus,1020,115.4235294117647,1.8764705882352941,3.9915511317013297
M5@H1,wick_touch,against_daily,continuation,old,retested_1,12,789.5,2.0833333333333335,2.1286981269972927
M5@H1,wick_touch,against_daily,continuation,old,retested_2plus,1188,740.1271043771044,2.3703703703703702,3.704166196407268
M5@H1,wick_touch,against_daily,continuation,young,retested_1,15,16.333333333333332,2.6,3.0419962542250634
M5@H1,wick_touch,against_daily,continuation,young,retested_2plus,1064,19.728383458646615,2.2885338345864663,3.30526846002642
M5@H1,wick_touch,against_daily,pullback,fresh,retested_1,56,2.4285714285714284,2.25,2.6735853929425955
M5@H1,wick_touch,against_daily,pullback,fresh,retested_2plus,262,7.759541984732825,2.316793893129771,3.8305832110558886
M5@H1,wick_touch,against_daily,pullback,mature,retested_2plus,498,119.3995983935743,1.7309236947791165,4.7945174176496534
M5@H1,wick_touch,against_daily,pullback,old,retested_1,3,323.6666666666667,3.0,2.843341130157422
M5@H1,wick_touch,against_daily,pullback,old,retested_2plus,564,871.3333333333334,2.2819148936170213,3.605282912994724
M5@H1,wick_touch,against_daily,pullback,young,retested_1,2,21.5,3.0,1.180381266930691
M5@H1,wick_touch,against_daily,pullback,young,retested_2plus,594,21.171717171717173,2.2693602693602695,4.313421595430497
M5@H1,wick_touch,against_daily,push,fresh,retested_2plus,1,10.0,3.0,2.7935034802782353
M5@H1,wick_touch,against_daily,push,mature,retested_1,1,72.0,1.0,1.1071737251512659
M5@H1,wick_touch,against_daily,push,mature,retested_2plus,24,143.625,1.6666666666666667,5.621628149439483
M5@H1,wick_touch,against_daily,push,old,retested_1,3,1323.3333333333333,2.3333333333333335,2.6560118927478285
M5@H1,wick_touch,against_daily,push,old,retested_2plus,94,1045.6170212765958,2.6914893617021276,4.0600039418415514
M5@H1,wick_touch,against_daily,push,young,retested_2plus,3,33.333333333333336,1.6666666666666667,5.216809426516314
M5@H1,wick_touch,against_daily,reversal,fresh,retested_1,10,3.7,2.6,3.3798745076977994
M5@H1,wick_touch,against_daily,reversal,fresh,retested_2plus,172,5.546511627906977,2.441860465116279,4.772659646430178
M5@H1,wick_touch,against_daily,reversal,mature,retested_1,1,61.0,3.0,1.1843817787422062
M5@H1,wick_touch,against_daily,reversal,mature,retested_2plus,76,101.30263157894737,1.8421052631578947,5.813054301781229
M5@H1,wick_touch,against_daily,reversal,old,retested_2plus,48,1170.1458333333333,1.7291666666666667,5.055382407963539
M5@H1,wick_touch,against_daily,reversal,young,retested_2plus,174,17.367816091954023,2.2586206896551726,4.485169512004667
M5@H1,wick_touch,at_transition,continuation,fresh,retested_1,10,4.4,1.8,4.04623061582184
M5@H1,wick_touch,at_transition,continuation,fresh,retested_2plus,19,6.052631578947368,1.631578947368421,5.210101743296722
M5@H1,wick_touch,at_transition,continuation,mature,retested_1,1,144.0,1.0,2.481662591687113
M5@H1,wick_touch,at_transition,continuation,mature,retested_2plus,17,97.58823529411765,1.4705882352941178,4.504839979628784
M5@H1,wick_touch,at_transition,continuation,old,retested_2plus,6,720.8333333333334,1.3333333333333333,5.794633867382385
M5@H1,wick_touch,at_transition,continuation,young,retested_1,3,44.333333333333336,1.0,3.7650923638937286
M5@H1,wick_touch,at_transition,continuation,young,retested_2plus,14,20.214285714285715,1.4285714285714286,4.569014597532131
M5@H1,wick_touch,at_transition,pullback,fresh,retested_2plus,2,9.0,2.0,9.532368667271804
M5@H1,wick_touch,at_transition,pullback,mature,retested_1,1,71.0,2.0,5.437357630977763
M5@H1,wick_touch,at_transition,pullback,mature,retested_2plus,15,107.86666666666666,1.3333333333333333,6.196217547354536
M5@H1,wick_touch,at_transition,pullback,old,retested_2plus,4,1092.25,1.5,5.811134961938403
M5@H1,wick_touch,at_transition,pullback,young,retested_2plus,11,26.90909090909091,1.9090909090909092,5.707535559429235
M5@H1,wick_touch,at_transition,push,mature,retested_2plus,1,128.0,2.0,3.733852443489169
M5@H1,wick_touch,at_transition,push,old,retested_2plus,1,303.0,2.0,9.230752387871442
M5@H1,wick_touch,at_transition,push,young,retested_2plus,1,39.0,1.0,6.41246116100065
M5@H1,wick_touch,at_transition,reversal,fresh,retested_2plus,1,7.0,2.0,5.444444444443706
M5@H1,wick_touch,at_transition,reversal,mature,retested_2plus,1,99.0,1.0,6.547413793103182
M5@H1,wick_touch,neutral,continuation,fresh,retested_1,148,3.6486486486486487,1.3581081081081081,2.6074882847937264
M5@H1,wick_touch,neutral,continuation,fresh,retested_2plus,1982,4.957114026236125,1.3107971745711402,2.7799488046428364
M5@H1,wick_touch,neutral,continuation,mature,retested_1,14,77.35714285714286,1.2857142857142858,2.9576109204988095
M5@H1,wick_touch,neutral,continuation,mature,retested_2plus,835,97.70299401197605,1.2766467065868263,3.6504175337730382
M5@H1,wick_touch,neutral,continuation,old,retested_1,7,1107.2857142857142,1.0,1.8088993733627436
M5@H1,wick_touch,neutral,continuation,old,retested_2plus,375,775.4666666666667,1.208,3.5474713038042416
M5@H1,wick_touch,neutral,continuation,young,retested_1,12,21.916666666666668,1.3333333333333333,2.253136643527033
M5@H1,wick_touch,neutral,continuation,young,retested_2plus,908,22.848017621145374,1.2918502202643172,3.200006579370658
M5@H1,wick_touch,neutral,pullback,fresh,retested_1,34,2.7058823529411766,1.3823529411764706,2.6136327740917
M5@H1,wick_touch,neutral,pullback,fresh,retested_2plus,155,7.548387096774194,1.3612903225806452,3.9584048805652334
M5@H1,wick_touch,neutral,pullback,mature,retested_1,3,78.0,1.6666666666666667,3.0539782449688366
M5@H1,wick_touch,neutral,pullback,mature,retested_2plus,417,102.33812949640287,1.3117505995203838,3.639921268156484
M5@H1,wick_touch,neutral,pullback,old,retested_1,1,507.0,1.0,3.452999104744687
M5@H1,wick_touch,neutral,pullback,old,retested_2plus,150,783.7933333333333,1.1066666666666667,3.36124319243988
M5@H1,wick_touch,neutral,pullback,young,retested_1,2,19.0,1.5,1.7272118559312541
M5@H1,wick_touch,neutral,pullback,young,retested_2plus,519,22.423892100192678,1.2177263969171483,3.865854397312216
M5@H1,wick_touch,neutral,push,fresh,retested_2plus,8,6.75,0.0,2.1061724267734823
M5@H1,wick_touch,neutral,push,mature,retested_1,2,99.0,1.5,2.0099840954713883
M5@H1,wick_touch,neutral,push,mature,retested_2plus,65,92.95384615384616,1.4153846153846155,4.222158768935697
M5@H1,wick_touch,neutral,push,old,retested_2plus,31,554.0967741935484,1.064516129032258,5.1804662598842635
M5@H1,wick_touch,neutral,push,young,retested_2plus,21,35.666666666666664,0.8095238095238095,6.148940320812541
M5@H1,wick_touch,neutral,reversal,fresh,retested_1,1,4.0,2.0,3.767402376909924
M5@H1,wick_touch,neutral,reversal,fresh,retested_2plus,37,3.8378378378378377,0.6486486486486487,4.158145949364578
M5@H1,wick_touch,neutral,reversal,mature,retested_2plus,64,112.1875,1.03125,6.924087575100448
M5@H1,wick_touch,neutral,reversal,old,retested_2plus,10,1658.3,1.3,7.6632491395868785
M5@H1,wick_touch,neutral,reversal,young,retested_2plus,12,20.833333333333332,1.1666666666666667,4.828358853299004
M5@H1,wick_touch,with_daily,continuation,fresh,retested_1,210,3.757142857142857,2.2095238095238097,2.4873703526786697
M5@H1,wick_touch,with_daily,continuation,fresh,retested_2plus,2917,5.05279396640384,2.1765512512855674,2.79711609977218
M5@H1,wick_touch,with_daily,continuation,mature,retested_1,15,80.06666666666666,2.466666666666667,2.340972601925192
M5@H1,wick_touch,with_daily,continuation,mature,retested_2plus,960,82.28854166666666,2.2510416666666666,3.508041484683164
M5@H1,wick_touch,with_daily,continuation,old,retested_1,3,321.0,1.6666666666666667,2.2600319009943384
M5@H1,wick_touch,with_daily,continuation,old,retested_2plus,137,522.0875912408759,1.4525547445255473,2.476606666716467
M5@H1,wick_touch,with_daily,continuation,young,retested_1,23,26.52173913043478,2.3043478260869565,2.2015322700606204
M5@H1,wick_touch,with_daily,continuation,young,retested_2plus,1596,22.85902255639098,2.2581453634085213,2.9454842059504838
M5@H1,wick_touch,with_daily,pullback,fresh,retested_1,54,3.074074074074074,2.3333333333333335,2.7211131985530916
M5@H1,wick_touch,with_daily,pullback,fresh,retested_2plus,223,8.008968609865471,2.192825112107623,3.184203114819848
M5@H1,wick_touch,with_daily,pullback,mature,retested_1,1,52.0,1.0,3.597468354431037
M5@H1,wick_touch,with_daily,pullback,mature,retested_2plus,438,89.36986301369863,2.3607305936073057,3.118762135813375
M5@H1,wick_touch,with_daily,pullback,old,retested_2plus,115,652.0869565217391,1.4521739130434783,2.873425623588854
M5@H1,wick_touch,with_daily,pullback,young,retested_1,3,37.666666666666664,2.0,2.36259162314652
M5@H1,wick_touch,with_daily,pullback,young,retested_2plus,700,23.834285714285713,2.2714285714285714,3.295020722112397
M5@H1,wick_touch,with_daily,push,fresh,retested_1,1,7.0,3.0,1.2907801418438132
M5@H1,wick_touch,with_daily,push,fresh,retested_2plus,22,7.318181818181818,2.6363636363636362,2.416730571022572
M5@H1,wick_touch,with_daily,push,mature,retested_1,1,96.0,3.0,1.3146853146852222
M5@H1,wick_touch,with_daily,push,mature,retested_2plus,42,83.78571428571429,2.9047619047619047,5.646723507697713
M5@H1,wick_touch,with_daily,push,old,retested_2plus,5,576.0,1.0,8.757654398169398
M5@H1,wick_touch,with_daily,push,young,retested_1,6,26.166666666666668,2.6666666666666665,2.163493335517726
M5@H1,wick_touch,with_daily,push,young,retested_2plus,190,25.473684210526315,2.3263157894736843,3.0525391632197
M5@H1,wick_touch,with_daily,reversal,fresh,retested_1,2,2.5,2.0,2.539423143208648
M5@H1,wick_touch,with_daily,reversal,fresh,retested_2plus,15,3.466666666666667,1.6666666666666667,2.6984758988136774
M5@H1,wick_touch,with_daily,reversal,mature,retested_2plus,33,101.0,1.606060606060606,6.9983541114081556
M5@H1,wick_touch,with_daily,reversal,old,retested_2plus,31,836.258064516129,1.903225806451613,18.44190900744968
M5@H1,wick_touch,with_daily,reversal,young,retested_2plus,11,42.45454545454545,1.0,4.020163414314795
M5@M15,body_close,against_daily,continuation,fresh,first_touch,8,3.0,2.375,0.9472622082623298
M5@M15,body_close,against_daily,continuation,fresh,retested_1,1417,3.3613267466478476,2.1990119971771347,0.6051761428137465
M5@M15,body_close,against_daily,continuation,fresh,retested_2plus,17430,5.61061388410786,2.171772805507745,0.6691189740346395
M5@M15,body_close,against_daily,continuation,mature,retested_1,29,105.79310344827586,2.103448275862069,0.6917166043794647
M5@M15,body_close,against_daily,continuation,mature,retested_2plus,4068,85.03294001966569,2.173549655850541,1.2866372397339692
M5@M15,body_close,against_daily,continuation,old,retested_1,37,733.0540540540541,2.0,0.5830676547688244
M5@M15,body_close,against_daily,continuation,old,retested_2plus,9480,851.8798523206751,2.028691983122363,2.0251223604524227
M5@M15,body_close,against_daily,continuation,young,retested_1,100,22.06,2.28,0.8148879555372688
M5@M15,body_close,against_daily,continuation,young,retested_2plus,12754,22.745256390152107,2.1583032774031676,0.942734697718997
M5@M15,body_close,against_daily,pullback,fresh,first_touch,2,2.5,2.0,1.0096858118493541
M5@M15,body_close,against_daily,pullback,fresh,retested_1,708,2.519774011299435,2.1822033898305087,0.5744651317181352
M5@M15,body_close,against_daily,pullback,fresh,retested_2plus,1611,8.094351334574798,2.1415270018621975,0.8679479860067045
M5@M15,body_close,against_daily,pullback,mature,retested_1,7,65.0,2.2857142857142856,0.7241032865775509
M5@M15,body_close,against_daily,pullback,mature,retested_2plus,1994,83.57572718154464,2.055667001003009,1.4192655288397351
M5@M15,body_close,against_daily,pullback,old,retested_1,13,1017.0,1.8461538461538463,0.7754844987005031
M5@M15,body_close,against_daily,pullback,old,retested_2plus,5330,884.53095684803,2.1598499061913694,2.4462635514929594
M5@M15,body_close,against_daily,pullback,young,retested_1,18,22.61111111111111,2.111111111111111,0.6526569210123863
M5@M15,body_close,against_daily,pullback,young,retested_2plus,6590,24.318816388467376,2.147496206373293,1.3237795027944403
M5@M15,body_close,against_daily,push,fresh,retested_2plus,7,9.142857142857142,1.0,0.2566319252227693
M5@M15,body_close,against_daily,push,mature,retested_2plus,163,158.26993865030676,1.0,3.107379391246742
M5@M15,body_close,against_daily,push,old,retested_1,5,1530.2,2.0,0.23888502344818557
M5@M15,body_close,against_daily,push,old,retested_2plus,184,1098.195652173913,1.9565217391304348,2.5365747309211732
M5@M15,body_close,against_daily,push,young,retested_2plus,6,13.0,2.0,0.6031562810903829
M5@M15,body_close,against_daily,reversal,fresh,retested_1,44,3.1136363636363638,2.6363636363636362,0.8509321956160847
M5@M15,body_close,against_daily,reversal,fresh,retested_2plus,411,6.087591240875913,2.5815085158150852,1.025994270263739
M5@M15,body_close,against_daily,reversal,mature,retested_2plus,201,78.12935323383084,2.2686567164179103,1.4121090076158238
M5@M15,body_close,against_daily,reversal,old,retested_1,1,790.0,2.0,3.583999999999516
M5@M15,body_close,against_daily,reversal,old,retested_2plus,1337,1990.1974569932686,1.918474195961107,5.013005103941655
M5@M15,body_close,against_daily,reversal,young,retested_1,2,17.5,2.5,1.785224534723441
M5@M15,body_close,against_daily,reversal,young,retested_2plus,725,25.966896551724137,2.36,2.8608416241131938
M5@M15,body_close,at_transition,continuation,fresh,retested_1,9,5.444444444444445,1.2222222222222223,0.4956878743750042
M5@M15,body_close,at_transition,continuation,fresh,retested_2plus,65,6.4,1.5076923076923077,0.6925197273645028
M5@M15,body_close,at_transition,continuation,mature,retested_1,6,196.5,1.6666666666666667,0.7645570039991135
M5@M15,body_close,at_transition,continuation,mature,retested_2plus,28,135.32142857142858,1.4285714285714286,1.1399573352104686
M5@M15,body_close,at_transition,continuation,old,retested_1,2,289.0,1.0,0.3788648590669948
M5@M15,body_close,at_transition,continuation,old,retested_2plus,71,598.2816901408451,1.295774647887324,1.4313376777456444
M5@M15,body_close,at_transition,continuation,young,retested_1,4,13.25,1.25,0.8690802612683934
M5@M15,body_close,at_transition,continuation,young,retested_2plus,92,20.5,1.3043478260869565,1.1335009023371732
M5@M15,body_close,at_transition,pullback,fresh,retested_2plus,9,8.333333333333334,1.1111111111111112,0.7527516544468662
M5@M15,body_close,at_transition,pullback,mature,retested_2plus,9,94.0,1.6666666666666667,2.591919862927082
M5@M15,body_close,at_transition,pullback,old,retested_1,3,226.66666666666666,1.0,0.5776010882824506
M5@M15,body_close,at_transition,pullback,old,retested_2plus,39,538.4615384615385,1.358974358974359,1.9607855413573423
M5@M15,body_close,at_transition,pullback,young,retested_1,1,22.0,1.0,0.7581863979850229
M5@M15,body_close,at_transition,pullback,young,retested_2plus,52,22.057692307692307,1.3076923076923077,1.4406003608854023
M5@M15,body_close,at_transition,push,mature,retested_2plus,1,124.0,1.0,1.2297297297295382
M5@M15,body_close,at_transition,push,old,retested_2plus,2,943.5,2.0,2.8292951541850524
M5@M15,body_close,at_transition,reversal,old,retested_2plus,11,2228.090909090909,1.6363636363636365,7.828903615844249
M5@M15,body_close,at_transition,reversal,young,retested_2plus,2,25.0,1.5,2.4016776677660974
M5@M15,body_close,neutral,continuation,fresh,first_touch,11,2.5454545454545454,1.0909090909090908,0.8423886498593816
M5@M15,body_close,neutral,continuation,fresh,retested_1,936,3.4305555555555554,1.3023504273504274,0.599719431954911
M5@M15,body_close,neutral,continuation,fresh,retested_2plus,11262,5.712839637719766,1.3188598827916889,0.6344682336182673
M5@M15,body_close,neutral,continuation,mature,retested_1,19,134.68421052631578,1.3157894736842106,0.8171992874323746
M5@M15,body_close,neutral,continuation,mature,retested_2plus,4008,98.43937125748504,1.3021457085828343,1.3119915507364062
M5@M15,body_close,neutral,continuation,old,retested_1,24,904.6666666666666,1.4166666666666667,0.8221949451449103
M5@M15,body_close,neutral,continuation,old,retested_2plus,4866,624.1987258528566,1.3357994245787095,1.248125896890956
M5@M15,body_close,neutral,continuation,young,retested_1,72,20.90277777777778,1.2222222222222223,0.7486807862406797
M5@M15,body_close,neutral,continuation,young,retested_2plus,8828,23.408019936565474,1.2840960579972813,0.9863056783689007
M5@M15,body_close,neutral,pullback,fresh,first_touch,7,2.142857142857143,1.5714285714285714,0.780385767944763
M5@M15,body_close,neutral,pullback,fresh,retested_1,493,2.5740365111561867,1.3346855983772818,0.5928672301199441
M5@M15,body_close,neutral,pullback,fresh,retested_2plus,891,8.210998877665544,1.303030303030303,0.8755530842123128
M5@M15,body_close,neutral,pullback,mature,retested_1,6,122.0,1.5,0.4286501113779994
M5@M15,body_close,neutral,pullback,mature,retested_2plus,1825,94.61205479452055,1.2942465753424657,1.80931313062622
M5@M15,body_close,neutral,pullback,old,retested_1,3,399.6666666666667,1.0,0.42780662066645814
M5@M15,body_close,neutral,pullback,old,retested_2plus,2921,529.8277986990756,1.3348168435467305,1.6196818518308762
M5@M15,body_close,neutral,pullback,young,retested_1,9,23.333333333333332,1.5555555555555556,0.5536616890811871
M5@M15,body_close,neutral,pullback,young,retested_2plus,4477,24.917132008041097,1.304891668528032,1.502668940170723
M5@M15,body_close,neutral,push,fresh,retested_1,2,7.5,1.0,0.6540466085922911
M5@M15,body_close,neutral,push,fresh,retested_2plus,20,8.5,1.25,0.5197483960790381
M5@M15,body_close,neutral,push,mature,retested_1,1,88.0,1.0,1.1592356687895944
M5@M15,body_close,neutral,push,mature,retested_2plus,121,146.28099173553719,1.4710743801652892,2.4220604431405044
M5@M15,body_close,neutral,push,old,retested_1,4,366.25,1.75,0.9909597871179855
M5@M15,body_close,neutral,push,old,retested_2plus,532,763.0093984962406,1.3609022556390977,1.2951600863000825
M5@M15,body_close,neutral,push,young,retested_1,1,18.0,2.0,0.6723698435682127
M5@M15,body_close,neutral,push,young,retested_2plus,48,22.0,1.0416666666666667,0.44644273117615035
M5@M15,body_close,neutral,reversal,fresh,retested_1,14,3.2142857142857144,1.3571428571428572,0.5764776377976689
M5@M15,body_close,neutral,reversal,fresh,retested_2plus,169,6.27810650887574,1.1893491124260356,0.7098821318179567
M5@M15,body_close,neutral,reversal,mature,retested_1,2,139.5,1.0,0.9413120586334784
M5@M15,body_close,neutral,reversal,mature,retested_2plus,3,123.0,1.0,0.6656021386764083
M5@M15,body_close,neutral,reversal,old,retested_2plus,1338,2553.381913303438,1.5568011958146488,6.76143969386153
M5@M15,body_close,neutral,reversal,young,retested_2plus,149,18.55704697986577,1.5503355704697988,0.9273399831311929
M5@M15,body_close,neutral,unknown,fresh,retested_1,1,2.0,0.0,0.056910569104802376
M5@M15,body_close,with_daily,continuation,fresh,first_touch,8,2.25,1.875,0.885061422772271
M5@M15,body_close,with_daily,continuation,fresh,retested_1,1393,3.3316582914572863,2.2254127781765973,0.5998686898822452
M5@M15,body_close,with_daily,continuation,fresh,retested_2plus,18591,5.698241084395676,2.2013877682749716,0.6443963720505521
M5@M15,body_close,with_daily,continuation,mature,retested_1,46,101.8695652173913,2.0,0.8980624138548726
M5@M15,body_close,with_daily,continuation,mature,retested_2plus,6845,103.26880934989043,2.178670562454346,1.238490098551656
M5@M15,body_close,with_daily,continuation,old,retested_1,26,423.61538461538464,2.1923076923076925,0.6365042984642643
M5@M15,body_close,with_daily,continuation,old,retested_2plus,4685,459.128068303095,2.23778014941302,1.299393050340829
M5@M15,body_close,with_daily,continuation,young,first_touch,1,19.0,3.0,0.40860215053748694
M5@M15,body_close,with_daily,continuation,young,retested_1,122,20.614754098360656,2.2868852459016393,0.8030030921002215
M5@M15,body_close,with_daily,continuation,young,retested_2plus,14171,23.35932538282408,2.198292287065133,0.9527075347923978
M5@M15,body_close,with_daily,pullback,fresh,first_touch,2,3.0,2.5,0.8252203525640304
M5@M15,body_close,with_daily,pullback,fresh,retested_1,857,2.5787631271878646,2.2158693115519252,0.5676624362690172
M5@M15,body_close,with_daily,pullback,fresh,retested_2plus,1799,7.989438576987215,2.2040022234574765,0.8027795288075154
M5@M15,body_close,with_daily,pullback,mature,retested_1,18,135.61111111111111,2.3333333333333335,0.4918571538355918
M5@M15,body_close,with_daily,pullback,mature,retested_2plus,3639,103.6290189612531,2.204176971695521,1.660351404938001
M5@M15,body_close,with_daily,pullback,old,retested_1,20,596.7,2.15,0.5142494212817518
M5@M15,body_close,with_daily,pullback,old,retested_2plus,2850,375.85333333333335,2.2164912280701756,1.5550787832990365
M5@M15,body_close,with_daily,pullback,young,retested_1,19,24.63157894736842,2.0526315789473686,0.43608517691632226
M5@M15,body_close,with_daily,pullback,young,retested_2plus,7073,24.728121023610914,2.156086526226495,1.2031401221657092
M5@M15,body_close,with_daily,push,fresh,retested_1,3,6.0,2.6666666666666665,0.7882586281670072
M5@M15,body_close,with_daily,push,fresh,retested_2plus,93,8.161290322580646,2.6559139784946235,0.5502854818127104
M5@M15,body_close,with_daily,push,mature,retested_1,4,73.0,3.0,0.9201473441025584
M5@M15,body_close,with_daily,push,mature,retested_2plus,733,101.66712141882674,2.3465211459754434,0.9232944782117936
M5@M15,body_close,with_daily,push,old,retested_1,1,260.0,1.0,1.0798898071626855
M5@M15,body_close,with_daily,push,old,retested_2plus,157,279.61146496815286,2.7961783439490446,1.9979140478055797
M5@M15,body_close,with_daily,push,young,retested_1,2,21.0,2.0,0.6051440062275389
M5@M15,body_close,with_daily,push,young,retested_2plus,533,28.577861163227016,2.776735459662289,1.0732453779351905
M5@M15,body_close,with_daily,reversal,fresh,retested_1,4,4.5,1.5,0.7612970391963376
M5@M15,body_close,with_daily,reversal,fresh,retested_2plus,30,7.2,2.2,1.0128968733976003
M5@M15,body_close,with_daily,reversal,mature,retested_2plus,13,166.69230769230768,1.0,0.6880987375134875
M5@M15,body_close,with_daily,reversal,old,retested_2plus,519,3316.500963391137,2.02504816955684,14.635606626534443
M5@M15,body_close,with_daily,reversal,young,retested_2plus,54,23.22222222222222,1.5185185185185186,1.7088513133579029
M5@M15,break_through,against_daily,continuation,fresh,first_touch,77,2.4285714285714284,2.3506493506493507,1.4953657875201258
M5@M15,break_through,against_daily,pullback,fresh,first_touch,63,2.2222222222222223,2.253968253968254,1.5458932812840025
M5@M15,break_through,against_daily,reversal,fresh,first_touch,3,2.6666666666666665,1.6666666666666667,1.361588406026837
M5@M15,break_through,at_transition,continuation,mature,first_touch,3,194.66666666666666,1.3333333333333333,4.410291175240525
M5@M15,break_through,at_transition,pullback,mature,first_touch,1,194.0,1.0,3.7860869565214323
M5@M15,break_through,neutral,continuation,fresh,first_touch,66,2.5,1.196969696969697,1.5442929631628712
M5@M15,break_through,neutral,pullback,fresh,first_touch,51,2.627450980392157,1.2941176470588236,1.5046499949399685
M5@M15,break_through,neutral,pullback,mature,first_touch,1,194.0,2.0,1.559190031153102
M5@M15,break_through,neutral,reversal,fresh,first_touch,1,2.0,2.0,3.4306582604195635
M5@M15,break_through,with_daily,continuation,fresh,first_touch,97,2.4123711340206184,2.2268041237113403,1.405400642481337
M5@M15,break_through,with_daily,pullback,fresh,first_touch,74,2.5135135135135136,2.2027027027027026,1.376967308441944
M5@M15,near_miss,against_daily,continuation,fresh,first_touch,1862,4.176691729323308,2.2073039742212677,1.7938075240297597
M5@M15,near_miss,against_daily,continuation,fresh,retested_1,922,4.315618221258134,2.2581344902386116,1.878047201180303
M5@M15,near_miss,against_daily,continuation,fresh,retested_2plus,3627,6.2666115246760405,2.2280121312379375,2.021618741484629
M5@M15,near_miss,against_daily,continuation,mature,first_touch,55,99.67272727272727,2.1272727272727274,2.1397287882679152
M5@M15,near_miss,against_daily,continuation,mature,retested_1,28,97.07142857142857,2.7857142857142856,1.6495416786515786
M5@M15,near_miss,against_daily,continuation,mature,retested_2plus,1016,84.02952755905511,2.145669291338583,2.5444485496362907
M5@M15,near_miss,against_daily,continuation,old,first_touch,81,538.5432098765432,1.876543209876543,2.513764698641551
M5@M15,near_miss,against_daily,continuation,old,retested_1,49,670.0,2.122448979591837,2.2497536106467244
M5@M15,near_miss,against_daily,continuation,old,retested_2plus,1840,915.8326086956522,2.045108695652174,2.743401958754739
M5@M15,near_miss,against_daily,continuation,young,first_touch,297,20.7003367003367,2.292929292929293,2.063928084923281
M5@M15,near_miss,against_daily,continuation,young,retested_1,162,20.771604938271604,2.191358024691358,1.8475249000710348
M5@M15,near_miss,against_daily,continuation,young,retested_2plus,3149,23.0450936805335,2.22991425849476,2.265778676095731
M5@M15,near_miss,against_daily,pullback,fresh,first_touch,279,2.673835125448029,2.193548387096774,1.7701249402890533
M5@M15,near_miss,against_daily,pullback,fresh,retested_1,14,8.785714285714286,2.4285714285714284,1.8440783972352641
M5@M15,near_miss,against_daily,pullback,fresh,retested_2plus,598,8.031772575250836,2.1622073578595318,2.1459750746619
M5@M15,near_miss,against_daily,pullback,mature,first_touch,18,71.05555555555556,2.111111111111111,2.1039023362574696
M5@M15,near_miss,against_daily,pullback,mature,retested_1,22,91.68181818181819,2.1363636363636362,1.6349494708838193
M5@M15,near_miss,against_daily,pullback,mature,retested_2plus,700,85.92571428571429,2.1871428571428573,2.6926684395198253
M5@M15,near_miss,against_daily,pullback,old,first_touch,19,565.8421052631579,1.631578947368421,2.060565875419878
M5@M15,near_miss,against_daily,pullback,old,retested_1,15,1190.7333333333333,2.3333333333333335,2.4448859580001683
M5@M15,near_miss,against_daily,pullback,old,retested_2plus,1389,886.3873290136789,2.0590352771778258,2.6335401528173557
M5@M15,near_miss,against_daily,pullback,young,first_touch,76,23.789473684210527,2.1052631578947367,1.9098914339152715
M5@M15,near_miss,against_daily,pullback,young,retested_1,49,21.448979591836736,2.2653061224489797,1.8046601153795405
M5@M15,near_miss,against_daily,pullback,young,retested_2plus,2311,24.39160536564258,2.1791432280398095,2.519224646431718
M5@M15,near_miss,against_daily,push,mature,retested_2plus,16,154.0625,1.0,8.694636397736868
M5@M15,near_miss,against_daily,push,old,first_touch,4,1907.0,2.25,1.938345908143041
M5@M15,near_miss,against_daily,push,old,retested_2plus,66,1432.2121212121212,2.257575757575758,2.0539514857519507
M5@M15,near_miss,against_daily,push,young,retested_1,1,14.0,3.0,1.4143222506392807
M5@M15,near_miss,against_daily,push,young,retested_2plus,7,23.285714285714285,3.0,2.357431468220086
M5@M15,near_miss,against_daily,reversal,fresh,first_touch,40,4.175,2.4,1.9752384803599667
M5@M15,near_miss,against_daily,reversal,fresh,retested_1,11,3.6363636363636362,2.3636363636363638,1.8797836659809908
M5@M15,near_miss,against_daily,reversal,fresh,retested_2plus,77,6.792207792207792,2.4805194805194803,2.37860764092417
M5@M15,near_miss,against_daily,reversal,mature,first_touch,2,57.5,3.0,1.9397906091373813
M5@M15,near_miss,against_daily,reversal,mature,retested_1,2,59.0,3.0,1.6110315697455873
M5@M15,near_miss,against_daily,reversal,mature,retested_2plus,54,70.42592592592592,1.8703703703703705,3.685781380648729
M5@M15,near_miss,against_daily,reversal,old,first_touch,3,474.6666666666667,1.0,3.807511479427678
M5@M15,near_miss,against_daily,reversal,old,retested_1,6,1304.8333333333333,1.0,2.453295186065663
M5@M15,near_miss,against_daily,reversal,old,retested_2plus,93,581.6344086021505,2.172043010752688,4.334965357710606
M5@M15,near_miss,against_daily,reversal,young,first_touch,5,29.2,2.6,1.500596704958387
M5@M15,near_miss,against_daily,reversal,young,retested_1,3,23.666666666666668,3.0,2.653391983561483
M5@M15,near_miss,against_daily,reversal,young,retested_2plus,114,25.464912280701753,2.456140350877193,3.8404762755629687
M5@M15,near_miss,at_transition,continuation,fresh,first_touch,5,5.8,1.0,2.7189279576569785
M5@M15,near_miss,at_transition,continuation,fresh,retested_1,1,4.0,2.0,2.194230769230757
M5@M15,near_miss,at_transition,continuation,fresh,retested_2plus,13,6.230769230769231,1.2307692307692308,2.289112429646435
M5@M15,near_miss,at_transition,continuation,mature,retested_2plus,5,170.4,1.8,2.2157182297523477
M5@M15,near_miss,at_transition,continuation,old,first_touch,2,223.5,1.0,2.524585520328639
M5@M15,near_miss,at_transition,continuation,old,retested_2plus,18,548.1111111111111,1.2222222222222223,2.797964234420901
M5@M15,near_miss,at_transition,continuation,young,first_touch,1,12.0,1.0,1.5683460358338577
M5@M15,near_miss,at_transition,continuation,young,retested_1,2,15.5,1.0,2.7479245768772476
M5@M15,near_miss,at_transition,continuation,young,retested_2plus,18,22.72222222222222,1.5,3.1853774220610354
M5@M15,near_miss,at_transition,pullback,fresh,retested_2plus,2,9.5,1.5,1.6484171938280627
M5@M15,near_miss,at_transition,pullback,mature,retested_2plus,7,104.42857142857143,1.7142857142857142,4.354035730291198
M5@M15,near_miss,at_transition,pullback,old,retested_2plus,11,340.09090909090907,1.4545454545454546,3.3867929554565537
M5@M15,near_miss,at_transition,pullback,young,retested_2plus,11,25.272727272727273,1.3636363636363635,3.7593689306109663
M5@M15,near_miss,at_transition,push,old,retested_2plus,1,205.0,2.0,3.3964497041426975
M5@M15,near_miss,at_transition,reversal,young,retested_2plus,1,45.0,1.0,4.413654618473913
M5@M15,near_miss,neutral,continuation,fresh,first_touch,1267,4.321231254932912,1.2967640094711919,1.788108275497642
M5@M15,near_miss,neutral,continuation,fresh,retested_1,561,4.484848484848484,1.3172905525846703,1.8565141595857457
M5@M15,near_miss,neutral,continuation,fresh,retested_2plus,2153,6.212726428239666,1.3056200650255458,1.9549611188923677
M5@M15,near_miss,neutral,continuation,mature,first_touch,52,112.63461538461539,1.4423076923076923,2.1499433101273153
M5@M15,near_miss,neutral,continuation,mature,retested_1,39,104.25641025641026,1.2820512820512822,1.6000360608091166
M5@M15,near_miss,neutral,continuation,mature,retested_2plus,989,96.19716885743175,1.3033367037411527,2.518561172393947
M5@M15,near_miss,neutral,continuation,old,first_touch,38,828.5263157894736,1.5,1.878433076310919
M5@M15,near_miss,neutral,continuation,old,retested_1,21,500.57142857142856,1.3333333333333333,1.828955568670067
M5@M15,near_miss,neutral,continuation,old,retested_2plus,1200,682.0275,1.255,2.5626559468150236
M5@M15,near_miss,neutral,continuation,young,first_touch,203,22.91625615763547,1.29064039408867,1.8873072393685153
M5@M15,near_miss,neutral,continuation,young,retested_1,109,19.229357798165136,1.2844036697247707,1.752308259588134
M5@M15,near_miss,neutral,continuation,young,retested_2plus,2032,22.648622047244096,1.281988188976378,2.2478235377435722
M5@M15,near_miss,neutral,pullback,fresh,first_touch,205,2.682926829268293,1.2341463414634146,1.736538736031904
M5@M15,near_miss,neutral,pullback,fresh,retested_1,2,9.0,1.0,0.8094424385265915
M5@M15,near_miss,neutral,pullback,fresh,retested_2plus,345,7.889855072463768,1.2521739130434784,2.1004599030515254
M5@M15,near_miss,neutral,pullback,mature,first_touch,5,114.8,1.8,1.4903110341358146
M5@M15,near_miss,neutral,pullback,mature,retested_1,16,85.4375,1.3125,1.421166439005536
M5@M15,near_miss,neutral,pullback,mature,retested_2plus,649,93.80277349768875,1.2573189522342065,2.621279444144579
M5@M15,near_miss,neutral,pullback,old,first_touch,14,974.5,1.3571428571428572,2.4083456622298423
M5@M15,near_miss,neutral,pullback,old,retested_1,9,347.3333333333333,1.6666666666666667,2.0707896537955097
M5@M15,near_miss,neutral,pullback,old,retested_2plus,831,655.6931407942238,1.2912154031287606,2.604934485951323
M5@M15,near_miss,neutral,pullback,young,first_touch,31,20.451612903225808,1.3870967741935485,1.9484649765997473
M5@M15,near_miss,neutral,pullback,young,retested_1,17,26.58823529411765,1.411764705882353,1.982818465897532
M5@M15,near_miss,neutral,pullback,young,retested_2plus,1587,24.163831127914303,1.2419659735349717,2.441111336770731
M5@M15,near_miss,neutral,push,fresh,first_touch,11,6.818181818181818,0.7272727272727273,1.4913157893207982
M5@M15,near_miss,neutral,push,fresh,retested_2plus,3,9.333333333333334,0.0,1.6843226600854697
M5@M15,near_miss,neutral,push,mature,first_touch,1,88.0,1.0,1.6025917926557798
M5@M15,near_miss,neutral,push,mature,retested_2plus,27,105.92592592592592,1.4814814814814814,2.9059908808143433
M5@M15,near_miss,neutral,push,old,first_touch,13,855.0,1.2307692307692308,2.3049623627846416
M5@M15,near_miss,neutral,push,old,retested_2plus,96,854.8645833333334,1.3645833333333333,2.580815843219289
M5@M15,near_miss,neutral,push,young,first_touch,11,17.636363636363637,1.4545454545454546,2.6948849974710103
M5@M15,near_miss,neutral,push,young,retested_1,1,11.0,0.0,1.7158774373265517
M5@M15,near_miss,neutral,push,young,retested_2plus,33,29.181818181818183,0.8484848484848485,1.9823381286287163
M5@M15,near_miss,neutral,reversal,fresh,first_touch,7,3.7142857142857144,1.4285714285714286,1.8849847778718731
M5@M15,near_miss,neutral,reversal,fresh,retested_1,1,4.0,1.0,2.8589108910888767
M5@M15,near_miss,neutral,reversal,fresh,retested_2plus,31,7.419354838709677,1.3548387096774193,2.2706780128473776
M5@M15,near_miss,neutral,reversal,mature,retested_2plus,6,98.83333333333333,1.6666666666666667,3.5068460899416602
M5@M15,near_miss,neutral,reversal,old,retested_2plus,49,1357.3673469387754,1.3673469387755102,7.493947831541087
M5@M15,near_miss,neutral,reversal,young,first_touch,1,17.0,0.0,2.8506787330305987
M5@M15,near_miss,neutral,reversal,young,retested_1,3,21.0,0.0,1.918117755703728
M5@M15,near_miss,neutral,reversal,young,retested_2plus,32,14.75,1.125,2.9149396765032236
M5@M15,near_miss,with_daily,continuation,fresh,first_touch,1756,4.12243735763098,2.2078587699316627,1.7720875356510255
M5@M15,near_miss,with_daily,continuation,fresh,retested_1,887,4.474633596392334,2.239007891770011,1.8299439650278337
M5@M15,near_miss,with_daily,continuation,fresh,retested_2plus,3543,6.190516511430991,2.197854925204629,1.9918600738166437
M5@M15,near_miss,with_daily,continuation,mature,first_touch,90,102.64444444444445,2.2555555555555555,1.9933843444645
M5@M15,near_miss,with_daily,continuation,mature,retested_1,52,114.71153846153847,2.0,1.7080543155985286
M5@M15,near_miss,with_daily,continuation,mature,retested_2plus,1736,101.45046082949308,2.2955069124423964,2.3798673318810875
M5@M15,near_miss,with_daily,continuation,old,first_touch,53,345.75471698113205,2.0377358490566038,1.81073801893857
M5@M15,near_miss,with_daily,continuation,old,retested_1,41,369.6585365853659,2.341463414634146,1.71386427449569
M5@M15,near_miss,with_daily,continuation,old,retested_2plus,1257,476.6658711217184,2.290373906125696,2.5284605635099524
M5@M15,near_miss,with_daily,continuation,young,first_touch,300,20.076666666666668,2.18,2.1558644733142938
M5@M15,near_miss,with_daily,continuation,young,retested_1,145,18.53793103448276,2.0965517241379312,2.0371559210327996
M5@M15,near_miss,with_daily,continuation,young,retested_2plus,3156,23.283903675538657,2.1365652724968314,2.2421878564736315
M5@M15,near_miss,with_daily,pullback,fresh,first_touch,291,2.9209621993127146,2.1752577319587627,1.732146977153751
M5@M15,near_miss,with_daily,pullback,fresh,retested_1,3,9.666666666666666,2.3333333333333335,2.128259186796632
M5@M15,near_miss,with_daily,pullback,fresh,retested_2plus,606,8.155115511551156,2.2475247524752477,2.365273905215241
M5@M15,near_miss,with_daily,pullback,mature,first_touch,24,110.125,2.25,2.1151029943560804
M5@M15,near_miss,with_daily,pullback,mature,retested_1,32,111.90625,2.4375,1.9309637512843403
M5@M15,near_miss,with_daily,pullback,mature,retested_2plus,1372,100.37973760932945,2.30466472303207,2.333195307394244
M5@M15,near_miss,with_daily,pullback,old,first_touch,12,483.1666666666667,2.4166666666666665,2.255053839276101
M5@M15,near_miss,with_daily,pullback,old,retested_1,12,416.0833333333333,1.6666666666666667,1.485054848695202
M5@M15,near_miss,with_daily,pullback,old,retested_2plus,1022,392.0939334637965,2.271037181996086,2.570564601193766
M5@M15,near_miss,with_daily,pullback,young,first_touch,41,22.878048780487806,2.1219512195121952,1.8791315841605782
M5@M15,near_miss,with_daily,pullback,young,retested_1,36,24.77777777777778,2.0555555555555554,1.9489428400821645
M5@M15,near_miss,with_daily,pullback,young,retested_2plus,2358,24.35114503816794,2.1755725190839694,2.428141980607733
M5@M15,near_miss,with_daily,push,fresh,first_touch,4,4.75,3.0,2.6889067596836873
M5@M15,near_miss,with_daily,push,fresh,retested_2plus,45,7.511111111111111,2.488888888888889,1.7945376965612774
M5@M15,near_miss,with_daily,push,mature,first_touch,20,115.45,3.0,2.5679209565223085
M5@M15,near_miss,with_daily,push,mature,retested_1,24,83.95833333333333,2.125,2.138667018324555
M5@M15,near_miss,with_daily,push,mature,retested_2plus,222,95.40090090090091,2.4279279279279278,2.402966216476041
M5@M15,near_miss,with_daily,push,old,first_touch,2,379.5,3.0,1.6317465345831634
M5@M15,near_miss,with_daily,push,old,retested_1,3,250.33333333333334,3.0,1.2954791275944184
M5@M15,near_miss,with_daily,push,old,retested_2plus,30,273.56666666666666,2.8666666666666667,4.356698328311399
M5@M15,near_miss,with_daily,push,young,first_touch,6,30.833333333333332,1.6666666666666667,1.338710607689243
M5@M15,near_miss,with_daily,push,young,retested_1,13,21.23076923076923,2.3846153846153846,1.723666204074406
M5@M15,near_miss,with_daily,push,young,retested_2plus,147,28.972789115646258,2.639455782312925,2.268856665113701
M5@M15,near_miss,with_daily,reversal,fresh,first_touch,6,3.6666666666666665,1.3333333333333333,1.5055344924847578
M5@M15,near_miss,with_daily,reversal,fresh,retested_1,1,5.0,3.0,2.2965139874339826
M5@M15,near_miss,with_daily,reversal,fresh,retested_2plus,26,7.0,1.9230769230769231,2.1608964502469608
M5@M15,near_miss,with_daily,reversal,mature,retested_2plus,13,165.84615384615384,1.0,2.9084316449075156
M5@M15,near_miss,with_daily,reversal,old,retested_2plus,46,1686.3695652173913,1.7826086956521738,9.343151711741207
M5@M15,near_miss,with_daily,reversal,young,retested_2plus,26,23.53846153846154,1.2307692307692308,2.2910622965886054
M5@M15,wick_touch,against_daily,continuation,fresh,retested_1,881,3.8093076049943244,2.209988649262202,1.4704000031359734
M5@M15,wick_touch,against_daily,continuation,fresh,retested_2plus,5491,5.546530686578037,2.1894008377344747,1.5989780417770054
M5@M15,wick_touch,against_daily,continuation,mature,retested_1,26,87.26923076923077,2.269230769230769,1.419164603976039
M5@M15,wick_touch,against_daily,continuation,mature,retested_2plus,1098,86.00546448087432,2.1948998178506374,2.1785519465581946
M5@M15,wick_touch,against_daily,continuation,old,retested_1,37,824.6216216216217,1.972972972972973,1.5541420508514627
M5@M15,wick_touch,against_daily,continuation,old,retested_2plus,1969,888.5530726256983,1.96800406297613,2.271150480972601
M5@M15,wick_touch,against_daily,continuation,young,retested_1,115,20.46086956521739,2.234782608695652,1.545810419183111
M5@M15,wick_touch,against_daily,continuation,young,retested_2plus,3444,22.743321718931476,2.1887340301974447,1.8236918607921986
M5@M15,wick_touch,against_daily,pullback,fresh,retested_1,315,2.473015873015873,2.234920634920635,1.4685303329724293
M5@M15,wick_touch,against_daily,pullback,fresh,retested_2plus,521,7.930902111324376,2.145873320537428,1.8216884521861798
M5@M15,wick_touch,against_daily,pullback,mature,retested_1,11,95.0909090909091,2.3636363636363638,1.5823558156992659
M5@M15,wick_touch,against_daily,pullback,mature,retested_2plus,656,82.89329268292683,2.2347560975609757,2.3128194956849226
M5@M15,wick_touch,against_daily,pullback,old,retested_1,12,952.4166666666666,2.0833333333333335,1.4316227709991194
M5@M15,wick_touch,against_daily,pullback,old,retested_2plus,1304,888.7116564417178,2.045245398773006,2.4488667370260537
M5@M15,wick_touch,against_daily,pullback,young,retested_1,29,24.17241379310345,2.2413793103448274,1.4151322192019269
M5@M15,wick_touch,against_daily,pullback,young,retested_2plus,2080,24.369711538461537,2.1552884615384613,2.0999848420205964
M5@M15,wick_touch,against_daily,push,fresh,retested_2plus,1,9.0,1.0,0.5897035881434864
M5@M15,wick_touch,against_daily,push,mature,retested_2plus,14,158.21428571428572,1.0,8.114248240881356
M5@M15,wick_touch,against_daily,push,old,retested_1,3,1896.0,2.6666666666666665,0.8484922659456032
M5@M15,wick_touch,against_daily,push,old,retested_2plus,57,1197.6315789473683,2.0701754385964914,2.160755298332421
M5@M15,wick_touch,against_daily,push,young,retested_1,1,14.0,3.0,1.9251129761135346
M5@M15,wick_touch,against_daily,push,young,retested_2plus,2,16.0,3.0,1.5390501991293077
M5@M15,wick_touch,against_daily,reversal,fresh,retested_1,17,3.7058823529411766,2.4705882352941178,1.5546597738696724
M5@M15,wick_touch,against_daily,reversal,fresh,retested_2plus,112,6.008928571428571,2.625,1.9296905513658236
M5@M15,wick_touch,against_daily,reversal,mature,retested_1,2,55.5,3.0,3.070670139236241
M5@M15,wick_touch,against_daily,reversal,mature,retested_2plus,44,74.47727272727273,2.022727272727273,2.166070063512217
M5@M15,wick_touch,against_daily,reversal,old,retested_1,3,1303.0,1.0,2.892740554419431
M5@M15,wick_touch,against_daily,reversal,old,retested_2plus,86,992.1395348837209,1.9186046511627908,3.6208723321781724
M5@M15,wick_touch,against_daily,reversal,young,retested_1,3,28.333333333333332,2.3333333333333335,1.8688380578016714
M5@M15,wick_touch,against_daily,reversal,young,retested_2plus,99,26.646464646464647,2.4242424242424243,3.111937680755926
M5@M15,wick_touch,at_transition,continuation,fresh,retested_1,19,6.526315789473684,1.5789473684210527,2.04986776454199
M5@M15,wick_touch,at_transition,continuation,fresh,retested_2plus,30,6.5,1.4666666666666666,2.1111252047236273
M5@M15,wick_touch,at_transition,continuation,mature,retested_1,4,148.0,1.75,2.7637620128653912
M5@M15,wick_touch,at_transition,continuation,mature,retested_2plus,17,106.58823529411765,1.588235294117647,3.6363184264624073
M5@M15,wick_touch,at_transition,continuation,old,retested_1,5,420.4,1.6,2.7069017941573157
M5@M15,wick_touch,at_transition,continuation,old,retested_2plus,36,477.19444444444446,1.1944444444444444,3.600224882049576
M5@M15,wick_touch,at_transition,continuation,young,retested_1,16,20.9375,1.5,3.7432032747873816
M5@M15,wick_touch,at_transition,continuation,young,retested_2plus,38,23.81578947368421,1.4210526315789473,2.8286640605754467
M5@M15,wick_touch,at_transition,pullback,fresh,retested_2plus,5,8.8,1.2,2.5140456400682387
M5@M15,wick_touch,at_transition,pullback,mature,retested_1,1,77.0,2.0,3.3669179380707837
M5@M15,wick_touch,at_transition,pullback,mature,retested_2plus,6,122.5,1.6666666666666667,2.371943560066858
M5@M15,wick_touch,at_transition,pullback,old,retested_1,1,1666.0,1.0,3.9652823832279944
M5@M15,wick_touch,at_transition,pullback,old,retested_2plus,23,483.5217391304348,1.434782608695652,4.236394106739415
M5@M15,wick_touch,at_transition,pullback,young,retested_1,2,15.5,2.0,2.4735576923081126
M5@M15,wick_touch,at_transition,pullback,young,retested_2plus,34,25.852941176470587,1.5294117647058822,3.8237923631641517
M5@M15,wick_touch,at_transition,push,old,retested_2plus,4,483.75,1.5,4.401923101475301
M5@M15,wick_touch,at_transition,reversal,old,retested_2plus,1,2932.0,1.0,16.010273818144253
M5@M15,wick_touch,neutral,continuation,fresh,retested_1,554,3.8194945848375452,1.332129963898917,1.4140436584025373
M5@M15,wick_touch,neutral,continuation,fresh,retested_2plus,3558,5.542439572793704,1.3181562675660483,1.552182798836866
M5@M15,wick_touch,neutral,continuation,mature,retested_1,24,107.875,1.2916666666666667,1.7580799635118536
M5@M15,wick_touch,neutral,continuation,mature,retested_2plus,973,96.31654676258992,1.301130524152107,2.216529149921285
M5@M15,wick_touch,neutral,continuation,old,retested_1,31,840.8064516129032,1.4516129032258065,1.6421880409909315
M5@M15,wick_touch,neutral,continuation,old,retested_2plus,1197,682.12447786132,1.300751879699248,2.086107647909899
M5@M15,wick_touch,neutral,continuation,young,retested_1,77,20.74025974025974,1.2857142857142858,1.5757844697970895
M5@M15,wick_touch,neutral,continuation,young,retested_2plus,2298,22.523933855526543,1.276762402088773,1.8371203916258922
M5@M15,wick_touch,neutral,pullback,fresh,retested_1,184,2.6793478260869565,1.326086956521739,1.475169991014299
M5@M15,wick_touch,neutral,pullback,fresh,retested_2plus,345,8.27536231884058,1.3391304347826087,1.7426563096567471
M5@M15,wick_touch,neutral,pullback,mature,retested_1,7,146.71428571428572,1.4285714285714286,1.6246008625483495
M5@M15,wick_touch,neutral,pullback,mature,retested_2plus,541,92.4547134935305,1.3160813308687616,2.3344167299580354
M5@M15,wick_touch,neutral,pullback,old,retested_1,6,309.0,1.5,1.2071973747047233
M5@M15,wick_touch,neutral,pullback,old,retested_2plus,824,561.2900485436893,1.328883495145631,2.2789833237472905
M5@M15,wick_touch,neutral,pullback,young,retested_1,14,22.285714285714285,1.0714285714285714,1.840466557997636
M5@M15,wick_touch,neutral,pullback,young,retested_2plus,1489,23.251846877098725,1.2552048354600402,2.0318359161519934
M5@M15,wick_touch,neutral,push,fresh,retested_1,2,8.0,0.5,0.9514033599499572
M5@M15,wick_touch,neutral,push,fresh,retested_2plus,9,9.0,0.7777777777777778,1.1425695315596527
M5@M15,wick_touch,neutral,push,mature,retested_2plus,35,124.4,1.4857142857142858,3.0955574564333226
M5@M15,wick_touch,neutral,push,old,retested_1,3,1131.0,1.0,1.2656370148500047
M5@M15,wick_touch,neutral,push,old,retested_2plus,111,900.918918918919,1.3063063063063063,2.315610114314342
M5@M15,wick_touch,neutral,push,young,retested_1,2,17.5,0.0,2.433556370961975
M5@M15,wick_touch,neutral,push,young,retested_2plus,31,24.64516129032258,1.2258064516129032,1.4904067645627777
M5@M15,wick_touch,neutral,reversal,fresh,retested_1,5,5.4,1.2,1.7455378625647107
M5@M15,wick_touch,neutral,reversal,fresh,retested_2plus,33,6.090909090909091,1.0606060606060606,1.629789151720231
M5@M15,wick_touch,neutral,reversal,mature,retested_2plus,5,150.8,1.0,1.4096556570725376
M5@M15,wick_touch,neutral,reversal,old,retested_2plus,53,1312.301886792453,1.5849056603773586,6.2909233012110555
M5@M15,wick_touch,neutral,reversal,young,retested_1,1,19.0,0.0,1.6325088339222926
M5@M15,wick_touch,neutral,reversal,young,retested_2plus,34,14.676470588235293,0.8529411764705882,2.419439802331279
M5@M15,wick_touch,with_daily,continuation,fresh,retested_1,793,3.9331651954602775,2.209331651954603,1.408557816640855
M5@M15,wick_touch,with_daily,continuation,fresh,retested_2plus,5353,5.5232579861759765,2.1942835793013264,1.5915931557810836
M5@M15,wick_touch,with_daily,continuation,mature,retested_1,35,117.6,2.2857142857142856,1.5961138362150928
M5@M15,wick_touch,with_daily,continuation,mature,retested_2plus,1827,102.792008757526,2.2282430213464695,1.9848954323108303
M5@M15,wick_touch,with_daily,continuation,old,retested_1,30,499.46666666666664,2.4,1.3962833508335293
M5@M15,wick_touch,with_daily,continuation,old,retested_2plus,1293,488.42227378190256,2.3008507347254445,2.0230914952307475
M5@M15,wick_touch,with_daily,continuation,young,retested_1,103,20.067961165048544,2.2718446601941746,1.5425686546159405
M5@M15,wick_touch,with_daily,continuation,young,retested_2plus,3580,23.143854748603353,2.179608938547486,1.79400179264263
M5@M15,wick_touch,with_daily,pullback,fresh,retested_1,312,2.5801282051282053,2.141025641025641,1.5016597874089892
M5@M15,wick_touch,with_daily,pullback,fresh,retested_2plus,541,8.075785582255083,2.234750462107209,1.8215597683445803
M5@M15,wick_touch,with_daily,pullback,mature,retested_1,16,102.4375,1.875,1.8223692040687078
M5@M15,wick_touch,with_daily,pullback,mature,retested_2plus,1292,101.76006191950465,2.277863777089783,1.9529684219575376
M5@M15,wick_touch,with_daily,pullback,old,retested_1,7,853.1428571428571,2.142857142857143,1.296867288119966
M5@M15,wick_touch,with_daily,pullback,old,retested_2plus,913,400.6615553121577,2.207009857612267,2.2065405186560896
M5@M15,wick_touch,with_daily,pullback,young,retested_1,23,26.0,2.347826086956522,1.594721274184113
M5@M15,wick_touch,with_daily,pullback,young,retested_2plus,2149,24.83666821777571,2.199627733829688,1.990852653179336
M5@M15,wick_touch,with_daily,push,fresh,retested_1,1,8.0,2.0,0.763511543545538
M5@M15,wick_touch,with_daily,push,fresh,retested_2plus,27,7.444444444444445,2.5555555555555554,1.4918632084017238
M5@M15,wick_touch,with_daily,push,mature,retested_1,7,92.42857142857143,2.7142857142857144,1.8750346106375793
M5@M15,wick_touch,with_daily,push,mature,retested_2plus,180,99.18888888888888,2.338888888888889,1.7127949664319126
M5@M15,wick_touch,with_daily,push,old,retested_1,2,322.0,3.0,1.8371054726212086
M5@M15,wick_touch,with_daily,push,old,retested_2plus,31,291.258064516129,2.806451612903226,3.1595685436127496
M5@M15,wick_touch,with_daily,push,young,retested_1,4,21.75,2.25,1.5541844113295304
M5@M15,wick_touch,with_daily,push,young,retested_2plus,128,26.3984375,2.6953125,1.8028254030928232
M5@M15,wick_touch,with_daily,reversal,fresh,retested_1,4,4.75,2.0,1.4572321506873374
M5@M15,wick_touch,with_daily,reversal,fresh,retested_2plus,18,6.277777777777778,1.7777777777777777,1.954153953264244
M5@M15,wick_touch,with_daily,reversal,mature,retested_2plus,6,165.33333333333334,1.0,1.7787089383730066
M5@M15,wick_touch,with_daily,reversal,old,retested_2plus,40,2447.65,2.175,13.069038796884097
M5@M15,wick_touch,with_daily,reversal,young,retested_2plus,19,24.263157894736842,1.0,1.785187217255297
