tf_pair,touch_type,bias_alignment,zone_role,age_bucket,test_count_cls,count,avg_zone_age,avg_bias_strength,avg_price_distance_at_touch
H1@D1,body_close,against_daily,continuation,fresh,retested_1,12,7.0,1.3333333333333333,2.1669225048969265
H1@D1,body_close,against_daily,continuation,fresh,retested_2plus,9082,7.095683770094693,1.8019158775600088,1.6618161739148705
H1@D1,body_close,against_daily,continuation,mature,retested_1,7,90.28571428571429,2.5714285714285716,2.139750642672828
H1@D1,body_close,against_daily,continuation,mature,retested_2plus,6716,104.0826384752829,2.4371649791542587,2.2675311808834806
H1@D1,body_close,against_daily,continuation,old,retested_1,9,494.55555555555554,2.7777777777777777,2.4866209140648152
H1@D1,body_close,against_daily,continuation,old,retested_2plus,4697,580.4796678731105,2.477325952735789,2.16428045495183
H1@D1,body_close,against_daily,continuation,young,retested_1,24,22.541666666666668,2.5,2.4600756455335158
H1@D1,body_close,against_daily,continuation,young,retested_2plus,14398,23.159952771218226,2.3835254896513405,1.821332815135498
H1@D1,body_close,against_daily,pullback,fresh,retested_1,1,3.0,2.0,1.810305218247429
H1@D1,body_close,against_daily,pullback,fresh,retested_2plus,164,8.792682926829269,1.6951219512195121,2.658825184652204
H1@D1,body_close,against_daily,pullback,mature,retested_2plus,2188,100.7518281535649,2.326325411334552,2.2829899962493077
H1@D1,body_close,against_daily,pullback,old,retested_2plus,1579,532.1519949335022,2.3983533882203925,2.8848322056779128
H1@D1,body_close,against_daily,pullback,young,retested_2plus,2961,27.84160756501182,2.1286727456940224,2.2622523407348343
H1@D1,body_close,against_daily,push,fresh,retested_2plus,40,6.9,2.075,2.2940247563199803
H1@D1,body_close,against_daily,push,mature,retested_1,2,116.5,3.0,2.085011686829288
H1@D1,body_close,against_daily,push,mature,retested_2plus,385,123.37922077922077,2.4051948051948053,2.8654957900580524
H1@D1,body_close,against_daily,push,old,retested_2plus,192,408.6145833333333,2.0885416666666665,1.80649600753012
H1@D1,body_close,against_daily,push,young,retested_1,1,34.0,2.0,2.3689195697543495
H1@D1,body_close,against_daily,push,young,retested_2plus,267,35.239700374531836,2.411985018726592,1.4053744222799585
H1@D1,body_close,against_daily,reversal,fresh,retested_2plus,350,7.308571428571429,1.8628571428571428,1.8245436719942774
H1@D1,body_close,against_daily,reversal,mature,retested_2plus,315,105.65396825396826,2.2603174603174603,10.879393711769938
H1@D1,body_close,against_daily,reversal,old,retested_2plus,932,1302.2907725321888,2.4420600858369097,7.105384838246312
H1@D1,body_close,against_daily,reversal,young,retested_2plus,343,23.332361516034986,2.0349854227405246,5.096394537656577
H1@D1,body_close,at_transition,continuation,fresh,retested_1,30,4.4,1.4,1.7845356644440724
H1@D1,body_close,at_transition,continuation,fresh,retested_2plus,698,6.6189111747851,1.4025787965616046,1.5048127524512311
H1@D1,body_close,at_transition,continuation,mature,retested_2plus,270,102.68518518518519,1.4444444444444444,1.888690865735053
H1@D1,body_close,at_transition,continuation,old,retested_2plus,185,650.081081081081,1.427027027027027,1.9890953948231942
H1@D1,body_close,at_transition,continuation,young,retested_2plus,655,22.45648854961832,1.5175572519083969,1.7153974784495298
H1@D1,body_close,at_transition,pullback,fresh,retested_1,37,4.594594594594595,1.4054054054054055,1.462116663929203
H1@D1,body_close,at_transition,pullback,fresh,retested_2plus,19,9.052631578947368,1.3157894736842106,1.8571124823223641
H1@D1,body_close,at_transition,pullback,mature,retested_2plus,103,97.59223300970874,1.4466019417475728,2.0495383662807214
H1@D1,body_close,at_transition,pullback,old,retested_2plus,53,454.50943396226415,1.5660377358490567,2.3094367268096136
H1@D1,body_close,at_transition,pullback,young,retested_1,1,11.0,1.0,1.115303983228507
H1@D1,body_close,at_transition,pullback,young,retested_2plus,155,25.64516129032258,1.4064516129032258,2.0156058966846344
H1@D1,body_close,at_transition,push,fresh,retested_2plus,1,10.0,1.0,1.514705882352935
H1@D1,body_close,at_transition,push,mature,retested_2plus,17,118.47058823529412,1.411764705882353,1.7779936391874032
H1@D1,body_close,at_transition,push,old,retested_2plus,11,404.27272727272725,1.5454545454545454,1.635065428712359
H1@D1,body_close,at_transition,push,young,retested_1,1,24.0,1.0,2.1959314775160697
H1@D1,body_close,at_transition,push,young,retested_2plus,6,36.0,1.1666666666666667,1.138173294524872
H1@D1,body_close,at_transition,reversal,fresh,retested_1,1,7.0,1.0,0.9844481605351229
H1@D1,body_close,at_transition,reversal,fresh,retested_2plus,20,7.35,1.35,1.5862089222256575
H1@D1,body_close,at_transition,reversal,mature,retested_2plus,13,109.23076923076923,1.4615384615384615,9.621531881196429
H1@D1,body_close,at_transition,reversal,old,retested_2plus,39,1222.4615384615386,1.4871794871794872,7.429354120856104
H1@D1,body_close,at_transition,reversal,young,retested_2plus,26,22.423076923076923,1.4615384615384615,3.8116157194652396
H1@D1,body_close,neutral,continuation,fresh,retested_1,68,4.117647058823529,1.411764705882353,1.8000116249322065
H1@D1,body_close,neutral,continuation,fresh,retested_2plus,6911,5.978729561568514,1.4963102300680076,1.9106325332413354
H1@D1,body_close,neutral,continuation,mature,retested_1,1,68.0,2.0,3.012376237623773
H1@D1,body_close,neutral,continuation,mature,retested_2plus,2432,103.49300986842105,1.391858552631579,2.2837885497686865
H1@D1,body_close,neutral,continuation,old,retested_1,1,675.0,1.0,1.693507890961255
H1@D1,body_close,neutral,continuation,old,retested_2plus,1663,671.653638003608,1.4064942874323512,2.5055735326645077
H1@D1,body_close,neutral,continuation,young,retested_1,10,19.8,1.3,2.1636579980045125
H1@D1,body_close,neutral,continuation,young,retested_2plus,5998,22.647382460820275,1.4794931643881293,2.007382857002163
H1@D1,body_close,neutral,pullback,fresh,retested_1,34,3.911764705882353,1.6176470588235294,1.7908924985704022
H1@D1,body_close,neutral,pullback,fresh,retested_2plus,251,8.565737051792828,1.2589641434262948,1.983349268436551
H1@D1,body_close,neutral,pullback,mature,retested_2plus,842,95.58432304038004,1.477434679334917,2.2557864553361116
H1@D1,body_close,neutral,pullback,old,retested_1,1,492.0,1.0,0.8696797730037316
H1@D1,body_close,neutral,pullback,old,retested_2plus,679,512.240058910162,1.4197349042709868,3.0786051761724345
H1@D1,body_close,neutral,pullback,young,retested_2plus,1364,25.730938416422287,1.5109970674486803,2.568074315730799
H1@D1,body_close,neutral,push,mature,retested_2plus,152,109.03947368421052,1.625,2.5453807696353135
H1@D1,body_close,neutral,push,old,retested_2plus,90,421.4555555555556,1.6444444444444444,1.8151514922737728
H1@D1,body_close,neutral,push,young,retested_2plus,40,25.075,1.325,1.5448670536793518
H1@D1,body_close,neutral,reversal,fresh,retested_1,1,3.0,1.0,3.511080958842155
H1@D1,body_close,neutral,reversal,fresh,retested_2plus,132,6.765151515151516,1.5606060606060606,2.343932708749172
H1@D1,body_close,neutral,reversal,mature,retested_2plus,103,108.98058252427184,1.6796116504854368,11.825982033854737
H1@D1,body_close,neutral,reversal,old,retested_2plus,345,1218.71884057971,1.5739130434782609,10.63269235672548
H1@D1,body_close,neutral,reversal,young,retested_1,1,34.0,2.0,6.311694510740016
H1@D1,body_close,neutral,reversal,young,retested_2plus,186,22.397849462365592,1.5,4.968060248976359
H1@D1,body_close,with_daily,continuation,fresh,retested_1,289,3.9515570934256057,1.944636678200692,2.3095643874398037
H1@D1,body_close,with_daily,continuation,fresh,retested_2plus,10887,4.681179388261229,2.012032699549922,1.9377931679240568
H1@D1,body_close,with_daily,continuation,mature,retested_1,1,74.0,1.0,2.1493775933608346
H1@D1,body_close,with_daily,continuation,mature,retested_2plus,1545,105.64401294498381,1.7249190938511327,2.688773957815074
H1@D1,body_close,with_daily,continuation,old,retested_1,1,369.0,1.0,5.028043339706662
H1@D1,body_close,with_daily,continuation,old,retested_2plus,1182,631.1480541455161,1.7969543147208122,2.951686534093547
H1@D1,body_close,with_daily,continuation,young,retested_1,5,23.8,1.6,1.272715759262154
H1@D1,body_close,with_daily,continuation,young,retested_2plus,3262,22.359901900674434,1.6833231146535867,2.1393960649328063
H1@D1,body_close,with_daily,pullback,fresh,retested_1,135,3.5555555555555554,1.8888888888888888,1.9808088891161808
H1@D1,body_close,with_daily,pullback,fresh,retested_2plus,597,8.246231155778894,1.8525963149078728,2.863822039457987
H1@D1,body_close,with_daily,pullback,mature,retested_2plus,843,102.52313167259787,1.9513641755634639,2.7498776707131394
H1@D1,body_close,with_daily,pullback,old,retested_2plus,371,483.5660377358491,1.8814016172506738,2.9741107772949467
H1@D1,body_close,with_daily,pullback,young,retested_2plus,1514,25.290620871862615,2.0653896961690883,2.4333972176229626
H1@D1,body_close,with_daily,push,mature,retested_2plus,116,137.1551724137931,1.5086206896551724,2.0042877601874323
H1@D1,body_close,with_daily,push,old,retested_2plus,43,387.83720930232556,1.5348837209302326,2.643438333085045
H1@D1,body_close,with_daily,push,young,retested_2plus,93,42.43010752688172,1.7741935483870968,2.7889218023603726
H1@D1,body_close,with_daily,reversal,fresh,retested_1,7,4.285714285714286,1.8571428571428572,2.143499163699485
H1@D1,body_close,with_daily,reversal,fresh,retested_2plus,310,6.103225806451613,1.9387096774193548,1.8598736061280496
H1@D1,body_close,with_daily,reversal,mature,retested_2plus,99,103.52525252525253,1.97979797979798,9.757475341434574
H1@D1,body_close,with_daily,reversal,old,retested_2plus,378,1169.6984126984128,2.0423280423280423,9.015666829558606
H1@D1,body_close,with_daily,reversal,young,retested_1,1,37.0,3.0,1.2856733524354935
H1@D1,body_close,with_daily,reversal,young,retested_2plus,211,20.644549763033176,1.8578199052132702,4.452841248318788
H1@D1,break_through,neutral,pullback,fresh,first_touch,1,4.0,2.0,3.534349173553683
H1@D1,near_miss,against_daily,continuation,fresh,first_touch,24,8.083333333333334,1.3333333333333333,3.733141757504814
H1@D1,near_miss,against_daily,continuation,fresh,retested_1,35,7.9714285714285715,1.8285714285714285,3.6962428470504416
H1@D1,near_miss,against_daily,continuation,fresh,retested_2plus,696,7.336206896551724,1.6551724137931034,3.894673368621078
H1@D1,near_miss,against_daily,continuation,mature,first_touch,20,115.3,2.4,3.7470655639889294
H1@D1,near_miss,against_daily,continuation,mature,retested_1,3,111.66666666666667,3.0,3.208393240825552
H1@D1,near_miss,against_daily,continuation,mature,retested_2plus,637,100.12087912087912,2.370486656200942,4.611048838766759
H1@D1,near_miss,against_daily,continuation,old,first_touch,21,662.4761904761905,2.7142857142857144,4.035813913281728
H1@D1,near_miss,against_daily,continuation,old,retested_1,3,466.3333333333333,1.6666666666666667,3.0529152763270653
H1@D1,near_miss,against_daily,continuation,old,retested_2plus,444,577.5990990990991,2.4932432432432434,4.353711017244688
H1@D1,near_miss,against_daily,continuation,young,first_touch,53,19.471698113207548,2.1132075471698113,4.1831979170519915
H1@D1,near_miss,against_daily,continuation,young,retested_1,31,18.870967741935484,2.2580645161290325,3.9698122013676196
H1@D1,near_miss,against_daily,continuation,young,retested_2plus,1302,22.589093701996926,2.327188940092166,4.0873219471585065
H1@D1,near_miss,against_daily,pullback,fresh,retested_2plus,10,8.2,1.2,3.7284343555972854
H1@D1,near_miss,against_daily,pullback,mature,first_touch,3,70.66666666666667,2.3333333333333335,2.589075205710244
H1@D1,near_miss,against_daily,pullback,mature,retested_2plus,381,100.18372703412074,2.2335958005249346,4.521304520868464
H1@D1,near_miss,against_daily,pullback,old,first_touch,2,244.5,3.0,3.131478250970688
H1@D1,near_miss,against_daily,pullback,old,retested_2plus,354,493.9265536723164,2.463276836158192,4.674273494713539
H1@D1,near_miss,against_daily,pullback,young,retested_1,4,35.0,2.0,3.6195803945568166
H1@D1,near_miss,against_daily,pullback,young,retested_2plus,421,30.36579572446556,2.166270783847981,4.404157449602352
H1@D1,near_miss,against_daily,push,mature,first_touch,3,162.33333333333334,3.0,3.4653391609520483
H1@D1,near_miss,against_daily,push,mature,retested_1,1,51.0,3.0,2.108725761772889
H1@D1,near_miss,against_daily,push,mature,retested_2plus,59,97.0,2.5254237288135593,5.311894926280882
H1@D1,near_miss,against_daily,push,old,retested_2plus,39,304.8205128205128,2.076923076923077,3.3874978285746433
H1@D1,near_miss,against_daily,push,young,first_touch,6,22.166666666666668,2.6666666666666665,3.647263639597972
H1@D1,near_miss,against_daily,push,young,retested_1,2,14.0,3.0,3.1709954594540544
H1@D1,near_miss,against_daily,push,young,retested_2plus,44,31.727272727272727,2.272727272727273,3.468949940903958
H1@D1,near_miss,against_daily,reversal,fresh,retested_2plus,3,10.0,2.0,5.493263139828646
H1@D1,near_miss,against_daily,reversal,mature,retested_2plus,30,94.6,2.2333333333333334,12.921538097914857
H1@D1,near_miss,against_daily,reversal,old,retested_1,1,844.0,1.0,11.270550393138132
H1@D1,near_miss,against_daily,reversal,old,retested_2plus,47,1185.2553191489362,2.404255319148936,7.619005692710551
H1@D1,near_miss,against_daily,reversal,young,first_touch,2,31.5,2.0,6.099947421376209
H1@D1,near_miss,against_daily,reversal,young,retested_2plus,34,23.441176470588236,2.088235294117647,9.884876537829127
H1@D1,near_miss,at_transition,continuation,fresh,first_touch,9,5.111111111111111,1.5555555555555556,2.8296109032831103
H1@D1,near_miss,at_transition,continuation,fresh,retested_1,4,6.5,1.5,3.2707458831767444
H1@D1,near_miss,at_transition,continuation,fresh,retested_2plus,88,6.806818181818182,1.5113636363636365,3.3213305443647085
H1@D1,near_miss,at_transition,continuation,mature,retested_2plus,30,95.1,1.5333333333333334,3.97439825442696
H1@D1,near_miss,at_transition,continuation,old,retested_2plus,28,459.92857142857144,1.4285714285714286,3.6294834735264025
H1@D1,near_miss,at_transition,continuation,young,first_touch,7,15.857142857142858,1.4285714285714286,3.0535900330433208
H1@D1,near_miss,at_transition,continuation,young,retested_1,4,23.0,1.25,3.8688070226892277
H1@D1,near_miss,at_transition,continuation,young,retested_2plus,88,21.0,1.5,3.397643869182056
H1@D1,near_miss,at_transition,pullback,fresh,first_touch,4,4.25,1.75,3.722138802137844
H1@D1,near_miss,at_transition,pullback,fresh,retested_2plus,3,9.0,1.6666666666666667,4.348916359502832
H1@D1,near_miss,at_transition,pullback,mature,retested_2plus,20,107.95,1.25,3.9822093146520827
H1@D1,near_miss,at_transition,pullback,old,retested_2plus,20,566.05,1.4,4.161325237827539
H1@D1,near_miss,at_transition,pullback,young,retested_1,1,48.0,2.0,2.6043279729997892
H1@D1,near_miss,at_transition,pullback,young,retested_2plus,21,28.19047619047619,1.4285714285714286,3.944302894473696
H1@D1,near_miss,at_transition,push,old,retested_2plus,3,425.3333333333333,1.6666666666666667,3.8832137339286312
H1@D1,near_miss,at_transition,push,young,retested_2plus,1,37.0,1.0,3.4992623814541903
H1@D1,near_miss,at_transition,reversal,fresh,first_touch,2,4.0,1.5,2.7667287702058476
H1@D1,near_miss,at_transition,reversal,fresh,retested_2plus,2,8.5,2.0,4.369390936807089
H1@D1,near_miss,at_transition,reversal,mature,retested_2plus,1,151.0,1.0,26.1257007613205
H1@D1,near_miss,at_transition,reversal,young,retested_2plus,3,25.666666666666668,1.3333333333333333,12.634786810438724
H1@D1,near_miss,neutral,continuation,fresh,first_touch,62,5.354838709677419,1.532258064516129,3.6004897317161624
H1@D1,near_miss,neutral,continuation,fresh,retested_1,48,5.75,1.4791666666666667,3.7827450235982134
H1@D1,near_miss,neutral,continuation,fresh,retested_2plus,824,6.209951456310679,1.4405339805825244,3.999220845530199
H1@D1,near_miss,neutral,continuation,mature,first_touch,13,65.38461538461539,1.3076923076923077,3.636523744989197
H1@D1,near_miss,neutral,continuation,mature,retested_1,5,82.4,1.6,6.371203091813568
H1@D1,near_miss,neutral,continuation,mature,retested_2plus,312,103.67628205128206,1.5064102564102564,4.588137307953476
H1@D1,near_miss,neutral,continuation,old,first_touch,2,420.0,1.0,3.5298899281083376
H1@D1,near_miss,neutral,continuation,old,retested_1,4,420.0,1.0,4.475693803348267
H1@D1,near_miss,neutral,continuation,old,retested_2plus,240,520.9958333333333,1.4791666666666667,4.361071418796594
H1@D1,near_miss,neutral,continuation,young,first_touch,33,19.242424242424242,1.303030303030303,3.6927363447841453
H1@D1,near_miss,neutral,continuation,young,retested_1,20,21.75,1.65,4.073836294703323
H1@D1,near_miss,neutral,continuation,young,retested_2plus,644,20.885093167701864,1.453416149068323,4.085577154842599
H1@D1,near_miss,neutral,pullback,fresh,first_touch,6,3.3333333333333335,1.1666666666666667,2.320138515384446
H1@D1,near_miss,neutral,pullback,fresh,retested_2plus,18,8.333333333333334,1.5,4.251870158273946
H1@D1,near_miss,neutral,pullback,mature,retested_2plus,146,108.06849315068493,1.4726027397260273,4.722354249448541
H1@D1,near_miss,neutral,pullback,old,retested_2plus,137,506.3868613138686,1.4598540145985401,5.606910517731749
H1@D1,near_miss,neutral,pullback,young,first_touch,3,32.333333333333336,1.6666666666666667,4.793866618712073
H1@D1,near_miss,neutral,pullback,young,retested_1,3,46.333333333333336,1.6666666666666667,2.915862077004173
H1@D1,near_miss,neutral,pullback,young,retested_2plus,230,26.308695652173913,1.4086956521739131,4.789862498252557
H1@D1,near_miss,neutral,push,mature,retested_2plus,7,99.28571428571429,1.4285714285714286,3.345960527357673
H1@D1,near_miss,neutral,push,old,retested_2plus,24,412.125,1.5,4.744193547706481
H1@D1,near_miss,neutral,push,young,first_touch,1,33.0,2.0,4.41307290659447
H1@D1,near_miss,neutral,push,young,retested_2plus,8,27.0,1.25,4.000576024900403
H1@D1,near_miss,neutral,reversal,fresh,retested_1,2,4.0,2.0,5.292300364479827
H1@D1,near_miss,neutral,reversal,fresh,retested_2plus,22,5.863636363636363,1.5909090909090908,4.9170584808346645
H1@D1,near_miss,neutral,reversal,mature,retested_2plus,13,96.92307692307692,1.0769230769230769,17.938499293167464
H1@D1,near_miss,neutral,reversal,old,retested_2plus,20,890.75,1.2,14.941001505760436
H1@D1,near_miss,neutral,reversal,young,first_touch,4,15.75,1.25,6.341564956333307
H1@D1,near_miss,neutral,reversal,young,retested_2plus,19,17.94736842105263,1.5263157894736843,5.754952845938489
H1@D1,near_miss,with_daily,continuation,fresh,first_touch,422,3.9786729857819907,1.8459715639810426,4.008491722423241
H1@D1,near_miss,with_daily,continuation,fresh,retested_1,150,3.8666666666666667,1.9,4.00524575555453
H1@D1,near_miss,with_daily,continuation,fresh,retested_2plus,1552,4.96069587628866,2.1823453608247423,4.048295379519462
H1@D1,near_miss,with_daily,continuation,mature,retested_1,1,71.0,1.0,3.393643713409467
H1@D1,near_miss,with_daily,continuation,mature,retested_2plus,200,99.825,1.775,4.6271197100486
H1@D1,near_miss,with_daily,continuation,old,retested_1,1,476.0,2.0,1.6156638190010169
H1@D1,near_miss,with_daily,continuation,old,retested_2plus,133,533.2631578947369,1.7593984962406015,4.673240775368205
H1@D1,near_miss,with_daily,continuation,young,first_touch,10,17.6,1.7,3.7732716407250195
H1@D1,near_miss,with_daily,continuation,young,retested_1,8,21.625,1.0,3.701045875270039
H1@D1,near_miss,with_daily,continuation,young,retested_2plus,467,22.719486081370448,2.0256959314775163,4.576183735192908
H1@D1,near_miss,with_daily,pullback,fresh,first_touch,27,4.037037037037037,1.8148148148148149,3.656054843231553
H1@D1,near_miss,with_daily,pullback,fresh,retested_1,1,9.0,3.0,3.9813242784381844
H1@D1,near_miss,with_daily,pullback,fresh,retested_2plus,97,8.474226804123711,1.9381443298969072,5.113171213909453
H1@D1,near_miss,with_daily,pullback,mature,retested_2plus,164,109.6890243902439,1.9695121951219512,4.882109538112662
H1@D1,near_miss,with_daily,pullback,old,retested_1,1,476.0,2.0,2.0153426192935098
H1@D1,near_miss,with_daily,pullback,old,retested_2plus,89,477.2808988764045,1.6629213483146068,4.533000658485272
H1@D1,near_miss,with_daily,pullback,young,retested_1,2,46.0,1.0,3.0585344027459804
H1@D1,near_miss,with_daily,pullback,young,retested_2plus,263,23.068441064638783,2.216730038022814,5.091543996232347
H1@D1,near_miss,with_daily,push,mature,retested_2plus,7,77.57142857142857,2.142857142857143,5.1231457153025906
H1@D1,near_miss,with_daily,push,old,retested_2plus,26,348.65384615384613,1.8846153846153846,3.4873196627603806
H1@D1,near_miss,with_daily,push,young,first_touch,2,23.0,2.0,3.220377842939469
H1@D1,near_miss,with_daily,push,young,retested_2plus,20,44.95,2.1,4.488346407110767
H1@D1,near_miss,with_daily,reversal,fresh,first_touch,8,4.5,2.5,3.4305826344612043
H1@D1,near_miss,with_daily,reversal,fresh,retested_1,8,6.125,3.0,4.091210422609738
H1@D1,near_miss,with_daily,reversal,fresh,retested_2plus,12,4.166666666666667,1.8333333333333333,4.331089523724404
H1@D1,near_miss,with_daily,reversal,mature,retested_2plus,5,88.6,2.4,5.209876521692574
H1@D1,near_miss,with_daily,reversal,old,retested_1,1,846.0,1.0,7.699258081610948
H1@D1,near_miss,with_daily,reversal,old,retested_2plus,20,1149.15,1.7,14.115554740334186
H1@D1,near_miss,with_daily,reversal,young,retested_2plus,49,25.387755102040817,1.5918367346938775,11.404829760232058
H1@D1,wick_touch,against_daily,continuation,fresh,retested_1,16,7.75,1.75,4.378666220205842
H1@D1,wick_touch,against_daily,continuation,fresh,retested_2plus,777,7.379665379665379,1.6628056628056629,3.8403435804047286
H1@D1,wick_touch,against_daily,continuation,mature,retested_1,8,96.375,2.75,3.0788979242147203
H1@D1,wick_touch,against_daily,continuation,mature,retested_2plus,599,98.72621035058431,2.4407345575959933,4.343822864576367
H1@D1,wick_touch,against_daily,continuation,old,retested_1,4,518.0,2.0,2.301494700081057
H1@D1,wick_touch,against_daily,continuation,old,retested_2plus,395,572.8101265822785,2.4683544303797467,4.286862577421065
H1@D1,wick_touch,against_daily,continuation,young,retested_1,27,19.14814814814815,2.1481481481481484,3.6537703551560785
H1@D1,wick_touch,against_daily,continuation,young,retested_2plus,1366,22.83455344070278,2.3030746705710103,3.9905143602777984
H1@D1,wick_touch,against_daily,pullback,fresh,retested_2plus,13,8.461538461538462,1.3076923076923077,4.573553266836376
H1@D1,wick_touch,against_daily,pullback,mature,retested_2plus,355,105.48732394366198,2.2985915492957747,4.5244915339210525
H1@D1,wick_touch,against_daily,pullback,old,retested_1,1,840.0,1.0,4.445071868583252
H1@D1,wick_touch,against_daily,pullback,old,retested_2plus,256,551.83984375,2.421875,4.468493973708177
H1@D1,wick_touch,against_daily,pullback,young,retested_2plus,302,28.503311258278146,2.0993377483443707,4.743443775872919
H1@D1,wick_touch,against_daily,push,mature,retested_1,1,51.0,3.0,3.806663924311047
H1@D1,wick_touch,against_daily,push,mature,retested_2plus,53,91.13207547169812,2.4716981132075473,4.977017623965569
H1@D1,wick_touch,against_daily,push,old,retested_2plus,32,314.1875,2.03125,3.612064721561973
H1@D1,wick_touch,against_daily,push,young,retested_1,1,14.0,3.0,3.2748074309017157
H1@D1,wick_touch,against_daily,push,young,retested_2plus,36,32.30555555555556,2.4722222222222223,3.81724833714429
H1@D1,wick_touch,against_daily,reversal,fresh,retested_2plus,6,9.0,2.3333333333333335,3.574017386046508
H1@D1,wick_touch,against_daily,reversal,mature,retested_2plus,29,94.72413793103448,2.3793103448275863,11.749963265632596
H1@D1,wick_touch,against_daily,reversal,old,retested_2plus,45,1304.8444444444444,2.3555555555555556,8.828968673473172
H1@D1,wick_touch,against_daily,reversal,young,retested_2plus,38,18.973684210526315,2.026315789473684,11.381303312465622
H1@D1,wick_touch,at_transition,continuation,fresh,retested_1,5,4.0,1.2,2.536791676120288
H1@D1,wick_touch,at_transition,continuation,fresh,retested_2plus,60,7.0,1.35,2.993449144716474
H1@D1,wick_touch,at_transition,continuation,mature,retested_2plus,32,112.25,1.53125,4.114747738055495
H1@D1,wick_touch,at_transition,continuation,old,retested_2plus,12,549.9166666666666,1.5833333333333333,3.5334650088403556
H1@D1,wick_touch,at_transition,continuation,young,retested_2plus,46,23.23913043478261,1.4565217391304348,3.2069716662396375
H1@D1,wick_touch,at_transition,pullback,fresh,retested_1,4,3.75,1.25,2.0777480312278507
H1@D1,wick_touch,at_transition,pullback,fresh,retested_2plus,1,7.0,1.0,2.614746093749999
H1@D1,wick_touch,at_transition,pullback,mature,retested_2plus,12,123.16666666666667,1.1666666666666667,3.826085345569828
H1@D1,wick_touch,at_transition,pullback,old,retested_1,1,636.0,1.0,1.8151043473464328
H1@D1,wick_touch,at_transition,pullback,old,retested_2plus,10,706.1,1.3,4.103926170653103
H1@D1,wick_touch,at_transition,pullback,young,retested_2plus,18,26.166666666666668,1.6111111111111112,3.8120887085062782
H1@D1,wick_touch,at_transition,push,mature,retested_2plus,2,93.5,1.5,5.176841195469163
H1@D1,wick_touch,at_transition,push,young,retested_2plus,3,34.666666666666664,1.6666666666666667,2.74490474498564
H1@D1,wick_touch,at_transition,reversal,fresh,retested_1,1,4.0,2.0,3.8287292817679743
H1@D1,wick_touch,at_transition,reversal,fresh,retested_2plus,2,5.5,1.5,3.7261505111540574
H1@D1,wick_touch,at_transition,reversal,mature,retested_2plus,2,86.5,2.0,9.924792237126749
H1@D1,wick_touch,at_transition,reversal,old,retested_2plus,2,1051.5,1.0,3.993296344281302
H1@D1,wick_touch,neutral,continuation,fresh,retested_1,26,5.3076923076923075,1.5769230769230769,3.286924245330021
H1@D1,wick_touch,neutral,continuation,fresh,retested_2plus,895,6.022346368715084,1.459217877094972,3.9668352956123667
H1@D1,wick_touch,neutral,continuation,mature,retested_1,1,128.0,1.0,3.805393583870018
H1@D1,wick_touch,neutral,continuation,mature,retested_2plus,269,108.72118959107807,1.4572490706319703,4.5546289792674965
H1@D1,wick_touch,neutral,continuation,old,retested_1,1,420.0,1.0,4.282513395031717
H1@D1,wick_touch,neutral,continuation,old,retested_2plus,223,578.4663677130045,1.4260089686098654,4.39685370207986
H1@D1,wick_touch,neutral,continuation,young,retested_1,14,19.071428571428573,1.5714285714285714,3.526610216204402
H1@D1,wick_touch,neutral,continuation,young,retested_2plus,616,21.928571428571427,1.4805194805194806,4.1050296882708475
H1@D1,wick_touch,neutral,pullback,fresh,retested_1,1,4.0,1.0,2.5951219512194688
H1@D1,wick_touch,neutral,pullback,fresh,retested_2plus,26,9.0,1.5384615384615385,3.1575471449072383
H1@D1,wick_touch,neutral,pullback,mature,retested_2plus,138,112.45652173913044,1.355072463768116,4.365514133720574
H1@D1,wick_touch,neutral,pullback,old,retested_1,1,442.0,2.0,2.4292655578395874
H1@D1,wick_touch,neutral,pullback,old,retested_2plus,121,545.6694214876034,1.4462809917355373,5.31165955593285
H1@D1,wick_touch,neutral,pullback,young,retested_1,1,24.0,2.0,4.255628573885291
H1@D1,wick_touch,neutral,pullback,young,retested_2plus,236,27.53813559322034,1.4533898305084745,4.677229978134792
H1@D1,wick_touch,neutral,push,mature,retested_1,1,182.0,1.0,1.3273113708820075
H1@D1,wick_touch,neutral,push,mature,retested_2plus,21,96.14285714285714,1.380952380952381,3.7487159193294457
H1@D1,wick_touch,neutral,push,old,retested_2plus,20,396.1,1.45,4.336550613727914
H1@D1,wick_touch,neutral,push,young,retested_2plus,8,34.125,1.75,3.0569141082352305
H1@D1,wick_touch,neutral,reversal,fresh,retested_1,1,9.0,2.0,3.6913809082484046
H1@D1,wick_touch,neutral,reversal,fresh,retested_2plus,36,6.5,1.5277777777777777,3.67609086037591
H1@D1,wick_touch,neutral,reversal,mature,retested_2plus,16,102.5,1.625,16.75891510411566
H1@D1,wick_touch,neutral,reversal,old,retested_2plus,26,976.8846153846154,1.3461538461538463,20.05020909855938
H1@D1,wick_touch,neutral,reversal,young,retested_2plus,15,14.733333333333333,1.4666666666666666,9.846405257930284
H1@D1,wick_touch,with_daily,continuation,fresh,retested_1,165,3.8,1.9393939393939394,3.942982731105494
H1@D1,wick_touch,with_daily,continuation,fresh,retested_2plus,1867,4.660417782538833,2.1328334226031065,3.975813013224142
H1@D1,wick_touch,with_daily,continuation,mature,retested_1,2,145.0,2.0,2.9761447321599555
H1@D1,wick_touch,with_daily,continuation,mature,retested_2plus,216,98.95370370370371,1.6990740740740742,5.091154158841177
H1@D1,wick_touch,with_daily,continuation,old,retested_2plus,105,442.9714285714286,1.8761904761904762,4.930366451200726
H1@D1,wick_touch,with_daily,continuation,young,retested_1,6,20.5,1.6666666666666667,4.025294496781964
H1@D1,wick_touch,with_daily,continuation,young,retested_2plus,450,22.98,1.7977777777777777,4.602408099959785
H1@D1,wick_touch,with_daily,pullback,fresh,retested_1,22,3.5454545454545454,1.7727272727272727,3.412134201590452
H1@D1,wick_touch,with_daily,pullback,fresh,retested_2plus,121,8.446280991735538,1.9917355371900827,4.94552773213517
H1@D1,wick_touch,with_daily,pullback,mature,retested_2plus,152,106.61842105263158,2.0526315789473686,4.552255860424432
H1@D1,wick_touch,with_daily,pullback,old,retested_2plus,95,546.8105263157895,1.8631578947368421,4.470096465236889
H1@D1,wick_touch,with_daily,pullback,young,retested_2plus,239,24.1255230125523,2.075313807531381,4.621362454090901
H1@D1,wick_touch,with_daily,push,mature,retested_2plus,1,76.0,2.0,5.6767362192463
H1@D1,wick_touch,with_daily,push,old,retested_2plus,16,333.8125,1.625,3.737593002199967
H1@D1,wick_touch,with_daily,push,young,retested_2plus,19,43.05263157894737,1.894736842105263,4.5779301944514685
H1@D1,wick_touch,with_daily,reversal,fresh,retested_1,5,4.8,2.6,3.4180495751461253
H1@D1,wick_touch,with_daily,reversal,fresh,retested_2plus,31,5.387096774193548,1.8064516129032258,3.7670694333089023
H1@D1,wick_touch,with_daily,reversal,mature,retested_2plus,7,84.71428571428571,2.7142857142857144,6.114400991158754
H1@D1,wick_touch,with_daily,reversal,old,retested_2plus,30,1359.7666666666667,1.9,9.357082293370704
H1@D1,wick_touch,with_daily,reversal,young,retested_1,1,13.0,3.0,19.79560029230507
H1@D1,wick_touch,with_daily,reversal,young,retested_2plus,35,22.571428571428573,1.7714285714285714,8.849389778473219
H1@H4,body_close,against_daily,continuation,fresh,first_touch,1,3.0,1.0,0.9206297146605564
H1@H4,body_close,against_daily,continuation,fresh,retested_1,698,3.445558739255014,2.2163323782234956,0.8216535759652595
H1@H4,body_close,against_daily,continuation,fresh,retested_2plus,11613,5.097218634289159,2.226470334969431,0.8285131235174255
H1@H4,body_close,against_daily,continuation,mature,retested_1,41,102.39024390243902,2.317073170731707,0.8550723529218321
H1@H4,body_close,against_daily,continuation,mature,retested_2plus,8017,103.22789073219408,2.3236871647748534,1.00466718076376
H1@H4,body_close,against_daily,continuation,old,retested_1,36,1045.4166666666667,2.4444444444444446,0.860813291501693
H1@H4,body_close,against_daily,continuation,old,retested_2plus,8261,830.3120687568091,2.4438929911632976,1.162324090875727
H1@H4,body_close,against_daily,continuation,young,retested_1,128,21.328125,2.1953125,0.9031998259989804
H1@H4,body_close,against_daily,continuation,young,retested_2plus,9621,29.468142604718846,1.942729446003534,0.8835857853655612
H1@H4,body_close,against_daily,pullback,fresh,retested_1,510,2.943137254901961,2.207843137254902,0.7205230053954748
H1@H4,body_close,against_daily,pullback,fresh,retested_2plus,788,7.272842639593908,2.299492385786802,0.8184106671227
H1@H4,body_close,against_daily,pullback,mature,retested_1,11,90.18181818181819,2.1818181818181817,0.6267151124879164
H1@H4,body_close,against_daily,pullback,mature,retested_2plus,3326,104.0222489476849,2.270595309681299,0.9991213046678854
H1@H4,body_close,against_daily,pullback,old,retested_1,13,857.5384615384615,2.3076923076923075,0.6503015392321607
H1@H4,body_close,against_daily,pullback,old,retested_2plus,2688,759.1703869047619,2.4542410714285716,1.2033743016532825
H1@H4,body_close,against_daily,pullback,young,retested_1,68,17.779411764705884,2.3088235294117645,0.8172435667811617
H1@H4,body_close,against_daily,pullback,young,retested_2plus,2908,33.54023383768914,1.842503438789546,0.9844080195807698
H1@H4,body_close,against_daily,push,fresh,retested_2plus,5,6.6,1.0,1.4697259134192793
H1@H4,body_close,against_daily,push,mature,retested_2plus,49,85.3265306122449,2.2857142857142856,0.5538831136348703
H1@H4,body_close,against_daily,push,old,retested_2plus,151,843.4172185430464,2.3245033112582782,0.7633753692307629
H1@H4,body_close,against_daily,push,young,retested_2plus,123,31.585365853658537,1.4390243902439024,0.8391697699722266
H1@H4,body_close,against_daily,reversal,fresh,retested_1,15,3.466666666666667,2.6,1.0084712900889559
H1@H4,body_close,against_daily,reversal,fresh,retested_2plus,260,5.8961538461538465,2.6884615384615387,1.3090049534860293
H1@H4,body_close,against_daily,reversal,mature,retested_2plus,286,110.49300699300699,1.902097902097902,8.110324166817222
H1@H4,body_close,against_daily,reversal,old,retested_2plus,863,636.4461181923523,2.1610660486674393,14.224519981132284
H1@H4,body_close,against_daily,reversal,young,retested_1,3,16.0,3.0,0.8430401331293756
H1@H4,body_close,against_daily,reversal,young,retested_2plus,177,33.07344632768361,2.0282485875706215,3.4992056512182894
H1@H4,body_close,at_transition,continuation,fresh,retested_1,2,4.0,2.0,0.7348235055075637
H1@H4,body_close,at_transition,continuation,fresh,retested_2plus,658,5.8373860182370825,1.4620060790273557,0.6651893337085557
H1@H4,body_close,at_transition,continuation,mature,retested_1,1,70.0,2.0,0.8636522958289257
H1@H4,body_close,at_transition,continuation,mature,retested_2plus,296,102.41891891891892,1.5,0.8490272680571183
H1@H4,body_close,at_transition,continuation,old,retested_2plus,262,820.4847328244275,1.5954198473282444,0.9545349001463688
H1@H4,body_close,at_transition,continuation,young,retested_1,38,15.947368421052632,1.368421052631579,0.7335297992372065
H1@H4,body_close,at_transition,continuation,young,retested_2plus,954,25.248427672955973,1.4444444444444444,0.697530693391044
H1@H4,body_close,at_transition,pullback,fresh,retested_2plus,50,8.68,1.28,0.8290011012986328
H1@H4,body_close,at_transition,pullback,mature,retested_2plus,154,99.88311688311688,1.4285714285714286,0.9179764369493687
H1@H4,body_close,at_transition,pullback,old,retested_2plus,103,701.7864077669902,1.4951456310679612,1.1491869968543582
H1@H4,body_close,at_transition,pullback,young,retested_1,36,16.0,1.4444444444444444,0.7223082866948437
H1@H4,body_close,at_transition,pullback,young,retested_2plus,284,30.39788732394366,1.471830985915493,0.9319949288721314
H1@H4,body_close,at_transition,push,mature,retested_2plus,3,109.0,1.0,0.5086836132876286
H1@H4,body_close,at_transition,push,old,retested_2plus,7,801.5714285714286,1.7142857142857142,0.38009161145702247
H1@H4,body_close,at_transition,push,young,retested_2plus,11,33.63636363636363,1.3636363636363635,0.8060556834981484
H1@H4,body_close,at_transition,reversal,fresh,retested_2plus,5,7.8,1.4,0.6800914666428426
H1@H4,body_close,at_transition,reversal,mature,retested_2plus,19,111.78947368421052,1.4736842105263157,6.684512944361667
H1@H4,body_close,at_transition,reversal,old,retested_2plus,48,596.2916666666666,1.4375,12.63765757289461
H1@H4,body_close,at_transition,reversal,young,retested_2plus,21,27.666666666666668,1.4761904761904763,2.207883117771598
H1@H4,body_close,neutral,continuation,fresh,retested_1,433,3.4249422632794455,1.464203233256351,0.7032868203768902
H1@H4,body_close,neutral,continuation,fresh,retested_2plus,7320,5.6386612021857925,1.4759562841530054,0.7604531764763219
H1@H4,body_close,neutral,continuation,mature,retested_1,17,90.3529411764706,1.588235294117647,0.5965101016000037
H1@H4,body_close,neutral,continuation,mature,retested_2plus,2477,103.42551473556722,1.5369398465886153,1.0153060545156953
H1@H4,body_close,neutral,continuation,old,retested_1,10,663.2,1.4,1.043335213573203
H1@H4,body_close,neutral,continuation,old,retested_2plus,2534,793.8823993685872,1.5011838989739543,1.185409798061242
H1@H4,body_close,neutral,continuation,young,first_touch,1,14.0,2.0,0.894953905870926
H1@H4,body_close,neutral,continuation,young,retested_1,97,21.95876288659794,1.443298969072165,0.8272207805656774
H1@H4,body_close,neutral,continuation,young,retested_2plus,9189,24.260855370551745,1.4445532702143868,0.8247450259551741
H1@H4,body_close,neutral,pullback,fresh,first_touch,1,2.0,2.0,1.3098346388162854
H1@H4,body_close,neutral,pullback,fresh,retested_1,301,2.681063122923588,1.4451827242524917,0.6648862791644143
H1@H4,body_close,neutral,pullback,fresh,retested_2plus,570,8.24561403508772,1.4052631578947368,1.0391590504935497
H1@H4,body_close,neutral,pullback,mature,retested_1,3,86.66666666666667,2.0,0.5037587149409809
H1@H4,body_close,neutral,pullback,mature,retested_2plus,1493,100.62223710649698,1.4768921634293368,1.0522585338396162
H1@H4,body_close,neutral,pullback,old,retested_1,3,591.0,1.3333333333333333,0.7545557878649852
H1@H4,body_close,neutral,pullback,old,retested_2plus,1034,711.8549323017409,1.367504835589942,1.4028566452948616
H1@H4,body_close,neutral,pullback,young,retested_1,26,23.26923076923077,1.4230769230769231,0.7833543937037948
H1@H4,body_close,neutral,pullback,young,retested_2plus,3451,26.246595189800058,1.43146913937989,1.1038865835922715
H1@H4,body_close,neutral,push,fresh,retested_2plus,3,7.333333333333333,2.0,0.3934651294679464
H1@H4,body_close,neutral,push,mature,retested_2plus,33,104.66666666666667,1.3333333333333333,0.770335489777219
H1@H4,body_close,neutral,push,old,retested_2plus,44,983.25,1.9772727272727273,0.7791627910130821
H1@H4,body_close,neutral,push,young,retested_1,1,18.0,1.0,2.052449580406698
H1@H4,body_close,neutral,push,young,retested_2plus,65,40.12307692307692,1.5846153846153845,0.6284021011452517
H1@H4,body_close,neutral,reversal,fresh,retested_1,6,3.3333333333333335,1.1666666666666667,1.0359397816514984
H1@H4,body_close,neutral,reversal,fresh,retested_2plus,35,5.571428571428571,1.0,1.111067460541469
H1@H4,body_close,neutral,reversal,mature,retested_2plus,113,117.66371681415929,1.8761061946902655,6.896231158194696
H1@H4,body_close,neutral,reversal,old,retested_1,1,685.0,2.0,1.142592163227456
H1@H4,body_close,neutral,reversal,old,retested_2plus,452,559.3716814159292,1.4646017699115044,16.065891463372992
H1@H4,body_close,neutral,reversal,young,retested_2plus,184,29.130434782608695,1.7282608695652173,4.530554195793644
H1@H4,body_close,neutral,unknown,fresh,retested_1,1,2.0,0.0,0.7334710743801142
H1@H4,body_close,with_daily,continuation,fresh,first_touch,1,2.0,3.0,0.6027045532351959
H1@H4,body_close,with_daily,continuation,fresh,retested_1,586,3.150170648464164,2.343003412969283,0.6337824430948126
H1@H4,body_close,with_daily,continuation,fresh,retested_2plus,7207,5.1526293880949074,2.20382961010129,0.6845210146444964
H1@H4,body_close,with_daily,continuation,mature,retested_1,9,95.66666666666667,1.6666666666666667,0.6267169104286623
H1@H4,body_close,with_daily,continuation,mature,retested_2plus,1377,97.0,1.7523602033405954,1.0696360766083854
H1@H4,body_close,with_daily,continuation,old,retested_1,4,982.75,1.0,0.5531863815423501
H1@H4,body_close,with_daily,continuation,old,retested_2plus,886,792.7686230248307,1.6659142212189617,1.1607716472452738
H1@H4,body_close,with_daily,continuation,young,retested_1,147,19.73469387755102,2.272108843537415,0.6791404707414885
H1@H4,body_close,with_daily,continuation,young,retested_2plus,7680,22.524088541666668,2.062890625,0.790252083686801
H1@H4,body_close,with_daily,pullback,fresh,retested_1,279,2.4910394265232974,1.9426523297491038,0.615878701531548
H1@H4,body_close,with_daily,pullback,fresh,retested_2plus,188,8.48936170212766,1.4893617021276595,1.2574323852218243
H1@H4,body_close,with_daily,pullback,mature,retested_1,3,93.33333333333333,1.3333333333333333,0.2523541858941151
H1@H4,body_close,with_daily,pullback,mature,retested_2plus,881,102.07037457434733,1.7105561861521,1.253806385949731
H1@H4,body_close,with_daily,pullback,old,retested_1,1,263.0,2.0,0.14697648376260367
H1@H4,body_close,with_daily,pullback,old,retested_2plus,724,805.3770718232045,1.9723756906077348,1.7123121101088496
H1@H4,body_close,with_daily,pullback,young,retested_1,29,18.586206896551722,2.310344827586207,0.5263064738462003
H1@H4,body_close,with_daily,pullback,young,retested_2plus,2797,27.462638541294243,1.855917053986414,1.0834648783817356
H1@H4,body_close,with_daily,push,mature,retested_1,1,107.0,1.0,0.27822172538986595
H1@H4,body_close,with_daily,push,mature,retested_2plus,19,77.94736842105263,1.0,0.7902823567648669
H1@H4,body_close,with_daily,push,old,retested_2plus,50,675.5,1.48,0.8805034604212834
H1@H4,body_close,with_daily,push,young,retested_1,1,17.0,3.0,0.5507868383404936
H1@H4,body_close,with_daily,push,young,retested_2plus,89,26.426966292134832,1.8202247191011236,0.7683792598024021
H1@H4,body_close,with_daily,reversal,fresh,retested_2plus,14,7.214285714285714,1.0,1.0113237547954175
H1@H4,body_close,with_daily,reversal,mature,retested_2plus,204,130.34803921568627,2.0784313725490198,12.564385566525313
H1@H4,body_close,with_daily,reversal,old,retested_2plus,426,689.4718309859155,1.9929577464788732,17.7378991883565
H1@H4,body_close,with_daily,reversal,young,retested_1,2,24.5,1.0,1.7647322643253083
H1@H4,body_close,with_daily,reversal,young,retested_2plus,196,30.239795918367346,1.739795918367347,1.310053252923029
H1@H4,break_through,against_daily,continuation,fresh,first_touch,38,3.263157894736842,2.1052631578947367,1.8485342043775892
H1@H4,break_through,against_daily,continuation,young,first_touch,1,15.0,3.0,2.016783216783171
H1@H4,break_through,against_daily,pullback,fresh,first_touch,37,3.054054054054054,2.0,1.6127259961510416
H1@H4,break_through,against_daily,pullback,young,first_touch,3,16.0,1.6666666666666667,2.0581483422655626
H1@H4,break_through,at_transition,continuation,young,first_touch,2,14.5,1.5,2.3719190589115127
H1@H4,break_through,at_transition,pullback,young,first_touch,2,14.0,1.5,1.842959346597926
H1@H4,break_through,neutral,continuation,fresh,first_touch,38,2.763157894736842,1.4210526315789473,1.7609081780628542
H1@H4,break_through,neutral,pullback,fresh,first_touch,30,2.6,1.4,1.8327764619665188
H1@H4,break_through,neutral,pullback,young,first_touch,4,15.0,1.5,1.203260215753652
H1@H4,break_through,neutral,unknown,fresh,first_touch,1,2.0,0.0,2.1625000000000654
H1@H4,break_through,with_daily,continuation,fresh,first_touch,36,2.361111111111111,2.25,1.7835345008952208
H1@H4,break_through,with_daily,continuation,young,first_touch,1,17.0,2.0,1.1106471816283767
H1@H4,break_through,with_daily,pullback,fresh,first_touch,27,2.3703703703703702,1.8518518518518519,1.4613457022877667
H1@H4,break_through,with_daily,pullback,young,first_touch,4,16.0,2.25,1.5886217893654095
H1@H4,near_miss,against_daily,continuation,fresh,first_touch,879,3.795221843003413,2.292377701934016,2.1061646486097296
H1@H4,near_miss,against_daily,continuation,fresh,retested_1,427,4.112412177985949,2.159250585480094,2.130894434426624
H1@H4,near_miss,against_daily,continuation,fresh,retested_2plus,1823,5.545803620405924,2.267690619857378,2.1561243465866244
H1@H4,near_miss,against_daily,continuation,mature,first_touch,107,109.26168224299066,2.317757009345794,2.0689730645267974
H1@H4,near_miss,against_daily,continuation,mature,retested_1,61,102.09836065573771,2.557377049180328,1.9100763993133738
H1@H4,near_miss,against_daily,continuation,mature,retested_2plus,1931,107.07716209218022,2.3195235629207662,2.316583840434458
H1@H4,near_miss,against_daily,continuation,old,first_touch,76,552.6842105263158,2.3421052631578947,2.2507948075690067
H1@H4,near_miss,against_daily,continuation,old,retested_1,42,488.54761904761904,2.2857142857142856,1.910589856909476
H1@H4,near_miss,against_daily,continuation,old,retested_2plus,1716,886.7459207459208,2.4475524475524475,2.550281754709543
H1@H4,near_miss,against_daily,continuation,young,first_touch,209,23.301435406698566,2.0861244019138754,2.066203185361307
H1@H4,near_miss,against_daily,continuation,young,retested_1,128,24.0390625,1.7734375,2.1056213619461315
H1@H4,near_miss,against_daily,continuation,young,retested_2plus,1671,30.52064631956912,1.9006582884500298,2.2954040288797737
H1@H4,near_miss,against_daily,pullback,fresh,first_touch,168,2.8273809523809526,2.142857142857143,2.022982242913662
H1@H4,near_miss,against_daily,pullback,fresh,retested_2plus,295,7.464406779661017,2.4101694915254237,2.1669948994060135
H1@H4,near_miss,against_daily,pullback,mature,first_touch,31,98.03225806451613,2.4516129032258065,2.117225469647086
H1@H4,near_miss,against_daily,pullback,mature,retested_1,22,95.45454545454545,1.8636363636363635,2.1483814783607644
H1@H4,near_miss,against_daily,pullback,mature,retested_2plus,1293,103.67440061871616,2.252126836813612,2.3265422504372397
H1@H4,near_miss,against_daily,pullback,old,first_touch,21,1059.5238095238096,1.9523809523809523,2.21550751826667
H1@H4,near_miss,against_daily,pullback,old,retested_1,12,1652.8333333333333,1.9166666666666667,2.6783436125287636
H1@H4,near_miss,against_daily,pullback,old,retested_2plus,1029,808.1418853255587,2.311953352769679,2.3014682863227907
H1@H4,near_miss,against_daily,pullback,young,first_touch,24,23.208333333333332,1.7916666666666667,2.0083185830833066
H1@H4,near_miss,against_daily,pullback,young,retested_1,6,34.666666666666664,1.8333333333333333,1.8604619781073755
H1@H4,near_miss,against_daily,pullback,young,retested_2plus,859,33.60884749708964,1.830034924330617,2.3386053301807825
H1@H4,near_miss,against_daily,push,fresh,retested_2plus,2,7.0,1.0,2.388972577586917
H1@H4,near_miss,against_daily,push,mature,first_touch,1,83.0,1.0,1.7507628047220103
H1@H4,near_miss,against_daily,push,mature,retested_2plus,26,70.61538461538461,2.1923076923076925,2.107915300608683
H1@H4,near_miss,against_daily,push,old,first_touch,9,369.3333333333333,2.5555555555555554,1.6604715097923142
H1@H4,near_miss,against_daily,push,old,retested_1,3,365.0,3.0,1.3955239840407903
H1@H4,near_miss,against_daily,push,old,retested_2plus,42,865.1190476190476,2.0238095238095237,2.373182895631932
H1@H4,near_miss,against_daily,push,young,first_touch,1,38.0,2.0,1.2685652779710097
H1@H4,near_miss,against_daily,push,young,retested_1,1,48.0,3.0,2.083865592890995
H1@H4,near_miss,against_daily,push,young,retested_2plus,14,39.214285714285715,1.8571428571428572,2.0765099918492314
H1@H4,near_miss,against_daily,reversal,fresh,first_touch,12,3.4166666666666665,2.0,2.0110869693771214
H1@H4,near_miss,against_daily,reversal,fresh,retested_2plus,46,6.173913043478261,2.3043478260869565,2.2266843355626635
H1@H4,near_miss,against_daily,reversal,mature,retested_2plus,34,98.73529411764706,2.764705882352941,2.8972091128959967
H1@H4,near_miss,against_daily,reversal,old,retested_2plus,58,552.2413793103449,2.0689655172413794,17.407492888733472
H1@H4,near_miss,against_daily,reversal,young,first_touch,4,21.75,3.0,2.1709619053806453
H1@H4,near_miss,against_daily,reversal,young,retested_2plus,63,30.41269841269841,1.7142857142857142,2.574678212209425
H1@H4,near_miss,at_transition,continuation,fresh,first_touch,47,4.1063829787234045,1.446808510638298,1.7178358112423542
H1@H4,near_miss,at_transition,continuation,fresh,retested_1,30,4.8,1.4666666666666666,1.7392826619940611
H1@H4,near_miss,at_transition,continuation,fresh,retested_2plus,143,6.72027972027972,1.4125874125874125,1.6734663320041805
H1@H4,near_miss,at_transition,continuation,mature,first_touch,3,71.66666666666667,1.3333333333333333,1.5422190610078472
H1@H4,near_miss,at_transition,continuation,mature,retested_2plus,86,108.03488372093024,1.4651162790697674,1.9641914959333828
H1@H4,near_miss,at_transition,continuation,old,first_touch,2,738.5,1.0,2.193955713138889
H1@H4,near_miss,at_transition,continuation,old,retested_1,2,1061.0,2.0,1.1889101171152618
H1@H4,near_miss,at_transition,continuation,old,retested_2plus,63,839.7936507936508,1.5396825396825398,2.0224913235235773
H1@H4,near_miss,at_transition,continuation,young,first_touch,24,19.166666666666668,1.5,1.8465001652753548
H1@H4,near_miss,at_transition,continuation,young,retested_1,11,20.0,1.6363636363636365,1.8637685227788452
H1@H4,near_miss,at_transition,continuation,young,retested_2plus,246,26.227642276422763,1.434959349593496,1.686256593726904
H1@H4,near_miss,at_transition,pullback,fresh,first_touch,1,8.0,2.0,1.687114337568055
H1@H4,near_miss,at_transition,pullback,fresh,retested_2plus,31,8.806451612903226,1.4193548387096775,1.814624010539911
H1@H4,near_miss,at_transition,pullback,mature,retested_1,2,63.0,1.5,1.7792288627241581
H1@H4,near_miss,at_transition,pullback,mature,retested_2plus,66,94.5909090909091,1.4545454545454546,1.9824934386385697
H1@H4,near_miss,at_transition,pullback,old,first_touch,1,315.0,1.0,1.0920723805106454
H1@H4,near_miss,at_transition,pullback,old,retested_1,1,858.0,1.0,1.6905761159862913
H1@H4,near_miss,at_transition,pullback,old,retested_2plus,55,829.7818181818182,1.4363636363636363,2.0448148673092947
H1@H4,near_miss,at_transition,pullback,young,first_touch,7,14.0,1.5714285714285714,1.860772154309436
H1@H4,near_miss,at_transition,pullback,young,retested_1,1,29.0,1.0,1.492638038330152
H1@H4,near_miss,at_transition,pullback,young,retested_2plus,108,29.49074074074074,1.3611111111111112,1.9688870821446596
H1@H4,near_miss,at_transition,push,mature,retested_2plus,3,95.0,1.3333333333333333,1.7250000129626064
H1@H4,near_miss,at_transition,push,old,first_touch,1,994.0,2.0,1.9039433771485985
H1@H4,near_miss,at_transition,push,old,retested_2plus,3,968.6666666666666,1.0,2.4449849794268723
H1@H4,near_miss,at_transition,push,young,retested_1,1,22.0,2.0,2.562672556598521
H1@H4,near_miss,at_transition,push,young,retested_2plus,1,28.0,1.0,1.8644067796610322
H1@H4,near_miss,at_transition,reversal,fresh,first_touch,1,3.0,2.0,1.588673865528621
H1@H4,near_miss,at_transition,reversal,fresh,retested_2plus,2,8.5,1.5,2.141702842281984
H1@H4,near_miss,at_transition,reversal,mature,retested_2plus,2,72.5,1.5,1.8760235492010908
H1@H4,near_miss,at_transition,reversal,old,retested_2plus,5,659.8,1.6,17.87713788879359
H1@H4,near_miss,at_transition,reversal,young,retested_2plus,5,37.4,1.6,2.6570595946630733
H1@H4,near_miss,neutral,continuation,fresh,first_touch,545,3.979816513761468,1.456880733944954,1.9191899289271077
H1@H4,near_miss,neutral,continuation,fresh,retested_1,280,4.457142857142857,1.4607142857142856,2.021316255224181
H1@H4,near_miss,neutral,continuation,fresh,retested_2plus,1346,6.0326894502228825,1.451708766716196,2.115487795987091
H1@H4,near_miss,neutral,continuation,mature,first_touch,39,76.0,1.794871794871795,1.969067325858431
H1@H4,near_miss,neutral,continuation,mature,retested_1,24,91.625,1.3333333333333333,1.9427970073990808
H1@H4,near_miss,neutral,continuation,mature,retested_2plus,673,106.42199108469539,1.4457652303120356,2.378702518477884
H1@H4,near_miss,neutral,continuation,old,first_touch,35,975.4857142857143,1.4857142857142858,2.1544052956448887
H1@H4,near_miss,neutral,continuation,old,retested_1,20,532.5,1.6,2.1354000540811633
H1@H4,near_miss,neutral,continuation,old,retested_2plus,579,845.4922279792746,1.4766839378238341,2.4205743059858293
H1@H4,near_miss,neutral,continuation,young,first_touch,189,19.37037037037037,1.433862433862434,2.1301153589413744
H1@H4,near_miss,neutral,continuation,young,retested_1,90,23.566666666666666,1.7333333333333334,2.198544782618474
H1@H4,near_miss,neutral,continuation,young,retested_2plus,1895,25.020580474934036,1.4670184696569921,2.188297269159507
H1@H4,near_miss,neutral,pullback,fresh,first_touch,92,2.9347826086956523,1.423913043478261,2.176193865446261
H1@H4,near_miss,neutral,pullback,fresh,retested_1,3,8.666666666666666,1.3333333333333333,2.4320031493464125
H1@H4,near_miss,neutral,pullback,fresh,retested_2plus,192,8.28125,1.4895833333333333,2.1657540008102627
H1@H4,near_miss,neutral,pullback,mature,first_touch,22,95.31818181818181,1.5,1.8129558892291235
H1@H4,near_miss,neutral,pullback,mature,retested_1,7,103.42857142857143,1.2857142857142858,1.9217684846518548
H1@H4,near_miss,neutral,pullback,mature,retested_2plus,624,105.41666666666667,1.4855769230769231,2.310077349957972
H1@H4,near_miss,neutral,pullback,old,first_touch,14,520.4285714285714,1.2142857142857142,2.0345976846904685
H1@H4,near_miss,neutral,pullback,old,retested_1,2,523.5,2.0,1.1920874562173287
H1@H4,near_miss,neutral,pullback,old,retested_2plus,434,819.9078341013825,1.456221198156682,2.3810945976279316
H1@H4,near_miss,neutral,pullback,young,first_touch,20,25.1,1.3,1.868619420774633
H1@H4,near_miss,neutral,pullback,young,retested_1,3,33.0,1.6666666666666667,1.7719894709086887
H1@H4,near_miss,neutral,pullback,young,retested_2plus,1117,27.190689346463742,1.422560429722471,2.4094689036887496
H1@H4,near_miss,neutral,push,fresh,first_touch,2,8.0,2.0,1.1959582128094
H1@H4,near_miss,neutral,push,fresh,retested_2plus,1,9.0,2.0,1.8759571209801018
H1@H4,near_miss,neutral,push,mature,retested_2plus,25,93.4,1.4,1.929681325690449
H1@H4,near_miss,neutral,push,old,first_touch,3,994.3333333333334,2.0,1.5801677889299246
H1@H4,near_miss,neutral,push,old,retested_1,2,347.5,2.0,2.3001512926466683
H1@H4,near_miss,neutral,push,old,retested_2plus,13,864.3846153846154,1.4615384615384615,2.7528646985638874
H1@H4,near_miss,neutral,push,young,retested_1,3,20.333333333333332,1.0,2.373053951986202
H1@H4,near_miss,neutral,push,young,retested_2plus,2,43.5,2.0,2.2022617177271564
H1@H4,near_miss,neutral,reversal,fresh,first_touch,4,3.0,1.75,1.7400260007229196
H1@H4,near_miss,neutral,reversal,fresh,retested_2plus,15,7.266666666666667,1.2666666666666666,2.7307028588002664
H1@H4,near_miss,neutral,reversal,mature,retested_2plus,9,80.77777777777777,1.2222222222222223,2.8720184096598143
H1@H4,near_miss,neutral,reversal,old,first_touch,1,685.0,2.0,2.866492904720556
H1@H4,near_miss,neutral,reversal,old,retested_2plus,30,516.8666666666667,1.6333333333333333,22.044920931213902
H1@H4,near_miss,neutral,reversal,young,first_touch,1,21.0,1.0,1.9518248175180315
H1@H4,near_miss,neutral,reversal,young,retested_2plus,65,29.415384615384614,1.523076923076923,2.886475012113084
H1@H4,near_miss,with_daily,continuation,fresh,first_touch,716,3.946927374301676,2.28072625698324,1.8531375102813596
H1@H4,near_miss,with_daily,continuation,fresh,retested_1,316,4.458860759493671,2.2943037974683542,1.8748824305276843
H1@H4,near_miss,with_daily,continuation,fresh,retested_2plus,1429,5.904828551434569,2.2211336599020295,2.0137539896443264
H1@H4,near_miss,with_daily,continuation,mature,first_touch,4,158.0,2.0,2.1080761403690036
H1@H4,near_miss,with_daily,continuation,mature,retested_1,11,109.72727272727273,1.9090909090909092,1.688264776569202
H1@H4,near_miss,with_daily,continuation,mature,retested_2plus,394,95.85532994923858,1.8274111675126903,2.3097096085103725
H1@H4,near_miss,with_daily,continuation,old,first_touch,13,513.0,1.4615384615384615,2.1081273968060454
H1@H4,near_miss,with_daily,continuation,old,retested_1,4,366.75,1.25,1.0620593704303807
H1@H4,near_miss,with_daily,continuation,old,retested_2plus,337,733.7418397626112,1.57566765578635,2.2627236430196254
H1@H4,near_miss,with_daily,continuation,young,first_touch,253,19.395256916996047,2.308300395256917,2.000453435380177
H1@H4,near_miss,with_daily,continuation,young,retested_1,175,20.314285714285713,2.3142857142857145,1.9118922491584354
H1@H4,near_miss,with_daily,continuation,young,retested_2plus,2237,23.55163164953062,2.129190880643719,2.1488499102657417
H1@H4,near_miss,with_daily,pullback,fresh,first_touch,88,2.590909090909091,2.0454545454545454,2.005943509894512
H1@H4,near_miss,with_daily,pullback,fresh,retested_2plus,131,8.786259541984732,1.549618320610687,2.2566142678885197
H1@H4,near_miss,with_daily,pullback,mature,first_touch,6,123.33333333333333,1.5,1.2307260908107696
H1@H4,near_miss,with_daily,pullback,mature,retested_1,4,126.75,1.25,2.049516736606896
H1@H4,near_miss,with_daily,pullback,mature,retested_2plus,492,100.83943089430895,1.943089430894309,2.6244465266166346
H1@H4,near_miss,with_daily,pullback,old,first_touch,5,626.8,1.0,2.2354911126309953
H1@H4,near_miss,with_daily,pullback,old,retested_1,5,492.0,2.2,1.8350111005013745
H1@H4,near_miss,with_daily,pullback,old,retested_2plus,314,825.8949044585987,1.8471337579617835,2.523963232513441
H1@H4,near_miss,with_daily,pullback,young,first_touch,27,22.296296296296298,2.2962962962962963,1.8521406533408449
H1@H4,near_miss,with_daily,pullback,young,retested_1,15,29.733333333333334,2.2,2.1624485736616683
H1@H4,near_miss,with_daily,pullback,young,retested_2plus,1118,26.499105545617173,1.9239713774597496,2.4192361705289143
H1@H4,near_miss,with_daily,push,fresh,first_touch,2,10.0,1.0,1.4948833764895846
H1@H4,near_miss,with_daily,push,fresh,retested_2plus,4,9.5,1.25,1.4056810049303787
H1@H4,near_miss,with_daily,push,mature,retested_2plus,12,57.416666666666664,1.5,2.2921590222328856
H1@H4,near_miss,with_daily,push,old,retested_2plus,16,976.3125,2.0,2.91477686875036
H1@H4,near_miss,with_daily,push,young,first_touch,3,15.333333333333334,2.3333333333333335,1.7304514588848603
H1@H4,near_miss,with_daily,push,young,retested_1,5,20.4,2.2,2.430881620208498
H1@H4,near_miss,with_daily,push,young,retested_2plus,30,24.9,2.0,2.0186908671803
H1@H4,near_miss,with_daily,reversal,fresh,first_touch,1,2.0,1.0,2.2974000136580766
H1@H4,near_miss,with_daily,reversal,fresh,retested_2plus,3,8.666666666666666,1.0,2.216066584127098
H1@H4,near_miss,with_daily,reversal,mature,retested_2plus,31,103.2258064516129,2.870967741935484,8.245959704443695
H1@H4,near_miss,with_daily,reversal,old,retested_2plus,76,697.3815789473684,2.236842105263158,18.61825927015221
H1@H4,near_miss,with_daily,reversal,young,first_touch,2,24.0,1.0,3.145556401313097
H1@H4,near_miss,with_daily,reversal,young,retested_2plus,57,26.526315789473685,1.9649122807017543,3.3145050526358033
H1@H4,wick_touch,against_daily,continuation,fresh,retested_1,427,3.882903981264637,2.2552693208430914,1.7789107690318142
H1@H4,wick_touch,against_daily,continuation,fresh,retested_2plus,3085,5.00388978930308,2.2615883306320907,1.9748616793582803
H1@H4,wick_touch,against_daily,continuation,mature,retested_1,43,110.62790697674419,2.488372093023256,1.7273847881120283
H1@H4,wick_touch,against_daily,continuation,mature,retested_2plus,1985,104.65491183879094,2.33551637279597,2.084165383470303
H1@H4,wick_touch,against_daily,continuation,old,retested_1,30,862.6333333333333,2.3,1.6733661295588136
H1@H4,wick_touch,against_daily,continuation,old,retested_2plus,1690,808.514201183432,2.382248520710059,2.2826028109315177
H1@H4,wick_touch,against_daily,continuation,young,retested_1,100,24.39,2.02,1.8947167555615039
H1@H4,wick_touch,against_daily,continuation,young,retested_2plus,2142,29.477124183006534,1.9327731092436975,2.0342912985939736
H1@H4,wick_touch,against_daily,pullback,fresh,retested_1,214,2.8738317757009346,2.182242990654206,1.7110400004128588
H1@H4,wick_touch,against_daily,pullback,fresh,retested_2plus,287,7.2404181184668985,2.3867595818815333,2.079050949376979
H1@H4,wick_touch,against_daily,pullback,mature,retested_1,13,108.76923076923077,2.076923076923077,1.509893377041922
H1@H4,wick_touch,against_daily,pullback,mature,retested_2plus,1177,103.7714528462192,2.282073067119796,2.046822543849334
H1@H4,wick_touch,against_daily,pullback,old,retested_1,13,422.7692307692308,2.230769230769231,1.4662441780632922
H1@H4,wick_touch,against_daily,pullback,old,retested_2plus,952,822.7878151260504,2.293067226890756,2.1064182184792206
H1@H4,wick_touch,against_daily,pullback,young,retested_1,27,20.333333333333332,2.037037037037037,1.9245097687363522
H1@H4,wick_touch,against_daily,pullback,young,retested_2plus,831,33.89049338146811,1.7809867629362215,2.109595204102976
H1@H4,wick_touch,against_daily,push,fresh,retested_2plus,3,7.666666666666667,1.0,2.4887310777875444
H1@H4,wick_touch,against_daily,push,mature,retested_1,1,109.0,2.0,1.1939426142400738
H1@H4,wick_touch,against_daily,push,mature,retested_2plus,18,87.61111111111111,2.111111111111111,1.519901764625723
H1@H4,wick_touch,against_daily,push,old,retested_1,4,560.5,3.0,1.8719126584882901
H1@H4,wick_touch,against_daily,push,old,retested_2plus,39,937.6666666666666,2.282051282051282,2.079965170418919
H1@H4,wick_touch,against_daily,push,young,retested_1,2,39.5,2.5,1.631255264613648
H1@H4,wick_touch,against_daily,push,young,retested_2plus,22,35.90909090909091,1.9545454545454546,2.065314735305159
H1@H4,wick_touch,against_daily,reversal,fresh,retested_1,5,3.8,2.4,1.2754767309174437
H1@H4,wick_touch,against_daily,reversal,fresh,retested_2plus,72,6.180555555555555,2.4305555555555554,2.3855776480886735
H1@H4,wick_touch,against_daily,reversal,mature,retested_1,1,81.0,1.0,0.960141291534698
H1@H4,wick_touch,against_daily,reversal,mature,retested_2plus,20,98.85,2.4,4.395368203468093
H1@H4,wick_touch,against_daily,reversal,old,retested_2plus,68,551.1617647058823,2.0294117647058822,18.27727188012397
H1@H4,wick_touch,against_daily,reversal,young,retested_2plus,50,28.5,1.98,2.104927556918054
H1@H4,wick_touch,at_transition,continuation,fresh,retested_1,13,4.076923076923077,1.3076923076923077,1.6517971172546804
H1@H4,wick_touch,at_transition,continuation,fresh,retested_2plus,113,5.230088495575221,1.4336283185840708,1.4114918164432941
H1@H4,wick_touch,at_transition,continuation,mature,retested_2plus,51,99.98039215686275,1.6666666666666667,1.5850287887539098
H1@H4,wick_touch,at_transition,continuation,old,retested_1,2,329.5,1.5,1.207864457564492
H1@H4,wick_touch,at_transition,continuation,old,retested_2plus,57,789.7017543859649,1.6140350877192982,1.6934483507105085
H1@H4,wick_touch,at_transition,continuation,young,retested_1,23,17.608695652173914,1.434782608695652,1.3407809608034926
H1@H4,wick_touch,at_transition,continuation,young,retested_2plus,167,24.64071856287425,1.4131736526946108,1.408921743969108
H1@H4,wick_touch,at_transition,pullback,fresh,retested_2plus,12,8.25,1.3333333333333333,1.351368161027623
H1@H4,wick_touch,at_transition,pullback,mature,retested_1,1,123.0,1.0,1.3234423501422392
H1@H4,wick_touch,at_transition,pullback,mature,retested_2plus,40,96.0,1.425,1.5998940446476342
H1@H4,wick_touch,at_transition,pullback,old,retested_2plus,29,634.448275862069,1.2413793103448276,1.6808605921703972
H1@H4,wick_touch,at_transition,pullback,young,retested_1,10,14.3,1.4,1.3536608608336231
H1@H4,wick_touch,at_transition,pullback,young,retested_2plus,55,28.10909090909091,1.3454545454545455,1.4390188631509206
H1@H4,wick_touch,at_transition,push,fresh,retested_2plus,1,10.0,2.0,1.1789168278529494
H1@H4,wick_touch,at_transition,push,mature,retested_2plus,1,82.0,2.0,0.903815995818185
H1@H4,wick_touch,at_transition,push,old,retested_2plus,1,324.0,2.0,1.105159289540433
H1@H4,wick_touch,at_transition,push,young,retested_2plus,2,33.5,1.5,1.530726843719271
H1@H4,wick_touch,at_transition,reversal,fresh,retested_2plus,4,7.75,1.5,1.9251526505728573
H1@H4,wick_touch,at_transition,reversal,mature,retested_2plus,1,135.0,1.0,4.329076596494335
H1@H4,wick_touch,at_transition,reversal,old,retested_2plus,6,698.8333333333334,1.3333333333333333,19.919530198543786
H1@H4,wick_touch,at_transition,reversal,young,retested_2plus,3,27.333333333333332,1.6666666666666667,1.8593625154867333
H1@H4,wick_touch,neutral,continuation,fresh,retested_1,281,4.156583629893238,1.4555160142348755,1.6949022483213534
H1@H4,wick_touch,neutral,continuation,fresh,retested_2plus,2230,5.528699551569507,1.4560538116591928,1.8729972338043246
H1@H4,wick_touch,neutral,continuation,mature,retested_1,25,88.16,1.32,1.4410787713427344
H1@H4,wick_touch,neutral,continuation,mature,retested_2plus,735,104.32244897959184,1.4639455782312925,2.12897610343586
H1@H4,wick_touch,neutral,continuation,old,retested_1,11,795.1818181818181,1.1818181818181819,1.5519180520385631
H1@H4,wick_touch,neutral,continuation,old,retested_2plus,565,760.0690265486726,1.4690265486725664,2.1405851043759214
H1@H4,wick_touch,neutral,continuation,young,retested_1,90,22.38888888888889,1.5888888888888888,1.8803048480721263
H1@H4,wick_touch,neutral,continuation,young,retested_2plus,2174,24.942502299908003,1.4567617295308188,1.9361251276288525
H1@H4,wick_touch,neutral,pullback,fresh,retested_1,109,2.8073394495412844,1.4495412844036697,1.7666239660104137
H1@H4,wick_touch,neutral,pullback,fresh,retested_2plus,198,8.11111111111111,1.378787878787879,2.0384028722198946
H1@H4,wick_touch,neutral,pullback,mature,retested_1,3,109.0,1.6666666666666667,1.1675553952083129
H1@H4,wick_touch,neutral,pullback,mature,retested_2plus,583,104.29845626072041,1.4665523156089193,2.210107685374367
H1@H4,wick_touch,neutral,pullback,old,retested_1,6,840.1666666666666,1.5,1.678261719526555
H1@H4,wick_touch,neutral,pullback,old,retested_2plus,325,738.8830769230769,1.406153846153846,2.3023936890448784
H1@H4,wick_touch,neutral,pullback,young,retested_1,14,25.785714285714285,1.3571428571428572,1.768455382373871
H1@H4,wick_touch,neutral,pullback,young,retested_2plus,1124,27.369217081850532,1.4110320284697508,2.2786517715291197
H1@H4,wick_touch,neutral,push,fresh,retested_1,1,9.0,2.0,1.1658450704225116
H1@H4,wick_touch,neutral,push,fresh,retested_2plus,2,9.0,2.0,1.2365060138552004
H1@H4,wick_touch,neutral,push,mature,retested_1,1,119.0,2.0,1.3543115831136
H1@H4,wick_touch,neutral,push,mature,retested_2plus,16,107.1875,1.375,2.1021698891297937
H1@H4,wick_touch,neutral,push,old,retested_1,2,684.0,2.0,1.8715935749691035
H1@H4,wick_touch,neutral,push,old,retested_2plus,18,898.1111111111111,1.8333333333333333,1.992951732212
H1@H4,wick_touch,neutral,push,young,retested_1,2,19.5,1.0,1.758838839759218
H1@H4,wick_touch,neutral,push,young,retested_2plus,3,37.333333333333336,1.6666666666666667,1.9108106477192266
H1@H4,wick_touch,neutral,reversal,fresh,retested_1,2,3.0,1.0,2.944142376414482
H1@H4,wick_touch,neutral,reversal,fresh,retested_2plus,22,6.7727272727272725,1.1818181818181819,3.3072433377410473
H1@H4,wick_touch,neutral,reversal,mature,retested_2plus,13,90.46153846153847,1.0769230769230769,2.733534533339046
H1@H4,wick_touch,neutral,reversal,old,retested_2plus,32,439.375,1.65625,17.85547992174301
H1@H4,wick_touch,neutral,reversal,young,retested_1,1,21.0,1.0,1.2830746489281448
H1@H4,wick_touch,neutral,reversal,young,retested_2plus,48,25.125,1.5,2.584826257345778
H1@H4,wick_touch,with_daily,continuation,fresh,retested_1,415,3.802409638554217,2.3566265060240963,1.5585501009174012
H1@H4,wick_touch,with_daily,continuation,fresh,retested_2plus,2302,5.2258905299739355,2.2245873153779323,1.7102911370245737
H1@H4,wick_touch,with_daily,continuation,mature,retested_1,7,101.42857142857143,1.8571428571428572,1.5687671668742507
H1@H4,wick_touch,with_daily,continuation,mature,retested_2plus,358,100.44692737430168,1.664804469273743,2.0615151995958065
H1@H4,wick_touch,with_daily,continuation,old,retested_1,5,1225.0,1.6,1.9565245344398978
H1@H4,wick_touch,with_daily,continuation,old,retested_2plus,267,701.3595505617977,1.6779026217228465,2.114572176632166
H1@H4,wick_touch,with_daily,continuation,young,retested_1,140,19.728571428571428,2.1785714285714284,1.6428093998471125
H1@H4,wick_touch,with_daily,continuation,young,retested_2plus,2399,22.694456023343058,2.1442267611504793,1.8811517126251298
H1@H4,wick_touch,with_daily,pullback,fresh,retested_1,103,2.5728155339805827,2.0,1.639503033795969
H1@H4,wick_touch,with_daily,pullback,fresh,retested_2plus,106,8.660377358490566,1.4245283018867925,2.4299989378541946
H1@H4,wick_touch,with_daily,pullback,mature,retested_1,8,109.625,1.5,1.366367598286193
H1@H4,wick_touch,with_daily,pullback,mature,retested_2plus,338,101.70118343195266,1.8609467455621302,2.2747608511394053
H1@H4,wick_touch,with_daily,pullback,old,retested_1,4,671.0,1.25,1.256524411434583
H1@H4,wick_touch,with_daily,pullback,old,retested_2plus,243,746.6913580246913,1.9176954732510287,2.447559426206779
H1@H4,wick_touch,with_daily,pullback,young,retested_1,30,22.733333333333334,2.033333333333333,1.6941726875815528
H1@H4,wick_touch,with_daily,pullback,young,retested_2plus,1094,26.244058500914075,1.882998171846435,2.1861587684978407
H1@H4,wick_touch,with_daily,push,fresh,retested_2plus,2,10.0,2.0,1.2431826783114757
H1@H4,wick_touch,with_daily,push,mature,retested_2plus,14,61.785714285714285,1.1428571428571428,1.9044254122451938
H1@H4,wick_touch,with_daily,push,old,retested_1,1,1105.0,3.0,1.389359939005779
H1@H4,wick_touch,with_daily,push,old,retested_2plus,17,1014.1764705882352,1.411764705882353,2.245180582480529
H1@H4,wick_touch,with_daily,push,young,retested_1,3,24.666666666666668,2.0,1.4598439910891454
H1@H4,wick_touch,with_daily,push,young,retested_2plus,43,24.790697674418606,1.9534883720930232,1.821074319404383
H1@H4,wick_touch,with_daily,reversal,fresh,retested_1,1,2.0,1.0,1.3870582805501563
H1@H4,wick_touch,with_daily,reversal,fresh,retested_2plus,1,3.0,1.0,1.7580576874140421
H1@H4,wick_touch,with_daily,reversal,mature,retested_2plus,19,123.78947368421052,2.9473684210526314,11.900122588721926
H1@H4,wick_touch,with_daily,reversal,old,retested_2plus,65,742.1538461538462,1.8153846153846154,20.555825632199042
H1@H4,wick_touch,with_daily,reversal,young,retested_1,1,18.0,2.0,0.9862012987012676
H1@H4,wick_touch,with_daily,reversal,young,retested_2plus,46,26.17391304347826,1.6956521739130435,2.703603537423441
M15@H1,body_close,against_daily,continuation,fresh,first_touch,5,2.8,2.2,0.9842807401735962
M15@H1,body_close,against_daily,continuation,fresh,retested_1,880,3.1784090909090907,2.2670454545454546,0.7208937359588832
M15@H1,body_close,against_daily,continuation,fresh,retested_2plus,14302,5.469934274926584,2.2207383582715705,0.8168683614195813
M15@H1,body_close,against_daily,continuation,mature,retested_1,43,87.11627906976744,2.0,0.8741978175259896
M15@H1,body_close,against_daily,continuation,mature,retested_2plus,6944,111.4447004608295,1.8977534562211982,1.2490307032133492
M15@H1,body_close,against_daily,continuation,old,retested_1,20,1013.85,2.0,0.844184774700922
M15@H1,body_close,against_daily,continuation,old,retested_2plus,6899,774.3330917524279,2.3093201913320773,1.3672117636018095
M15@H1,body_close,against_daily,continuation,young,retested_1,44,24.863636363636363,2.2954545454545454,0.9420832743785647
M15@H1,body_close,against_daily,continuation,young,retested_2plus,7028,19.343056346044396,2.1797097324985772,1.1173714910863215
M15@H1,body_close,against_daily,pullback,fresh,retested_1,499,2.62124248496994,2.1442885771543088,0.6611466479471177
M15@H1,body_close,against_daily,pullback,fresh,retested_2plus,1604,8.03865336658354,2.1521197007481296,1.2379033625652291
M15@H1,body_close,against_daily,pullback,mature,retested_1,13,100.15384615384616,1.5384615384615385,1.0363084436345125
M15@H1,body_close,against_daily,pullback,mature,retested_2plus,2967,112.86450960566229,1.9177620492079541,1.454596571841932
M15@H1,body_close,against_daily,pullback,old,retested_1,10,1143.6,2.0,0.5864382501476808
M15@H1,body_close,against_daily,pullback,old,retested_2plus,3494,714.3125357756153,2.2850601030337723,1.4261782992808514
M15@H1,body_close,against_daily,pullback,young,first_touch,1,50.0,3.0,1.3454301075265636
M15@H1,body_close,against_daily,pullback,young,retested_1,15,31.933333333333334,2.0,0.7988271232792074
M15@H1,body_close,against_daily,pullback,young,retested_2plus,3178,18.427627438640656,2.327249842668345,1.4231422821048532
M15@H1,body_close,against_daily,push,fresh,retested_1,1,8.0,1.0,0.4513590030359507
M15@H1,body_close,against_daily,push,fresh,retested_2plus,9,9.333333333333334,1.0,0.4795965303563661
M15@H1,body_close,against_daily,push,mature,retested_1,2,148.0,2.5,1.1335977517788733
M15@H1,body_close,against_daily,push,mature,retested_2plus,102,132.64705882352942,1.7254901960784315,1.1538306841850352
M15@H1,body_close,against_daily,push,old,retested_1,4,736.25,3.0,0.3376217774304453
M15@H1,body_close,against_daily,push,old,retested_2plus,193,647.0725388601036,2.2642487046632125,1.1300319914491177
M15@H1,body_close,against_daily,push,young,retested_2plus,6,11.0,1.6666666666666667,0.4398964869356128
M15@H1,body_close,against_daily,reversal,fresh,retested_1,27,3.2222222222222223,2.5555555555555554,0.6402726166801861
M15@H1,body_close,against_daily,reversal,fresh,retested_2plus,370,5.813513513513514,2.518918918918919,1.0700574671677683
M15@H1,body_close,against_daily,reversal,mature,retested_2plus,249,118.02008032128514,2.2248995983935744,1.7015914211169083
M15@H1,body_close,against_daily,reversal,old,retested_1,2,472.0,3.0,1.9882522599920518
M15@H1,body_close,against_daily,reversal,old,retested_2plus,146,500.3150684931507,2.3013698630136985,2.474312107311707
M15@H1,body_close,against_daily,reversal,young,retested_1,1,11.0,3.0,2.1942078364564375
M15@H1,body_close,against_daily,reversal,young,retested_2plus,419,18.39856801909308,2.587112171837709,1.4322079963231147
M15@H1,body_close,at_transition,continuation,fresh,retested_1,11,4.2727272727272725,1.6363636363636365,1.2857952493436802
M15@H1,body_close,at_transition,continuation,fresh,retested_2plus,293,6.3447098976109215,1.484641638225256,1.2334296977728438
M15@H1,body_close,at_transition,continuation,mature,retested_1,8,53.25,1.375,1.4220224162228372
M15@H1,body_close,at_transition,continuation,mature,retested_2plus,214,90.73364485981308,1.4065420560747663,1.473102732705733
M15@H1,body_close,at_transition,continuation,old,retested_2plus,57,908.719298245614,1.5263157894736843,1.524851174292369
M15@H1,body_close,at_transition,continuation,young,retested_1,3,50.0,1.3333333333333333,0.7144399317597689
M15@H1,body_close,at_transition,continuation,young,retested_2plus,96,21.895833333333332,1.5104166666666667,1.1114832607818836
M15@H1,body_close,at_transition,pullback,fresh,retested_2plus,34,8.058823529411764,1.588235294117647,1.578273170703758
M15@H1,body_close,at_transition,pullback,mature,retested_1,3,52.666666666666664,1.6666666666666667,0.516315240282453
M15@H1,body_close,at_transition,pullback,mature,retested_2plus,67,84.64179104477611,1.4029850746268657,1.1560440172608986
M15@H1,body_close,at_transition,pullback,old,retested_2plus,30,805.6333333333333,1.5666666666666667,1.568167692337887
M15@H1,body_close,at_transition,pullback,young,retested_1,6,46.166666666666664,1.6666666666666667,0.5786981682243946
M15@H1,body_close,at_transition,pullback,young,retested_2plus,26,21.76923076923077,1.4615384615384615,1.3652484591446639
M15@H1,body_close,at_transition,push,mature,retested_2plus,5,78.2,1.8,0.9102916657918504
M15@H1,body_close,at_transition,push,old,retested_2plus,1,322.0,1.0,2.413105413105439
M15@H1,body_close,at_transition,push,young,retested_2plus,1,39.0,2.0,0.3068311195446583
M15@H1,body_close,at_transition,reversal,fresh,retested_2plus,3,7.333333333333333,1.3333333333333333,0.9953183891815481
M15@H1,body_close,at_transition,reversal,mature,retested_2plus,9,122.66666666666667,1.6666666666666667,2.542293299104076
M15@H1,body_close,at_transition,reversal,young,retested_2plus,3,19.333333333333332,2.0,2.8412307586230354
M15@H1,body_close,neutral,continuation,fresh,first_touch,5,2.0,1.4,0.8746735763007294
M15@H1,body_close,neutral,continuation,fresh,retested_1,712,3.2780898876404496,1.4578651685393258,0.659928845300022
M15@H1,body_close,neutral,continuation,fresh,retested_2plus,10540,5.361859582542695,1.4501897533206831,0.8018697428609959
M15@H1,body_close,neutral,continuation,mature,retested_1,40,87.2,1.4,0.8009088974344843
M15@H1,body_close,neutral,continuation,mature,retested_2plus,6666,99.0133513351335,1.3999399939994,1.4022720201342593
M15@H1,body_close,neutral,continuation,old,retested_1,15,621.4,1.5333333333333334,0.6117268997984513
M15@H1,body_close,neutral,continuation,old,retested_2plus,2975,704.2181512605042,1.4383193277310924,1.3193783768376868
M15@H1,body_close,neutral,continuation,young,retested_1,48,23.854166666666668,1.4166666666666667,0.9330267416698406
M15@H1,body_close,neutral,continuation,young,retested_2plus,6282,22.60665393186883,1.4293218720152818,1.150937049172058
M15@H1,body_close,neutral,pullback,fresh,first_touch,1,3.0,1.0,0.911082474226739
M15@H1,body_close,neutral,pullback,fresh,retested_1,389,2.7377892030848328,1.4498714652956297,0.6270660772473106
M15@H1,body_close,neutral,pullback,fresh,retested_2plus,951,7.917981072555205,1.4574132492113565,1.243541585398694
M15@H1,body_close,neutral,pullback,mature,retested_1,11,133.36363636363637,1.5454545454545454,0.7531225939614508
M15@H1,body_close,neutral,pullback,mature,retested_2plus,3018,98.87475149105367,1.4817760106030484,1.525692440525417
M15@H1,body_close,neutral,pullback,old,retested_1,4,378.25,1.75,0.8679175752262092
M15@H1,body_close,neutral,pullback,old,retested_2plus,1211,607.9413707679604,1.5020644095788604,1.4960490700172928
M15@H1,body_close,neutral,pullback,young,retested_1,14,30.214285714285715,1.3571428571428572,0.45090069166266794
M15@H1,body_close,neutral,pullback,young,retested_2plus,2705,21.887985212569316,1.4968576709796673,1.3614653737109528
M15@H1,body_close,neutral,push,fresh,retested_1,1,8.0,1.0,0.5585106382978074
M15@H1,body_close,neutral,push,fresh,retested_2plus,12,8.0,1.5,0.5633603973777028
M15@H1,body_close,neutral,push,mature,retested_1,1,185.0,2.0,2.3897849462363014
M15@H1,body_close,neutral,push,mature,retested_2plus,71,95.87323943661971,1.5492957746478873,0.78037648858365
M15@H1,body_close,neutral,push,old,retested_2plus,85,735.1058823529412,1.0823529411764705,1.1253819191296022
M15@H1,body_close,neutral,push,young,retested_1,1,23.0,2.0,0.42025469981818825
M15@H1,body_close,neutral,push,young,retested_2plus,76,36.5921052631579,1.2894736842105263,1.282597628995074
M15@H1,body_close,neutral,reversal,fresh,retested_1,8,3.0,1.5,0.6810528619557861
M15@H1,body_close,neutral,reversal,fresh,retested_2plus,95,6.368421052631579,1.263157894736842,1.0700488948748812
M15@H1,body_close,neutral,reversal,mature,retested_2plus,378,121.1058201058201,1.6216931216931216,1.910324127667767
M15@H1,body_close,neutral,reversal,old,retested_2plus,12,505.75,2.0,0.5859250411027489
M15@H1,body_close,neutral,reversal,young,retested_2plus,116,29.655172413793103,1.3103448275862069,1.806225481531306
M15@H1,body_close,with_daily,continuation,fresh,first_touch,2,2.5,3.0,0.8327887888243546
M15@H1,body_close,with_daily,continuation,fresh,retested_1,864,3.087962962962963,2.21875,0.6660824324461345
M15@H1,body_close,with_daily,continuation,fresh,retested_2plus,14845,5.401549343213203,2.2342202761872683,0.7868720779356977
M15@H1,body_close,with_daily,continuation,mature,retested_1,39,76.51282051282051,2.2564102564102564,0.8014775039749997
M15@H1,body_close,with_daily,continuation,mature,retested_2plus,5706,87.13932702418506,2.1529968454258674,0.9904383401812242
M15@H1,body_close,with_daily,continuation,old,retested_1,7,360.57142857142856,1.7142857142857142,0.6048444108532992
M15@H1,body_close,with_daily,continuation,old,retested_2plus,885,523.9084745762711,1.6384180790960452,1.3274785369174846
M15@H1,body_close,with_daily,continuation,young,retested_1,76,25.526315789473685,2.0921052631578947,0.7373542421719639
M15@H1,body_close,with_daily,continuation,young,retested_2plus,7763,22.453948215895917,2.221306196058225,0.9501302308208857
M15@H1,body_close,with_daily,pullback,fresh,first_touch,4,2.0,2.5,0.6220709932281352
M15@H1,body_close,with_daily,pullback,fresh,retested_1,505,2.726732673267327,2.285148514851485,0.6772862995004925
M15@H1,body_close,with_daily,pullback,fresh,retested_2plus,1311,7.877955758962624,2.2112890922959574,1.038531751517834
M15@H1,body_close,with_daily,pullback,mature,retested_1,11,61.63636363636363,2.272727272727273,0.5760276290720991
M15@H1,body_close,with_daily,pullback,mature,retested_2plus,2119,91.70127418593677,2.182633317602643,1.15655430881935
M15@H1,body_close,with_daily,pullback,old,retested_1,3,341.3333333333333,2.0,1.0493081169505116
M15@H1,body_close,with_daily,pullback,old,retested_2plus,454,629.5022026431718,1.751101321585903,1.2150120990182283
M15@H1,body_close,with_daily,pullback,young,retested_1,21,32.38095238095238,2.1904761904761907,0.7067829760244678
M15@H1,body_close,with_daily,pullback,young,retested_2plus,3283,23.498933901918978,2.280231495583308,1.139445341024913
M15@H1,body_close,with_daily,push,fresh,retested_1,1,7.0,2.0,0.13622329859226004
M15@H1,body_close,with_daily,push,fresh,retested_2plus,71,8.112676056338028,2.535211267605634,0.5964691590407041
M15@H1,body_close,with_daily,push,mature,retested_2plus,78,76.46153846153847,2.91025641025641,0.7691018902077845
M15@H1,body_close,with_daily,push,young,retested_1,4,29.5,3.0,1.4497716375602132
M15@H1,body_close,with_daily,push,young,retested_2plus,331,24.64652567975831,2.712990936555891,0.8934730092376577
M15@H1,body_close,with_daily,reversal,fresh,retested_1,4,4.0,2.25,0.392542865207873
M15@H1,body_close,with_daily,reversal,fresh,retested_2plus,41,6.170731707317073,2.1219512195121952,0.7207857193117309
M15@H1,body_close,with_daily,reversal,mature,retested_2plus,176,99.21022727272727,2.039772727272727,1.043039731992272
M15@H1,body_close,with_daily,reversal,old,retested_2plus,1,215.0,3.0,0.9474991419488792
M15@H1,body_close,with_daily,reversal,young,retested_2plus,41,42.707317073170735,1.0975609756097562,1.2180591298821595
M15@H1,break_through,against_daily,continuation,fresh,first_touch,50,2.4,1.98,1.7843704441397106
M15@H1,break_through,against_daily,continuation,mature,first_touch,1,53.0,1.0,1.6115251108081106
M15@H1,break_through,against_daily,continuation,young,first_touch,3,50.0,2.3333333333333335,1.6608570783295395
M15@H1,break_through,against_daily,pullback,fresh,first_touch,42,2.4285714285714284,2.238095238095238,1.456470627082566
M15@H1,break_through,against_daily,pullback,mature,first_touch,2,52.0,2.0,1.1221047798297128
M15@H1,break_through,against_daily,reversal,fresh,first_touch,2,5.0,3.0,1.743251483190249
M15@H1,break_through,at_transition,continuation,mature,first_touch,1,51.0,2.0,1.8496134926213006
M15@H1,break_through,at_transition,continuation,young,first_touch,2,50.0,1.0,1.3930178751661453
M15@H1,break_through,neutral,continuation,fresh,first_touch,41,2.3658536585365852,1.4146341463414633,1.7940975989788255
M15@H1,break_through,neutral,continuation,mature,first_touch,1,52.0,1.0,1.704863639166633
M15@H1,break_through,neutral,continuation,young,first_touch,1,50.0,1.0,2.4616691078360966
M15@H1,break_through,neutral,pullback,fresh,first_touch,42,2.4047619047619047,1.3571428571428572,1.7019286751506524
M15@H1,break_through,neutral,pullback,young,first_touch,1,50.0,1.0,0.7490445859873822
M15@H1,break_through,with_daily,continuation,fresh,first_touch,45,2.466666666666667,2.2444444444444445,1.5546137474654866
M15@H1,break_through,with_daily,continuation,mature,first_touch,2,51.0,2.0,2.205680635558592
M15@H1,break_through,with_daily,continuation,young,first_touch,1,50.0,3.0,0.8630136986303057
M15@H1,break_through,with_daily,pullback,fresh,first_touch,35,2.9714285714285715,2.342857142857143,1.534036826820434
M15@H1,near_miss,against_daily,continuation,fresh,first_touch,1119,3.8346738159070597,2.2806076854334227,1.9717357140570304
M15@H1,near_miss,against_daily,continuation,fresh,retested_1,517,4.261121856866538,2.1779497098646035,2.0966647331750545
M15@H1,near_miss,against_daily,continuation,fresh,retested_2plus,2670,5.803370786516854,2.2228464419475658,2.185257054453977
M15@H1,near_miss,against_daily,continuation,mature,first_touch,71,102.14084507042253,2.056338028169014,1.9277312277553484
M15@H1,near_miss,against_daily,continuation,mature,retested_1,32,101.65625,2.34375,2.082819731116385
M15@H1,near_miss,against_daily,continuation,mature,retested_2plus,1228,115.21742671009773,1.9144951140065147,2.722979779057392
M15@H1,near_miss,against_daily,continuation,old,first_touch,52,857.8653846153846,2.230769230769231,1.8413075618639816
M15@H1,near_miss,against_daily,continuation,old,retested_1,30,588.6666666666666,2.3666666666666667,2.5544722798151533
M15@H1,near_miss,against_daily,continuation,old,retested_2plus,1357,858.4303610906411,2.21518054532056,2.4325736681075036
M15@H1,near_miss,against_daily,continuation,young,first_touch,100,16.85,2.19,2.2745183126372472
M15@H1,near_miss,against_daily,continuation,young,retested_1,59,19.135593220338983,2.389830508474576,2.1561873684806327
M15@H1,near_miss,against_daily,continuation,young,retested_2plus,1573,19.67387158296249,2.2797202797202796,2.3555977313416485
M15@H1,near_miss,against_daily,pullback,fresh,first_touch,186,2.6666666666666665,2.306451612903226,1.8233955248395475
M15@H1,near_miss,against_daily,pullback,fresh,retested_1,4,9.0,1.5,2.551598291289362
M15@H1,near_miss,against_daily,pullback,fresh,retested_2plus,387,8.020671834625324,2.255813953488372,2.4267855562008878
M15@H1,near_miss,against_daily,pullback,mature,first_touch,14,107.21428571428571,1.9285714285714286,2.0940153807214843
M15@H1,near_miss,against_daily,pullback,mature,retested_1,15,122.6,1.9333333333333333,2.032824355520915
M15@H1,near_miss,against_daily,pullback,mature,retested_2plus,849,116.41460541813899,1.8798586572438163,2.678998771126784
M15@H1,near_miss,against_daily,pullback,old,first_touch,12,576.6666666666666,2.0833333333333335,1.6100444426835177
M15@H1,near_miss,against_daily,pullback,old,retested_1,3,699.0,1.6666666666666667,1.4716026102111306
M15@H1,near_miss,against_daily,pullback,old,retested_2plus,1031,782.6440349175558,2.2599418040737147,2.455718607554549
M15@H1,near_miss,against_daily,pullback,young,first_touch,17,18.41176470588235,2.235294117647059,2.459325714071448
M15@H1,near_miss,against_daily,pullback,young,retested_1,11,17.181818181818183,1.7272727272727273,2.71200648880438
M15@H1,near_miss,against_daily,pullback,young,retested_2plus,1242,19.186795491143318,2.293075684380032,2.7779729912396625
M15@H1,near_miss,against_daily,push,fresh,first_touch,2,7.5,1.0,1.7312704925876288
M15@H1,near_miss,against_daily,push,fresh,retested_2plus,5,9.6,1.4,1.3382945639281392
M15@H1,near_miss,against_daily,push,mature,first_touch,5,146.8,2.0,4.325320158187532
M15@H1,near_miss,against_daily,push,mature,retested_1,1,171.0,2.0,0.654879140555034
M15@H1,near_miss,against_daily,push,mature,retested_2plus,54,130.25925925925927,1.9444444444444444,2.426278923776346
M15@H1,near_miss,against_daily,push,old,first_touch,1,1669.0,3.0,1.732824181991812
M15@H1,near_miss,against_daily,push,old,retested_1,1,333.0,3.0,2.2255285826154494
M15@H1,near_miss,against_daily,push,old,retested_2plus,63,481.6666666666667,2.365079365079365,2.6167156050665588
M15@H1,near_miss,against_daily,reversal,fresh,first_touch,26,4.653846153846154,2.730769230769231,2.0766242407975457
M15@H1,near_miss,against_daily,reversal,fresh,retested_1,12,4.5,2.3333333333333335,2.4182058968973794
M15@H1,near_miss,against_daily,reversal,fresh,retested_2plus,81,6.851851851851852,2.7037037037037037,2.649218147192767
M15@H1,near_miss,against_daily,reversal,mature,retested_1,2,59.5,2.0,4.244079379101092
M15@H1,near_miss,against_daily,reversal,mature,retested_2plus,47,118.2127659574468,2.1914893617021276,2.885448495226832
M15@H1,near_miss,against_daily,reversal,old,first_touch,4,740.75,3.0,1.84369288404267
M15@H1,near_miss,against_daily,reversal,old,retested_2plus,37,614.7837837837837,2.081081081081081,3.6133748772257492
M15@H1,near_miss,against_daily,reversal,young,first_touch,3,25.0,1.0,1.6643224036546551
M15@H1,near_miss,against_daily,reversal,young,retested_1,1,13.0,2.0,2.6117740652346457
M15@H1,near_miss,against_daily,reversal,young,retested_2plus,87,17.563218390804597,2.6551724137931036,2.982049725845697
M15@H1,near_miss,at_transition,continuation,fresh,first_touch,17,6.529411764705882,1.7058823529411764,3.438937313885856
M15@H1,near_miss,at_transition,continuation,fresh,retested_1,4,5.75,1.0,2.8300284397234834
M15@H1,near_miss,at_transition,continuation,fresh,retested_2plus,33,6.212121212121212,1.4242424242424243,2.884848864163917
M15@H1,near_miss,at_transition,continuation,mature,first_touch,3,67.66666666666667,1.0,2.5287858451783545
M15@H1,near_miss,at_transition,continuation,mature,retested_1,1,103.0,1.0,3.0476923076918983
M15@H1,near_miss,at_transition,continuation,mature,retested_2plus,31,85.48387096774194,1.4516129032258065,3.3502338864614685
M15@H1,near_miss,at_transition,continuation,old,first_touch,2,491.5,2.0,2.6699058609174138
M15@H1,near_miss,at_transition,continuation,old,retested_2plus,8,942.875,1.375,2.238006295354736
M15@H1,near_miss,at_transition,continuation,young,first_touch,1,50.0,1.0,1.2934010152283608
M15@H1,near_miss,at_transition,continuation,young,retested_2plus,19,22.526315789473685,1.5789473684210527,3.5448865385448953
M15@H1,near_miss,at_transition,pullback,fresh,first_touch,1,8.0,1.0,6.569609611614397
M15@H1,near_miss,at_transition,pullback,fresh,retested_2plus,5,7.6,1.2,2.6299757203972733
M15@H1,near_miss,at_transition,pullback,mature,first_touch,1,51.0,2.0,1.499417927823447
M15@H1,near_miss,at_transition,pullback,mature,retested_2plus,30,97.06666666666666,1.5666666666666667,3.703463299285492
M15@H1,near_miss,at_transition,pullback,old,retested_2plus,8,456.5,1.75,3.1780957376716894
M15@H1,near_miss,at_transition,pullback,young,retested_2plus,15,21.2,1.4666666666666666,2.9912105007273966
M15@H1,near_miss,at_transition,push,old,retested_2plus,1,346.0,2.0,3.639503985828323
M15@H1,near_miss,at_transition,reversal,fresh,first_touch,1,3.0,2.0,2.1665510062456463
M15@H1,near_miss,at_transition,reversal,fresh,retested_2plus,1,8.0,1.0,3.524904147904573
M15@H1,near_miss,neutral,continuation,fresh,first_touch,874,3.8466819221967965,1.4691075514874141,1.9515964143921882
M15@H1,near_miss,neutral,continuation,fresh,retested_1,322,4.444099378881988,1.3726708074534162,2.0786565307920095
M15@H1,near_miss,neutral,continuation,fresh,retested_2plus,1797,5.732331663884252,1.4201446855870896,2.1878238775515704
M15@H1,near_miss,neutral,continuation,mature,first_touch,89,86.5505617977528,1.449438202247191,2.1380423718985955
M15@H1,near_miss,neutral,continuation,mature,retested_1,29,111.17241379310344,1.4827586206896552,2.001167538882314
M15@H1,near_miss,neutral,continuation,mature,retested_2plus,1499,103.76517678452302,1.3855903935957306,2.563199076783588
M15@H1,near_miss,neutral,continuation,old,first_touch,34,910.7941176470588,1.3529411764705883,1.668518549764156
M15@H1,near_miss,neutral,continuation,old,retested_1,10,797.5,1.4,1.7676618108980215
M15@H1,near_miss,neutral,continuation,old,retested_2plus,653,706.3016845329249,1.4869831546707504,2.6445577442206285
M15@H1,near_miss,neutral,continuation,young,first_touch,110,21.836363636363636,1.4454545454545455,2.210599528699138
M15@H1,near_miss,neutral,continuation,young,retested_1,60,25.333333333333332,1.5166666666666666,2.1306389281727367
M15@H1,near_miss,neutral,continuation,young,retested_2plus,1359,23.614422369389256,1.445916114790287,2.315080397853664
M15@H1,near_miss,neutral,pullback,fresh,first_touch,124,2.774193548387097,1.3548387096774193,1.9380562191580712
M15@H1,near_miss,neutral,pullback,fresh,retested_1,2,8.5,1.5,1.5413841028722959
M15@H1,near_miss,neutral,pullback,fresh,retested_2plus,269,7.710037174721189,1.41635687732342,2.4074405036999127
M15@H1,near_miss,neutral,pullback,mature,first_touch,11,115.0,1.2727272727272727,1.8005198879045177
M15@H1,near_miss,neutral,pullback,mature,retested_1,9,90.88888888888889,1.7777777777777777,2.731453546921548
M15@H1,near_miss,neutral,pullback,mature,retested_2plus,994,106.98792756539235,1.4476861167002013,2.7024776203243475
M15@H1,near_miss,neutral,pullback,old,first_touch,2,1850.0,2.0,1.73305665165964
M15@H1,near_miss,neutral,pullback,old,retested_1,3,1937.0,2.0,2.0270134302922607
M15@H1,near_miss,neutral,pullback,old,retested_2plus,491,641.2627291242362,1.3930753564154785,2.5392895893992056
M15@H1,near_miss,neutral,pullback,young,first_touch,16,21.8125,1.5625,2.4068517105016705
M15@H1,near_miss,neutral,pullback,young,retested_1,18,23.444444444444443,1.6666666666666667,1.9818759977506697
M15@H1,near_miss,neutral,pullback,young,retested_2plus,840,23.652380952380952,1.438095238095238,2.5647448993460973
M15@H1,near_miss,neutral,push,fresh,first_touch,1,8.0,1.0,0.9095697980684259
M15@H1,near_miss,neutral,push,fresh,retested_2plus,3,8.0,2.0,2.110310764597878
M15@H1,near_miss,neutral,push,mature,first_touch,7,108.71428571428571,1.4285714285714286,1.48959635211873
M15@H1,near_miss,neutral,push,mature,retested_1,2,81.0,2.0,0.5759790239906526
M15@H1,near_miss,neutral,push,mature,retested_2plus,26,121.61538461538461,1.6538461538461537,2.1341840363416065
M15@H1,near_miss,neutral,push,old,first_touch,2,423.5,1.0,2.6699582292592314
M15@H1,near_miss,neutral,push,old,retested_2plus,20,734.55,1.35,3.0975580573000494
M15@H1,near_miss,neutral,push,young,retested_2plus,12,29.333333333333332,1.5833333333333333,2.366696531068944
M15@H1,near_miss,neutral,reversal,fresh,first_touch,11,2.5454545454545454,1.5454545454545454,1.9392416324823107
M15@H1,near_miss,neutral,reversal,fresh,retested_1,1,4.0,1.0,1.882870370370323
M15@H1,near_miss,neutral,reversal,fresh,retested_2plus,16,5.9375,1.4375,2.506204458296787
M15@H1,near_miss,neutral,reversal,mature,retested_2plus,39,96.2051282051282,1.6153846153846154,3.860486585639484
M15@H1,near_miss,neutral,reversal,old,retested_2plus,2,496.0,2.0,2.168008653700559
M15@H1,near_miss,neutral,reversal,young,first_touch,1,17.0,2.0,5.984412470023693
M15@H1,near_miss,neutral,reversal,young,retested_2plus,36,30.88888888888889,1.0833333333333333,4.213964020318763
M15@H1,near_miss,with_daily,continuation,fresh,first_touch,985,3.914720812182741,2.2324873096446702,1.9252164228520128
M15@H1,near_miss,with_daily,continuation,fresh,retested_1,491,4.134419551934827,2.1547861507128308,2.0142827121767968
M15@H1,near_miss,with_daily,continuation,fresh,retested_2plus,2424,5.969059405940594,2.2103960396039604,2.153257970788609
M15@H1,near_miss,with_daily,continuation,mature,first_touch,135,78.08148148148148,2.22962962962963,1.957162065669689
M15@H1,near_miss,with_daily,continuation,mature,retested_1,57,78.80701754385964,2.4210526315789473,1.9422136745756338
M15@H1,near_miss,with_daily,continuation,mature,retested_2plus,1554,93.61325611325611,2.2162162162162162,2.3608725372632877
M15@H1,near_miss,with_daily,continuation,old,first_touch,11,720.4545454545455,1.6363636363636365,1.7388829393162288
M15@H1,near_miss,with_daily,continuation,old,retested_1,2,1984.0,3.0,1.396626513184965
M15@H1,near_miss,with_daily,continuation,old,retested_2plus,293,703.4197952218431,1.5324232081911262,2.37000142546772
M15@H1,near_miss,with_daily,continuation,young,first_touch,194,24.010309278350515,2.2268041237113403,1.9107191907979733
M15@H1,near_miss,with_daily,continuation,young,retested_1,82,26.341463414634145,2.0853658536585367,1.992872626744521
M15@H1,near_miss,with_daily,continuation,young,retested_2plus,1790,24.705027932960895,2.310614525139665,2.2830407919858424
M15@H1,near_miss,with_daily,pullback,fresh,first_touch,169,2.6923076923076925,2.242603550295858,1.897726848740714
M15@H1,near_miss,with_daily,pullback,fresh,retested_1,3,8.666666666666666,2.3333333333333335,2.326117366743258
M15@H1,near_miss,with_daily,pullback,fresh,retested_2plus,297,7.956228956228956,2.255892255892256,2.221986080622477
M15@H1,near_miss,with_daily,pullback,mature,first_touch,12,75.91666666666667,2.25,1.5562825211183828
M15@H1,near_miss,with_daily,pullback,mature,retested_1,12,90.25,2.6666666666666665,1.7185810705860058
M15@H1,near_miss,with_daily,pullback,mature,retested_2plus,876,93.20433789954338,2.2374429223744294,2.381656151938377
M15@H1,near_miss,with_daily,pullback,old,first_touch,1,311.0,2.0,1.746917204932589
M15@H1,near_miss,with_daily,pullback,old,retested_1,2,849.0,2.0,1.165472607838762
M15@H1,near_miss,with_daily,pullback,old,retested_2plus,152,809.9736842105264,1.736842105263158,2.294651476518005
M15@H1,near_miss,with_daily,pullback,young,first_touch,44,29.09090909090909,2.0681818181818183,2.0405409435773896
M15@H1,near_miss,with_daily,pullback,young,retested_1,19,24.42105263157895,2.210526315789474,2.3805794052890463
M15@H1,near_miss,with_daily,pullback,young,retested_2plus,1132,25.82155477031802,2.2738515901060072,2.3660419331849423
M15@H1,near_miss,with_daily,push,fresh,retested_1,1,8.0,3.0,2.7816091954023827
M15@H1,near_miss,with_daily,push,fresh,retested_2plus,15,8.666666666666666,2.4,1.763478348174168
M15@H1,near_miss,with_daily,push,mature,first_touch,1,79.0,3.0,3.3121041164916885
M15@H1,near_miss,with_daily,push,mature,retested_1,1,79.0,3.0,2.603776082342302
M15@H1,near_miss,with_daily,push,mature,retested_2plus,39,78.23076923076923,2.769230769230769,1.9898073149985482
M15@H1,near_miss,with_daily,push,old,retested_2plus,2,1739.0,1.0,1.9201208003020582
M15@H1,near_miss,with_daily,push,young,first_touch,3,35.333333333333336,3.0,1.7980581037762047
M15@H1,near_miss,with_daily,push,young,retested_1,2,22.0,2.0,1.173475456604725
M15@H1,near_miss,with_daily,push,young,retested_2plus,101,26.693069306930692,2.6831683168316833,2.4277757899558687
M15@H1,near_miss,with_daily,reversal,fresh,first_touch,1,2.0,1.0,1.908855131530289
M15@H1,near_miss,with_daily,reversal,fresh,retested_2plus,6,6.0,1.0,2.135371992692972
M15@H1,near_miss,with_daily,reversal,mature,retested_2plus,25,99.08,2.16,3.336184080161723
M15@H1,near_miss,with_daily,reversal,young,retested_2plus,7,46.0,1.0,2.449478116150099
M15@H1,wick_touch,against_daily,continuation,fresh,retested_1,532,3.825187969924812,2.1973684210526314,1.6086898671009355
M15@H1,wick_touch,against_daily,continuation,fresh,retested_2plus,4125,5.2783030303030305,2.2414545454545456,1.7822164028688177
M15@H1,wick_touch,against_daily,continuation,mature,retested_1,31,102.41935483870968,2.3225806451612905,1.6306234261315453
M15@H1,wick_touch,against_daily,continuation,mature,retested_2plus,1453,112.81280110117,1.8926359256710255,2.3099504149045567
M15@H1,wick_touch,against_daily,continuation,old,retested_1,36,807.0,2.138888888888889,1.3480203022360044
M15@H1,wick_touch,against_daily,continuation,old,retested_2plus,1399,876.7955682630451,2.2580414581844175,2.176401081479868
M15@H1,wick_touch,against_daily,continuation,young,retested_1,43,16.41860465116279,2.2790697674418605,1.7181157616520735
M15@H1,wick_touch,against_daily,continuation,young,retested_2plus,1801,19.062742920599668,2.2387562465297055,2.201774220502887
M15@H1,wick_touch,against_daily,pullback,fresh,retested_1,188,2.643617021276596,2.2393617021276597,1.5483718928233061
M15@H1,wick_touch,against_daily,pullback,fresh,retested_2plus,443,7.801354401805869,2.1354401805869077,2.1420700788053266
M15@H1,wick_touch,against_daily,pullback,mature,retested_1,10,151.3,1.5,1.1034561284528317
M15@H1,wick_touch,against_daily,pullback,mature,retested_2plus,816,115.37867647058823,1.8909313725490196,2.3386863804730975
M15@H1,wick_touch,against_daily,pullback,old,retested_1,10,1174.5,2.3,1.8561442041080016
M15@H1,wick_touch,against_daily,pullback,old,retested_2plus,943,766.135737009544,2.2269353128313893,2.379731267612216
M15@H1,wick_touch,against_daily,pullback,young,retested_1,12,28.166666666666668,1.8333333333333333,1.8760024246126499
M15@H1,wick_touch,against_daily,pullback,young,retested_2plus,1205,18.702904564315354,2.3717842323651452,2.436904924374652
M15@H1,wick_touch,against_daily,push,mature,retested_1,2,151.5,2.0,2.950183478601978
M15@H1,wick_touch,against_daily,push,mature,retested_2plus,42,114.66666666666667,1.7380952380952381,2.3317517255021336
M15@H1,wick_touch,against_daily,push,old,retested_1,1,1852.0,1.0,1.2937187583098635
M15@H1,wick_touch,against_daily,push,old,retested_2plus,62,531.6451612903226,2.096774193548387,2.1065329580788785
M15@H1,wick_touch,against_daily,reversal,fresh,retested_1,18,4.055555555555555,2.2222222222222223,1.8563302942661315
M15@H1,wick_touch,against_daily,reversal,fresh,retested_2plus,83,5.963855421686747,2.63855421686747,1.9933158951503553
M15@H1,wick_touch,against_daily,reversal,mature,retested_2plus,39,122.66666666666667,2.2051282051282053,2.914475611106209
M15@H1,wick_touch,against_daily,reversal,old,retested_2plus,34,598.7647058823529,2.3529411764705883,4.222156630973383
M15@H1,wick_touch,against_daily,reversal,young,retested_1,1,11.0,3.0,1.8707557502741443
M15@H1,wick_touch,against_daily,reversal,young,retested_2plus,80,18.8125,2.55,2.9825574536295765
M15@H1,wick_touch,at_transition,continuation,fresh,retested_1,22,5.0,1.5,2.3760266085621273
M15@H1,wick_touch,at_transition,continuation,fresh,retested_2plus,75,6.08,1.5066666666666666,2.6429181281815026
M15@H1,wick_touch,at_transition,continuation,mature,retested_1,5,53.6,1.2,2.7826599502858302
M15@H1,wick_touch,at_transition,continuation,mature,retested_2plus,52,91.32692307692308,1.4807692307692308,2.6052915106207872
M15@H1,wick_touch,at_transition,continuation,old,retested_1,1,777.0,1.0,0.6693316277582569
M15@H1,wick_touch,at_transition,continuation,old,retested_2plus,19,638.6315789473684,1.4210526315789473,3.283459533061888
M15@H1,wick_touch,at_transition,continuation,young,retested_1,1,50.0,2.0,1.4832041343665858
M15@H1,wick_touch,at_transition,continuation,young,retested_2plus,20,25.05,1.2,2.8167323601178724
M15@H1,wick_touch,at_transition,pullback,fresh,retested_2plus,10,8.1,1.4,2.8507134035545034
M15@H1,wick_touch,at_transition,pullback,mature,retested_1,1,54.0,1.0,2.11627906976734
M15@H1,wick_touch,at_transition,pullback,mature,retested_2plus,31,100.12903225806451,1.6129032258064515,3.1735335690623674
M15@H1,wick_touch,at_transition,pullback,old,retested_2plus,12,624.1666666666666,1.75,2.5398405025534827
M15@H1,wick_touch,at_transition,pullback,young,retested_1,2,50.0,2.0,2.009215452491822
M15@H1,wick_touch,at_transition,pullback,young,retested_2plus,25,19.04,1.56,3.258021383235301
M15@H1,wick_touch,at_transition,push,young,retested_2plus,1,33.0,1.0,3.5477272727277653
M15@H1,wick_touch,at_transition,reversal,fresh,retested_1,1,6.0,2.0,4.068327974276617
M15@H1,wick_touch,at_transition,reversal,mature,retested_1,1,56.0,2.0,4.971558676748839
M15@H1,wick_touch,at_transition,reversal,young,retested_2plus,1,30.0,1.0,5.538314176245046
M15@H1,wick_touch,neutral,continuation,fresh,retested_1,353,3.71671388101983,1.4192634560906516,1.531359896432241
M15@H1,wick_touch,neutral,continuation,fresh,retested_2plus,2787,5.335127377108002,1.4474345174022245,1.769037530646539
M15@H1,wick_touch,neutral,continuation,mature,retested_1,35,91.62857142857143,1.457142857142857,1.703224355264789
M15@H1,wick_touch,neutral,continuation,mature,retested_2plus,1651,103.1701998788613,1.406420351302241,2.28905286773311
M15@H1,wick_touch,neutral,continuation,old,retested_1,15,1341.6,1.6666666666666667,1.258821839734739
M15@H1,wick_touch,neutral,continuation,old,retested_2plus,672,721.3720238095239,1.4702380952380953,2.264285429516094
M15@H1,wick_touch,neutral,continuation,young,retested_1,45,22.11111111111111,1.488888888888889,1.8925944194147077
M15@H1,wick_touch,neutral,continuation,young,retested_2plus,1665,23.377777777777776,1.4564564564564564,2.0821308070816475
M15@H1,wick_touch,neutral,pullback,fresh,retested_1,140,2.7714285714285714,1.4428571428571428,1.6238907262454358
M15@H1,wick_touch,neutral,pullback,fresh,retested_2plus,277,7.768953068592058,1.4512635379061372,2.17006776346302
M15@H1,wick_touch,neutral,pullback,mature,retested_1,5,126.4,1.4,1.2606973334372984
M15@H1,wick_touch,neutral,pullback,mature,retested_2plus,858,103.96386946386946,1.491841491841492,2.4812127138484628
M15@H1,wick_touch,neutral,pullback,old,retested_1,2,1201.0,1.5,0.9225825163618424
M15@H1,wick_touch,neutral,pullback,old,retested_2plus,442,626.9366515837104,1.5248868778280542,2.0614212938592047
M15@H1,wick_touch,neutral,pullback,young,retested_1,7,20.428571428571427,2.0,1.4894679843307368
M15@H1,wick_touch,neutral,pullback,young,retested_2plus,830,23.56867469879518,1.4759036144578312,2.3230063118817843
M15@H1,wick_touch,neutral,push,fresh,retested_2plus,7,8.0,1.5714285714285714,1.3691508528114187
M15@H1,wick_touch,neutral,push,mature,retested_1,3,116.33333333333333,1.6666666666666667,0.8846862114773
M15@H1,wick_touch,neutral,push,mature,retested_2plus,26,99.96153846153847,1.6923076923076923,1.8132965017513873
M15@H1,wick_touch,neutral,push,old,retested_1,1,424.0,1.0,2.244186046511521
M15@H1,wick_touch,neutral,push,old,retested_2plus,24,808.0833333333334,1.2083333333333333,2.3762533902471246
M15@H1,wick_touch,neutral,push,young,retested_2plus,17,30.705882352941178,1.5294117647058822,2.169187708967017
M15@H1,wick_touch,neutral,reversal,fresh,retested_1,3,4.0,1.3333333333333333,1.342921866051464
M15@H1,wick_touch,neutral,reversal,fresh,retested_2plus,23,5.260869565217392,1.434782608695652,2.0498236772403833
M15@H1,wick_touch,neutral,reversal,mature,retested_2plus,35,87.6,1.8857142857142857,3.596510370821226
M15@H1,wick_touch,neutral,reversal,old,retested_2plus,1,496.0,2.0,1.8884853437169022
M15@H1,wick_touch,neutral,reversal,young,retested_1,1,28.0,2.0,4.042887776983618
M15@H1,wick_touch,neutral,reversal,young,retested_2plus,35,31.142857142857142,1.2857142857142858,4.222908388814226
M15@H1,wick_touch,with_daily,continuation,fresh,retested_1,486,3.6152263374485596,2.1954732510288064,1.5321887312247828
M15@H1,wick_touch,with_daily,continuation,fresh,retested_2plus,4027,5.355848025825677,2.218276632729079,1.732667006559785
M15@H1,wick_touch,with_daily,continuation,mature,retested_1,68,71.63235294117646,2.411764705882353,1.5845502226760975
M15@H1,wick_touch,with_daily,continuation,mature,retested_2plus,1615,88.79752321981424,2.2272445820433435,1.9862091055985254
M15@H1,wick_touch,with_daily,continuation,old,retested_1,6,1073.6666666666667,1.3333333333333333,1.0378905311070163
M15@H1,wick_touch,with_daily,continuation,old,retested_2plus,253,674.699604743083,1.6758893280632412,1.9681962484648121
M15@H1,wick_touch,with_daily,continuation,young,retested_1,76,26.355263157894736,2.236842105263158,1.814197578583826
M15@H1,wick_touch,with_daily,continuation,young,retested_2plus,2092,23.489483747609942,2.2676864244741872,1.9106458996601179
M15@H1,wick_touch,with_daily,pullback,fresh,retested_1,190,2.6157894736842104,2.289473684210526,1.5485893194897902
M15@H1,wick_touch,with_daily,pullback,fresh,retested_2plus,342,7.932748538011696,2.280701754385965,1.9798201544582312
M15@H1,wick_touch,with_daily,pullback,mature,retested_1,15,85.0,2.6666666666666665,1.2296987828067762
M15@H1,wick_touch,with_daily,pullback,mature,retested_2plus,788,92.13324873096447,2.2576142131979697,2.024654457220724
M15@H1,wick_touch,with_daily,pullback,old,retested_1,3,1073.6666666666667,1.3333333333333333,1.593974463603003
M15@H1,wick_touch,with_daily,pullback,old,retested_2plus,145,883.4,1.7310344827586206,2.1015089790792008
M15@H1,wick_touch,with_daily,pullback,young,retested_1,23,29.304347826086957,2.3043478260869565,1.5726907118231914
M15@H1,wick_touch,with_daily,pullback,young,retested_2plus,1091,24.56095325389551,2.251145737855179,2.102686783282486
M15@H1,wick_touch,with_daily,push,fresh,retested_2plus,25,7.92,2.48,1.2632637594207385
M15@H1,wick_touch,with_daily,push,mature,retested_1,2,118.5,2.0,1.449610424446967
M15@H1,wick_touch,with_daily,push,mature,retested_2plus,42,73.21428571428571,2.5952380952380953,1.6345759409892606
M15@H1,wick_touch,with_daily,push,old,retested_2plus,1,1739.0,1.0,1.4954864593781383
M15@H1,wick_touch,with_daily,push,young,retested_1,4,19.5,2.5,1.6861649864825918
M15@H1,wick_touch,with_daily,push,young,retested_2plus,120,25.283333333333335,2.716666666666667,2.0155595066215986
M15@H1,wick_touch,with_daily,reversal,fresh,retested_2plus,1,5.0,1.0,1.7161461787180958
M15@H1,wick_touch,with_daily,reversal,mature,retested_2plus,36,94.58333333333333,1.9444444444444444,3.0012588697334253
M15@H1,wick_touch,with_daily,reversal,old,retested_2plus,1,215.0,3.0,2.168057036621096
M15@H1,wick_touch,with_daily,reversal,young,retested_2plus,14,46.642857142857146,1.0,2.1763399005703135
M15@H4,body_close,against_daily,continuation,fresh,retested_1,234,3.3162393162393164,2.1880341880341883,2.2817195861264623
M15@H4,body_close,against_daily,continuation,fresh,retested_2plus,12922,4.538693700665531,2.20886859619254,2.012424238228832
M15@H4,body_close,against_daily,continuation,mature,retested_1,9,106.55555555555556,2.5555555555555554,1.2137138807012195
M15@H4,body_close,against_daily,continuation,mature,retested_2plus,5809,96.4334653124462,2.3344809777930795,2.232939532453395
M15@H4,body_close,against_daily,continuation,old,retested_1,9,926.7777777777778,2.3333333333333335,1.1814890899924706
M15@H4,body_close,against_daily,continuation,old,retested_2plus,6494,947.7163535571297,2.377887280566677,1.945886026797106
M15@H4,body_close,against_daily,continuation,young,retested_1,35,19.6,2.2,1.8848976633327712
M15@H4,body_close,against_daily,continuation,young,retested_2plus,8709,29.109771500746355,1.9423584797336089,2.1460107598074014
M15@H4,body_close,against_daily,pullback,fresh,retested_1,134,2.753731343283582,2.246268656716418,1.9056600135409718
M15@H4,body_close,against_daily,pullback,fresh,retested_2plus,742,7.025606469002695,2.22911051212938,1.88311083555929
M15@H4,body_close,against_daily,pullback,mature,retested_1,1,95.0,3.0,1.0791196147422815
M15@H4,body_close,against_daily,pullback,mature,retested_2plus,1672,94.84210526315789,2.26255980861244,2.1865084867656273
M15@H4,body_close,against_daily,pullback,old,retested_1,1,851.0,3.0,1.8897914240799265
M15@H4,body_close,against_daily,pullback,old,retested_2plus,1875,1282.5968,2.4368,1.9376793289695522
M15@H4,body_close,against_daily,pullback,young,retested_1,17,17.705882352941178,2.235294117647059,1.8737885880058471
M15@H4,body_close,against_daily,pullback,young,retested_2plus,2475,34.92727272727273,1.8707070707070708,2.3457814502384213
M15@H4,body_close,against_daily,push,mature,retested_1,1,73.0,3.0,0.010654490106614999
M15@H4,body_close,against_daily,push,mature,retested_2plus,414,102.21014492753623,2.57487922705314,1.766829988451179
M15@H4,body_close,against_daily,push,old,retested_2plus,574,786.773519163763,2.1742160278745644,1.6169574890785319
M15@H4,body_close,against_daily,push,young,retested_2plus,188,40.61702127659574,2.3404255319148937,1.856916295222484
M15@H4,body_close,against_daily,reversal,fresh,retested_1,11,2.909090909090909,2.6363636363636362,2.4915587965545867
M15@H4,body_close,against_daily,reversal,fresh,retested_2plus,726,4.75206611570248,2.5550964187327825,2.483649328626427
M15@H4,body_close,against_daily,reversal,mature,retested_2plus,105,71.92380952380952,2.3714285714285714,2.486155982573369
M15@H4,body_close,against_daily,reversal,old,retested_2plus,152,361.64473684210526,2.1052631578947367,1.7961957998387807
M15@H4,body_close,against_daily,reversal,young,retested_1,2,16.0,3.0,2.084601865886242
M15@H4,body_close,against_daily,reversal,young,retested_2plus,546,28.587912087912088,2.2564102564102564,2.106007808950093
M15@H4,body_close,at_transition,continuation,fresh,retested_1,2,4.5,1.0,2.715061330454396
M15@H4,body_close,at_transition,continuation,fresh,retested_2plus,142,5.415492957746479,1.4577464788732395,2.1118649494037585
M15@H4,body_close,at_transition,continuation,mature,retested_2plus,53,97.26415094339623,1.4150943396226414,3.542053685505068
M15@H4,body_close,at_transition,continuation,old,retested_2plus,46,562.1521739130435,1.6304347826086956,2.4623317938813454
M15@H4,body_close,at_transition,continuation,young,retested_1,13,14.923076923076923,1.4615384615384615,2.6077373402415214
M15@H4,body_close,at_transition,continuation,young,retested_2plus,221,25.3710407239819,1.4570135746606334,2.5132515489360525
M15@H4,body_close,at_transition,pullback,fresh,retested_2plus,10,8.9,1.3,3.7662588462182116
M15@H4,body_close,at_transition,pullback,mature,retested_2plus,23,100.08695652173913,1.391304347826087,2.9019998541170304
M15@H4,body_close,at_transition,pullback,old,retested_2plus,15,1138.7333333333333,1.3333333333333333,3.033251365187286
M15@H4,body_close,at_transition,pullback,young,retested_1,5,14.6,1.4,4.187212324538061
M15@H4,body_close,at_transition,pullback,young,retested_2plus,53,31.132075471698112,1.320754716981132,2.945851994076136
M15@H4,body_close,at_transition,push,fresh,retested_2plus,2,9.5,1.5,1.5293481542177976
M15@H4,body_close,at_transition,push,mature,retested_2plus,5,96.6,2.0,1.4573206636566718
M15@H4,body_close,at_transition,push,old,retested_2plus,5,353.8,1.4,2.2073171400907596
M15@H4,body_close,at_transition,push,young,retested_2plus,2,31.0,1.5,0.6219367588932433
M15@H4,body_close,at_transition,reversal,fresh,retested_2plus,5,6.0,1.2,3.6869326120533175
M15@H4,body_close,at_transition,reversal,young,retested_1,1,14.0,2.0,3.1367521367522206
M15@H4,body_close,at_transition,reversal,young,retested_2plus,14,27.785714285714285,1.7857142857142858,3.479398160241949
M15@H4,body_close,neutral,continuation,fresh,retested_1,158,3.1202531645569622,1.481012658227848,1.7552738417678546
M15@H4,body_close,neutral,continuation,fresh,retested_2plus,9398,5.073207065333049,1.4517982549478612,1.837262782634361
M15@H4,body_close,neutral,continuation,mature,retested_1,4,87.0,1.75,1.294732169803322
M15@H4,body_close,neutral,continuation,mature,retested_2plus,2167,96.42593447161975,1.439778495616059,2.4046986361537535
M15@H4,body_close,neutral,continuation,old,retested_1,4,393.25,1.25,2.685200208271289
M15@H4,body_close,neutral,continuation,old,retested_2plus,1435,649.8613240418118,1.3442508710801393,1.8440902503712229
M15@H4,body_close,neutral,continuation,young,retested_1,26,23.615384615384617,1.4615384615384615,1.4642295574453317
M15@H4,body_close,neutral,continuation,young,retested_2plus,9978,23.891661655642412,1.4279414712367209,1.9577304878135802
M15@H4,body_close,neutral,pullback,fresh,retested_1,81,2.4814814814814814,1.382716049382716,1.6246275619508757
M15@H4,body_close,neutral,pullback,fresh,retested_2plus,610,7.926229508196721,1.3950819672131147,2.3337091557707703
M15@H4,body_close,neutral,pullback,mature,retested_1,2,69.0,1.5,1.5568561872911486
M15@H4,body_close,neutral,pullback,mature,retested_2plus,1249,98.94475580464372,1.4971977582065652,2.3289397714691367
M15@H4,body_close,neutral,pullback,old,retested_1,1,205.0,2.0,1.2864683301344473
M15@H4,body_close,neutral,pullback,old,retested_2plus,661,934.3237518910742,1.1770045385779122,2.342140544696246
M15@H4,body_close,neutral,pullback,young,retested_1,5,17.2,1.4,2.9811386849828265
M15@H4,body_close,neutral,pullback,young,retested_2plus,3284,27.599269183922047,1.3852009744214373,2.266032460661072
M15@H4,body_close,neutral,push,fresh,retested_1,1,5.0,2.0,4.228739002932558
M15@H4,body_close,neutral,push,fresh,retested_2plus,69,8.652173913043478,1.2463768115942029,1.288020948810096
M15@H4,body_close,neutral,push,mature,retested_2plus,204,112.20588235294117,1.588235294117647,1.7169705405321765
M15@H4,body_close,neutral,push,old,retested_2plus,94,570.4468085106383,1.446808510638298,2.330499033055453
M15@H4,body_close,neutral,push,young,retested_1,1,39.0,1.0,1.024449877750601
M15@H4,body_close,neutral,push,young,retested_2plus,160,22.6375,1.325,1.266576623541106
M15@H4,body_close,neutral,reversal,fresh,retested_1,4,2.0,1.25,1.9947298601136703
M15@H4,body_close,neutral,reversal,fresh,retested_2plus,221,6.886877828054299,1.2307692307692308,2.864840341024638
M15@H4,body_close,neutral,reversal,mature,retested_2plus,32,132.125,2.0,1.5227135414664839
M15@H4,body_close,neutral,reversal,young,retested_2plus,812,24.626847290640395,1.6096059113300492,3.122638082092342
M15@H4,body_close,with_daily,continuation,fresh,first_touch,1,2.0,3.0,2.3456790123455766
M15@H4,body_close,with_daily,continuation,fresh,retested_1,173,3.040462427745665,2.346820809248555,1.5069620625571456
M15@H4,body_close,with_daily,continuation,fresh,retested_2plus,7970,4.731618569636136,2.1464240903387704,1.6462039321552016
M15@H4,body_close,with_daily,continuation,mature,retested_1,2,73.0,1.5,0.5484237088478544
M15@H4,body_close,with_daily,continuation,mature,retested_2plus,858,98.0990675990676,1.5524475524475525,2.111494711880403
M15@H4,body_close,with_daily,continuation,old,retested_1,1,219.0,1.0,0.5886748439877902
M15@H4,body_close,with_daily,continuation,old,retested_2plus,456,1023.1688596491229,1.9210526315789473,1.6778338021649428
M15@H4,body_close,with_daily,continuation,young,retested_1,38,18.81578947368421,2.3947368421052633,1.5633812528968816
M15@H4,body_close,with_daily,continuation,young,retested_2plus,7722,22.15255115255115,2.2066822066822067,1.7837072000217888
M15@H4,body_close,with_daily,pullback,fresh,retested_1,80,2.5125,2.0,1.602099847539062
M15@H4,body_close,with_daily,pullback,fresh,retested_2plus,121,9.190082644628099,1.3553719008264462,5.181781296439337
M15@H4,body_close,with_daily,pullback,mature,retested_2plus,594,92.8080808080808,1.7626262626262625,2.779291055126164
M15@H4,body_close,with_daily,pullback,old,retested_2plus,254,795.6614173228346,1.736220472440945,1.9270236159909273
M15@H4,body_close,with_daily,pullback,young,retested_1,10,14.1,2.0,2.086194757205971
M15@H4,body_close,with_daily,pullback,young,retested_2plus,2569,28.48267808485792,1.9073569482288828,3.0132121392625124
M15@H4,body_close,with_daily,push,fresh,retested_1,1,9.0,3.0,0.8417500000000007
M15@H4,body_close,with_daily,push,fresh,retested_2plus,92,7.608695652173913,2.847826086956522,1.0708646886666815
M15@H4,body_close,with_daily,push,mature,retested_2plus,67,85.07462686567165,1.5970149253731343,1.948042187084783
M15@H4,body_close,with_daily,push,old,retested_2plus,75,361.7733333333333,1.0133333333333334,3.095531056969859
M15@H4,body_close,with_daily,push,young,retested_1,2,31.5,2.0,0.8538245801299418
M15@H4,body_close,with_daily,push,young,retested_2plus,36,20.805555555555557,2.0,1.2331244766363536
M15@H4,body_close,with_daily,reversal,fresh,retested_1,2,6.0,1.5,2.592501854849626
M15@H4,body_close,with_daily,reversal,fresh,retested_2plus,15,7.733333333333333,1.2666666666666666,3.4604814011565392
M15@H4,body_close,with_daily,reversal,mature,retested_2plus,20,52.9,2.9,3.808640994289104
M15@H4,body_close,with_daily,reversal,old,retested_2plus,2,517.0,1.0,1.2176342033513947
M15@H4,body_close,with_daily,reversal,young,retested_1,1,11.0,1.0,1.6797354747283524
M15@H4,body_close,with_daily,reversal,young,retested_2plus,327,22.400611620795107,1.8256880733944953,1.548853546701513
M15@H4,break_through,against_daily,continuation,fresh,first_touch,1,3.0,3.0,2.3615550755938917
M15@H4,break_through,against_daily,pullback,fresh,first_touch,2,2.0,1.5,1.5664814623292613
M15@H4,break_through,at_transition,continuation,young,first_touch,1,15.0,2.0,4.100541842263849
M15@H4,break_through,at_transition,pullback,young,first_touch,1,14.0,2.0,4.6991744066045325
M15@H4,break_through,neutral,continuation,fresh,first_touch,3,2.3333333333333335,1.0,2.0538749123523714
M15@H4,break_through,neutral,pullback,fresh,first_touch,1,2.0,1.0,2.363423212192126
M15@H4,break_through,neutral,unknown,fresh,first_touch,1,2.0,0.0,2.2046979865773313
M15@H4,break_through,with_daily,continuation,fresh,first_touch,1,4.0,3.0,1.0542168674699344
M15@H4,break_through,with_daily,pullback,fresh,first_touch,2,3.0,2.0,2.940564879843538
M15@H4,near_miss,against_daily,continuation,fresh,first_touch,345,3.36231884057971,2.307246376811594,3.184784090924708
M15@H4,near_miss,against_daily,continuation,fresh,retested_1,110,3.4272727272727272,2.1363636363636362,3.405777929044022
M15@H4,near_miss,against_daily,continuation,fresh,retested_2plus,1483,4.783546864463925,2.25826028320971,3.524106823318997
M15@H4,near_miss,against_daily,continuation,mature,first_touch,32,119.21875,2.15625,2.873087272297245
M15@H4,near_miss,against_daily,continuation,mature,retested_1,6,147.0,2.5,2.9173552862794145
M15@H4,near_miss,against_daily,continuation,mature,retested_2plus,698,106.39541547277938,2.171919770773639,3.7405058890769625
M15@H4,near_miss,against_daily,continuation,old,first_touch,30,820.0666666666667,2.3333333333333335,3.2693515318580997
M15@H4,near_miss,against_daily,continuation,old,retested_1,7,587.8571428571429,2.0,3.059587590856259
M15@H4,near_miss,against_daily,continuation,old,retested_2plus,808,861.1262376237623,2.266089108910891,3.6467837879451115
M15@H4,near_miss,against_daily,continuation,young,first_touch,64,23.25,2.078125,4.286890231885149
M15@H4,near_miss,against_daily,continuation,young,retested_1,37,21.56756756756757,1.7567567567567568,3.5141769917779286
M15@H4,near_miss,against_daily,continuation,young,retested_2plus,1002,29.42115768463074,1.9001996007984032,4.1286567256006155
M15@H4,near_miss,against_daily,pullback,fresh,first_touch,27,2.740740740740741,2.1481481481481484,3.3142274484700986
M15@H4,near_miss,against_daily,pullback,fresh,retested_2plus,200,7.01,2.17,3.713703893203741
M15@H4,near_miss,against_daily,pullback,mature,first_touch,4,99.0,2.5,2.429561747430763
M15@H4,near_miss,against_daily,pullback,mature,retested_2plus,387,101.70025839793281,2.3074935400516794,3.7019971589197653
M15@H4,near_miss,against_daily,pullback,old,first_touch,1,211.0,3.0,3.004672897196055
M15@H4,near_miss,against_daily,pullback,old,retested_2plus,521,1099.763915547025,2.309021113243762,3.487925199617442
M15@H4,near_miss,against_daily,pullback,young,first_touch,3,27.0,2.0,3.411205492754424
M15@H4,near_miss,against_daily,pullback,young,retested_2plus,411,33.99270072992701,1.8150851581508516,3.856576233926147
M15@H4,near_miss,against_daily,push,fresh,retested_2plus,1,7.0,2.0,2.6947976878614055
M15@H4,near_miss,against_daily,push,mature,first_touch,2,120.5,3.0,2.6509108203955423
M15@H4,near_miss,against_daily,push,mature,retested_1,1,168.0,3.0,3.7252349963847378
M15@H4,near_miss,against_daily,push,mature,retested_2plus,56,100.58928571428571,2.607142857142857,3.892939756801706
M15@H4,near_miss,against_daily,push,old,retested_1,2,583.0,1.0,2.1821731714767436
M15@H4,near_miss,against_daily,push,old,retested_2plus,57,700.0877192982456,2.175438596491228,3.419097202682467
M15@H4,near_miss,against_daily,push,young,first_touch,1,42.0,3.0,2.6548431105046775
M15@H4,near_miss,against_daily,push,young,retested_2plus,17,44.294117647058826,2.2941176470588234,4.366298173340819
M15@H4,near_miss,against_daily,reversal,fresh,first_touch,21,3.380952380952381,1.9047619047619047,4.358694035714472
M15@H4,near_miss,against_daily,reversal,fresh,retested_1,21,4.761904761904762,2.4285714285714284,4.016253589471068
M15@H4,near_miss,against_daily,reversal,fresh,retested_2plus,105,5.3428571428571425,2.276190476190476,4.4775571512459775
M15@H4,near_miss,against_daily,reversal,mature,first_touch,5,67.2,3.0,1.6022878782966
M15@H4,near_miss,against_daily,reversal,mature,retested_2plus,17,86.88235294117646,2.2941176470588234,4.491770206038787
M15@H4,near_miss,against_daily,reversal,old,retested_2plus,4,373.25,1.0,2.893835431094372
M15@H4,near_miss,against_daily,reversal,young,retested_2plus,39,36.38461538461539,2.128205128205128,4.673159261496757
M15@H4,near_miss,at_transition,continuation,fresh,first_touch,5,5.0,1.2,4.6686618042592
M15@H4,near_miss,at_transition,continuation,fresh,retested_2plus,20,5.2,1.45,4.683564593437031
M15@H4,near_miss,at_transition,continuation,mature,first_touch,2,63.5,1.0,2.6518180926422046
M15@H4,near_miss,at_transition,continuation,mature,retested_2plus,12,111.0,1.3333333333333333,4.390101454802459
M15@H4,near_miss,at_transition,continuation,old,first_touch,1,1203.0,1.0,4.905704307334364
M15@H4,near_miss,at_transition,continuation,old,retested_2plus,6,493.1666666666667,1.3333333333333333,3.402008226414157
M15@H4,near_miss,at_transition,continuation,young,first_touch,1,14.0,2.0,7.45843828715352
M15@H4,near_miss,at_transition,continuation,young,retested_2plus,29,22.344827586206897,1.3448275862068966,3.580628816345888
M15@H4,near_miss,at_transition,pullback,fresh,first_touch,1,8.0,2.0,5.376932223543492
M15@H4,near_miss,at_transition,pullback,fresh,retested_2plus,6,9.0,1.3333333333333333,3.389602570593642
M15@H4,near_miss,at_transition,pullback,mature,retested_2plus,6,82.83333333333333,1.1666666666666667,4.493710200081623
M15@H4,near_miss,at_transition,pullback,old,retested_2plus,2,744.0,1.5,3.088409801098866
M15@H4,near_miss,at_transition,pullback,young,first_touch,3,14.0,1.6666666666666667,4.138618977954198
M15@H4,near_miss,at_transition,pullback,young,retested_2plus,7,28.714285714285715,1.5714285714285714,5.5110958171542945
M15@H4,near_miss,at_transition,push,mature,retested_2plus,1,80.0,2.0,4.190063091482487
M15@H4,near_miss,at_transition,reversal,fresh,retested_2plus,1,6.0,1.0,3.3546869828618164
M15@H4,near_miss,neutral,continuation,fresh,first_touch,260,3.45,1.5076923076923077,3.1912408143557456
M15@H4,near_miss,neutral,continuation,fresh,retested_1,117,3.3076923076923075,1.3418803418803418,3.409005047159503
M15@H4,near_miss,neutral,continuation,fresh,retested_2plus,1179,5.299406276505513,1.4274809160305344,3.309845992384772
M15@H4,near_miss,neutral,continuation,mature,first_touch,16,71.3125,1.5,2.400181725974528
M15@H4,near_miss,neutral,continuation,mature,retested_1,12,92.41666666666667,1.0833333333333333,2.2914855188878893
M15@H4,near_miss,neutral,continuation,mature,retested_2plus,390,103.1,1.4076923076923078,3.740684319876062
M15@H4,near_miss,neutral,continuation,old,first_touch,11,428.45454545454544,1.6363636363636365,2.744002349526207
M15@H4,near_miss,neutral,continuation,old,retested_1,4,615.25,1.75,1.5387953380351715
M15@H4,near_miss,neutral,continuation,old,retested_2plus,265,544.7283018867925,1.441509433962264,3.2457540064937245
M15@H4,near_miss,neutral,continuation,young,first_touch,63,17.58730158730159,1.5873015873015872,3.1625825459495975
M15@H4,near_miss,neutral,continuation,young,retested_1,34,20.323529411764707,1.6764705882352942,3.233526899477138
M15@H4,near_miss,neutral,continuation,young,retested_2plus,1258,23.7758346581876,1.5023847376788553,3.6913853653678332
M15@H4,near_miss,neutral,pullback,fresh,first_touch,22,2.727272727272727,1.3181818181818181,2.9250529420782923
M15@H4,near_miss,neutral,pullback,fresh,retested_2plus,124,8.10483870967742,1.4838709677419355,3.8156522664442374
M15@H4,near_miss,neutral,pullback,mature,first_touch,6,100.16666666666667,1.1666666666666667,1.7024021519656243
M15@H4,near_miss,neutral,pullback,mature,retested_2plus,232,113.28017241379311,1.3836206896551724,3.889465796227048
M15@H4,near_miss,neutral,pullback,old,first_touch,6,554.1666666666666,1.5,1.9921098125360175
M15@H4,near_miss,neutral,pullback,old,retested_2plus,126,669.6587301587301,1.4603174603174602,4.030682061843014
M15@H4,near_miss,neutral,pullback,young,first_touch,4,21.75,1.0,2.7003993746426054
M15@H4,near_miss,neutral,pullback,young,retested_1,1,15.0,2.0,1.9434210526315472
M15@H4,near_miss,neutral,pullback,young,retested_2plus,649,27.964560862865948,1.3759630200308166,3.9940279583652516
M15@H4,near_miss,neutral,push,fresh,first_touch,1,5.0,2.0,4.30027548209355
M15@H4,near_miss,neutral,push,fresh,retested_1,1,6.0,0.0,2.3017163504970983
M15@H4,near_miss,neutral,push,fresh,retested_2plus,16,6.0625,1.8125,2.52655162601439
M15@H4,near_miss,neutral,push,mature,first_touch,1,60.0,2.0,2.108480176211552
M15@H4,near_miss,neutral,push,mature,retested_2plus,26,88.07692307692308,1.3846153846153846,3.7315158420667554
M15@H4,near_miss,neutral,push,old,first_touch,1,534.0,1.0,3.0950191570880876
M15@H4,near_miss,neutral,push,old,retested_2plus,17,888.2941176470588,2.0,2.461852548392764
M15@H4,near_miss,neutral,push,young,first_touch,1,39.0,1.0,1.40499108734405
M15@H4,near_miss,neutral,push,young,retested_2plus,27,23.074074074074073,1.6666666666666667,3.8947597747802356
M15@H4,near_miss,neutral,reversal,fresh,first_touch,2,4.0,1.5,7.300935961834128
M15@H4,near_miss,neutral,reversal,fresh,retested_1,4,4.0,2.0,2.1231174159983954
M15@H4,near_miss,neutral,reversal,fresh,retested_2plus,53,6.735849056603773,1.320754716981132,4.046585447058086
M15@H4,near_miss,neutral,reversal,mature,retested_2plus,5,132.8,2.0,3.354949613646075
M15@H4,near_miss,neutral,reversal,young,retested_2plus,86,24.058139534883722,1.3953488372093024,4.686001897618294
M15@H4,near_miss,with_daily,continuation,fresh,first_touch,293,3.5017064846416384,2.348122866894198,2.6316118587741166
M15@H4,near_miss,with_daily,continuation,fresh,retested_1,101,3.495049504950495,2.3465346534653464,3.028494246688526
M15@H4,near_miss,with_daily,continuation,fresh,retested_2plus,1079,5.046339202965709,2.2798887859128825,3.2015879701748338
M15@H4,near_miss,with_daily,continuation,mature,first_touch,1,80.0,2.0,2.0510863182618078
M15@H4,near_miss,with_daily,continuation,mature,retested_1,1,87.0,1.0,2.137168141592785
M15@H4,near_miss,with_daily,continuation,mature,retested_2plus,149,94.87248322147651,1.6845637583892616,4.100614945414394
M15@H4,near_miss,with_daily,continuation,old,first_touch,5,690.8,1.8,2.5009536337383595
M15@H4,near_miss,with_daily,continuation,old,retested_1,7,203.0,1.0,1.9140512361375563
M15@H4,near_miss,with_daily,continuation,old,retested_2plus,128,826.90625,1.9609375,2.8175822739591596
M15@H4,near_miss,with_daily,continuation,young,first_touch,92,20.793478260869566,2.489130434782609,2.469583818764151
M15@H4,near_miss,with_daily,continuation,young,retested_1,32,20.625,2.84375,2.917621503586741
M15@H4,near_miss,with_daily,continuation,young,retested_2plus,1188,23.087542087542086,2.1902356902356903,3.495668049770761
M15@H4,near_miss,with_daily,pullback,fresh,first_touch,18,2.388888888888889,2.3333333333333335,2.513842634959462
M15@H4,near_miss,with_daily,pullback,fresh,retested_2plus,59,9.152542372881356,1.5084745762711864,4.872129680829345
M15@H4,near_miss,with_daily,pullback,mature,first_touch,3,173.0,1.0,2.5656831758189527
M15@H4,near_miss,with_daily,pullback,mature,retested_1,2,173.0,1.0,2.4053128367983043
M15@H4,near_miss,with_daily,pullback,mature,retested_2plus,174,98.97701149425288,1.7126436781609196,3.8849308744366122
M15@H4,near_miss,with_daily,pullback,old,first_touch,1,203.0,1.0,1.5970149253733514
M15@H4,near_miss,with_daily,pullback,old,retested_2plus,98,925.2244897959183,1.7857142857142858,3.2639976152169807
M15@H4,near_miss,with_daily,pullback,young,first_touch,3,28.0,2.0,2.522655270664903
M15@H4,near_miss,with_daily,pullback,young,retested_1,4,20.0,1.75,2.7667529093161174
M15@H4,near_miss,with_daily,pullback,young,retested_2plus,555,26.92792792792793,2.007207207207207,4.142452479806205
M15@H4,near_miss,with_daily,push,fresh,retested_2plus,9,7.333333333333333,2.7777777777777777,2.347352929826953
M15@H4,near_miss,with_daily,push,mature,retested_2plus,11,115.63636363636364,1.1818181818181819,4.9889275342048895
M15@H4,near_miss,with_daily,push,old,retested_2plus,18,381.22222222222223,1.0555555555555556,3.0652390780421204
M15@H4,near_miss,with_daily,push,young,retested_2plus,10,20.5,2.2,3.2058314002454993
M15@H4,near_miss,with_daily,reversal,fresh,first_touch,5,2.0,2.0,3.0736505792538624
M15@H4,near_miss,with_daily,reversal,fresh,retested_2plus,4,5.5,1.5,6.614049348293937
M15@H4,near_miss,with_daily,reversal,mature,retested_2plus,12,51.583333333333336,1.6666666666666667,3.606262378226976
M15@H4,near_miss,with_daily,reversal,old,retested_2plus,5,517.4,1.0,2.558183112767404
M15@H4,near_miss,with_daily,reversal,young,retested_2plus,38,27.763157894736842,1.7894736842105263,3.43631064811199
M15@H4,wick_touch,against_daily,continuation,fresh,retested_1,118,3.440677966101695,2.347457627118644,3.256684432809467
M15@H4,wick_touch,against_daily,continuation,fresh,retested_2plus,1941,4.536836682122617,2.270994332818135,3.3395607557040434
M15@H4,wick_touch,against_daily,continuation,mature,retested_1,11,109.9090909090909,2.3636363636363638,2.6334774234085483
M15@H4,wick_touch,against_daily,continuation,mature,retested_2plus,688,105.18604651162791,2.2005813953488373,3.621531239618743
M15@H4,wick_touch,against_daily,continuation,old,retested_1,8,944.75,2.125,2.9752159001293554
M15@H4,wick_touch,against_daily,continuation,old,retested_2plus,760,844.0565789473684,2.194736842105263,3.3648455983950427
M15@H4,wick_touch,against_daily,continuation,young,retested_1,28,22.035714285714285,2.107142857142857,3.810722018867808
M15@H4,wick_touch,against_daily,continuation,young,retested_2plus,1068,29.144194756554306,1.9297752808988764,3.781896060755961
M15@H4,wick_touch,against_daily,pullback,fresh,retested_1,33,2.696969696969697,2.1818181818181817,2.659683265225768
M15@H4,wick_touch,against_daily,pullback,fresh,retested_2plus,169,6.846153846153846,2.3431952662721893,3.411931836001811
M15@H4,wick_touch,against_daily,pullback,mature,retested_1,1,132.0,1.0,1.7958950969213112
M15@H4,wick_touch,against_daily,pullback,mature,retested_2plus,319,99.97492163009404,2.373040752351097,3.6335754354593255
M15@H4,wick_touch,against_daily,pullback,old,retested_1,3,1227.3333333333333,3.0,1.0360848581339976
M15@H4,wick_touch,against_daily,pullback,old,retested_2plus,376,1116.0079787234042,2.24468085106383,3.3782836796659894
M15@H4,wick_touch,against_daily,pullback,young,retested_1,4,15.75,2.0,2.764434180986328
M15@H4,wick_touch,against_daily,pullback,young,retested_2plus,385,34.24415584415584,1.8597402597402597,3.666961991396513
M15@H4,wick_touch,against_daily,push,mature,retested_1,1,168.0,3.0,3.449275362318903
M15@H4,wick_touch,against_daily,push,mature,retested_2plus,69,94.27536231884058,2.652173913043478,3.378180731019592
M15@H4,wick_touch,against_daily,push,old,retested_1,2,1538.0,2.0,1.9465497584931708
M15@H4,wick_touch,against_daily,push,old,retested_2plus,67,778.6865671641791,2.1492537313432836,3.362712689053865
M15@H4,wick_touch,against_daily,push,young,retested_1,1,42.0,3.0,2.3428961748631316
M15@H4,wick_touch,against_daily,push,young,retested_2plus,18,40.333333333333336,2.1666666666666665,4.421876123421416
M15@H4,wick_touch,against_daily,reversal,fresh,retested_1,12,3.75,2.5833333333333335,3.87807571671458
M15@H4,wick_touch,against_daily,reversal,fresh,retested_2plus,129,4.736434108527132,2.4031007751937983,3.8408426113758316
M15@H4,wick_touch,against_daily,reversal,mature,retested_1,1,68.0,3.0,0.7984327191497416
M15@H4,wick_touch,against_daily,reversal,mature,retested_2plus,23,77.52173913043478,2.0434782608695654,4.395119554444935
M15@H4,wick_touch,against_daily,reversal,old,retested_2plus,16,720.0,1.625,2.958012449767289
M15@H4,wick_touch,against_daily,reversal,young,retested_2plus,50,33.98,2.26,3.926604971793737
M15@H4,wick_touch,at_transition,continuation,fresh,retested_1,1,3.0,1.0,10.037037037037674
M15@H4,wick_touch,at_transition,continuation,fresh,retested_2plus,18,5.722222222222222,1.3888888888888888,3.9622115828618742
M15@H4,wick_touch,at_transition,continuation,mature,retested_2plus,8,87.375,1.375,4.4444031220633216
M15@H4,wick_touch,at_transition,continuation,old,retested_2plus,16,1046.8125,1.5625,4.8720167008982
M15@H4,wick_touch,at_transition,continuation,young,retested_1,1,16.0,1.0,3.8346361996393488
M15@H4,wick_touch,at_transition,continuation,young,retested_2plus,39,23.666666666666668,1.4871794871794872,4.042105003848951
M15@H4,wick_touch,at_transition,pullback,fresh,retested_2plus,3,7.333333333333333,1.6666666666666667,4.73826171852122
M15@H4,wick_touch,at_transition,pullback,mature,retested_2plus,2,66.0,2.0,4.509375691975367
M15@H4,wick_touch,at_transition,pullback,old,retested_2plus,3,618.6666666666666,1.3333333333333333,5.5215024138815165
M15@H4,wick_touch,at_transition,pullback,young,retested_1,4,14.0,1.25,3.548371798381683
M15@H4,wick_touch,at_transition,pullback,young,retested_2plus,16,27.8125,1.3125,3.8333137081886552
M15@H4,wick_touch,at_transition,reversal,fresh,retested_2plus,1,10.0,1.0,3.2278236409121903
M15@H4,wick_touch,at_transition,reversal,young,retested_2plus,5,22.4,1.4,4.586664752144093
M15@H4,wick_touch,neutral,continuation,fresh,retested_1,95,3.5789473684210527,1.4210526315789473,2.819317942912993
M15@H4,wick_touch,neutral,continuation,fresh,retested_2plus,1472,4.919836956521739,1.4252717391304348,3.1586324426989054
M15@H4,wick_touch,neutral,continuation,mature,retested_1,4,97.0,1.25,2.0122248356586843
M15@H4,wick_touch,neutral,continuation,mature,retested_2plus,365,108.56438356164384,1.4465753424657535,3.743864189038267
M15@H4,wick_touch,neutral,continuation,old,retested_1,3,759.6666666666666,1.3333333333333333,1.874666159404928
M15@H4,wick_touch,neutral,continuation,old,retested_2plus,249,623.2128514056225,1.429718875502008,3.088542317239496
M15@H4,wick_touch,neutral,continuation,young,retested_1,29,21.103448275862068,1.4827586206896552,2.982523361801668
M15@H4,wick_touch,neutral,continuation,young,retested_2plus,1231,23.975629569455727,1.4492282696994314,3.5182494222260843
M15@H4,wick_touch,neutral,pullback,fresh,retested_1,22,2.6818181818181817,1.3636363636363635,3.105109861131797
M15@H4,wick_touch,neutral,pullback,fresh,retested_2plus,130,7.7615384615384615,1.4846153846153847,3.747596509462681
M15@H4,wick_touch,neutral,pullback,mature,retested_1,1,53.0,2.0,1.2127447726518252
M15@H4,wick_touch,neutral,pullback,mature,retested_2plus,213,109.3755868544601,1.3943661971830985,3.847491561992417
M15@H4,wick_touch,neutral,pullback,old,retested_2plus,99,575.8686868686868,1.393939393939394,4.057697989906042
M15@H4,wick_touch,neutral,pullback,young,retested_1,1,15.0,2.0,3.1275215187244276
M15@H4,wick_touch,neutral,pullback,young,retested_2plus,600,27.45,1.3516666666666666,3.7011362429335675
M15@H4,wick_touch,neutral,push,fresh,retested_2plus,14,5.785714285714286,1.3571428571428572,3.3983768429120067
M15@H4,wick_touch,neutral,push,mature,retested_1,1,60.0,2.0,2.3181571815718285
M15@H4,wick_touch,neutral,push,mature,retested_2plus,18,86.61111111111111,1.3888888888888888,2.831589488374255
M15@H4,wick_touch,neutral,push,old,retested_2plus,20,902.45,1.8,2.72736728525605
M15@H4,wick_touch,neutral,push,young,retested_1,1,26.0,2.0,8.003911342894071
M15@H4,wick_touch,neutral,push,young,retested_2plus,36,21.916666666666668,1.6666666666666667,3.2965186862549354
M15@H4,wick_touch,neutral,reversal,fresh,retested_1,3,3.3333333333333335,1.6666666666666667,5.178624462553707
M15@H4,wick_touch,neutral,reversal,fresh,retested_2plus,54,5.611111111111111,1.2222222222222223,3.559951754428102
M15@H4,wick_touch,neutral,reversal,mature,retested_2plus,3,138.66666666666666,2.0,2.7003943123873397
M15@H4,wick_touch,neutral,reversal,young,retested_2plus,111,23.153153153153152,1.3063063063063063,4.949898864418703
M15@H4,wick_touch,with_daily,continuation,fresh,retested_1,103,3.6116504854368934,2.378640776699029,2.287451015453501
M15@H4,wick_touch,with_daily,continuation,fresh,retested_2plus,1273,4.791830322073841,2.211311861743912,2.9006933260593426
M15@H4,wick_touch,with_daily,continuation,mature,retested_1,1,119.0,1.0,1.986415094339467
M15@H4,wick_touch,with_daily,continuation,mature,retested_2plus,105,99.78095238095239,1.542857142857143,3.7195216102104873
M15@H4,wick_touch,with_daily,continuation,old,retested_1,2,276.5,1.0,1.639384249868594
M15@H4,wick_touch,with_daily,continuation,old,retested_2plus,116,883.3793103448276,1.9741379310344827,2.5032632411331512
M15@H4,wick_touch,with_daily,continuation,young,retested_1,37,19.81081081081081,2.4594594594594597,2.6520025907478604
M15@H4,wick_touch,with_daily,continuation,young,retested_2plus,1238,23.34329563812601,2.265751211631664,3.1058789392193926
M15@H4,wick_touch,with_daily,pullback,fresh,retested_1,16,2.1875,1.8125,2.581512470196231
M15@H4,wick_touch,with_daily,pullback,fresh,retested_2plus,54,9.092592592592593,1.5185185185185186,5.442707104821547
M15@H4,wick_touch,with_daily,pullback,mature,retested_1,1,173.0,1.0,2.7610619469025584
M15@H4,wick_touch,with_daily,pullback,mature,retested_2plus,103,104.28155339805825,1.6504854368932038,4.179083147582167
M15@H4,wick_touch,with_daily,pullback,old,retested_2plus,86,845.9418604651163,1.8255813953488371,3.2096023430498195
M15@H4,wick_touch,with_daily,pullback,young,retested_1,3,15.666666666666666,1.6666666666666667,2.734880202284098
M15@H4,wick_touch,with_daily,pullback,young,retested_2plus,537,26.156424581005588,2.0670391061452515,3.8145044600747924
M15@H4,wick_touch,with_daily,push,fresh,retested_2plus,11,7.636363636363637,2.6363636363636362,2.698300480269865
M15@H4,wick_touch,with_daily,push,mature,retested_2plus,16,123.0625,1.0,6.4190273111667855
M15@H4,wick_touch,with_daily,push,old,retested_2plus,20,330.5,1.15,5.2815040897771555
M15@H4,wick_touch,with_daily,push,young,retested_1,1,13.0,1.0,2.539084842707231
M15@H4,wick_touch,with_daily,push,young,retested_2plus,14,21.714285714285715,2.2142857142857144,3.196850820365327
M15@H4,wick_touch,with_daily,reversal,fresh,retested_2plus,4,7.0,1.25,7.20385991100518
M15@H4,wick_touch,with_daily,reversal,mature,retested_2plus,10,52.5,2.4,4.281442501937981
M15@H4,wick_touch,with_daily,reversal,old,retested_2plus,8,517.0,1.0,1.8765774665271469
M15@H4,wick_touch,with_daily,reversal,young,retested_2plus,36,22.97222222222222,1.6666666666666667,3.1264933129682237
M1@M15,body_close,against_daily,continuation,fresh,retested_1,595,3.26218487394958,2.196638655462185,1.9428767087931582
M1@M15,body_close,against_daily,continuation,fresh,retested_2plus,33520,5.260471360381861,2.2573687350835323,1.7467493833399113
M1@M15,body_close,against_daily,continuation,mature,retested_1,9,87.88888888888889,1.8888888888888888,1.8099309305669875
M1@M15,body_close,against_daily,continuation,mature,retested_2plus,4941,79.03926330702286,2.0404776361060515,2.5314118223355995
M1@M15,body_close,against_daily,continuation,old,retested_1,24,1089.0,1.625,2.1680917080505533
M1@M15,body_close,against_daily,continuation,old,retested_2plus,10509,888.9602245694167,2.1908840041868873,3.208906730714919
M1@M15,body_close,against_daily,continuation,young,retested_1,48,20.416666666666668,2.1666666666666665,2.07734498918273
M1@M15,body_close,against_daily,continuation,young,retested_2plus,22308,23.24735520889367,2.153711672942442,2.5391792324635207
M1@M15,body_close,against_daily,pullback,fresh,retested_1,284,2.528169014084507,2.257042253521127,2.5323251263252553
M1@M15,body_close,against_daily,pullback,fresh,retested_2plus,1973,7.945261023821591,2.24885960466295,2.097060352834897
M1@M15,body_close,against_daily,pullback,mature,retested_1,1,70.0,3.0,2.0385152076035586
M1@M15,body_close,against_daily,pullback,mature,retested_2plus,2403,75.94839783603828,1.8997086974615065,2.842282710406317
M1@M15,body_close,against_daily,pullback,old,retested_1,2,1902.0,2.0,0.9454343971632015
M1@M15,body_close,against_daily,pullback,old,retested_2plus,4878,947.1027060270603,2.196391963919639,4.201969781671037
M1@M15,body_close,against_daily,pullback,young,retested_1,7,21.571428571428573,2.4285714285714284,1.7257568043360867
M1@M15,body_close,against_daily,pullback,young,retested_2plus,9204,25.799652325076053,2.213276836158192,3.690056249318471
M1@M15,body_close,against_daily,push,old,retested_2plus,746,1529.4571045576408,2.798927613941019,3.0506410507781347
M1@M15,body_close,against_daily,push,young,retested_1,1,15.0,1.0,3.3840623431601355
M1@M15,body_close,against_daily,reversal,fresh,retested_1,22,2.5454545454545454,2.272727272727273,2.1395402225873714
M1@M15,body_close,against_daily,reversal,fresh,retested_2plus,1156,5.698961937716263,2.3780276816608996,1.6209969134358513
M1@M15,body_close,against_daily,reversal,mature,retested_1,1,71.0,2.0,6.875768765050304
M1@M15,body_close,against_daily,reversal,mature,retested_2plus,612,84.32679738562092,2.718954248366013,2.7885331638773585
M1@M15,body_close,against_daily,reversal,old,retested_2plus,163,1084.8220858895706,3.0,1.951158325109602
M1@M15,body_close,against_daily,reversal,young,retested_1,1,12.0,2.0,4.991706486788977
M1@M15,body_close,against_daily,reversal,young,retested_2plus,1046,21.719885277246654,2.1625239005736137,2.3029560870596386
M1@M15,body_close,at_transition,continuation,fresh,retested_1,5,6.4,1.4,0.9038059567661497
M1@M15,body_close,at_transition,continuation,fresh,retested_2plus,24,6.291666666666667,1.375,1.0446617643629352
M1@M15,body_close,at_transition,continuation,mature,retested_1,1,196.0,2.0,1.2558139534882624
M1@M15,body_close,at_transition,continuation,mature,retested_2plus,11,103.45454545454545,1.4545454545454546,2.0761318271317997
M1@M15,body_close,at_transition,continuation,old,retested_1,3,1370.6666666666667,1.3333333333333333,2.3879422320877257
M1@M15,body_close,at_transition,continuation,old,retested_2plus,12,649.5833333333334,1.4166666666666667,1.5700333028228712
M1@M15,body_close,at_transition,continuation,young,retested_1,1,12.0,2.0,0.9058823529394232
M1@M15,body_close,at_transition,continuation,young,retested_2plus,34,22.323529411764707,1.4411764705882353,2.432031352257211
M1@M15,body_close,at_transition,pullback,fresh,retested_2plus,3,9.666666666666666,1.3333333333333333,2.3580818394968
M1@M15,body_close,at_transition,pullback,mature,retested_2plus,4,55.5,1.25,0.8750683160110694
M1@M15,body_close,at_transition,pullback,old,retested_2plus,8,1909.5,1.5,1.11433343088124
M1@M15,body_close,at_transition,pullback,young,retested_2plus,18,22.055555555555557,1.5,2.223759270899869
M1@M15,body_close,neutral,continuation,fresh,retested_1,444,3.150900900900901,1.4842342342342343,1.842797054425275
M1@M15,body_close,neutral,continuation,fresh,retested_2plus,23929,5.282711354423503,1.4542605207070918,1.6852496928947418
M1@M15,body_close,neutral,continuation,mature,retested_1,5,119.8,1.6,2.099656284219874
M1@M15,body_close,neutral,continuation,mature,retested_2plus,4602,90.5154280747501,1.4272055627987832,2.6185820702170535
M1@M15,body_close,neutral,continuation,old,retested_1,11,572.8181818181819,1.4545454545454546,2.702671175455589
M1@M15,body_close,neutral,continuation,old,retested_2plus,6861,427.55822766360586,1.4121848127095176,3.1225848821824687
M1@M15,body_close,neutral,continuation,young,retested_1,40,24.725,1.375,1.885247187071401
M1@M15,body_close,neutral,continuation,young,retested_2plus,15616,22.71625256147541,1.378265881147541,2.4689007313148443
M1@M15,body_close,neutral,pullback,fresh,retested_1,201,2.6517412935323383,1.4477611940298507,1.6407421586125117
M1@M15,body_close,neutral,pullback,fresh,retested_2plus,1689,7.744227353463588,1.5334517465956188,2.7768654414470633
M1@M15,body_close,neutral,pullback,mature,retested_1,3,122.33333333333333,1.6666666666666667,1.6925318690781888
M1@M15,body_close,neutral,pullback,mature,retested_2plus,2203,87.79754879709488,1.3418066273263731,3.2748741852162433
M1@M15,body_close,neutral,pullback,old,retested_1,1,958.0,2.0,1.204128440366979
M1@M15,body_close,neutral,pullback,old,retested_2plus,3039,374.3168805528134,1.4577163540638367,4.308465678881344
M1@M15,body_close,neutral,pullback,young,retested_1,3,20.0,1.3333333333333333,0.976864365557789
M1@M15,body_close,neutral,pullback,young,retested_2plus,5709,23.978630232965493,1.4084778420038535,2.9530917202658045
M1@M15,body_close,neutral,push,fresh,retested_1,2,6.5,1.0,2.849966898379029
M1@M15,body_close,neutral,push,fresh,retested_2plus,149,7.214765100671141,0.4899328859060403,1.2919427852103655
M1@M15,body_close,neutral,push,mature,retested_1,1,199.0,1.0,1.2577002053387683
M1@M15,body_close,neutral,push,mature,retested_2plus,667,107.74662668665667,0.7091454272863568,2.608841732574326
M1@M15,body_close,neutral,push,old,retested_1,1,532.0,1.0,1.8077449686092437
M1@M15,body_close,neutral,push,old,retested_2plus,151,347.6092715231788,1.1920529801324504,1.5510569327559052
M1@M15,body_close,neutral,push,young,retested_1,2,28.0,1.0,0.9940041230286405
M1@M15,body_close,neutral,push,young,retested_2plus,828,28.95048309178744,0.08333333333333333,1.9108876952551626
M1@M15,body_close,neutral,reversal,fresh,retested_1,12,3.4166666666666665,0.9166666666666666,2.265331424958454
M1@M15,body_close,neutral,reversal,fresh,retested_2plus,809,5.8207663782447465,1.26946847960445,1.6706527764710575
M1@M15,body_close,neutral,reversal,mature,retested_2plus,276,88.03623188405797,1.0217391304347827,5.48677654581225
M1@M15,body_close,neutral,reversal,old,retested_1,1,1346.0,2.0,2.6312026436731655
M1@M15,body_close,neutral,reversal,old,retested_2plus,289,1357.0346020761247,1.3391003460207613,2.869304334452364
M1@M15,body_close,neutral,reversal,young,retested_2plus,416,22.807692307692307,0.8798076923076923,2.5844214683366555
M1@M15,body_close,with_daily,continuation,fresh,first_touch,3,2.0,1.3333333333333333,1.2618100974269666
M1@M15,body_close,with_daily,continuation,fresh,retested_1,599,3.312186978297162,2.2537562604340566,1.8688095767788577
M1@M15,body_close,with_daily,continuation,fresh,retested_2plus,35358,5.285338537247582,2.238361898297415,1.7233359488084532
M1@M15,body_close,with_daily,continuation,mature,retested_1,14,123.28571428571429,1.8571428571428572,1.5132976102424276
M1@M15,body_close,with_daily,continuation,mature,retested_2plus,8241,91.96019900497512,2.0112850382235163,2.6833005788318616
M1@M15,body_close,with_daily,continuation,old,first_touch,1,204.0,3.0,0.7091503267980562
M1@M15,body_close,with_daily,continuation,old,retested_1,10,445.8,2.7,2.3636874138190302
M1@M15,body_close,with_daily,continuation,old,retested_2plus,7069,511.03720469656247,1.8821615504314613,2.8169847466293905
M1@M15,body_close,with_daily,continuation,young,retested_1,47,20.574468085106382,2.25531914893617,2.485689483144412
M1@M15,body_close,with_daily,continuation,young,retested_2plus,21766,22.640815951483965,2.2791509694018193,2.7511095729449933
M1@M15,body_close,with_daily,pullback,fresh,first_touch,1,2.0,1.0,2.767441860464906
M1@M15,body_close,with_daily,pullback,fresh,retested_1,302,2.622516556291391,2.172185430463576,1.9450610631991443
M1@M15,body_close,with_daily,pullback,fresh,retested_2plus,2785,7.87935368043088,2.1931777378815083,2.1025197543320497
M1@M15,body_close,with_daily,pullback,mature,retested_1,4,62.0,2.0,0.313070419955113
M1@M15,body_close,with_daily,pullback,mature,retested_2plus,2652,90.7473604826546,1.9694570135746607,2.9404098639369654
M1@M15,body_close,with_daily,pullback,old,retested_2plus,3082,536.4714471122647,2.1096690460739778,3.110626897600952
M1@M15,body_close,with_daily,pullback,young,retested_1,6,19.666666666666668,1.8333333333333333,2.9230843830774877
M1@M15,body_close,with_daily,pullback,young,retested_2plus,9838,25.03740597682456,2.216304126855052,3.3335753472296594
M1@M15,body_close,with_daily,push,fresh,retested_2plus,247,7.222672064777328,2.777327935222672,2.1636988274097524
M1@M15,body_close,with_daily,push,mature,retested_1,1,154.0,3.0,1.239130434783174
M1@M15,body_close,with_daily,push,mature,retested_2plus,1030,105.35631067961165,2.3679611650485435,1.8480876466865168
M1@M15,body_close,with_daily,push,old,retested_1,1,317.0,3.0,0.14615289412430213
M1@M15,body_close,with_daily,push,old,retested_2plus,155,1412.7290322580645,2.303225806451613,1.037159313252686
M1@M15,body_close,with_daily,push,young,retested_1,2,29.5,3.0,0.3595734126983612
M1@M15,body_close,with_daily,push,young,retested_2plus,646,26.43343653250774,2.071207430340557,2.0103345457517934
M1@M15,body_close,with_daily,reversal,fresh,retested_1,2,3.0,1.0,1.9731792355383955
M1@M15,body_close,with_daily,reversal,fresh,retested_2plus,78,4.666666666666667,1.0,1.1695289141325902
M1@M15,break_through,against_daily,continuation,fresh,first_touch,7,2.4285714285714284,2.5714285714285716,2.645606380854743
M1@M15,break_through,against_daily,pullback,fresh,first_touch,7,2.142857142857143,2.2857142857142856,3.025109410167589
M1@M15,break_through,at_transition,continuation,mature,first_touch,1,194.0,1.0,8.140487804877448
M1@M15,break_through,neutral,continuation,fresh,first_touch,7,2.2857142857142856,1.5714285714285714,3.75170976690332
M1@M15,break_through,neutral,pullback,fresh,first_touch,5,2.4,1.0,2.8007602564090748
M1@M15,break_through,with_daily,continuation,fresh,first_touch,3,2.6666666666666665,2.6666666666666665,1.9453045040886365
M1@M15,break_through,with_daily,pullback,fresh,first_touch,6,2.3333333333333335,2.0,2.8480863866543884
M1@M15,near_miss,against_daily,continuation,fresh,first_touch,1425,3.783157894736842,2.2091228070175437,3.9716360872542276
M1@M15,near_miss,against_daily,continuation,fresh,retested_1,392,4.441326530612245,2.2831632653061225,4.0077414529273945
M1@M15,near_miss,against_daily,continuation,fresh,retested_2plus,5726,5.3663988822913025,2.2216206776108978,4.045188669601619
M1@M15,near_miss,against_daily,continuation,mature,first_touch,37,81.05405405405405,1.7297297297297298,5.756256164555641
M1@M15,near_miss,against_daily,continuation,mature,retested_1,9,83.88888888888889,1.8888888888888888,3.893710368320223
M1@M15,near_miss,against_daily,continuation,mature,retested_2plus,683,85.43923865300147,2.005856515373353,5.035726727250226
M1@M15,near_miss,against_daily,continuation,old,first_touch,55,1128.6181818181817,2.0727272727272728,5.502722005581078
M1@M15,near_miss,against_daily,continuation,old,retested_1,8,740.375,2.5,2.715288706752885
M1@M15,near_miss,against_daily,continuation,old,retested_2plus,1562,930.7688860435339,2.111395646606914,5.815763481546709
M1@M15,near_miss,against_daily,continuation,young,first_touch,159,20.80503144654088,2.10062893081761,3.578335899584298
M1@M15,near_miss,against_daily,continuation,young,retested_1,41,23.170731707317074,2.4390243902439024,2.8450755252574598
M1@M15,near_miss,against_daily,continuation,young,retested_2plus,3558,22.01573917931422,2.224564362001124,5.141931620274289
M1@M15,near_miss,against_daily,pullback,fresh,first_touch,92,2.717391304347826,2.2934782608695654,3.5705437032125893
M1@M15,near_miss,against_daily,pullback,fresh,retested_2plus,625,7.7264,2.0672,4.346255116595278
M1@M15,near_miss,against_daily,pullback,mature,first_touch,7,75.28571428571429,2.142857142857143,3.4419744741387084
M1@M15,near_miss,against_daily,pullback,mature,retested_1,3,58.0,3.0,9.185344859639535
M1@M15,near_miss,against_daily,pullback,mature,retested_2plus,458,80.9825327510917,2.1419213973799125,5.3260232681981305
M1@M15,near_miss,against_daily,pullback,old,first_touch,9,1472.6666666666667,2.111111111111111,2.5946126647345067
M1@M15,near_miss,against_daily,pullback,old,retested_1,1,2466.0,3.0,4.74193548387417
M1@M15,near_miss,against_daily,pullback,old,retested_2plus,1200,1068.055,2.214166666666667,7.150704051012807
M1@M15,near_miss,against_daily,pullback,young,first_touch,18,24.0,2.1666666666666665,3.559816876182891
M1@M15,near_miss,against_daily,pullback,young,retested_1,11,16.363636363636363,2.090909090909091,3.5043602897915567
M1@M15,near_miss,against_daily,pullback,young,retested_2plus,1874,23.541088580576307,2.097118463180363,5.895034705766281
M1@M15,near_miss,against_daily,push,old,first_touch,1,2682.0,3.0,2.277292576419076
M1@M15,near_miss,against_daily,push,old,retested_1,2,1706.0,3.0,3.373630831643675
M1@M15,near_miss,against_daily,push,old,retested_2plus,111,1385.9099099099099,2.828828828828829,5.62362033778107
M1@M15,near_miss,against_daily,push,young,first_touch,1,14.0,1.0,7.031424701890091
M1@M15,near_miss,against_daily,push,young,retested_2plus,4,15.5,1.0,3.152974717658327
M1@M15,near_miss,against_daily,reversal,fresh,first_touch,24,3.0,2.4583333333333335,3.6544695634973863
M1@M15,near_miss,against_daily,reversal,fresh,retested_1,7,3.142857142857143,3.0,3.459729694074505
M1@M15,near_miss,against_daily,reversal,fresh,retested_2plus,171,6.362573099415204,2.210526315789474,4.3559278486831206
M1@M15,near_miss,against_daily,reversal,mature,retested_2plus,89,65.13483146067416,2.393258426966292,9.39656350915004
M1@M15,near_miss,against_daily,reversal,old,retested_2plus,25,1057.56,3.0,3.901701604550259
M1@M15,near_miss,against_daily,reversal,young,first_touch,1,12.0,2.0,5.550393370115266
M1@M15,near_miss,against_daily,reversal,young,retested_1,3,12.0,3.0,3.0976395406187045
M1@M15,near_miss,against_daily,reversal,young,retested_2plus,146,27.97945205479452,2.26027397260274,7.010467835152929
M1@M15,near_miss,at_transition,continuation,fresh,first_touch,4,6.75,1.75,5.652115221869718
M1@M15,near_miss,at_transition,continuation,fresh,retested_2plus,2,5.0,1.5,2.740634526544728
M1@M15,near_miss,at_transition,continuation,old,retested_2plus,2,763.5,2.0,5.878058448251828
M1@M15,near_miss,at_transition,continuation,young,first_touch,2,22.0,1.0,5.2946078431375385
M1@M15,near_miss,at_transition,continuation,young,retested_2plus,5,12.8,1.6,5.452485756209698
M1@M15,near_miss,at_transition,pullback,fresh,retested_2plus,1,10.0,2.0,8.009088784586552
M1@M15,near_miss,at_transition,pullback,old,retested_2plus,1,246.0,2.0,7.924528301888298
M1@M15,near_miss,at_transition,pullback,young,retested_2plus,2,17.5,1.0,5.946212837485355
M1@M15,near_miss,at_transition,reversal,young,retested_2plus,1,29.0,1.0,11.25675675675924
M1@M15,near_miss,neutral,continuation,fresh,first_touch,989,3.6946410515672397,1.4651162790697674,3.6841084547893486
M1@M15,near_miss,neutral,continuation,fresh,retested_1,324,4.1419753086419755,1.3518518518518519,3.7182113804254904
M1@M15,near_miss,neutral,continuation,fresh,retested_2plus,3952,5.212297570850202,1.4488866396761133,4.048142730583134
M1@M15,near_miss,neutral,continuation,mature,first_touch,40,106.525,1.6,3.573028047747738
M1@M15,near_miss,neutral,continuation,mature,retested_1,8,76.875,1.375,4.417647751624689
M1@M15,near_miss,neutral,continuation,mature,retested_2plus,650,92.51384615384616,1.4846153846153847,4.862285487077049
M1@M15,near_miss,neutral,continuation,old,first_touch,45,537.8666666666667,1.3111111111111111,5.288821677374764
M1@M15,near_miss,neutral,continuation,old,retested_1,26,454.6923076923077,1.1923076923076923,2.6938154691334404
M1@M15,near_miss,neutral,continuation,old,retested_2plus,1125,414.24177777777777,1.4737777777777779,6.202551036032441
M1@M15,near_miss,neutral,continuation,young,first_touch,160,21.04375,1.4625,3.8149111627156236
M1@M15,near_miss,neutral,continuation,young,retested_1,50,17.18,1.58,3.8640973491459896
M1@M15,near_miss,neutral,continuation,young,retested_2plus,2513,21.746120175089533,1.3760445682451254,4.868452673544956
M1@M15,near_miss,neutral,pullback,fresh,first_touch,58,2.8620689655172415,1.4137931034482758,3.34145275048322
M1@M15,near_miss,neutral,pullback,fresh,retested_2plus,394,7.906091370558376,1.5583756345177664,4.626549415681133
M1@M15,near_miss,neutral,pullback,mature,first_touch,1,113.0,2.0,3.446113602194399
M1@M15,near_miss,neutral,pullback,mature,retested_2plus,413,82.71670702179176,1.242130750605327,5.800134259251871
M1@M15,near_miss,neutral,pullback,old,first_touch,6,894.1666666666666,1.3333333333333333,2.824262226454591
M1@M15,near_miss,neutral,pullback,old,retested_1,2,467.5,1.0,2.8595117845120193
M1@M15,near_miss,neutral,pullback,old,retested_2plus,869,439.9620253164557,1.4718066743383198,7.6176641928560445
M1@M15,near_miss,neutral,pullback,young,first_touch,11,24.545454545454547,1.0,4.649188468754587
M1@M15,near_miss,neutral,pullback,young,retested_1,3,29.666666666666668,1.6666666666666667,4.660031319480838
M1@M15,near_miss,neutral,pullback,young,retested_2plus,1420,24.101408450704227,1.4992957746478872,5.459891808446999
M1@M15,near_miss,neutral,push,fresh,first_touch,7,7.0,0.8571428571428571,3.638481292124086
M1@M15,near_miss,neutral,push,fresh,retested_1,1,5.0,2.0,3.000000000000348
M1@M15,near_miss,neutral,push,fresh,retested_2plus,34,6.264705882352941,0.38235294117647056,3.4286392468188804
M1@M15,near_miss,neutral,push,mature,first_touch,4,198.25,1.0,1.7759820208562918
M1@M15,near_miss,neutral,push,mature,retested_1,4,102.25,0.0,4.559226343398939
M1@M15,near_miss,neutral,push,mature,retested_2plus,149,128.18791946308724,1.0738255033557047,4.9879000141831575
M1@M15,near_miss,neutral,push,old,first_touch,4,453.25,1.25,3.830084802888947
M1@M15,near_miss,neutral,push,old,retested_1,11,230.9090909090909,2.0,4.131940222298682
M1@M15,near_miss,neutral,push,old,retested_2plus,52,347.40384615384613,1.0,3.4838133836884944
M1@M15,near_miss,neutral,push,young,first_touch,1,36.0,1.0,2.495901639344646
M1@M15,near_miss,neutral,push,young,retested_2plus,166,27.325301204819276,0.21686746987951808,3.7738482639897244
M1@M15,near_miss,neutral,reversal,fresh,first_touch,19,3.6315789473684212,1.105263157894737,4.103664147289514
M1@M15,near_miss,neutral,reversal,fresh,retested_1,10,3.2,1.2,3.6757622915525814
M1@M15,near_miss,neutral,reversal,fresh,retested_2plus,45,5.022222222222222,1.7555555555555555,4.518922401865599
M1@M15,near_miss,neutral,reversal,mature,retested_1,4,107.0,2.0,2.489241691944762
M1@M15,near_miss,neutral,reversal,mature,retested_2plus,25,132.32,1.12,9.036347112999305
M1@M15,near_miss,neutral,reversal,old,first_touch,3,1346.0,2.0,3.7263448953545377
M1@M15,near_miss,neutral,reversal,old,retested_2plus,42,2068.8333333333335,1.2142857142857142,4.576843400720228
M1@M15,near_miss,neutral,reversal,young,retested_2plus,51,25.92156862745098,0.39215686274509803,4.078841017651163
M1@M15,near_miss,with_daily,continuation,fresh,first_touch,1473,3.894093686354379,2.264765784114053,3.8012413018475733
M1@M15,near_miss,with_daily,continuation,fresh,retested_1,417,3.4388489208633093,2.2182254196642686,3.6765249514995
M1@M15,near_miss,with_daily,continuation,fresh,retested_2plus,5755,5.406081668114683,2.240486533449175,4.114236740360579
M1@M15,near_miss,with_daily,continuation,mature,first_touch,29,146.75862068965517,2.310344827586207,3.446312898343243
M1@M15,near_miss,with_daily,continuation,mature,retested_1,34,143.7058823529412,1.8529411764705883,3.8253264232172115
M1@M15,near_miss,with_daily,continuation,mature,retested_2plus,1320,93.51439393939394,2.109090909090909,5.541329221989267
M1@M15,near_miss,with_daily,continuation,old,first_touch,25,360.4,2.24,3.2400044266481522
M1@M15,near_miss,with_daily,continuation,old,retested_1,15,339.93333333333334,2.2,2.6548424630865997
M1@M15,near_miss,with_daily,continuation,old,retested_2plus,1262,483.1743264659271,1.984944532488114,4.8760771094905175
M1@M15,near_miss,with_daily,continuation,young,first_touch,201,20.48258706467662,2.1940298507462686,4.90024203586648
M1@M15,near_miss,with_daily,continuation,young,retested_1,45,24.288888888888888,2.3333333333333335,3.488686395707097
M1@M15,near_miss,with_daily,continuation,young,retested_2plus,3978,23.117395676219207,2.3572146807440926,5.506609130370566
M1@M15,near_miss,with_daily,pullback,fresh,first_touch,100,3.48,2.35,3.6838948692129407
M1@M15,near_miss,with_daily,pullback,fresh,retested_2plus,759,7.869565217391305,2.246376811594203,4.810756453171729
M1@M15,near_miss,with_daily,pullback,mature,first_touch,3,105.66666666666667,2.0,2.863815844956329
M1@M15,near_miss,with_daily,pullback,mature,retested_1,7,123.71428571428571,2.7142857142857144,3.113150679744011
M1@M15,near_miss,with_daily,pullback,mature,retested_2plus,635,91.05669291338583,2.0330708661417325,4.994081153363318
M1@M15,near_miss,with_daily,pullback,old,first_touch,22,239.9090909090909,2.5454545454545454,4.403949903024602
M1@M15,near_miss,with_daily,pullback,old,retested_1,2,381.0,2.0,2.6423350375459047
M1@M15,near_miss,with_daily,pullback,old,retested_2plus,878,502.0250569476082,2.226651480637813,6.132694513326907
M1@M15,near_miss,with_daily,pullback,young,first_touch,53,20.962264150943398,2.2641509433962264,4.425576867351457
M1@M15,near_miss,with_daily,pullback,young,retested_1,8,16.0,3.0,4.459383820082037
M1@M15,near_miss,with_daily,pullback,young,retested_2plus,2284,23.61602451838879,2.164185639229422,5.5158466325016136
M1@M15,near_miss,with_daily,push,fresh,first_touch,1,5.0,3.0,2.003717472119148
M1@M15,near_miss,with_daily,push,fresh,retested_1,1,5.0,3.0,1.8717948717943733
M1@M15,near_miss,with_daily,push,fresh,retested_2plus,35,8.085714285714285,2.4571428571428573,2.942176647796508
M1@M15,near_miss,with_daily,push,mature,first_touch,1,154.0,3.0,1.5909090909093264
M1@M15,near_miss,with_daily,push,mature,retested_2plus,251,100.13545816733068,2.462151394422311,4.759070867773647
M1@M15,near_miss,with_daily,push,old,first_touch,3,2520.6666666666665,1.0,0.9924544464316959
M1@M15,near_miss,with_daily,push,old,retested_1,11,2112.5454545454545,1.7272727272727273,2.2492713781031375
M1@M15,near_miss,with_daily,push,old,retested_2plus,61,1163.4918032786886,2.6065573770491803,2.577250649681202
M1@M15,near_miss,with_daily,push,young,first_touch,12,25.666666666666668,3.0,3.3764547954066564
M1@M15,near_miss,with_daily,push,young,retested_1,1,24.0,3.0,4.045454545454552
M1@M15,near_miss,with_daily,push,young,retested_2plus,247,24.360323886639677,2.291497975708502,4.201733759457628
M1@M15,near_miss,with_daily,reversal,fresh,first_touch,5,2.4,1.0,3.851664012014358
M1@M15,near_miss,with_daily,reversal,fresh,retested_2plus,6,3.6666666666666665,1.0,3.9032857395035876
M1@M15,near_miss,with_daily,reversal,old,retested_2plus,1,2716.0,1.0,4.875621890547641
M1@M15,wick_touch,against_daily,continuation,fresh,retested_1,289,3.4602076124567476,2.283737024221453,3.045671543979483
M1@M15,wick_touch,against_daily,continuation,fresh,retested_2plus,4534,5.007498897220997,2.2223202470224965,3.340606855573762
M1@M15,wick_touch,against_daily,continuation,mature,retested_1,14,100.28571428571429,2.2857142857142856,3.2095414011173573
M1@M15,wick_touch,against_daily,continuation,mature,retested_2plus,547,83.85191956124315,2.082266910420475,3.970210761689878
M1@M15,wick_touch,against_daily,continuation,old,retested_1,10,588.7,2.3,2.5067522059962672
M1@M15,wick_touch,against_daily,continuation,old,retested_2plus,1131,948.2679045092838,2.0698496905393458,4.497453975844591
M1@M15,wick_touch,against_daily,continuation,young,retested_1,37,24.135135135135137,2.27027027027027,2.35385591366538
M1@M15,wick_touch,against_daily,continuation,young,retested_2plus,2360,22.484322033898305,2.2233050847457627,4.007152645827298
M1@M15,wick_touch,against_daily,pullback,fresh,retested_1,55,2.709090909090909,2.1454545454545455,3.028594489878679
M1@M15,wick_touch,against_daily,pullback,fresh,retested_2plus,348,7.818965517241379,2.1408045977011496,3.828483176602024
M1@M15,wick_touch,against_daily,pullback,mature,retested_1,2,78.5,3.0,3.8877094251512916
M1@M15,wick_touch,against_daily,pullback,mature,retested_2plus,306,80.40849673202614,2.176470588235294,4.1489922764010165
M1@M15,wick_touch,against_daily,pullback,old,retested_1,2,553.0,1.0,1.887253736008255
M1@M15,wick_touch,against_daily,pullback,old,retested_2plus,753,1040.7622841965472,2.1248339973439574,5.62531440985005
M1@M15,wick_touch,against_daily,pullback,young,retested_1,7,20.285714285714285,1.7142857142857142,3.041183253135434
M1@M15,wick_touch,against_daily,pullback,young,retested_2plus,1098,23.176684881602913,2.1129326047358834,4.709584659315654
M1@M15,wick_touch,against_daily,push,old,retested_1,1,2682.0,3.0,3.4640657084191355
M1@M15,wick_touch,against_daily,push,old,retested_2plus,70,1178.7142857142858,2.6857142857142855,4.932050816347565
M1@M15,wick_touch,against_daily,push,young,retested_2plus,1,15.0,1.0,5.556492933569119
M1@M15,wick_touch,against_daily,reversal,fresh,retested_1,6,3.5,3.0,2.966347863924458
M1@M15,wick_touch,against_daily,reversal,fresh,retested_2plus,140,5.292857142857143,2.257142857142857,3.5385483923594365
M1@M15,wick_touch,against_daily,reversal,mature,retested_2plus,42,71.0,2.619047619047619,7.245010149559443
M1@M15,wick_touch,against_daily,reversal,old,retested_2plus,13,1809.8461538461538,3.0,3.6889045430378853
M1@M15,wick_touch,against_daily,reversal,young,retested_2plus,107,26.401869158878505,2.308411214953271,5.003907693598281
M1@M15,wick_touch,at_transition,continuation,fresh,retested_1,3,6.0,1.0,2.233514480941077
M1@M15,wick_touch,at_transition,continuation,fresh,retested_2plus,20,6.2,1.55,4.41308226594558
M1@M15,wick_touch,at_transition,continuation,mature,retested_2plus,2,126.5,1.0,8.676187940709294
M1@M15,wick_touch,at_transition,continuation,old,retested_2plus,6,412.8333333333333,1.3333333333333333,8.482138567105636
M1@M15,wick_touch,at_transition,continuation,young,retested_1,2,12.5,1.5,3.820437899329427
M1@M15,wick_touch,at_transition,continuation,young,retested_2plus,22,24.318181818181817,1.3636363636363635,5.440427655117082
M1@M15,wick_touch,at_transition,pullback,mature,retested_2plus,1,79.0,2.0,4.652941176469895
M1@M15,wick_touch,at_transition,pullback,old,retested_2plus,6,533.6666666666666,1.3333333333333333,8.407577065936865
M1@M15,wick_touch,at_transition,pullback,young,retested_2plus,7,22.428571428571427,1.4285714285714286,4.358354499391793
M1@M15,wick_touch,at_transition,push,old,retested_2plus,1,542.0,2.0,4.753943035019427
M1@M15,wick_touch,at_transition,push,young,retested_2plus,1,17.0,1.0,4.193907500230892
M1@M15,wick_touch,at_transition,reversal,fresh,retested_2plus,1,8.0,2.0,6.338582677164747
M1@M15,wick_touch,neutral,continuation,fresh,retested_1,212,3.5754716981132075,1.3915094339622642,3.009034514371278
M1@M15,wick_touch,neutral,continuation,fresh,retested_2plus,3406,5.051379917792132,1.4268937169700529,3.3567327348422147
M1@M15,wick_touch,neutral,continuation,mature,retested_1,10,105.8,1.7,2.5254124765408816
M1@M15,wick_touch,neutral,continuation,mature,retested_2plus,548,93.69890510948905,1.5291970802919708,3.8031119368882447
M1@M15,wick_touch,neutral,continuation,old,retested_1,11,610.5454545454545,1.3636363636363635,2.338139087133156
M1@M15,wick_touch,neutral,continuation,old,retested_2plus,801,424.93882646691634,1.4794007490636705,4.712966037920765
M1@M15,wick_touch,neutral,continuation,young,retested_1,42,19.976190476190474,1.4761904761904763,2.9169608932001685
M1@M15,wick_touch,neutral,continuation,young,retested_2plus,1618,22.068603213844252,1.381334981458591,3.762238424811968
M1@M15,wick_touch,neutral,pullback,fresh,retested_1,42,2.9761904761904763,1.3333333333333333,2.938008449114289
M1@M15,wick_touch,neutral,pullback,fresh,retested_2plus,246,7.597560975609756,1.475609756097561,4.253527751326353
M1@M15,wick_touch,neutral,pullback,mature,retested_1,1,52.0,2.0,1.2477341389735828
M1@M15,wick_touch,neutral,pullback,mature,retested_2plus,313,83.82428115015975,1.3130990415335464,4.7816458117637515
M1@M15,wick_touch,neutral,pullback,old,retested_2plus,485,441.659793814433,1.4618556701030927,5.630789459629658
M1@M15,wick_touch,neutral,pullback,young,retested_1,1,49.0,1.0,3.9766273114871287
M1@M15,wick_touch,neutral,pullback,young,retested_2plus,735,24.555102040816326,1.4408163265306122,4.343648066305819
M1@M15,wick_touch,neutral,push,fresh,retested_1,2,6.0,1.0,2.362160974836094
M1@M15,wick_touch,neutral,push,fresh,retested_2plus,28,6.571428571428571,0.75,2.746178284628915
M1@M15,wick_touch,neutral,push,mature,retested_1,1,102.0,0.0,4.2210043124022185
M1@M15,wick_touch,neutral,push,mature,retested_2plus,91,122.21978021978022,0.945054945054945,4.457096009888995
M1@M15,wick_touch,neutral,push,old,retested_1,1,218.0,2.0,1.984347826086855
M1@M15,wick_touch,neutral,push,old,retested_2plus,31,349.8709677419355,1.0,3.172764984041271
M1@M15,wick_touch,neutral,push,young,retested_2plus,131,27.33587786259542,0.20610687022900764,3.399027652398107
M1@M15,wick_touch,neutral,reversal,fresh,retested_1,9,3.2222222222222223,1.2222222222222223,3.601672731567355
M1@M15,wick_touch,neutral,reversal,fresh,retested_2plus,70,5.071428571428571,1.3142857142857143,3.697395576134373
M1@M15,wick_touch,neutral,reversal,mature,retested_2plus,29,130.82758620689654,1.1724137931034482,7.512010843812396
M1@M15,wick_touch,neutral,reversal,old,retested_2plus,18,1925.5555555555557,1.5555555555555556,3.6066955902573508
M1@M15,wick_touch,neutral,reversal,young,retested_1,2,15.0,1.0,3.6878167641329807
M1@M15,wick_touch,neutral,reversal,young,retested_2plus,76,24.776315789473685,0.6578947368421053,3.9194771988115065
M1@M15,wick_touch,neutral,unknown,fresh,retested_1,1,3.0,0.0,2.740740740738426
M1@M15,wick_touch,with_daily,continuation,fresh,retested_1,274,3.4014598540145986,2.2518248175182483,3.219268165844056
M1@M15,wick_touch,with_daily,continuation,fresh,retested_2plus,4539,5.051112579863406,2.246970698391716,3.4285375322326845
M1@M15,wick_touch,with_daily,continuation,mature,retested_1,9,119.66666666666667,2.0,2.853417882370888
M1@M15,wick_touch,with_daily,continuation,mature,retested_2plus,1014,101.15976331360947,2.1252465483234713,4.310994800545492
M1@M15,wick_touch,with_daily,continuation,old,retested_1,12,403.1666666666667,2.0,2.3210060722349906
M1@M15,wick_touch,with_daily,continuation,old,retested_2plus,828,517.2898550724638,1.933574879227053,3.9071803089213804
M1@M15,wick_touch,with_daily,continuation,young,retested_1,40,21.325,2.225,2.5096364398556963
M1@M15,wick_touch,with_daily,continuation,young,retested_2plus,2521,23.022610075366917,2.3030543435144786,4.2169294032985105
M1@M15,wick_touch,with_daily,pullback,fresh,retested_1,65,2.5538461538461537,2.076923076923077,3.2070130898167983
M1@M15,wick_touch,with_daily,pullback,fresh,retested_2plus,412,7.939320388349515,2.2257281553398056,4.10986988604943
M1@M15,wick_touch,with_daily,pullback,mature,retested_1,4,85.5,2.0,1.1001755248782537
M1@M15,wick_touch,with_daily,pullback,mature,retested_2plus,432,87.72222222222223,2.1087962962962963,3.892025054983446
M1@M15,wick_touch,with_daily,pullback,old,retested_1,4,462.75,2.0,3.602381911615213
M1@M15,wick_touch,with_daily,pullback,old,retested_2plus,540,516.5833333333334,2.2037037037037037,4.3309638702347275
M1@M15,wick_touch,with_daily,pullback,young,retested_1,6,20.666666666666668,2.1666666666666665,3.131049464515408
M1@M15,wick_touch,with_daily,pullback,young,retested_2plus,1231,24.39723801787165,2.133225020308692,4.63741785679817
M1@M15,wick_touch,with_daily,push,fresh,retested_1,1,5.0,3.0,2.0999999999996546
M1@M15,wick_touch,with_daily,push,fresh,retested_2plus,35,7.6571428571428575,2.5428571428571427,2.597280105691623
M1@M15,wick_touch,with_daily,push,mature,retested_2plus,189,96.3015873015873,2.5978835978835977,3.731659470523129
M1@M15,wick_touch,with_daily,push,old,retested_1,4,2215.0,1.5,1.4237086873532492
M1@M15,wick_touch,with_daily,push,old,retested_2plus,42,1475.5238095238096,2.238095238095238,2.1472117573875384
M1@M15,wick_touch,with_daily,push,young,retested_1,2,19.0,3.0,2.7999379557952615
M1@M15,wick_touch,with_daily,push,young,retested_2plus,175,23.782857142857143,2.182857142857143,3.9858256984678766
M1@M15,wick_touch,with_daily,reversal,fresh,retested_2plus,8,3.625,1.0,3.4974748112408447
M1@M5,body_close,against_daily,continuation,fresh,first_touch,18,2.8333333333333335,1.7222222222222223,0.9631652926935451
M1@M5,body_close,against_daily,continuation,fresh,retested_1,1661,3.354605659241421,2.193257074051776,0.8980531157849041
M1@M5,body_close,against_daily,continuation,fresh,retested_2plus,31592,5.422100531780197,2.1841605469739176,0.9703408800344139
M1@M5,body_close,against_daily,continuation,mature,retested_1,47,87.8936170212766,2.1914893617021276,1.038062290632274
M1@M5,body_close,against_daily,continuation,mature,retested_2plus,10260,100.46257309941521,2.1296296296296298,1.9800252345226663
M1@M5,body_close,against_daily,continuation,old,retested_1,35,1246.8285714285714,1.9714285714285715,0.8792550544444043
M1@M5,body_close,against_daily,continuation,old,retested_2plus,6947,1248.2711961997984,2.155174895638405,1.6650018187772295
M1@M5,body_close,against_daily,continuation,young,first_touch,2,13.0,2.5,0.7106451209187714
M1@M5,body_close,against_daily,continuation,young,retested_1,187,21.262032085561497,2.2566844919786098,0.9659629060255355
M1@M5,body_close,against_daily,continuation,young,retested_2plus,22822,23.99040399614407,2.225440364560512,1.2332422616589411
M1@M5,body_close,against_daily,pullback,fresh,first_touch,7,2.857142857142857,2.0,1.3446665441009338
M1@M5,body_close,against_daily,pullback,fresh,retested_1,791,2.6510745891276866,2.170670037926675,0.8340145532490025
M1@M5,body_close,against_daily,pullback,fresh,retested_2plus,2691,8.031586770717205,2.167967298402081,1.3112334968577042
M1@M5,body_close,against_daily,pullback,mature,retested_1,11,103.18181818181819,2.090909090909091,0.6811539430845339
M1@M5,body_close,against_daily,pullback,mature,retested_2plus,5736,99.05491631799163,2.151673640167364,2.8431999726378345
M1@M5,body_close,against_daily,pullback,old,retested_1,9,1024.7777777777778,2.4444444444444446,0.6741769564146708
M1@M5,body_close,against_daily,pullback,old,retested_2plus,3863,1334.6251617913538,2.125032358270774,2.2012108538504958
M1@M5,body_close,against_daily,pullback,young,retested_1,20,26.05,2.05,1.5797760695031937
M1@M5,body_close,against_daily,pullback,young,retested_2plus,10783,25.970972827599,2.2629138458684968,1.569760971704
M1@M5,body_close,against_daily,push,old,retested_2plus,44,2625.3863636363635,2.909090909090909,1.419997905705933
M1@M5,body_close,against_daily,push,young,retested_2plus,47,19.46808510638298,1.0,2.055405024162421
M1@M5,body_close,against_daily,reversal,fresh,retested_1,30,3.033333333333333,2.5,0.9885539329274661
M1@M5,body_close,against_daily,reversal,fresh,retested_2plus,463,5.561555075593953,2.624190064794816,1.0611647022174415
M1@M5,body_close,against_daily,reversal,mature,retested_1,1,69.0,2.0,2.767441860464892
M1@M5,body_close,against_daily,reversal,mature,retested_2plus,252,103.38095238095238,2.1468253968253967,1.5165430555710002
M1@M5,body_close,against_daily,reversal,old,retested_2plus,227,319.8105726872247,2.8370044052863435,1.7923768268129188
M1@M5,body_close,against_daily,reversal,young,retested_1,2,18.5,2.5,0.5133414719220094
M1@M5,body_close,against_daily,reversal,young,retested_2plus,582,25.29381443298969,2.3900343642611683,1.489210148773914
M1@M5,body_close,at_transition,continuation,fresh,retested_1,5,6.4,1.6,0.3834412407769238
M1@M5,body_close,at_transition,continuation,fresh,retested_2plus,11,6.090909090909091,1.4545454545454546,0.47002374095259447
M1@M5,body_close,at_transition,continuation,mature,retested_2plus,11,92.0909090909091,1.4545454545454546,1.7475545056890673
M1@M5,body_close,at_transition,continuation,old,retested_1,2,620.5,1.0,0.7599312070048226
M1@M5,body_close,at_transition,continuation,old,retested_2plus,15,714.2,1.4666666666666666,0.9283744057622397
M1@M5,body_close,at_transition,continuation,young,retested_1,3,16.333333333333332,1.3333333333333333,0.6840165379929847
M1@M5,body_close,at_transition,continuation,young,retested_2plus,34,28.029411764705884,1.4411764705882353,0.8963011863866768
M1@M5,body_close,at_transition,pullback,mature,retested_2plus,19,100.26315789473684,1.3157894736842106,2.4561298771500684
M1@M5,body_close,at_transition,pullback,old,retested_1,2,639.5,1.0,0.6863553113546454
M1@M5,body_close,at_transition,pullback,old,retested_2plus,7,723.2857142857143,1.1428571428571428,1.1356456708272222
M1@M5,body_close,at_transition,pullback,young,retested_1,2,31.0,1.5,0.6318543355991083
M1@M5,body_close,at_transition,pullback,young,retested_2plus,19,21.473684210526315,1.3157894736842106,0.8456935184241473
M1@M5,body_close,neutral,continuation,fresh,first_touch,9,2.2222222222222223,1.6666666666666667,1.0483759800764503
M1@M5,body_close,neutral,continuation,fresh,retested_1,1291,3.278079008520527,1.4252517428350115,0.8471123854797326
M1@M5,body_close,neutral,continuation,fresh,retested_2plus,24766,5.342122264394734,1.437535330695308,0.9252058374844978
M1@M5,body_close,neutral,continuation,mature,retested_1,34,93.20588235294117,1.6764705882352942,1.1251748190166346
M1@M5,body_close,neutral,continuation,mature,retested_2plus,6327,101.78773510352458,1.3279595384858542,1.927503589375376
M1@M5,body_close,neutral,continuation,old,retested_1,26,971.1538461538462,1.4230769230769231,0.9074622054883755
M1@M5,body_close,neutral,continuation,old,retested_2plus,7418,876.8030466433,1.423833917497978,2.461300452822371
M1@M5,body_close,neutral,continuation,young,retested_1,121,21.776859504132233,1.421487603305785,1.035287107850937
M1@M5,body_close,neutral,continuation,young,retested_2plus,16913,24.542836871045942,1.4099804883817182,1.2136962079705718
M1@M5,body_close,neutral,pullback,fresh,first_touch,3,2.0,1.3333333333333333,0.7604977425116058
M1@M5,body_close,neutral,pullback,fresh,retested_1,686,2.610787172011662,1.4475218658892128,0.7976117540758053
M1@M5,body_close,neutral,pullback,fresh,retested_2plus,2188,7.89945155393053,1.4552102376599634,1.4677638589492332
M1@M5,body_close,neutral,pullback,mature,retested_1,9,98.88888888888889,1.8888888888888888,1.0205953057890724
M1@M5,body_close,neutral,pullback,mature,retested_2plus,3391,97.444116779711,1.3438513712769096,2.630630713735125
M1@M5,body_close,neutral,pullback,old,retested_1,7,669.8571428571429,1.5714285714285714,0.5307062460305213
M1@M5,body_close,neutral,pullback,old,retested_2plus,4205,902.4898929845422,1.4525564803804993,2.941273111009876
M1@M5,body_close,neutral,pullback,young,retested_1,22,25.181818181818183,1.8181818181818181,0.7579794560410034
M1@M5,body_close,neutral,pullback,young,retested_2plus,7060,25.01628895184136,1.4147308781869687,1.5196860870078395
M1@M5,body_close,neutral,push,fresh,retested_1,1,9.0,1.0,0.2747576302567518
M1@M5,body_close,neutral,push,fresh,retested_2plus,22,7.818181818181818,1.4090909090909092,0.49101761861635684
M1@M5,body_close,neutral,push,mature,retested_1,1,108.0,1.0,1.2148760330578352
M1@M5,body_close,neutral,push,mature,retested_2plus,171,102.64327485380117,0.24561403508771928,1.1454475000725617
M1@M5,body_close,neutral,push,old,retested_1,1,721.0,1.0,0.32054455445561836
M1@M5,body_close,neutral,push,old,retested_2plus,400,396.4825,1.2325,1.5795178794234956
M1@M5,body_close,neutral,push,young,retested_1,6,27.666666666666668,1.1666666666666667,0.6120616339924807
M1@M5,body_close,neutral,push,young,retested_2plus,182,26.37912087912088,1.1593406593406594,0.6933675695593225
M1@M5,body_close,neutral,reversal,fresh,retested_1,15,3.7333333333333334,1.3333333333333333,1.2397158265924402
M1@M5,body_close,neutral,reversal,fresh,retested_2plus,214,6.149532710280374,1.1121495327102804,0.9481905627000136
M1@M5,body_close,neutral,reversal,mature,retested_2plus,161,156.29813664596273,1.0186335403726707,2.7529150280925574
M1@M5,body_close,neutral,reversal,old,retested_2plus,301,494.6146179401993,1.1362126245847175,5.734071253274269
M1@M5,body_close,neutral,reversal,young,retested_1,2,33.5,1.5,1.2596066043312684
M1@M5,body_close,neutral,reversal,young,retested_2plus,340,23.129411764705882,1.1764705882352942,1.3027916215886863
M1@M5,body_close,with_daily,continuation,fresh,first_touch,11,2.909090909090909,2.4545454545454546,1.137430689570737
M1@M5,body_close,with_daily,continuation,fresh,retested_1,1658,3.4059107358262968,2.183956574185766,0.9025941817968564
M1@M5,body_close,with_daily,continuation,fresh,retested_2plus,31523,5.42959109221838,2.1896075881102686,0.965425159917907
M1@M5,body_close,with_daily,continuation,mature,retested_1,34,90.97058823529412,2.5,0.9791793061195901
M1@M5,body_close,with_daily,continuation,mature,retested_2plus,12816,106.38288077403246,2.2090355805243447,2.3208541165918595
M1@M5,body_close,with_daily,continuation,old,retested_1,31,816.2258064516129,2.064516129032258,0.7577975420164889
M1@M5,body_close,with_daily,continuation,old,retested_2plus,7781,690.4501992031873,2.072484256522298,1.638457213571274
M1@M5,body_close,with_daily,continuation,young,retested_1,153,21.326797385620914,2.1437908496732025,1.0650668549431155
M1@M5,body_close,with_daily,continuation,young,retested_2plus,24174,23.97517994539588,2.2010838090510467,1.290818085607175
M1@M5,body_close,with_daily,pullback,fresh,first_touch,7,2.5714285714285716,2.4285714285714284,1.1693969027989437
M1@M5,body_close,with_daily,pullback,fresh,retested_1,839,2.693682955899881,2.163289630512515,0.944131373855704
M1@M5,body_close,with_daily,pullback,fresh,retested_2plus,2437,7.960607304062372,2.215018465326221,2.1094297459533227
M1@M5,body_close,with_daily,pullback,mature,retested_1,9,80.88888888888889,2.2222222222222223,0.7731997931732555
M1@M5,body_close,with_daily,pullback,mature,retested_2plus,7645,103.60627861347285,2.243557880967953,2.3790133020307627
M1@M5,body_close,with_daily,pullback,old,retested_1,7,971.4285714285714,1.7142857142857142,0.5486699251571521
M1@M5,body_close,with_daily,pullback,old,retested_2plus,4044,633.9418892185954,2.0905044510385755,1.7002702267511591
M1@M5,body_close,with_daily,pullback,young,retested_1,31,19.548387096774192,2.032258064516129,1.019858314953844
M1@M5,body_close,with_daily,pullback,young,retested_2plus,10616,25.261586284853053,2.2043142426526,1.5279201399159785
M1@M5,body_close,with_daily,push,fresh,retested_2plus,34,7.294117647058823,2.7941176470588234,0.738279976723391
M1@M5,body_close,with_daily,push,mature,retested_1,1,54.0,3.0,0.35714285714268235
M1@M5,body_close,with_daily,push,mature,retested_2plus,291,129.24742268041237,1.9347079037800687,2.213964850800669
M1@M5,body_close,with_daily,push,old,retested_1,2,560.0,3.0,0.6739023792005365
M1@M5,body_close,with_daily,push,old,retested_2plus,307,347.4104234527687,2.547231270358306,1.7960747448316803
M1@M5,body_close,with_daily,push,young,retested_1,5,26.0,2.6,0.49709886616087645
M1@M5,body_close,with_daily,push,young,retested_2plus,340,23.120588235294118,2.4676470588235295,0.633035347322099
M1@M5,body_close,with_daily,reversal,fresh,retested_1,2,6.0,1.0,0.7489874898747203
M1@M5,body_close,with_daily,reversal,fresh,retested_2plus,11,3.090909090909091,1.0,0.9997871836402742
M1@M5,body_close,with_daily,reversal,old,retested_2plus,85,555.6588235294117,1.0,0.9631146972267519
M1@M5,body_close,with_daily,reversal,young,retested_2plus,33,17.181818181818183,1.0,1.063242297273665
M1@M5,break_through,against_daily,continuation,fresh,first_touch,57,2.6140350877192984,2.1052631578947367,2.0870498157929585
M1@M5,break_through,against_daily,pullback,fresh,first_touch,52,2.230769230769231,2.25,2.031282649239179
M1@M5,break_through,at_transition,continuation,old,first_touch,1,580.0,1.0,2.3599999999995838
M1@M5,break_through,at_transition,pullback,old,first_touch,1,578.0,2.0,1.7943661971834992
M1@M5,break_through,neutral,continuation,fresh,first_touch,40,2.6,1.4,1.993084912732827
M1@M5,break_through,neutral,pullback,fresh,first_touch,47,2.4680851063829787,1.425531914893617,2.109954183055483
M1@M5,break_through,neutral,reversal,fresh,first_touch,1,3.0,2.0,3.337209302324058
M1@M5,break_through,with_daily,continuation,fresh,first_touch,47,2.3617021276595747,2.021276595744681,2.015262669692092
M1@M5,break_through,with_daily,continuation,old,first_touch,1,578.0,3.0,2.8378378378380895
M1@M5,break_through,with_daily,continuation,young,first_touch,1,12.0,1.0,1.995926680244011
M1@M5,break_through,with_daily,pullback,fresh,first_touch,45,2.466666666666667,2.111111111111111,2.076669944131901
M1@M5,near_miss,against_daily,continuation,fresh,first_touch,3729,4.061410565835344,2.1780638240815233,2.679676885207871
M1@M5,near_miss,against_daily,continuation,fresh,retested_1,1166,4.307032590051458,2.177530017152659,2.3637416864549494
M1@M5,near_miss,against_daily,continuation,fresh,retested_2plus,7904,5.919281376518219,2.2015435222672064,2.5962975230412035
M1@M5,near_miss,against_daily,continuation,mature,first_touch,155,78.08387096774193,2.1354838709677417,2.5418086085112455
M1@M5,near_miss,against_daily,continuation,mature,retested_1,62,90.58064516129032,2.3548387096774195,2.018714209449326
M1@M5,near_miss,against_daily,continuation,mature,retested_2plus,2725,95.4040366972477,2.1075229357798166,4.202656354275587
M1@M5,near_miss,against_daily,continuation,old,first_touch,82,1032.8658536585365,1.975609756097561,2.426546231530591
M1@M5,near_miss,against_daily,continuation,old,retested_1,47,967.1489361702128,1.5319148936170213,3.338828949437999
M1@M5,near_miss,against_daily,continuation,old,retested_2plus,1778,1347.2390326209224,2.1214848143982,3.389695431509354
M1@M5,near_miss,against_daily,continuation,young,first_touch,718,21.465181058495823,2.1100278551532035,2.799495442203121
M1@M5,near_miss,against_daily,continuation,young,retested_1,267,22.655430711610485,2.146067415730337,2.6509963178851517
M1@M5,near_miss,against_daily,continuation,young,retested_2plus,6627,23.645842764448467,2.2583371057793875,3.325649940788648
M1@M5,near_miss,against_daily,pullback,fresh,first_touch,395,2.9645569620253163,2.189873417721519,2.4559757061343013
M1@M5,near_miss,against_daily,pullback,fresh,retested_1,25,8.08,1.0,3.190403852674973
M1@M5,near_miss,against_daily,pullback,fresh,retested_2plus,1195,8.05355648535565,2.1539748953974893,3.028853733600328
M1@M5,near_miss,against_daily,pullback,mature,first_touch,26,93.6923076923077,2.3076923076923075,2.1083958845270114
M1@M5,near_miss,against_daily,pullback,mature,retested_1,19,95.52631578947368,2.1578947368421053,2.405252042362641
M1@M5,near_miss,against_daily,pullback,mature,retested_2plus,2059,96.64254492472074,2.3006313744536184,4.058360387241331
M1@M5,near_miss,against_daily,pullback,old,first_touch,26,703.8461538461538,1.9230769230769231,2.0648695661598806
M1@M5,near_miss,against_daily,pullback,old,retested_1,23,1375.1304347826087,1.8695652173913044,2.4886289841292943
M1@M5,near_miss,against_daily,pullback,old,retested_2plus,1329,1358.5914221218961,2.105342362678706,3.540740874696783
M1@M5,near_miss,against_daily,pullback,young,first_touch,103,24.9126213592233,1.9611650485436893,2.984255586791263
M1@M5,near_miss,against_daily,pullback,young,retested_1,63,19.603174603174605,2.3174603174603177,2.565634188232065
M1@M5,near_miss,against_daily,pullback,young,retested_2plus,4586,24.66201482773659,2.2420409943305715,3.452075932865201
M1@M5,near_miss,against_daily,push,fresh,first_touch,1,9.0,1.0,4.152905198777212
M1@M5,near_miss,against_daily,push,fresh,retested_1,2,10.0,1.0,3.9515038356943872
M1@M5,near_miss,against_daily,push,fresh,retested_2plus,2,10.0,1.0,4.644567307692651
M1@M5,near_miss,against_daily,push,mature,retested_2plus,1,59.0,1.0,9.8311111111145
M1@M5,near_miss,against_daily,push,old,retested_2plus,29,2651.0689655172414,2.8620689655172415,3.171986664867876
M1@M5,near_miss,against_daily,push,young,first_touch,2,21.5,1.0,4.705882352937982
M1@M5,near_miss,against_daily,push,young,retested_2plus,4,15.75,1.0,4.237383227345895
M1@M5,near_miss,against_daily,reversal,fresh,first_touch,40,3.75,2.6,2.5162180339650515
M1@M5,near_miss,against_daily,reversal,fresh,retested_1,15,4.333333333333333,2.066666666666667,2.262977491972914
M1@M5,near_miss,against_daily,reversal,fresh,retested_2plus,102,6.637254901960785,2.3137254901960786,2.392193755010015
M1@M5,near_miss,against_daily,reversal,mature,first_touch,6,87.33333333333333,1.5,2.6681526069212427
M1@M5,near_miss,against_daily,reversal,mature,retested_1,1,57.0,2.0,2.413793103447019
M1@M5,near_miss,against_daily,reversal,mature,retested_2plus,137,109.92700729927007,2.1824817518248176,3.7090987385584278
M1@M5,near_miss,against_daily,reversal,old,retested_1,1,215.0,3.0,4.009708737863711
M1@M5,near_miss,against_daily,reversal,old,retested_2plus,71,325.63380281690144,2.8732394366197185,4.3829181643864
M1@M5,near_miss,against_daily,reversal,young,first_touch,13,19.307692307692307,2.076923076923077,3.2484116290246736
M1@M5,near_miss,against_daily,reversal,young,retested_1,7,17.142857142857142,2.0,2.7629207865431313
M1@M5,near_miss,against_daily,reversal,young,retested_2plus,207,24.468599033816425,2.36231884057971,2.8189474123625975
M1@M5,near_miss,at_transition,continuation,fresh,retested_2plus,8,5.125,1.5,3.3987620421155675
M1@M5,near_miss,at_transition,continuation,mature,retested_2plus,8,74.0,1.625,6.360302880461212
M1@M5,near_miss,at_transition,continuation,old,retested_2plus,2,641.5,2.0,5.606291662133074
M1@M5,near_miss,at_transition,continuation,young,first_touch,2,20.0,1.5,4.295198610341977
M1@M5,near_miss,at_transition,continuation,young,retested_1,1,11.0,2.0,1.4997553681568672
M1@M5,near_miss,at_transition,continuation,young,retested_2plus,8,22.5,1.375,3.7374391631008645
M1@M5,near_miss,at_transition,pullback,fresh,retested_2plus,1,7.0,2.0,8.318209440914629
M1@M5,near_miss,at_transition,pullback,mature,retested_2plus,4,67.25,1.5,4.6418353725469395
M1@M5,near_miss,at_transition,pullback,old,retested_1,1,662.0,2.0,1.5076923076924253
M1@M5,near_miss,at_transition,pullback,old,retested_2plus,4,427.5,1.5,6.702894931557892
M1@M5,near_miss,at_transition,pullback,young,first_touch,2,19.0,1.0,4.7545498665374115
M1@M5,near_miss,at_transition,pullback,young,retested_2plus,6,23.666666666666668,1.1666666666666667,3.424039349608211
M1@M5,near_miss,neutral,continuation,fresh,first_touch,2633,4.043296619825294,1.4895556399544245,2.4759365341224666
M1@M5,near_miss,neutral,continuation,fresh,retested_1,903,4.3023255813953485,1.4706533776301218,2.3218615533903755
M1@M5,near_miss,neutral,continuation,fresh,retested_2plus,5941,5.8899175223026425,1.4403299107894294,2.5650649224885957
M1@M5,near_miss,neutral,continuation,mature,first_touch,141,93.91489361702128,1.5886524822695036,2.9788233892542713
M1@M5,near_miss,neutral,continuation,mature,retested_1,32,85.53125,1.1875,2.4081634827491345
M1@M5,near_miss,neutral,continuation,mature,retested_2plus,1881,100.93939393939394,1.3508771929824561,3.465942933280227
M1@M5,near_miss,neutral,continuation,old,first_touch,86,863.5116279069767,1.372093023255814,2.229536057666404
M1@M5,near_miss,neutral,continuation,old,retested_1,36,744.8611111111111,1.5277777777777777,2.509513064522292
M1@M5,near_miss,neutral,continuation,old,retested_2plus,1558,934.6129653401797,1.4749679075738127,4.031777608346903
M1@M5,near_miss,neutral,continuation,young,first_touch,467,22.805139186295502,1.531049250535332,2.6201571982256
M1@M5,near_miss,neutral,continuation,young,retested_1,172,22.517441860465116,1.308139534883721,4.1221579053154365
M1@M5,near_miss,neutral,continuation,young,retested_2plus,5057,23.757563772987936,1.3925252125766265,2.891532077927558
M1@M5,near_miss,neutral,pullback,fresh,first_touch,256,2.65625,1.45703125,2.3895418028984685
M1@M5,near_miss,neutral,pullback,fresh,retested_1,4,8.0,1.25,2.0677189901390034
M1@M5,near_miss,neutral,pullback,fresh,retested_2plus,879,7.724687144482366,1.522184300341297,2.866576946902929
M1@M5,near_miss,neutral,pullback,mature,first_touch,23,91.47826086956522,1.7826086956521738,2.7923223857600528
M1@M5,near_miss,neutral,pullback,mature,retested_1,23,87.78260869565217,1.565217391304348,1.9749897989683756
M1@M5,near_miss,neutral,pullback,mature,retested_2plus,1384,98.4342485549133,1.4559248554913296,4.3502193330201955
M1@M5,near_miss,neutral,pullback,old,first_touch,17,967.7058823529412,1.2352941176470589,1.9400099197333556
M1@M5,near_miss,neutral,pullback,old,retested_1,17,1038.6470588235295,1.2352941176470589,3.11359067030779
M1@M5,near_miss,neutral,pullback,old,retested_2plus,910,885.3879120879121,1.456043956043956,4.203817697355207
M1@M5,near_miss,neutral,pullback,young,first_touch,75,25.6,1.7733333333333334,2.501001781220346
M1@M5,near_miss,neutral,pullback,young,retested_1,48,25.833333333333332,1.3541666666666667,2.0917389846007297
M1@M5,near_miss,neutral,pullback,young,retested_2plus,3525,25.36113475177305,1.4104964539007092,3.494199359503786
M1@M5,near_miss,neutral,push,fresh,first_touch,3,8.333333333333334,1.0,1.3773969388699545
M1@M5,near_miss,neutral,push,fresh,retested_1,2,9.5,1.5,2.102822580645016
M1@M5,near_miss,neutral,push,fresh,retested_2plus,15,9.266666666666667,1.0,2.180741506867382
M1@M5,near_miss,neutral,push,mature,retested_2plus,69,97.15942028985508,0.18840579710144928,2.9449714611170794
M1@M5,near_miss,neutral,push,old,first_touch,4,1611.5,1.0,2.5992615980254445
M1@M5,near_miss,neutral,push,old,retested_1,22,1621.3181818181818,1.0,3.4362738988071047
M1@M5,near_miss,neutral,push,old,retested_2plus,69,430.4782608695652,1.2463768115942029,3.905346066562367
M1@M5,near_miss,neutral,push,young,first_touch,9,28.77777777777778,1.3333333333333333,2.0409817317633703
M1@M5,near_miss,neutral,push,young,retested_1,6,20.5,1.0,1.687251626827452
M1@M5,near_miss,neutral,push,young,retested_2plus,50,28.9,0.66,1.9507324581431253
M1@M5,near_miss,neutral,reversal,fresh,first_touch,22,3.4545454545454546,1.1363636363636365,2.490408893351678
M1@M5,near_miss,neutral,reversal,fresh,retested_1,7,4.142857142857143,1.5714285714285714,2.159592289408508
M1@M5,near_miss,neutral,reversal,fresh,retested_2plus,42,6.5,1.2619047619047619,2.9535578016928623
M1@M5,near_miss,neutral,reversal,mature,retested_2plus,35,89.94285714285714,0.3142857142857143,3.6626694707268697
M1@M5,near_miss,neutral,reversal,old,retested_2plus,38,451.1578947368421,1.1578947368421053,6.85256130923415
M1@M5,near_miss,neutral,reversal,young,first_touch,6,20.833333333333332,2.0,4.296515550024596
M1@M5,near_miss,neutral,reversal,young,retested_2plus,97,23.804123711340207,1.5360824742268042,3.110247498787105
M1@M5,near_miss,with_daily,continuation,fresh,first_touch,3737,4.1003478726251,2.2065828204442064,3.1413916196168583
M1@M5,near_miss,with_daily,continuation,fresh,retested_1,1346,4.369242199108469,2.302377414561664,2.4238731537235463
M1@M5,near_miss,with_daily,continuation,fresh,retested_2plus,7738,5.923494443008529,2.1620573791677438,2.6343969336065722
M1@M5,near_miss,with_daily,continuation,mature,first_touch,110,88.03636363636363,2.4727272727272727,2.691674904204574
M1@M5,near_miss,with_daily,continuation,mature,retested_1,68,98.88235294117646,2.0588235294117645,3.0624570698771487
M1@M5,near_miss,with_daily,continuation,mature,retested_2plus,3419,99.98713073998245,2.283708686750512,4.131895134771703
M1@M5,near_miss,with_daily,continuation,old,first_touch,138,722.3405797101449,2.036231884057971,2.4111741111397156
M1@M5,near_miss,with_daily,continuation,old,retested_1,57,596.6666666666666,2.1578947368421053,2.55398483308358
M1@M5,near_miss,with_daily,continuation,old,retested_2plus,1959,695.3864216436957,2.1036242981112814,3.272391017545049
M1@M5,near_miss,with_daily,continuation,young,first_touch,583,22.69982847341338,2.150943396226415,2.8601449340752527
M1@M5,near_miss,with_daily,continuation,young,retested_1,244,22.668032786885245,2.278688524590164,4.179223831346546
M1@M5,near_miss,with_daily,continuation,young,retested_2plus,7262,24.018314513908013,2.2675571467915177,3.0422640232369202
M1@M5,near_miss,with_daily,pullback,fresh,first_touch,407,3.076167076167076,2.135135135135135,2.405229583204725
M1@M5,near_miss,with_daily,pullback,fresh,retested_1,12,6.666666666666667,2.5833333333333335,2.485735994607845
M1@M5,near_miss,with_daily,pullback,fresh,retested_2plus,1144,8.118006993006993,2.187937062937063,3.13098924376777
M1@M5,near_miss,with_daily,pullback,mature,first_touch,30,79.73333333333333,1.9666666666666666,2.5390793454158374
M1@M5,near_miss,with_daily,pullback,mature,retested_1,9,108.11111111111111,2.6666666666666665,3.214869927474855
M1@M5,near_miss,with_daily,pullback,mature,retested_2plus,2832,99.22669491525424,2.2033898305084745,4.655797333112853
M1@M5,near_miss,with_daily,pullback,old,first_touch,46,611.9565217391304,1.8043478260869565,2.2990154155021365
M1@M5,near_miss,with_daily,pullback,old,retested_1,20,631.15,2.55,2.199400529986993
M1@M5,near_miss,with_daily,pullback,old,retested_2plus,1414,751.7560113154173,2.057284299858557,3.4159381291875057
M1@M5,near_miss,with_daily,pullback,young,first_touch,111,21.936936936936938,2.0,2.2483287448807427
M1@M5,near_miss,with_daily,pullback,young,retested_1,53,24.49056603773585,2.188679245283019,2.3433126923209877
M1@M5,near_miss,with_daily,pullback,young,retested_2plus,4932,25.201946472019465,2.192416869424169,3.3473275980762915
M1@M5,near_miss,with_daily,push,fresh,first_touch,1,7.0,1.0,1.302535297819509
M1@M5,near_miss,with_daily,push,fresh,retested_1,2,9.0,3.0,2.9972799564796127
M1@M5,near_miss,with_daily,push,fresh,retested_2plus,42,8.214285714285714,2.857142857142857,2.2263987578854065
M1@M5,near_miss,with_daily,push,mature,first_touch,24,73.29166666666667,2.625,4.30587022713315
M1@M5,near_miss,with_daily,push,mature,retested_1,3,79.66666666666667,3.0,3.0513468013481115
M1@M5,near_miss,with_daily,push,mature,retested_2plus,169,95.62130177514793,1.727810650887574,5.241951606123177
M1@M5,near_miss,with_daily,push,old,first_touch,15,355.6,3.0,3.1053598839631205
M1@M5,near_miss,with_daily,push,old,retested_1,2,246.0,3.0,1.5742358078603842
M1@M5,near_miss,with_daily,push,old,retested_2plus,132,355.70454545454544,2.5757575757575757,3.138097198912529
M1@M5,near_miss,with_daily,push,young,first_touch,28,32.5,2.607142857142857,1.9941946291205572
M1@M5,near_miss,with_daily,push,young,retested_1,7,27.571428571428573,2.4285714285714284,2.069116893207306
M1@M5,near_miss,with_daily,push,young,retested_2plus,144,23.416666666666668,2.5555555555555554,2.0244652935745675
M1@M5,near_miss,with_daily,reversal,fresh,first_touch,11,7.090909090909091,1.0,2.526113435123939
M1@M5,near_miss,with_daily,reversal,old,retested_2plus,21,555.8095238095239,1.0,2.812260165918398
M1@M5,near_miss,with_daily,reversal,young,retested_2plus,13,16.0,1.0,2.471748992536802
M1@M5,wick_touch,against_daily,continuation,fresh,retested_1,872,3.636467889908257,2.2018348623853212,1.8697548248361922
M1@M5,wick_touch,against_daily,continuation,fresh,retested_2plus,7216,5.353519955654102,2.187777161862528,2.0640141453376697
M1@M5,wick_touch,against_daily,continuation,mature,retested_1,44,78.43181818181819,2.3636363636363638,1.84239044970685
M1@M5,wick_touch,against_daily,continuation,mature,retested_2plus,1752,95.86586757990868,2.1603881278538815,2.9569006436588943
M1@M5,wick_touch,against_daily,continuation,old,retested_1,28,1401.3214285714287,1.7142857142857142,1.6315740288480505
M1@M5,wick_touch,against_daily,continuation,old,retested_2plus,1426,1291.3941093969145,2.0771388499298737,2.509125085968194
M1@M5,wick_touch,against_daily,continuation,young,retested_1,115,21.339130434782607,2.1565217391304348,1.9668204702707006
M1@M5,wick_touch,against_daily,continuation,young,retested_2plus,4441,23.33528484575546,2.2258500337761764,2.3159848802061305
M1@M5,wick_touch,against_daily,pullback,fresh,retested_1,242,2.56198347107438,2.239669421487603,1.9522385620769378
M1@M5,wick_touch,against_daily,pullback,fresh,retested_2plus,666,8.183183183183184,2.039039039039039,2.5908731259861053
M1@M5,wick_touch,against_daily,pullback,mature,retested_1,8,75.625,2.625,1.5674998106493723
M1@M5,wick_touch,against_daily,pullback,mature,retested_2plus,1207,98.56420878210439,2.223695111847556,3.225500720132625
M1@M5,wick_touch,against_daily,pullback,old,retested_1,5,970.2,2.4,1.5311047491975482
M1@M5,wick_touch,against_daily,pullback,old,retested_2plus,894,1388.996644295302,2.2259507829977627,2.8595710176310383
M1@M5,wick_touch,against_daily,pullback,young,retested_1,18,28.666666666666668,1.8888888888888888,2.150946411657959
M1@M5,wick_touch,against_daily,pullback,young,retested_2plus,2389,24.550858099623273,2.259941398074508,2.726508060975731
M1@M5,wick_touch,against_daily,push,fresh,retested_1,1,9.0,1.0,5.211111111111183
M1@M5,wick_touch,against_daily,push,fresh,retested_2plus,1,10.0,1.0,3.8076923076932485
M1@M5,wick_touch,against_daily,push,old,retested_1,1,2180.0,3.0,3.332191780822924
M1@M5,wick_touch,against_daily,push,old,retested_2plus,15,2354.8,2.8,3.3920054747001247
M1@M5,wick_touch,against_daily,push,young,retested_1,1,22.0,1.0,3.0333333333311314
M1@M5,wick_touch,against_daily,push,young,retested_2plus,5,21.6,1.0,3.2656541331205773
M1@M5,wick_touch,against_daily,reversal,fresh,retested_1,17,4.0588235294117645,2.2941176470588234,2.0470484930762076
M1@M5,wick_touch,against_daily,reversal,fresh,retested_2plus,112,5.803571428571429,2.357142857142857,2.1069177521503333
M1@M5,wick_touch,against_daily,reversal,mature,retested_1,2,86.0,1.5,1.7271241830058153
M1@M5,wick_touch,against_daily,reversal,mature,retested_2plus,71,89.59154929577464,2.323943661971831,3.2662960400966745
M1@M5,wick_touch,against_daily,reversal,old,retested_1,1,214.0,3.0,4.295454545455084
M1@M5,wick_touch,against_daily,reversal,old,retested_2plus,36,320.27777777777777,2.9444444444444446,3.494225462647894
M1@M5,wick_touch,against_daily,reversal,young,retested_1,2,17.0,2.0,2.4962556409710697
M1@M5,wick_touch,against_daily,reversal,young,retested_2plus,131,26.16793893129771,2.4122137404580153,2.515747121284453
M1@M5,wick_touch,at_transition,continuation,fresh,retested_1,8,5.625,1.625,1.9974454143229836
M1@M5,wick_touch,at_transition,continuation,fresh,retested_2plus,18,6.111111111111111,1.5,2.8397177764251333
M1@M5,wick_touch,at_transition,continuation,mature,retested_1,1,110.0,1.0,8.407491668168962
M1@M5,wick_touch,at_transition,continuation,mature,retested_2plus,18,76.77777777777777,1.7222222222222223,5.206205008274866
M1@M5,wick_touch,at_transition,continuation,old,retested_1,1,497.0,2.0,3.002336866110015
M1@M5,wick_touch,at_transition,continuation,old,retested_2plus,3,1210.3333333333333,1.0,6.035574442703506
M1@M5,wick_touch,at_transition,continuation,young,retested_1,6,27.666666666666668,1.3333333333333333,2.8440117012458193
M1@M5,wick_touch,at_transition,continuation,young,retested_2plus,36,26.11111111111111,1.5,3.673000193733887
M1@M5,wick_touch,at_transition,pullback,fresh,retested_2plus,3,9.0,1.6666666666666667,2.9480675947801873
M1@M5,wick_touch,at_transition,pullback,mature,retested_1,1,65.0,1.0,3.9701492537300505
M1@M5,wick_touch,at_transition,pullback,mature,retested_2plus,14,81.42857142857143,1.2857142857142858,4.696719511988527
M1@M5,wick_touch,at_transition,pullback,old,retested_2plus,6,642.0,1.1666666666666667,4.918087898760824
M1@M5,wick_touch,at_transition,pullback,young,retested_1,3,21.333333333333332,1.3333333333333333,3.073987018965941
M1@M5,wick_touch,at_transition,pullback,young,retested_2plus,19,32.473684210526315,1.5263157894736843,3.797688763948065
M1@M5,wick_touch,at_transition,push,old,retested_2plus,1,1625.0,2.0,5.833333333333796
M1@M5,wick_touch,neutral,continuation,fresh,retested_1,666,3.6771771771771773,1.478978978978979,1.8532070298492804
M1@M5,wick_touch,neutral,continuation,fresh,retested_2plus,5810,5.244578313253012,1.421514629948365,2.029323880737527
M1@M5,wick_touch,neutral,continuation,mature,retested_1,22,95.5,1.2727272727272727,1.4998485795513512
M1@M5,wick_touch,neutral,continuation,mature,retested_2plus,1284,99.0101246105919,1.3800623052959502,2.5878491939662216
M1@M5,wick_touch,neutral,continuation,old,retested_1,19,856.1052631578947,1.631578947368421,1.3854765558331383
M1@M5,wick_touch,neutral,continuation,old,retested_2plus,1278,876.1142410015649,1.443661971830986,3.1231823858504413
M1@M5,wick_touch,neutral,continuation,young,retested_1,85,22.24705882352941,1.4470588235294117,1.8365257309233871
M1@M5,wick_touch,neutral,continuation,young,retested_2plus,3255,23.7394777265745,1.381874039938556,2.342571033191198
M1@M5,wick_touch,neutral,pullback,fresh,retested_1,216,2.5694444444444446,1.4768518518518519,1.8893440147425893
M1@M5,wick_touch,neutral,pullback,fresh,retested_2plus,532,7.817669172932331,1.4605263157894737,2.364040654799948
M1@M5,wick_touch,neutral,pullback,mature,retested_1,6,78.16666666666667,1.5,1.5721392272436299
M1@M5,wick_touch,neutral,pullback,mature,retested_2plus,774,102.94444444444444,1.4741602067183464,3.1853911442328093
M1@M5,wick_touch,neutral,pullback,old,retested_1,3,786.6666666666666,1.3333333333333333,1.118354954801851
M1@M5,wick_touch,neutral,pullback,old,retested_2plus,657,826.9893455098935,1.4033485540334856,3.3894887447032747
M1@M5,wick_touch,neutral,pullback,young,retested_1,13,25.846153846153847,1.5384615384615385,1.851183726935795
M1@M5,wick_touch,neutral,pullback,young,retested_2plus,1865,24.746380697050938,1.3753351206434317,2.6998690692695035
M1@M5,wick_touch,neutral,push,fresh,retested_1,2,8.5,1.0,1.268650308920705
M1@M5,wick_touch,neutral,push,fresh,retested_2plus,5,8.8,1.0,1.668051146458854
M1@M5,wick_touch,neutral,push,mature,retested_2plus,44,98.45454545454545,0.20454545454545456,2.4356457556032494
M1@M5,wick_touch,neutral,push,old,retested_1,2,1273.5,1.0,1.2914005148245895
M1@M5,wick_touch,neutral,push,old,retested_2plus,45,454.5777777777778,0.9555555555555556,2.9410251949736264
M1@M5,wick_touch,neutral,push,young,retested_1,1,19.0,0.0,1.6920529801324486
M1@M5,wick_touch,neutral,push,young,retested_2plus,36,25.25,0.7222222222222222,1.5719693362015565
M1@M5,wick_touch,neutral,reversal,fresh,retested_1,9,3.2222222222222223,1.1111111111111112,2.350206055581098
M1@M5,wick_touch,neutral,reversal,fresh,retested_2plus,53,5.60377358490566,1.169811320754717,2.206859961207664
M1@M5,wick_touch,neutral,reversal,mature,retested_2plus,15,69.13333333333334,0.5333333333333333,3.1121975734514185
M1@M5,wick_touch,neutral,reversal,old,retested_2plus,28,461.25,1.1071428571428572,7.949257642313853
M1@M5,wick_touch,neutral,reversal,young,retested_1,2,12.0,1.0,2.7700710174767913
M1@M5,wick_touch,neutral,reversal,young,retested_2plus,93,23.258064516129032,1.3978494623655915,2.5242671747537155
M1@M5,wick_touch,with_daily,continuation,fresh,retested_1,887,3.6674182638105974,2.232243517474634,1.9275479919890535
M1@M5,wick_touch,with_daily,continuation,fresh,retested_2plus,7351,5.305536661678683,2.207182696231805,2.049869440131951
M1@M5,wick_touch,with_daily,continuation,mature,retested_1,29,99.20689655172414,2.2413793103448274,1.9206107666613932
M1@M5,wick_touch,with_daily,continuation,mature,retested_2plus,2089,102.76543800861656,2.260411680229775,3.0889605991812497
M1@M5,wick_touch,with_daily,continuation,old,retested_1,54,698.925925925926,2.462962962962963,1.9025030095516187
M1@M5,wick_touch,with_daily,continuation,old,retested_2plus,1629,724.292203806016,2.1804788213627995,2.5087080458868876
M1@M5,wick_touch,with_daily,continuation,young,retested_1,124,21.669354838709676,2.129032258064516,1.9324310546822088
M1@M5,wick_touch,with_daily,continuation,young,retested_2plus,4709,23.480781482267997,2.2622637502654492,2.3364919872066467
M1@M5,wick_touch,with_daily,pullback,fresh,retested_1,269,2.6394052044609664,2.2193308550185873,1.8555605503932435
M1@M5,wick_touch,with_daily,pullback,fresh,retested_2plus,657,7.864535768645358,2.1841704718417048,2.457877762844816
M1@M5,wick_touch,with_daily,pullback,mature,retested_1,12,103.41666666666667,2.4166666666666665,1.1500782733860098
M1@M5,wick_touch,with_daily,pullback,mature,retested_2plus,1514,102.54953764861294,2.190885072655218,3.416659904791616
M1@M5,wick_touch,with_daily,pullback,old,retested_1,12,401.0833333333333,1.75,2.095344356897122
M1@M5,wick_touch,with_daily,pullback,old,retested_2plus,923,662.2567713976165,2.218851570964247,2.585202494144734
M1@M5,wick_touch,with_daily,pullback,young,retested_1,22,23.5,2.4545454545454546,1.7232413771159252
M1@M5,wick_touch,with_daily,pullback,young,retested_2plus,2621,24.804273178176267,2.2239603204883633,2.7325689216737783
M1@M5,wick_touch,with_daily,push,fresh,retested_1,1,8.0,3.0,0.3048888888886581
M1@M5,wick_touch,with_daily,push,fresh,retested_2plus,20,7.65,2.45,1.7119152285837118
M1@M5,wick_touch,with_daily,push,mature,retested_1,4,90.75,2.75,3.2972631321859924
M1@M5,wick_touch,with_daily,push,mature,retested_2plus,83,113.18072289156626,1.8795180722891567,3.8108308690227193
M1@M5,wick_touch,with_daily,push,old,retested_1,1,240.0,3.0,1.6865671641790154
M1@M5,wick_touch,with_daily,push,old,retested_2plus,81,361.8395061728395,2.740740740740741,2.270478317577184
M1@M5,wick_touch,with_daily,push,young,retested_1,6,24.833333333333332,2.1666666666666665,1.7138567980601145
M1@M5,wick_touch,with_daily,push,young,retested_2plus,126,25.746031746031747,2.4523809523809526,1.585874737864715
M1@M5,wick_touch,with_daily,reversal,fresh,retested_2plus,1,3.0,1.0,2.108974358974068
M1@M5,wick_touch,with_daily,reversal,old,retested_1,1,531.0,1.0,2.550185873605664
M1@M5,wick_touch,with_daily,reversal,old,retested_2plus,17,549.7058823529412,1.0,2.6034435644583693
M1@M5,wick_touch,with_daily,reversal,young,retested_2plus,12,15.083333333333334,1.0,1.9496076486678318
M5@H1,body_close,against_daily,continuation,fresh,retested_1,346,3.138728323699422,2.286127167630058,1.4827335949905425
M5@H1,body_close,against_daily,continuation,fresh,retested_2plus,16799,5.088040954818739,2.2941246502768022,1.5606231776203205
M5@H1,body_close,against_daily,continuation,mature,retested_1,18,106.5,1.8888888888888888,1.7257033496642975
M5@H1,body_close,against_daily,continuation,mature,retested_2plus,5644,107.64900779588945,1.9347980155917788,2.1927837313957084
M5@H1,body_close,against_daily,continuation,old,retested_1,16,820.9375,2.0,1.2949747949295523
M5@H1,body_close,against_daily,continuation,old,retested_2plus,6399,939.6985466479138,2.4585091420534457,2.452231631017455
M5@H1,body_close,against_daily,continuation,young,retested_1,10,18.9,1.8,1.3989056624628933
M5@H1,body_close,against_daily,continuation,young,retested_2plus,6632,19.49683353437877,2.0702653799758743,1.9128147451080544
M5@H1,body_close,against_daily,pullback,fresh,retested_1,205,2.6097560975609757,2.2634146341463413,1.3358949090173138
M5@H1,body_close,against_daily,pullback,fresh,retested_2plus,1681,7.8375966686496135,2.3325401546698394,2.4737102646063245
M5@H1,body_close,against_daily,pullback,mature,retested_1,3,181.33333333333334,2.0,0.6713164543176512
M5@H1,body_close,against_daily,pullback,mature,retested_2plus,2351,109.15737983836665,1.894087622288388,2.8087589688762904
M5@H1,body_close,against_daily,pullback,old,retested_1,3,2273.3333333333335,2.6666666666666665,0.7128344077564032
M5@H1,body_close,against_daily,pullback,old,retested_2plus,2939,892.4293977543382,2.474991493705342,2.1628947930837823
M5@H1,body_close,against_daily,pullback,young,retested_1,4,35.75,1.75,0.8679984195413691
M5@H1,body_close,against_daily,pullback,young,retested_2plus,2960,17.613513513513514,2.358445945945946,2.493011786727234
M5@H1,body_close,against_daily,push,mature,retested_1,2,184.0,1.5,1.4539381153301671
M5@H1,body_close,against_daily,push,mature,retested_2plus,355,128.04225352112675,2.0309859154929577,1.90174590520685
M5@H1,body_close,against_daily,push,old,retested_1,1,511.0,3.0,0.011739789889838105
M5@H1,body_close,against_daily,push,old,retested_2plus,296,1050.6587837837837,2.7432432432432434,2.4160699547486817
M5@H1,body_close,against_daily,push,young,retested_2plus,8,11.0,2.0,0.3473205706068446
M5@H1,body_close,against_daily,reversal,fresh,retested_1,15,3.6666666666666665,2.2,2.037887252400167
M5@H1,body_close,against_daily,reversal,fresh,retested_2plus,808,6.47029702970297,2.3069306930693068,3.146727515357754
M5@H1,body_close,against_daily,reversal,mature,retested_1,3,57.333333333333336,3.0,1.3269210868141037
M5@H1,body_close,against_daily,reversal,mature,retested_2plus,349,78.51575931232092,2.7220630372492836,2.233811726812978
M5@H1,body_close,against_daily,reversal,old,retested_2plus,276,681.7210144927536,2.4347826086956523,1.7670654760043283
M5@H1,body_close,against_daily,reversal,young,retested_1,3,27.666666666666668,2.6666666666666665,1.9458170760628342
M5@H1,body_close,against_daily,reversal,young,retested_2plus,1035,19.34685990338164,2.6164251207729468,3.4891088553096505
M5@H1,body_close,at_transition,continuation,fresh,retested_1,7,4.142857142857143,1.5714285714285714,1.599553546497877
M5@H1,body_close,at_transition,continuation,fresh,retested_2plus,108,6.388888888888889,1.5277777777777777,2.676643421106016
M5@H1,body_close,at_transition,continuation,mature,retested_1,1,51.0,1.0,0.5621839128814679
M5@H1,body_close,at_transition,continuation,mature,retested_2plus,67,81.58208955223881,1.462686567164179,2.9981881058222006
M5@H1,body_close,at_transition,continuation,old,retested_1,1,777.0,1.0,0.7803921568628106
M5@H1,body_close,at_transition,continuation,old,retested_2plus,17,1060.2941176470588,1.6470588235294117,3.0305056287069383
M5@H1,body_close,at_transition,continuation,young,retested_1,2,50.0,1.5,1.2598852936270806
M5@H1,body_close,at_transition,continuation,young,retested_2plus,43,21.558139534883722,1.4883720930232558,2.313272934238568
M5@H1,body_close,at_transition,pullback,fresh,retested_2plus,12,8.25,1.6666666666666667,2.9770562782103323
M5@H1,body_close,at_transition,pullback,mature,retested_1,2,53.0,2.0,1.279702539948613
M5@H1,body_close,at_transition,pullback,mature,retested_2plus,26,81.34615384615384,1.4615384615384615,2.400284117642518
M5@H1,body_close,at_transition,pullback,old,retested_2plus,8,640.75,1.625,2.0006771354901978
M5@H1,body_close,at_transition,pullback,young,retested_2plus,13,16.307692307692307,1.5384615384615385,3.5525518443297814
M5@H1,body_close,at_transition,push,mature,retested_2plus,4,93.5,1.75,2.0543286915625414
M5@H1,body_close,at_transition,push,old,retested_2plus,1,1504.0,1.0,0.42082459994092225
M5@H1,body_close,at_transition,reversal,fresh,retested_2plus,1,9.0,2.0,0.28266033254124584
M5@H1,body_close,at_transition,reversal,young,retested_2plus,1,33.0,2.0,0.44911504424799303
M5@H1,body_close,neutral,continuation,fresh,retested_1,281,3.106761565836299,1.4377224199288257,1.4266512059134373
M5@H1,body_close,neutral,continuation,fresh,retested_2plus,13177,5.085451923806633,1.4330272444410717,1.5538805808147946
M5@H1,body_close,neutral,continuation,mature,retested_1,12,97.0,1.3333333333333333,0.6954434133915876
M5@H1,body_close,neutral,continuation,mature,retested_2plus,6410,94.0804992199688,1.4962558502340093,2.3692798361214975
M5@H1,body_close,neutral,continuation,old,retested_1,10,835.0,1.4,1.4974338088039068
M5@H1,body_close,neutral,continuation,old,retested_2plus,2133,933.159868729489,1.2531645569620253,1.9906180176304036
M5@H1,body_close,neutral,continuation,young,retested_1,22,23.40909090909091,1.4545454545454546,1.441212618960089
M5@H1,body_close,neutral,continuation,young,retested_2plus,8232,22.503522837706512,1.4282069970845481,2.1062918735753686
M5@H1,body_close,neutral,pullback,fresh,retested_1,164,2.6463414634146343,1.5060975609756098,1.3025882261780857
M5@H1,body_close,neutral,pullback,fresh,retested_2plus,1239,7.828087167070218,1.4584342211460855,2.341515655549546
M5@H1,body_close,neutral,pullback,mature,retested_1,2,156.0,1.5,1.5534394968053684
M5@H1,body_close,neutral,pullback,mature,retested_2plus,2727,89.22148881554823,1.5225522552255226,2.8684348179669823
M5@H1,body_close,neutral,pullback,old,retested_1,1,202.0,2.0,0.218594748048367
M5@H1,body_close,neutral,pullback,old,retested_2plus,666,551.5435435435436,1.2912912912912913,2.1164894220645443
M5@H1,body_close,neutral,pullback,young,retested_1,4,40.0,1.25,0.649259686480562
M5@H1,body_close,neutral,pullback,young,retested_2plus,3121,22.43928228132009,1.5485421339314323,2.893208157945395
M5@H1,body_close,neutral,push,fresh,retested_2plus,40,7.2,0.25,1.3421983108625068
M5@H1,body_close,neutral,push,mature,retested_2plus,246,95.03658536585365,1.8130081300813008,2.0979941291017985
M5@H1,body_close,neutral,push,old,retested_1,1,281.0,2.0,0.37613398464766573
M5@H1,body_close,neutral,push,old,retested_2plus,192,622.1770833333334,1.7135416666666667,1.139597525354428
M5@H1,body_close,neutral,push,young,retested_1,1,18.0,1.0,1.2331606217617859
M5@H1,body_close,neutral,push,young,retested_2plus,37,24.594594594594593,1.0,0.9373132107268441
M5@H1,body_close,neutral,reversal,fresh,retested_1,13,3.076923076923077,1.2307692307692308,1.4418414500664398
M5@H1,body_close,neutral,reversal,fresh,retested_2plus,395,5.432911392405063,1.3012658227848102,1.3220099758570312
M5@H1,body_close,neutral,reversal,mature,retested_1,1,86.0,2.0,1.3330083604663951
M5@H1,body_close,neutral,reversal,mature,retested_2plus,55,91.63636363636364,1.4181818181818182,0.9772125825954906
M5@H1,body_close,neutral,reversal,old,retested_2plus,69,412.2028985507246,1.536231884057971,1.1130742213114582
M5@H1,body_close,neutral,reversal,young,retested_2plus,367,34.08174386920981,1.4059945504087195,2.253298404405148
M5@H1,body_close,with_daily,continuation,fresh,retested_1,346,3.0635838150289016,2.2658959537572256,1.4195040412663529
M5@H1,body_close,with_daily,continuation,fresh,retested_2plus,16941,5.091494008618145,2.306180272711174,1.4721168694776334
M5@H1,body_close,with_daily,continuation,mature,retested_1,18,66.72222222222223,2.111111111111111,1.1978816291376904
M5@H1,body_close,with_daily,continuation,mature,retested_2plus,5712,85.88865546218487,2.0656512605042017,1.7182441805712372
M5@H1,body_close,with_daily,continuation,old,retested_1,2,271.0,1.0,0.6801043062153374
M5@H1,body_close,with_daily,continuation,old,retested_2plus,569,948.1792618629174,1.5571177504393674,1.2446967626101597
M5@H1,body_close,with_daily,continuation,young,retested_1,30,26.833333333333332,2.3,1.1882723134851538
M5@H1,body_close,with_daily,continuation,young,retested_2plus,7535,22.01672196416722,2.2593231585932316,1.7054374118739872
M5@H1,body_close,with_daily,pullback,fresh,retested_1,191,2.74869109947644,2.4293193717277486,1.3969138634832279
M5@H1,body_close,with_daily,pullback,fresh,retested_2plus,1291,7.728117738187452,2.3299767621998453,2.1943457547261334
M5@H1,body_close,with_daily,pullback,mature,retested_1,5,68.6,2.4,1.1260051944502334
M5@H1,body_close,with_daily,pullback,mature,retested_2plus,1775,89.25633802816901,2.076619718309859,2.34086603481291
M5@H1,body_close,with_daily,pullback,old,retested_1,1,330.0,2.0,0.4871794871796339
M5@H1,body_close,with_daily,pullback,old,retested_2plus,238,1319.2857142857142,1.9369747899159664,1.0403670608382902
M5@H1,body_close,with_daily,pullback,young,retested_1,3,33.666666666666664,1.6666666666666667,1.4288049673640664
M5@H1,body_close,with_daily,pullback,young,retested_2plus,2701,21.831543872639763,2.308034061458719,2.266158171962841
M5@H1,body_close,with_daily,push,fresh,retested_2plus,137,7.350364963503649,2.9562043795620436,1.4302887155886064
M5@H1,body_close,with_daily,push,mature,retested_1,1,78.0,3.0,3.104072398189687
M5@H1,body_close,with_daily,push,mature,retested_2plus,149,89.3489932885906,2.838926174496644,3.0272113570942127
M5@H1,body_close,with_daily,push,old,retested_2plus,25,903.76,1.08,0.45083530133748534
M5@H1,body_close,with_daily,push,young,retested_1,5,23.4,2.0,1.5410113491316983
M5@H1,body_close,with_daily,push,young,retested_2plus,611,23.664484451718494,2.258592471358429,1.5958389425968158
M5@H1,body_close,with_daily,reversal,fresh,retested_1,1,3.0,1.0,1.1254677823682444
M5@H1,body_close,with_daily,reversal,fresh,retested_2plus,21,4.619047619047619,2.3333333333333335,1.2282578169022567
M5@H1,body_close,with_daily,reversal,mature,retested_2plus,42,111.64285714285714,1.9761904761904763,1.0310130376616031
M5@H1,body_close,with_daily,reversal,young,retested_1,1,47.0,1.0,1.3502538071065855
M5@H1,body_close,with_daily,reversal,young,retested_2plus,44,47.31818181818182,1.0,0.9292320440647878
M5@H1,break_through,against_daily,continuation,fresh,first_touch,7,2.7142857142857144,2.0,1.6584727620399833
M5@H1,break_through,against_daily,continuation,young,first_touch,2,50.0,2.0,1.8107879036477739
M5@H1,break_through,against_daily,pullback,fresh,first_touch,6,2.0,2.3333333333333335,2.0709402624780897
M5@H1,break_through,against_daily,pullback,mature,first_touch,1,52.0,1.0,1.8054298642534627
M5@H1,break_through,against_daily,pullback,young,first_touch,2,50.0,2.5,1.9784740766007045
M5@H1,break_through,at_transition,continuation,young,first_touch,1,50.0,1.0,3.2553191489366946
M5@H1,break_through,at_transition,pullback,mature,first_touch,1,52.0,1.0,1.9715941431807593
M5@H1,break_through,neutral,continuation,fresh,first_touch,4,2.75,1.5,1.9130714859779085
M5@H1,break_through,neutral,continuation,young,first_touch,1,50.0,1.0,2.0965448160803484
M5@H1,break_through,neutral,pullback,fresh,first_touch,7,2.4285714285714284,1.5714285714285714,2.155145157728689
M5@H1,break_through,neutral,pullback,young,first_touch,1,50.0,1.0,0.4867872044507864
M5@H1,break_through,with_daily,continuation,fresh,first_touch,3,2.3333333333333335,2.3333333333333335,3.1504462257194352
M5@H1,break_through,with_daily,pullback,fresh,first_touch,5,2.2,2.6,1.711080269282089
M5@H1,near_miss,against_daily,continuation,fresh,first_touch,577,3.5060658578856154,2.31369150779896,3.046677337608277
M5@H1,near_miss,against_daily,continuation,fresh,retested_1,228,3.7017543859649122,2.276315789473684,3.2086632027033404
M5@H1,near_miss,against_daily,continuation,fresh,retested_2plus,2475,5.334545454545455,2.2577777777777777,3.330117080898079
M5@H1,near_miss,against_daily,continuation,mature,first_touch,37,104.83783783783784,1.7837837837837838,2.6604987599710794
M5@H1,near_miss,against_daily,continuation,mature,retested_1,9,88.55555555555556,2.3333333333333335,2.6309650743046973
M5@H1,near_miss,against_daily,continuation,mature,retested_2plus,637,107.75824175824175,1.9937205651491365,4.083208172564949
M5@H1,near_miss,against_daily,continuation,old,first_touch,29,649.8965517241379,2.1379310344827585,1.7850375574036006
M5@H1,near_miss,against_daily,continuation,old,retested_1,11,1606.2727272727273,2.3636363636363638,2.5269601332424076
M5@H1,near_miss,against_daily,continuation,old,retested_2plus,840,975.5857142857143,2.280952380952381,3.5182303394954073
M5@H1,near_miss,against_daily,continuation,young,first_touch,34,13.882352941176471,2.235294117647059,3.306582874026763
M5@H1,near_miss,against_daily,continuation,young,retested_1,15,16.2,2.533333333333333,3.008773499526903
M5@H1,near_miss,against_daily,continuation,young,retested_2plus,924,19.627705627705627,2.2261904761904763,3.556746488453623
M5@H1,near_miss,against_daily,pullback,fresh,first_touch,48,2.5416666666666665,2.25,2.86686889872902
M5@H1,near_miss,against_daily,pullback,fresh,retested_1,1,10.0,3.0,12.485893416925895
M5@H1,near_miss,against_daily,pullback,fresh,retested_2plus,277,7.772563176895307,2.3140794223826715,3.8121876125442467
M5@H1,near_miss,against_daily,pullback,mature,first_touch,6,141.66666666666666,1.6666666666666667,2.2255493835846214
M5@H1,near_miss,against_daily,pullback,mature,retested_1,12,149.75,1.5833333333333333,2.343637821671925
M5@H1,near_miss,against_daily,pullback,mature,retested_2plus,381,112.29133858267717,1.832020997375328,4.740912407086954
M5@H1,near_miss,against_daily,pullback,old,first_touch,12,862.9166666666666,2.5,2.3595693609369133
M5@H1,near_miss,against_daily,pullback,old,retested_1,3,861.0,2.3333333333333335,1.7363127822875393
M5@H1,near_miss,against_daily,pullback,old,retested_2plus,661,1026.9712556732225,2.335854765506808,3.4104581364132818
M5@H1,near_miss,against_daily,pullback,young,first_touch,7,27.142857142857142,1.2857142857142858,2.5944350333819735
M5@H1,near_miss,against_daily,pullback,young,retested_1,4,17.5,2.5,5.714949400383691
M5@H1,near_miss,against_daily,pullback,young,retested_2plus,658,18.980243161094226,2.1671732522796354,4.257161491343318
M5@H1,near_miss,against_daily,push,fresh,retested_2plus,1,10.0,2.0,1.782287822878489
M5@H1,near_miss,against_daily,push,mature,first_touch,9,188.55555555555554,2.3333333333333335,2.675404726560156
M5@H1,near_miss,against_daily,push,mature,retested_1,5,115.8,2.2,3.7148875969724244
M5@H1,near_miss,against_daily,push,mature,retested_2plus,38,134.02631578947367,2.1052631578947367,3.631398245569387
M5@H1,near_miss,against_daily,push,old,first_touch,2,511.0,3.0,1.591286263121526
M5@H1,near_miss,against_daily,push,old,retested_1,1,1450.0,3.0,6.7631198584266965
M5@H1,near_miss,against_daily,push,old,retested_2plus,55,853.8363636363637,1.9090909090909092,3.586667008874123
M5@H1,near_miss,against_daily,push,young,retested_2plus,1,11.0,2.0,1.6566347469222624
M5@H1,near_miss,against_daily,reversal,fresh,first_touch,26,3.730769230769231,1.8076923076923077,3.695881000537348
M5@H1,near_miss,against_daily,reversal,fresh,retested_1,19,3.5789473684210527,2.4210526315789473,3.386722202934093
M5@H1,near_miss,against_daily,reversal,fresh,retested_2plus,124,6.274193548387097,2.088709677419355,5.992010363040066
M5@H1,near_miss,against_daily,reversal,mature,first_touch,1,64.0,3.0,1.3338954468801987
M5@H1,near_miss,against_daily,reversal,mature,retested_2plus,71,81.52112676056338,2.6619718309859155,3.6757548815728707
M5@H1,near_miss,against_daily,reversal,old,first_touch,1,318.0,1.0,1.062445793582156
M5@H1,near_miss,against_daily,reversal,old,retested_1,1,318.0,1.0,1.341085271317962
M5@H1,near_miss,against_daily,reversal,old,retested_2plus,53,681.0,2.6792452830188678,3.1896611837190165
M5@H1,near_miss,against_daily,reversal,young,first_touch,1,11.0,3.0,3.671698113207929
M5@H1,near_miss,against_daily,reversal,young,retested_1,5,20.4,3.0,3.504056418127253
M5@H1,near_miss,against_daily,reversal,young,retested_2plus,169,19.08284023668639,2.485207100591716,5.299214985747979
M5@H1,near_miss,at_transition,continuation,fresh,first_touch,5,5.6,1.2,7.262818548088617
M5@H1,near_miss,at_transition,continuation,fresh,retested_1,3,6.666666666666667,1.3333333333333333,5.039115259123338
M5@H1,near_miss,at_transition,continuation,fresh,retested_2plus,6,6.5,1.5,6.385672965905186
M5@H1,near_miss,at_transition,continuation,mature,retested_2plus,5,100.6,1.8,5.949377364501953
M5@H1,near_miss,at_transition,continuation,old,retested_2plus,1,376.0,1.0,4.6486486486493295
M5@H1,near_miss,at_transition,continuation,young,first_touch,2,50.0,1.5,2.8849152796517985
M5@H1,near_miss,at_transition,continuation,young,retested_2plus,4,13.5,1.5,5.434052485418951
M5@H1,near_miss,at_transition,pullback,mature,retested_2plus,6,87.83333333333333,1.5,6.796727275663514
M5@H1,near_miss,at_transition,pullback,old,retested_2plus,4,549.5,1.75,5.506786834622131
M5@H1,near_miss,at_transition,pullback,young,retested_2plus,3,25.666666666666668,1.3333333333333333,4.905451410143473
M5@H1,near_miss,at_transition,push,mature,retested_1,1,103.0,1.0,4.689768976896467
M5@H1,near_miss,at_transition,reversal,fresh,retested_1,1,7.0,2.0,6.419781965880435
M5@H1,near_miss,neutral,continuation,fresh,first_touch,430,3.416279069767442,1.427906976744186,2.74737421609235
M5@H1,near_miss,neutral,continuation,fresh,retested_1,178,3.5842696629213484,1.3426966292134832,2.8944730753463053
M5@H1,near_miss,neutral,continuation,fresh,retested_2plus,1794,5.291527313266443,1.4526198439241917,3.3682725130227325
M5@H1,near_miss,neutral,continuation,mature,first_touch,40,87.75,1.35,2.5006440003472186
M5@H1,near_miss,neutral,continuation,mature,retested_1,20,77.25,1.8,2.313611015782223
M5@H1,near_miss,neutral,continuation,mature,retested_2plus,947,98.67159450897572,1.4582893347412882,3.914601479165405
M5@H1,near_miss,neutral,continuation,old,first_touch,14,1763.142857142857,1.7857142857142858,2.6530848851303044
M5@H1,near_miss,neutral,continuation,old,retested_1,4,3627.25,1.75,4.380436255412022
M5@H1,near_miss,neutral,continuation,old,retested_2plus,255,824.364705882353,1.3725490196078431,3.3687336984844816
M5@H1,near_miss,neutral,continuation,young,first_touch,56,19.142857142857142,1.2857142857142858,2.944573730065161
M5@H1,near_miss,neutral,continuation,young,retested_1,33,21.636363636363637,1.4242424242424243,2.9409893847110706
M5@H1,near_miss,neutral,continuation,young,retested_2plus,1037,23.63645130183221,1.4840887174541948,3.4483030567542
M5@H1,near_miss,neutral,pullback,fresh,first_touch,35,3.2,1.542857142857143,3.0482948649010844
M5@H1,near_miss,neutral,pullback,fresh,retested_1,2,10.0,1.0,1.6164942827440596
M5@H1,near_miss,neutral,pullback,fresh,retested_2plus,207,7.57487922705314,1.429951690821256,4.13757968412187
M5@H1,near_miss,neutral,pullback,mature,first_touch,2,171.0,2.0,1.597330163979672
M5@H1,near_miss,neutral,pullback,mature,retested_1,3,68.0,1.6666666666666667,1.9500324569573537
M5@H1,near_miss,neutral,pullback,mature,retested_2plus,538,102.84386617100371,1.5260223048327137,4.043014402127362
M5@H1,near_miss,neutral,pullback,old,first_touch,1,1850.0,2.0,2.538821679370451
M5@H1,near_miss,neutral,pullback,old,retested_1,2,1850.5,2.0,2.555113959494027
M5@H1,near_miss,neutral,pullback,old,retested_2plus,185,568.6702702702703,1.2216216216216216,3.304746531829202
M5@H1,near_miss,neutral,pullback,young,first_touch,4,13.0,1.75,3.3293937980554063
M5@H1,near_miss,neutral,pullback,young,retested_2plus,577,24.298093587521663,1.483535528596187,4.015582241809905
M5@H1,near_miss,neutral,push,fresh,retested_2plus,22,6.590909090909091,0.45454545454545453,2.2186765200738234
M5@H1,near_miss,neutral,push,mature,first_touch,5,77.4,1.0,2.1841235160843846
M5@H1,near_miss,neutral,push,mature,retested_1,1,56.0,1.0,3.0404676258994066
M5@H1,near_miss,neutral,push,mature,retested_2plus,39,104.58974358974359,1.564102564102564,4.117327034506165
M5@H1,near_miss,neutral,push,old,first_touch,1,281.0,2.0,0.8756326825739918
M5@H1,near_miss,neutral,push,old,retested_2plus,41,536.0,1.7073170731707317,2.1121183812499336
M5@H1,near_miss,neutral,push,young,first_touch,2,17.5,1.0,3.7777103666584266
M5@H1,near_miss,neutral,push,young,retested_2plus,13,26.615384615384617,1.0,2.4288460010788278
M5@H1,near_miss,neutral,reversal,fresh,first_touch,11,3.6363636363636362,0.2727272727272727,3.7406769338742505
M5@H1,near_miss,neutral,reversal,fresh,retested_1,3,4.666666666666667,0.6666666666666666,4.193167757166945
M5@H1,near_miss,neutral,reversal,fresh,retested_2plus,30,4.4,1.2,2.9225898508850245
M5@H1,near_miss,neutral,reversal,mature,first_touch,1,86.0,2.0,3.0307712669601217
M5@H1,near_miss,neutral,reversal,mature,retested_2plus,32,91.0625,1.3125,2.5300494409786216
M5@H1,near_miss,neutral,reversal,old,retested_2plus,30,357.03333333333336,1.5,2.437624049246605
M5@H1,near_miss,neutral,reversal,young,retested_2plus,36,32.27777777777778,1.2777777777777777,5.932919727336941
M5@H1,near_miss,with_daily,continuation,fresh,first_touch,513,3.7173489278752436,2.2261208576998053,2.805857529756782
M5@H1,near_miss,with_daily,continuation,fresh,retested_1,268,3.4440298507462686,2.3544776119402986,2.9359688790123073
M5@H1,near_miss,with_daily,continuation,fresh,retested_2plus,2107,5.289985761746559,2.292358803986711,3.154960686290263
M5@H1,near_miss,with_daily,continuation,mature,first_touch,51,74.56862745098039,2.235294117647059,2.975284826320337
M5@H1,near_miss,with_daily,continuation,mature,retested_1,29,95.89655172413794,2.4482758620689653,2.893795786900557
M5@H1,near_miss,with_daily,continuation,mature,retested_2plus,981,90.01427115188584,2.205912334352701,3.3797856283063634
M5@H1,near_miss,with_daily,continuation,old,first_touch,3,277.0,1.0,2.5694943866608377
M5@H1,near_miss,with_daily,continuation,old,retested_1,7,1287.857142857143,1.8571428571428572,2.3222239543146874
M5@H1,near_miss,with_daily,continuation,old,retested_2plus,140,1078.6785714285713,1.6785714285714286,2.7400928472294446
M5@H1,near_miss,with_daily,continuation,young,first_touch,127,24.007874015748033,2.2283464566929134,2.618097292889741
M5@H1,near_miss,with_daily,continuation,young,retested_1,36,23.555555555555557,2.5833333333333335,2.6890192987399093
M5@H1,near_miss,with_daily,continuation,young,retested_2plus,1278,23.37245696400626,2.3411580594679187,3.1649294588844556
M5@H1,near_miss,with_daily,pullback,fresh,first_touch,52,2.6346153846153846,2.1538461538461537,2.691996388758064
M5@H1,near_miss,with_daily,pullback,fresh,retested_2plus,245,7.914285714285715,2.453061224489796,3.297571058168313
M5@H1,near_miss,with_daily,pullback,mature,first_touch,4,93.25,2.25,1.980954297745902
M5@H1,near_miss,with_daily,pullback,mature,retested_2plus,546,91.63186813186813,2.3461538461538463,4.022618304242057
M5@H1,near_miss,with_daily,pullback,old,first_touch,1,803.0,1.0,1.759210526315441
M5@H1,near_miss,with_daily,pullback,old,retested_1,1,1495.0,1.0,1.513256288239297
M5@H1,near_miss,with_daily,pullback,old,retested_2plus,82,1366.341463414634,1.9878048780487805,2.628561453462714
M5@H1,near_miss,with_daily,pullback,young,first_touch,14,28.357142857142858,2.642857142857143,2.5217577542623033
M5@H1,near_miss,with_daily,pullback,young,retested_1,3,21.0,1.6666666666666667,1.7591791456208592
M5@H1,near_miss,with_daily,pullback,young,retested_2plus,591,22.790186125211505,2.314720812182741,3.558492728958042
M5@H1,near_miss,with_daily,push,fresh,first_touch,13,9.0,2.5384615384615383,2.4349846144088954
M5@H1,near_miss,with_daily,push,fresh,retested_1,4,7.5,3.0,1.9818212096114305
M5@H1,near_miss,with_daily,push,fresh,retested_2plus,7,7.142857142857143,3.0,1.9053234787507685
M5@H1,near_miss,with_daily,push,mature,first_touch,8,87.5,3.0,2.6745460265278567
M5@H1,near_miss,with_daily,push,mature,retested_1,4,98.25,3.0,2.9467429581889197
M5@H1,near_miss,with_daily,push,mature,retested_2plus,21,84.19047619047619,3.0,3.23996325140946
M5@H1,near_miss,with_daily,push,old,retested_2plus,17,1102.5294117647059,1.2941176470588236,1.9318445872986403
M5@H1,near_miss,with_daily,push,young,first_touch,6,26.666666666666668,1.6666666666666667,1.9814397197583569
M5@H1,near_miss,with_daily,push,young,retested_1,4,17.25,2.25,2.252429731706448
M5@H1,near_miss,with_daily,push,young,retested_2plus,79,24.075949367088608,2.2658227848101267,3.1823637677283805
M5@H1,near_miss,with_daily,reversal,fresh,retested_2plus,15,7.133333333333334,2.8666666666666667,3.430637193464077
M5@H1,near_miss,with_daily,reversal,mature,retested_2plus,25,99.6,1.48,3.721534501802178
M5@H1,near_miss,with_daily,reversal,young,retested_2plus,2,40.0,1.0,3.3174945661883033
M5@H1,wick_touch,against_daily,continuation,fresh,retested_1,237,3.6835443037974684,2.2236286919831225,2.740048704961882
M5@H1,wick_touch,against_daily,continuation,fresh,retested_2plus,2934,4.960463531015678,2.2661895023858216,2.902305517854261
M5@H1,wick_touch,against_daily,continuation,mature,retested_1,11,80.54545454545455,2.1818181818181817,1.8334502676012503
M5@H1,wick_touch,against_daily,continuation,mature,retested_2plus,689,113.76197387518143,1.876632801161103,3.561683278923384
M5@H1,wick_touch,against_daily,continuation,old,retested_1,10,1202.7,2.0,2.310218157617627
M5@H1,wick_touch,against_daily,continuation,old,retested_2plus,826,1029.2506053268764,2.311138014527845,3.357750259376857
M5@H1,wick_touch,against_daily,continuation,young,retested_1,11,17.90909090909091,2.090909090909091,1.8941640563441895
M5@H1,wick_touch,against_daily,continuation,young,retested_2plus,952,19.823529411764707,2.198529411764706,3.211896727372361
M5@H1,wick_touch,against_daily,pullback,fresh,retested_1,38,2.8157894736842106,2.263157894736842,2.692313355712582
M5@H1,wick_touch,against_daily,pullback,fresh,retested_2plus,275,7.749090909090909,2.2581818181818183,3.4044567975010827
M5@H1,wick_touch,against_daily,pullback,mature,retested_1,4,166.0,2.0,1.6790190578645807
M5@H1,wick_touch,against_daily,pullback,mature,retested_2plus,356,111.9747191011236,1.9297752808988764,4.152606804424546
M5@H1,wick_touch,against_daily,pullback,old,retested_1,5,1022.6,2.2,2.672687241990051
M5@H1,wick_touch,against_daily,pullback,old,retested_2plus,531,978.3691148775895,2.286252354048964,3.219009820010489
M5@H1,wick_touch,against_daily,pullback,young,retested_1,3,17.0,2.0,2.581138221785493
M5@H1,wick_touch,against_daily,pullback,young,retested_2plus,584,18.22945205479452,2.25,3.8055312044283536
M5@H1,wick_touch,against_daily,push,mature,retested_1,2,146.0,2.0,1.5344086234073746
M5@H1,wick_touch,against_daily,push,mature,retested_2plus,56,130.625,2.0714285714285716,3.061180721572599
M5@H1,wick_touch,against_daily,push,old,retested_1,2,878.5,2.0,4.831901854450418
M5@H1,wick_touch,against_daily,push,old,retested_2plus,53,815.0377358490566,2.188679245283019,3.4152107841748687
M5@H1,wick_touch,against_daily,push,young,retested_2plus,3,11.0,2.0,1.5773659698979223
M5@H1,wick_touch,against_daily,reversal,fresh,retested_1,12,3.0,2.3333333333333335,3.3980839079496037
M5@H1,wick_touch,against_daily,reversal,fresh,retested_2plus,135,5.785185185185185,2.0148148148148146,5.165147316285294
M5@H1,wick_touch,against_daily,reversal,mature,retested_2plus,65,93.21538461538462,2.4153846153846152,3.539337390292852
M5@H1,wick_touch,against_daily,reversal,old,retested_1,1,318.0,1.0,1.5743727598565989
M5@H1,wick_touch,against_daily,reversal,old,retested_2plus,49,633.9795918367347,2.489795918367347,2.987891261577772
M5@H1,wick_touch,against_daily,reversal,young,retested_1,1,11.0,3.0,3.440900562851838
M5@H1,wick_touch,against_daily,reversal,young,retested_2plus,158,20.10759493670886,2.537974683544304,5.160312115866314
M5@H1,wick_touch,at_transition,continuation,fresh,retested_1,3,4.0,1.3333333333333333,3.981644249081682
M5@H1,wick_touch,at_transition,continuation,fresh,retested_2plus,28,6.285714285714286,1.5714285714285714,5.2407894122739975
M5@H1,wick_touch,at_transition,continuation,mature,retested_2plus,13,86.38461538461539,1.4615384615384615,3.898498217485352
M5@H1,wick_touch,at_transition,continuation,old,retested_2plus,3,1894.6666666666667,1.6666666666666667,4.108000229055123
M5@H1,wick_touch,at_transition,continuation,young,retested_2plus,9,22.88888888888889,1.1111111111111112,5.362628142584389
M5@H1,wick_touch,at_transition,pullback,fresh,retested_2plus,1,8.0,1.0,4.09132420091353
M5@H1,wick_touch,at_transition,pullback,mature,retested_2plus,6,103.5,1.8333333333333333,5.337206937511863
M5@H1,wick_touch,at_transition,pullback,old,retested_2plus,4,1568.25,1.0,3.4630242202143253
M5@H1,wick_touch,at_transition,pullback,young,retested_2plus,5,13.4,1.6,4.029697089970513
M5@H1,wick_touch,at_transition,push,old,retested_2plus,1,624.0,2.0,1.461964038727019
M5@H1,wick_touch,neutral,continuation,fresh,retested_1,180,3.466666666666667,1.4111111111111112,2.520099528317888
M5@H1,wick_touch,neutral,continuation,fresh,retested_2plus,2068,5.102514506769826,1.460348162475822,2.919863611302753
M5@H1,wick_touch,neutral,continuation,mature,retested_1,18,88.72222222222223,1.5555555555555556,2.0583509389638124
M5@H1,wick_touch,neutral,continuation,mature,retested_2plus,918,98.99782135076252,1.4847494553376905,3.7611771406483037
M5@H1,wick_touch,neutral,continuation,old,retested_1,4,2558.0,2.0,2.2425595370147713
M5@H1,wick_touch,neutral,continuation,old,retested_2plus,260,958.0115384615384,1.3884615384615384,3.1647594777623245
M5@H1,wick_touch,neutral,continuation,young,retested_1,17,21.470588235294116,1.588235294117647,3.5168119542052207
M5@H1,wick_touch,neutral,continuation,young,retested_2plus,1102,23.700544464609802,1.412885662431942,3.252285006945161
M5@H1,wick_touch,neutral,pullback,fresh,retested_1,25,2.64,1.52,2.654603376824726
M5@H1,wick_touch,neutral,pullback,fresh,retested_2plus,214,7.672897196261682,1.5654205607476634,3.6196681109210327
M5@H1,wick_touch,neutral,pullback,mature,retested_1,1,119.0,2.0,3.6885007278021376
M5@H1,wick_touch,neutral,pullback,mature,retested_2plus,464,99.06896551724138,1.6012931034482758,3.7474031201333475
M5@H1,wick_touch,neutral,pullback,old,retested_1,2,1201.0,1.5,1.7440265233006498
M5@H1,wick_touch,neutral,pullback,old,retested_2plus,163,548.3865030674847,1.3558282208588956,2.7436536821576203
M5@H1,wick_touch,neutral,pullback,young,retested_1,2,13.0,1.5,1.1003945182725299
M5@H1,wick_touch,neutral,pullback,young,retested_2plus,541,23.53049907578558,1.5563770794824399,3.8612863204052683
M5@H1,wick_touch,neutral,push,fresh,retested_2plus,16,6.3125,0.375,2.6634736133594683
M5@H1,wick_touch,neutral,push,mature,retested_1,2,70.5,1.0,2.2560779883347077
M5@H1,wick_touch,neutral,push,mature,retested_2plus,32,101.53125,1.65625,3.6074465744289466
M5@H1,wick_touch,neutral,push,old,retested_2plus,35,491.8857142857143,1.7714285714285714,2.0896625567667972
M5@H1,wick_touch,neutral,push,young,retested_2plus,10,29.3,1.0,1.8194411161063642
M5@H1,wick_touch,neutral,reversal,fresh,retested_1,3,4.666666666666667,1.3333333333333333,4.118396992419091
M5@H1,wick_touch,neutral,reversal,fresh,retested_2plus,40,4.2,0.925,2.546678143711201
M5@H1,wick_touch,neutral,reversal,mature,retested_2plus,29,90.89655172413794,1.4482758620689655,2.3869834886000723
M5@H1,wick_touch,neutral,reversal,old,retested_2plus,18,349.77777777777777,1.3888888888888888,2.4381068467091627
M5@H1,wick_touch,neutral,reversal,young,retested_2plus,35,33.22857142857143,1.4285714285714286,5.629221715526123
M5@H1,wick_touch,with_daily,continuation,fresh,retested_1,207,3.4009661835748792,2.217391304347826,2.454346366159791
M5@H1,wick_touch,with_daily,continuation,fresh,retested_2plus,2632,4.9551671732522795,2.3206686930091185,2.761852212899456
M5@H1,wick_touch,with_daily,continuation,mature,retested_1,25,71.16,2.36,2.5645568169276616
M5@H1,wick_touch,with_daily,continuation,mature,retested_2plus,913,88.19386637458926,2.2059145673603506,3.0538345404752785
M5@H1,wick_touch,with_daily,continuation,old,retested_1,1,625.0,1.0,0.9783132530121397
M5@H1,wick_touch,with_daily,continuation,old,retested_2plus,124,988.3225806451613,1.685483870967742,2.4260698025257463
M5@H1,wick_touch,with_daily,continuation,young,retested_1,27,22.0,2.185185185185185,2.187562231944483
M5@H1,wick_touch,with_daily,continuation,young,retested_2plus,1286,23.254276827371694,2.2993779160186625,2.840912100367858
M5@H1,wick_touch,with_daily,pullback,fresh,retested_1,51,2.5098039215686274,2.0980392156862746,2.3717853484462825
M5@H1,wick_touch,with_daily,pullback,fresh,retested_2plus,220,8.159090909090908,2.4318181818181817,3.1807105080164404
M5@H1,wick_touch,with_daily,pullback,mature,retested_1,5,101.0,2.4,1.7519828803265234
M5@H1,wick_touch,with_daily,pullback,mature,retested_2plus,437,87.23569794050343,2.308924485125858,3.6124297375433363
M5@H1,wick_touch,with_daily,pullback,old,retested_1,3,2010.0,1.6666666666666667,2.1415671089212283
M5@H1,wick_touch,with_daily,pullback,old,retested_2plus,92,1401.445652173913,2.0652173913043477,2.0826787611164814
M5@H1,wick_touch,with_daily,pullback,young,retested_1,8,29.75,2.375,2.401310448984076
M5@H1,wick_touch,with_daily,pullback,young,retested_2plus,579,22.820379965457686,2.312607944732297,3.415887424560646
M5@H1,wick_touch,with_daily,push,fresh,retested_1,2,8.5,3.0,1.552746646289882
M5@H1,wick_touch,with_daily,push,fresh,retested_2plus,11,8.181818181818182,3.0,1.66237939441574
M5@H1,wick_touch,with_daily,push,mature,retested_1,2,127.5,2.0,1.4097965565507637
M5@H1,wick_touch,with_daily,push,mature,retested_2plus,27,106.37037037037037,2.5555555555555554,3.58302590878288
M5@H1,wick_touch,with_daily,push,old,retested_1,2,887.5,1.0,1.0627341749191164
M5@H1,wick_touch,with_daily,push,old,retested_2plus,17,1088.4705882352941,1.2941176470588236,1.308056279376883
M5@H1,wick_touch,with_daily,push,young,retested_1,3,19.0,2.3333333333333335,3.8342108143259566
M5@H1,wick_touch,with_daily,push,young,retested_2plus,96,22.770833333333332,2.2604166666666665,2.491674709696933
M5@H1,wick_touch,with_daily,reversal,fresh,retested_1,1,5.0,3.0,2.501471823607865
M5@H1,wick_touch,with_daily,reversal,fresh,retested_2plus,10,5.6,2.4,2.705715485422602
M5@H1,wick_touch,with_daily,reversal,mature,retested_2plus,14,99.42857142857143,1.5,3.467055165455973
M5@H1,wick_touch,with_daily,reversal,young,retested_2plus,4,45.5,1.0,2.066190093146875
M5@M15,body_close,against_daily,continuation,fresh,first_touch,7,2.4285714285714284,2.4285714285714284,0.7788357748456074
M5@M15,body_close,against_daily,continuation,fresh,retested_1,1317,3.340167046317388,2.231586940015186,0.5992534946957431
M5@M15,body_close,against_daily,continuation,fresh,retested_2plus,16536,5.651245766811805,2.2377842283502662,0.6315178672712392
M5@M15,body_close,against_daily,continuation,mature,retested_1,22,99.81818181818181,2.0,0.8903018418738348
M5@M15,body_close,against_daily,continuation,mature,retested_2plus,3197,81.15389427588364,2.1373162339693463,1.0770226344403375
M5@M15,body_close,against_daily,continuation,old,retested_1,30,801.6666666666666,2.066666666666667,0.8882944026730215
M5@M15,body_close,against_daily,continuation,old,retested_2plus,7008,897.3129280821918,2.2405821917808217,1.3498909167210706
M5@M15,body_close,against_daily,continuation,young,retested_1,112,20.080357142857142,2.2232142857142856,0.8048436927890392
M5@M15,body_close,against_daily,continuation,young,retested_2plus,13041,22.974695192086497,2.283720573575646,0.9573827853487881
M5@M15,body_close,against_daily,pullback,fresh,first_touch,7,3.4285714285714284,2.2857142857142856,0.927906047807945
M5@M15,body_close,against_daily,pullback,fresh,retested_1,746,2.5737265415549597,2.1997319034852545,0.5561160815520445
M5@M15,body_close,against_daily,pullback,fresh,retested_2plus,1474,8.03459972862958,2.1831750339213025,0.7294249724861138
M5@M15,body_close,against_daily,pullback,mature,retested_1,11,110.18181818181819,2.4545454545454546,0.5173168599638
M5@M15,body_close,against_daily,pullback,mature,retested_2plus,1769,82.81232334652346,2.322215941209723,1.5604180405420096
M5@M15,body_close,against_daily,pullback,old,retested_1,11,663.5454545454545,2.090909090909091,0.555000848915777
M5@M15,body_close,against_daily,pullback,old,retested_2plus,3421,971.8547208418591,2.2353113124817305,1.5586794684683902
M5@M15,body_close,against_daily,pullback,young,retested_1,22,20.136363636363637,2.272727272727273,0.6853313066447737
M5@M15,body_close,against_daily,pullback,young,retested_2plus,6057,24.283473666831764,2.2775301304276043,1.1748193322834097
M5@M15,body_close,against_daily,push,fresh,retested_2plus,7,9.285714285714286,2.0,0.7340552716390102
M5@M15,body_close,against_daily,push,old,retested_1,5,1515.4,2.6,0.6061247197907143
M5@M15,body_close,against_daily,push,old,retested_2plus,304,847.9309210526316,1.694078947368421,1.443165018095548
M5@M15,body_close,against_daily,push,young,retested_1,1,23.0,2.0,0.3890307670663848
M5@M15,body_close,against_daily,push,young,retested_2plus,9,17.555555555555557,1.6666666666666667,0.8129429598330438
M5@M15,body_close,against_daily,reversal,fresh,retested_1,31,4.161290322580645,2.3870967741935485,0.7465593893742847
M5@M15,body_close,against_daily,reversal,fresh,retested_2plus,305,6.416393442622951,2.360655737704918,0.7776071138318698
M5@M15,body_close,against_daily,reversal,mature,retested_1,1,60.0,3.0,4.582236842106401
M5@M15,body_close,against_daily,reversal,mature,retested_2plus,431,75.52204176334106,2.6148491879350346,2.2913679562516562
M5@M15,body_close,against_daily,reversal,old,retested_1,1,283.0,3.0,0.6123680241327438
M5@M15,body_close,against_daily,reversal,old,retested_2plus,222,285.15315315315314,2.8828828828828827,2.4644407693223798
M5@M15,body_close,against_daily,reversal,young,retested_1,2,27.5,3.0,0.6349204260320047
M5@M15,body_close,against_daily,reversal,young,retested_2plus,741,27.07017543859649,2.4642375168690958,2.58641026430558
M5@M15,body_close,at_transition,continuation,fresh,retested_1,21,5.714285714285714,1.5714285714285714,0.5344811717265497
M5@M15,body_close,at_transition,continuation,fresh,retested_2plus,71,6.591549295774648,1.4366197183098592,0.6288369181378366
M5@M15,body_close,at_transition,continuation,mature,retested_1,1,196.0,2.0,0.21361502347411074
M5@M15,body_close,at_transition,continuation,mature,retested_2plus,21,131.66666666666666,1.4761904761904763,0.8666832842822086
M5@M15,body_close,at_transition,continuation,old,retested_1,4,1274.0,1.25,1.2651379951229038
M5@M15,body_close,at_transition,continuation,old,retested_2plus,44,556.5227272727273,1.5454545454545454,0.9860076960834353
M5@M15,body_close,at_transition,continuation,young,retested_1,1,12.0,2.0,0.5032679738553958
M5@M15,body_close,at_transition,continuation,young,retested_2plus,91,20.923076923076923,1.5054945054945055,1.083562682547547
M5@M15,body_close,at_transition,pullback,fresh,retested_2plus,8,8.5,1.5,1.0135784547335491
M5@M15,body_close,at_transition,pullback,mature,retested_2plus,10,93.1,1.2,1.6700594676779954
M5@M15,body_close,at_transition,pullback,old,retested_1,2,211.0,2.0,0.5884335179352647
M5@M15,body_close,at_transition,pullback,old,retested_2plus,44,726.75,1.5,1.6415970494317116
M5@M15,body_close,at_transition,pullback,young,retested_2plus,56,23.946428571428573,1.4821428571428572,1.908736052286973
M5@M15,body_close,at_transition,push,old,retested_2plus,5,637.4,1.6,1.7474707208106188
M5@M15,body_close,at_transition,reversal,young,retested_2plus,2,20.5,1.5,3.486532028147547
M5@M15,body_close,neutral,continuation,fresh,first_touch,2,6.0,1.0,0.574105256133748
M5@M15,body_close,neutral,continuation,fresh,retested_1,1054,3.3605313092979125,1.4772296015180266,0.5907840119274799
M5@M15,body_close,neutral,continuation,fresh,retested_2plus,12831,5.6989322734003585,1.513521939053854,0.6093733087303683
M5@M15,body_close,neutral,continuation,mature,retested_1,27,107.0,1.4444444444444444,0.6825605540217835
M5@M15,body_close,neutral,continuation,mature,retested_2plus,3978,94.43841126194067,1.409502262443439,1.2726971409103123
M5@M15,body_close,neutral,continuation,old,retested_1,33,742.0,1.4242424242424243,0.5960643084346616
M5@M15,body_close,neutral,continuation,old,retested_2plus,5120,562.798828125,1.4359375,1.293161351423016
M5@M15,body_close,neutral,continuation,young,retested_1,87,22.770114942528735,1.4367816091954022,0.7043890638024748
M5@M15,body_close,neutral,continuation,young,retested_2plus,10306,23.707743062293808,1.4487677081311858,0.9207635249950323
M5@M15,body_close,neutral,pullback,fresh,first_touch,2,2.5,1.5,0.9898870561617343
M5@M15,body_close,neutral,pullback,fresh,retested_1,561,2.659536541889483,1.4955436720142603,0.5501409913162103
M5@M15,body_close,neutral,pullback,fresh,retested_2plus,1204,8.07890365448505,1.5888704318936877,0.8179474962133967
M5@M15,body_close,neutral,pullback,mature,retested_1,9,92.77777777777777,1.8888888888888888,0.5854038065731415
M5@M15,body_close,neutral,pullback,mature,retested_2plus,2165,96.20923787528868,1.3972286374133949,1.5973741906875467
M5@M15,body_close,neutral,pullback,old,retested_1,7,635.2857142857143,1.5714285714285714,0.2513529385476723
M5@M15,body_close,neutral,pullback,old,retested_2plus,2584,553.7202012383901,1.4392414860681115,1.4546232302662654
M5@M15,body_close,neutral,pullback,young,retested_1,21,25.857142857142858,1.380952380952381,0.7002256578858356
M5@M15,body_close,neutral,pullback,young,retested_2plus,5341,24.52761655120764,1.5133870061786183,1.1056493349939132
M5@M15,body_close,neutral,push,fresh,retested_2plus,28,8.428571428571429,1.1785714285714286,0.47944324937217747
M5@M15,body_close,neutral,push,mature,retested_1,2,125.5,1.0,0.33078828063920795
M5@M15,body_close,neutral,push,mature,retested_2plus,9,133.77777777777777,1.0,0.3572840529215646
M5@M15,body_close,neutral,push,old,retested_1,1,1415.0,1.0,0.5898876404488985
M5@M15,body_close,neutral,push,old,retested_2plus,235,675.1021276595744,1.625531914893617,0.8667057403244915
M5@M15,body_close,neutral,push,young,retested_1,3,24.333333333333332,1.0,0.5305201396543011
M5@M15,body_close,neutral,push,young,retested_2plus,69,19.44927536231884,0.6521739130434783,0.6995014739910428
M5@M15,body_close,neutral,reversal,fresh,retested_1,13,3.4615384615384617,1.1538461538461537,0.577492034297155
M5@M15,body_close,neutral,reversal,fresh,retested_2plus,161,6.366459627329193,1.2111801242236024,0.7696229398433997
M5@M15,body_close,neutral,reversal,mature,retested_2plus,96,157.46875,1.28125,2.1862678628293604
M5@M15,body_close,neutral,reversal,old,retested_1,1,345.0,2.0,0.7236618179757917
M5@M15,body_close,neutral,reversal,old,retested_2plus,57,401.8421052631579,1.1578947368421053,1.1478981337374659
M5@M15,body_close,neutral,reversal,young,retested_1,1,16.0,2.0,1.451550387596817
M5@M15,body_close,neutral,reversal,young,retested_2plus,289,20.982698961937718,1.4636678200692042,1.1649559590015033
M5@M15,body_close,with_daily,continuation,fresh,first_touch,13,3.230769230769231,2.4615384615384617,0.8258627353030421
M5@M15,body_close,with_daily,continuation,fresh,retested_1,1364,3.3629032258064515,2.271260997067449,0.5974100283703155
M5@M15,body_close,with_daily,continuation,fresh,retested_2plus,17649,5.66859312142331,2.2302113434188904,0.617109289606235
M5@M15,body_close,with_daily,continuation,mature,retested_1,40,121.675,2.325,0.9421627582987202
M5@M15,body_close,with_daily,continuation,mature,retested_2plus,5164,97.23315259488768,2.251161890007746,1.0840656509018736
M5@M15,body_close,with_daily,continuation,old,retested_1,31,385.48387096774195,2.4838709677419355,0.5885757783384443
M5@M15,body_close,with_daily,continuation,old,retested_2plus,4627,418.9090123189972,2.018802679922196,1.1960505960463639
M5@M15,body_close,with_daily,continuation,young,retested_1,97,20.329896907216494,2.195876288659794,0.6477730534097913
M5@M15,body_close,with_daily,continuation,young,retested_2plus,12421,22.674905402141533,2.236454391755897,0.9269698724789409
M5@M15,body_close,with_daily,pullback,fresh,first_touch,3,2.6666666666666665,3.0,0.9988429686504464
M5@M15,body_close,with_daily,pullback,fresh,retested_1,774,2.665374677002584,2.193798449612403,0.5546970332501491
M5@M15,body_close,with_daily,pullback,fresh,retested_2plus,1587,7.943289224952741,2.197227473219912,0.7657695043745103
M5@M15,body_close,with_daily,pullback,mature,retested_1,10,93.7,2.2,0.8088733238513713
M5@M15,body_close,with_daily,pullback,mature,retested_2plus,2641,99.05149564558879,2.3029155622870126,1.1483407551133535
M5@M15,body_close,with_daily,pullback,old,retested_1,7,396.85714285714283,2.142857142857143,0.6479438436083936
M5@M15,body_close,with_daily,pullback,old,retested_2plus,2703,428.251572327044,2.1361450240473547,1.4089179728902983
M5@M15,body_close,with_daily,pullback,young,retested_1,25,18.92,2.36,0.7768727710335739
M5@M15,body_close,with_daily,pullback,young,retested_2plus,6669,24.288798920377868,2.230769230769231,1.1130459744696608
M5@M15,body_close,with_daily,push,fresh,retested_1,1,9.0,2.0,0.3007812499999676
M5@M15,body_close,with_daily,push,fresh,retested_2plus,54,7.111111111111111,2.4814814814814814,0.7816242987584502
M5@M15,body_close,with_daily,push,mature,retested_1,2,87.0,2.5,0.28445855716151025
M5@M15,body_close,with_daily,push,mature,retested_2plus,234,90.5982905982906,2.4615384615384617,1.0090146216504543
M5@M15,body_close,with_daily,push,old,retested_1,1,966.0,2.0,0.29803776379118463
M5@M15,body_close,with_daily,push,old,retested_2plus,321,364.81931464174454,2.7538940809968846,1.839659300822255
M5@M15,body_close,with_daily,push,young,retested_1,5,22.6,2.8,0.37463696060603996
M5@M15,body_close,with_daily,push,young,retested_2plus,208,24.240384615384617,2.4903846153846154,0.6640138291096882
M5@M15,body_close,with_daily,reversal,fresh,retested_1,5,3.6,1.8,0.3943006863405795
M5@M15,body_close,with_daily,reversal,fresh,retested_2plus,60,6.316666666666666,1.7166666666666666,0.730120632852056
M5@M15,body_close,with_daily,reversal,mature,retested_2plus,2,163.5,1.0,0.46369977200016366
M5@M15,body_close,with_daily,reversal,old,retested_2plus,23,466.4782608695652,2.1739130434782608,0.6177344620964251
M5@M15,body_close,with_daily,reversal,young,retested_2plus,46,16.23913043478261,2.608695652173913,1.199831695234058
M5@M15,break_through,against_daily,continuation,fresh,first_touch,69,2.4347826086956523,2.3333333333333335,1.4935464584040388
M5@M15,break_through,against_daily,continuation,mature,first_touch,1,194.0,3.0,0.8825214899707826
M5@M15,break_through,against_daily,pullback,fresh,first_touch,75,2.4266666666666667,2.2266666666666666,1.5262387874366636
M5@M15,break_through,against_daily,reversal,fresh,first_touch,1,4.0,1.0,1.824304538799106
M5@M15,break_through,at_transition,continuation,mature,first_touch,3,195.0,1.0,3.7651700250283326
M5@M15,break_through,at_transition,pullback,mature,first_touch,2,195.0,2.0,2.2757093648885363
M5@M15,break_through,neutral,continuation,fresh,first_touch,63,2.492063492063492,1.507936507936508,1.596563473552627
M5@M15,break_through,neutral,pullback,fresh,first_touch,60,2.433333333333333,1.45,1.567464809639376
M5@M15,break_through,neutral,reversal,fresh,first_touch,1,2.0,1.0,0.8476903870163187
M5@M15,break_through,with_daily,continuation,fresh,first_touch,74,2.5675675675675675,2.2972972972972974,1.3973526490894894
M5@M15,break_through,with_daily,pullback,fresh,first_touch,73,2.452054794520548,2.1780821917808217,1.435607634898661
M5@M15,break_through,with_daily,pullback,mature,first_touch,1,194.0,1.0,2.507589092039391
M5@M15,near_miss,against_daily,continuation,fresh,first_touch,1674,4.204301075268817,2.184587813620072,1.7400907420785123
M5@M15,near_miss,against_daily,continuation,fresh,retested_1,765,4.610457516339869,2.25359477124183,1.8164534221717616
M5@M15,near_miss,against_daily,continuation,fresh,retested_2plus,3272,6.249083129584352,2.2215770171149143,1.9438701033639953
M5@M15,near_miss,against_daily,continuation,mature,first_touch,48,82.6875,2.2708333333333335,2.4848236070862626
M5@M15,near_miss,against_daily,continuation,mature,retested_1,32,92.3125,2.3125,2.329873883927919
M5@M15,near_miss,against_daily,continuation,mature,retested_2plus,743,84.84387617765815,2.1749663526244953,2.356004260353404
M5@M15,near_miss,against_daily,continuation,old,first_touch,57,797.140350877193,2.1578947368421053,2.5208456814145435
M5@M15,near_miss,against_daily,continuation,old,retested_1,44,1055.4318181818182,2.272727272727273,1.4531735836149464
M5@M15,near_miss,against_daily,continuation,old,retested_2plus,1622,914.5382244143034,2.133168927250308,2.511509036110844
M5@M15,near_miss,against_daily,continuation,young,first_touch,302,20.00662251655629,2.198675496688742,1.9285393221938947
M5@M15,near_miss,against_daily,continuation,young,retested_1,150,19.3,2.24,2.0055436044002026
M5@M15,near_miss,against_daily,continuation,young,retested_2plus,2987,22.15065282892534,2.2527619685302978,2.2245221291433532
M5@M15,near_miss,against_daily,pullback,fresh,first_touch,251,2.741035856573705,2.2031872509960158,1.7503058433982226
M5@M15,near_miss,against_daily,pullback,fresh,retested_1,2,9.5,2.0,1.0284293553052355
M5@M15,near_miss,against_daily,pullback,fresh,retested_2plus,524,8.179389312977099,2.1564885496183206,2.0302851153596175
M5@M15,near_miss,against_daily,pullback,mature,first_touch,10,66.6,2.1,1.5235391426902969
M5@M15,near_miss,against_daily,pullback,mature,retested_1,12,71.91666666666667,2.6666666666666665,1.7274406777038023
M5@M15,near_miss,against_daily,pullback,mature,retested_2plus,638,80.24294670846395,2.3605015673981193,2.4303972243009015
M5@M15,near_miss,against_daily,pullback,old,first_touch,22,751.8181818181819,2.0454545454545454,1.9877591868654745
M5@M15,near_miss,against_daily,pullback,old,retested_1,18,1355.7222222222222,2.4444444444444446,1.8167786148905611
M5@M15,near_miss,against_daily,pullback,old,retested_2plus,1205,966.9518672199171,2.240663900414938,2.7297673962280826
M5@M15,near_miss,against_daily,pullback,young,first_touch,49,21.510204081632654,2.326530612244898,1.8196045733732122
M5@M15,near_miss,against_daily,pullback,young,retested_1,28,24.892857142857142,2.5,1.8349707209582153
M5@M15,near_miss,against_daily,pullback,young,retested_2plus,2062,23.852570320077593,2.23278370514064,2.370488041098348
M5@M15,near_miss,against_daily,push,fresh,retested_2plus,1,7.0,2.0,1.727785613540053
M5@M15,near_miss,against_daily,push,old,first_touch,7,893.1428571428571,1.7142857142857142,1.4707161580999022
M5@M15,near_miss,against_daily,push,old,retested_2plus,59,1189.7288135593221,2.288135593220339,2.3728374608520357
M5@M15,near_miss,against_daily,push,young,first_touch,2,22.5,2.0,0.9872375800749145
M5@M15,near_miss,against_daily,push,young,retested_2plus,4,12.75,1.0,2.826071103781782
M5@M15,near_miss,against_daily,reversal,fresh,first_touch,45,4.111111111111111,2.4444444444444446,1.961341637114225
M5@M15,near_miss,against_daily,reversal,fresh,retested_1,19,5.315789473684211,1.894736842105263,2.0665240445653006
M5@M15,near_miss,against_daily,reversal,fresh,retested_2plus,76,7.276315789473684,2.25,2.178547720892889
M5@M15,near_miss,against_daily,reversal,mature,first_touch,2,57.5,3.0,5.5625987086589
M5@M15,near_miss,against_daily,reversal,mature,retested_1,1,54.0,3.0,2.262532981530359
M5@M15,near_miss,against_daily,reversal,mature,retested_2plus,71,79.87323943661971,2.676056338028169,4.621016773866695
M5@M15,near_miss,against_daily,reversal,old,retested_2plus,34,512.1176470588235,2.5,2.5152870450184666
M5@M15,near_miss,against_daily,reversal,young,first_touch,7,25.428571428571427,3.0,1.6451393983603562
M5@M15,near_miss,against_daily,reversal,young,retested_2plus,121,27.107438016528924,1.8760330578512396,4.1802012064626055
M5@M15,near_miss,at_transition,continuation,fresh,first_touch,6,7.0,1.5,2.6605814444317986
M5@M15,near_miss,at_transition,continuation,fresh,retested_1,1,4.0,1.0,2.6119402985074904
M5@M15,near_miss,at_transition,continuation,fresh,retested_2plus,11,7.363636363636363,1.5454545454545454,2.2501802545652043
M5@M15,near_miss,at_transition,continuation,mature,first_touch,1,196.0,2.0,0.9251375061044025
M5@M15,near_miss,at_transition,continuation,mature,retested_2plus,4,76.5,1.5,6.057796122197525
M5@M15,near_miss,at_transition,continuation,old,retested_1,1,238.0,2.0,2.4199999999999027
M5@M15,near_miss,at_transition,continuation,old,retested_2plus,6,995.8333333333334,1.8333333333333333,3.686161898067111
M5@M15,near_miss,at_transition,continuation,young,first_touch,3,19.333333333333332,1.3333333333333333,3.401370712504896
M5@M15,near_miss,at_transition,continuation,young,retested_1,1,14.0,2.0,3.0282131661439715
M5@M15,near_miss,at_transition,continuation,young,retested_2plus,24,21.5,1.5833333333333333,3.363613333018778
M5@M15,near_miss,at_transition,pullback,fresh,retested_2plus,2,10.0,1.5,2.3251086766484077
M5@M15,near_miss,at_transition,pullback,mature,retested_2plus,3,97.33333333333333,1.0,2.3042429084761475
M5@M15,near_miss,at_transition,pullback,old,retested_2plus,9,994.5555555555555,1.4444444444444444,3.442459361763854
M5@M15,near_miss,at_transition,pullback,young,retested_1,2,23.5,2.0,2.703245916432855
M5@M15,near_miss,at_transition,pullback,young,retested_2plus,11,25.181818181818183,1.7272727272727273,3.7123328451969497
M5@M15,near_miss,at_transition,push,old,retested_2plus,1,410.0,1.0,3.0957095709571125
M5@M15,near_miss,at_transition,reversal,young,retested_2plus,1,21.0,2.0,4.203349282296077
M5@M15,near_miss,neutral,continuation,fresh,first_touch,1221,4.23996723996724,1.493038493038493,1.7517532127549682
M5@M15,near_miss,neutral,continuation,fresh,retested_1,548,4.510948905109489,1.4635036496350364,1.8122687462161617
M5@M15,near_miss,neutral,continuation,fresh,retested_2plus,2519,6.121476776498611,1.5216355696705042,1.9203842716415682
M5@M15,near_miss,neutral,continuation,mature,first_touch,54,97.37037037037037,1.5740740740740742,1.7144741863083885
M5@M15,near_miss,neutral,continuation,mature,retested_1,25,88.68,1.64,2.0899580073039545
M5@M15,near_miss,neutral,continuation,mature,retested_2plus,926,100.66522678185746,1.4190064794816415,2.3695523929956117
M5@M15,near_miss,neutral,continuation,old,first_touch,53,556.1132075471698,1.2830188679245282,1.8275213210275079
M5@M15,near_miss,neutral,continuation,old,retested_1,41,847.8048780487804,1.4878048780487805,1.7286253840061214
M5@M15,near_miss,neutral,continuation,old,retested_2plus,1230,578.8943089430894,1.5048780487804878,2.5160122998819894
M5@M15,near_miss,neutral,continuation,young,first_touch,180,19.644444444444446,1.3222222222222222,1.8165100495065554
M5@M15,near_miss,neutral,continuation,young,retested_1,108,19.194444444444443,1.4444444444444444,1.9623671412156516
M5@M15,near_miss,neutral,continuation,young,retested_2plus,2211,22.865671641791046,1.4500226142017187,2.1834916358341148
M5@M15,near_miss,neutral,pullback,fresh,first_touch,187,2.679144385026738,1.4438502673796791,1.766749009689841
M5@M15,near_miss,neutral,pullback,fresh,retested_1,5,9.4,1.8,1.878728602609602
M5@M15,near_miss,neutral,pullback,fresh,retested_2plus,399,8.092731829573935,1.5739348370927317,2.034282075903567
M5@M15,near_miss,neutral,pullback,mature,first_touch,20,82.75,1.4,1.9666425676892394
M5@M15,near_miss,neutral,pullback,mature,retested_1,10,70.9,1.5,2.1593616596211946
M5@M15,near_miss,neutral,pullback,mature,retested_2plus,594,100.32659932659932,1.3552188552188553,2.5081703242145976
M5@M15,near_miss,neutral,pullback,old,first_touch,15,823.4666666666667,1.4666666666666666,1.6554753395789001
M5@M15,near_miss,neutral,pullback,old,retested_1,24,787.9166666666666,1.4583333333333333,1.4254600336439358
M5@M15,near_miss,neutral,pullback,old,retested_2plus,957,609.2925809822361,1.497387669801463,2.6079489046435245
M5@M15,near_miss,neutral,pullback,young,first_touch,57,22.70175438596491,1.4035087719298245,1.9267151824389355
M5@M15,near_miss,neutral,pullback,young,retested_1,25,25.6,1.32,2.0559076336346136
M5@M15,near_miss,neutral,pullback,young,retested_2plus,1421,23.428571428571427,1.5200562983814216,2.404247142341764
M5@M15,near_miss,neutral,push,fresh,first_touch,2,9.0,2.0,2.146900240213809
M5@M15,near_miss,neutral,push,fresh,retested_1,5,6.6,0.2,1.3961574811593498
M5@M15,near_miss,neutral,push,fresh,retested_2plus,5,8.6,1.6,1.9346167335322626
M5@M15,near_miss,neutral,push,mature,first_touch,2,198.5,1.0,1.3823580386151209
M5@M15,near_miss,neutral,push,mature,retested_2plus,7,125.85714285714286,1.0,1.4753130346765897
M5@M15,near_miss,neutral,push,old,first_touch,3,713.0,1.6666666666666667,1.8640863813582875
M5@M15,near_miss,neutral,push,old,retested_1,6,304.6666666666667,1.6666666666666667,2.91172664801744
M5@M15,near_miss,neutral,push,old,retested_2plus,86,608.4883720930233,1.3372093023255813,2.083258943971599
M5@M15,near_miss,neutral,push,young,first_touch,9,24.22222222222222,0.6666666666666666,1.3807301949542459
M5@M15,near_miss,neutral,push,young,retested_2plus,31,16.516129032258064,0.9354838709677419,1.8723408162714668
M5@M15,near_miss,neutral,reversal,fresh,first_touch,7,3.5714285714285716,1.2857142857142858,1.5588775352350257
M5@M15,near_miss,neutral,reversal,fresh,retested_1,19,5.2105263157894735,0.7368421052631579,2.46591651012427
M5@M15,near_miss,neutral,reversal,fresh,retested_2plus,29,7.517241379310345,0.896551724137931,2.0467689472111563
M5@M15,near_miss,neutral,reversal,mature,retested_2plus,21,154.0,1.380952380952381,3.2711898168746747
M5@M15,near_miss,neutral,reversal,old,first_touch,1,345.0,2.0,1.2802925691204443
M5@M15,near_miss,neutral,reversal,old,retested_2plus,35,703.2571428571429,1.4285714285714286,2.696112530235216
M5@M15,near_miss,neutral,reversal,young,first_touch,4,21.0,1.25,1.9681596599975286
M5@M15,near_miss,neutral,reversal,young,retested_1,8,21.125,1.75,1.8862317495665117
M5@M15,near_miss,neutral,reversal,young,retested_2plus,65,24.615384615384617,1.1846153846153846,3.000723414789361
M5@M15,near_miss,with_daily,continuation,fresh,first_touch,1560,4.3173076923076925,2.2865384615384614,1.7369968168473024
M5@M15,near_miss,with_daily,continuation,fresh,retested_1,706,4.423512747875354,2.1628895184135977,1.8270521775964703
M5@M15,near_miss,with_daily,continuation,fresh,retested_2plus,3175,6.186141732283464,2.268031496062992,1.9369042260580034
M5@M15,near_miss,with_daily,continuation,mature,first_touch,85,128.76470588235293,2.4941176470588236,2.038798005175806
M5@M15,near_miss,with_daily,continuation,mature,retested_1,63,114.01587301587301,2.2222222222222223,2.141378367403191
M5@M15,near_miss,with_daily,continuation,mature,retested_2plus,1442,98.84119278779472,2.3453536754507627,2.324474331176923
M5@M15,near_miss,with_daily,continuation,old,first_touch,52,385.86538461538464,2.0961538461538463,1.6173291764952078
M5@M15,near_miss,with_daily,continuation,old,retested_1,28,526.5714285714286,2.1785714285714284,1.5363485749428418
M5@M15,near_miss,with_daily,continuation,old,retested_2plus,1230,457.5577235772358,2.1723577235772358,2.3255542917742966
M5@M15,near_miss,with_daily,continuation,young,first_touch,258,20.348837209302324,2.2829457364341086,1.8758669828520145
M5@M15,near_miss,with_daily,continuation,young,retested_1,146,23.15068493150685,2.356164383561644,1.9675202215275527
M5@M15,near_miss,with_daily,continuation,young,retested_2plus,3044,23.742444152431013,2.306504599211564,2.2521161038186763
M5@M15,near_miss,with_daily,pullback,fresh,first_touch,284,2.852112676056338,2.2711267605633805,1.7290700078576688
M5@M15,near_miss,with_daily,pullback,fresh,retested_1,12,8.75,2.8333333333333335,1.8209581903721828
M5@M15,near_miss,with_daily,pullback,fresh,retested_2plus,522,8.118773946360154,2.3256704980842913,2.1224654812159596
M5@M15,near_miss,with_daily,pullback,mature,first_touch,18,111.5,2.388888888888889,2.1048694273928543
M5@M15,near_miss,with_daily,pullback,mature,retested_1,13,90.76923076923077,2.230769230769231,1.479651978997481
M5@M15,near_miss,with_daily,pullback,mature,retested_2plus,993,102.53272910372608,2.2356495468277946,2.4165474710699706
M5@M15,near_miss,with_daily,pullback,old,first_touch,14,452.07142857142856,2.4285714285714284,1.652849278815561
M5@M15,near_miss,with_daily,pullback,old,retested_1,11,406.27272727272725,2.909090909090909,1.380780524712857
M5@M15,near_miss,with_daily,pullback,old,retested_2plus,1012,450.49505928853756,2.285573122529644,2.4557312139457257
M5@M15,near_miss,with_daily,pullback,young,first_touch,44,21.613636363636363,2.272727272727273,1.796220895924992
M5@M15,near_miss,with_daily,pullback,young,retested_1,37,24.91891891891892,2.2432432432432434,1.9931599430446227
M5@M15,near_miss,with_daily,pullback,young,retested_2plus,2130,24.08826291079812,2.3051643192488265,2.342692758514102
M5@M15,near_miss,with_daily,push,fresh,first_touch,4,8.0,2.25,1.349397250778196
M5@M15,near_miss,with_daily,push,fresh,retested_2plus,14,7.642857142857143,2.2857142857142856,1.8232435688834194
M5@M15,near_miss,with_daily,push,mature,first_touch,11,81.0,2.1818181818181817,1.7050721314287782
M5@M15,near_miss,with_daily,push,mature,retested_1,2,87.0,2.5,1.6368781600963842
M5@M15,near_miss,with_daily,push,mature,retested_2plus,89,93.37078651685393,2.1797752808988764,2.4653263259641087
M5@M15,near_miss,with_daily,push,old,first_touch,7,335.2857142857143,2.2857142857142856,2.085229896972611
M5@M15,near_miss,with_daily,push,old,retested_1,1,223.0,2.0,3.4805555555560748
M5@M15,near_miss,with_daily,push,old,retested_2plus,101,367.6831683168317,2.7524752475247523,4.279858735070356
M5@M15,near_miss,with_daily,push,young,first_touch,15,18.533333333333335,1.7333333333333334,1.5049468977227412
M5@M15,near_miss,with_daily,push,young,retested_1,6,21.333333333333332,2.3333333333333335,1.7339615940110458
M5@M15,near_miss,with_daily,push,young,retested_2plus,53,24.81132075471698,2.6226415094339623,2.0850556419489275
M5@M15,near_miss,with_daily,reversal,fresh,first_touch,6,5.833333333333333,2.0,1.986499073923392
M5@M15,near_miss,with_daily,reversal,fresh,retested_2plus,2,5.0,2.5,1.6546639875574454
M5@M15,near_miss,with_daily,reversal,mature,retested_2plus,1,162.0,1.0,1.2870370370368318
M5@M15,near_miss,with_daily,reversal,old,retested_2plus,3,347.0,1.0,2.1751908212233726
M5@M15,near_miss,with_daily,reversal,young,retested_1,1,16.0,3.0,2.8341463414630317
M5@M15,near_miss,with_daily,reversal,young,retested_2plus,18,23.77777777777778,2.5555555555555554,2.846449361490716
M5@M15,wick_touch,against_daily,continuation,fresh,retested_1,760,3.775,2.2578947368421054,1.4155079560444654
M5@M15,wick_touch,against_daily,continuation,fresh,retested_2plus,5357,5.604442785140937,2.227552734739593,1.567983536215366
M5@M15,wick_touch,against_daily,continuation,mature,retested_1,29,92.51724137931035,2.2413793103448274,1.5101367129201397
M5@M15,wick_touch,against_daily,continuation,mature,retested_2plus,838,83.9546539379475,2.1968973747016705,1.8837212358199646
M5@M15,wick_touch,against_daily,continuation,old,retested_1,35,900.3428571428572,2.342857142857143,1.5354533611961898
M5@M15,wick_touch,against_daily,continuation,old,retested_2plus,1662,918.4145607701564,2.1341756919374246,2.178702522777845
M5@M15,wick_touch,against_daily,continuation,young,retested_1,102,21.284313725490197,2.264705882352941,1.5671712713843846
M5@M15,wick_touch,against_daily,continuation,young,retested_2plus,3438,22.354275741710296,2.283304246655032,1.8536377330617433
M5@M15,wick_touch,against_daily,pullback,fresh,retested_1,294,2.622448979591837,2.3639455782312924,1.4007317958999246
M5@M15,wick_touch,against_daily,pullback,fresh,retested_2plus,474,7.934599156118144,2.1413502109704643,1.6891081754228718
M5@M15,wick_touch,against_daily,pullback,mature,retested_1,6,78.16666666666667,2.8333333333333335,1.2469451531470164
M5@M15,wick_touch,against_daily,pullback,mature,retested_2plus,554,82.05776173285199,2.292418772563177,2.1163334307027286
M5@M15,wick_touch,against_daily,pullback,old,retested_1,12,1306.9166666666667,2.1666666666666665,1.3709661063671295
M5@M15,wick_touch,against_daily,pullback,old,retested_2plus,1099,975.5404913557779,2.2256596906278436,2.40094007183268
M5@M15,wick_touch,against_daily,pullback,young,retested_1,26,27.76923076923077,2.230769230769231,1.5768080610333923
M5@M15,wick_touch,against_daily,pullback,young,retested_2plus,1865,23.873458445040214,2.2525469168900805,2.062732152855083
M5@M15,wick_touch,against_daily,push,fresh,retested_2plus,2,8.0,2.0,1.8269107226570611
M5@M15,wick_touch,against_daily,push,old,retested_1,3,811.6666666666666,2.3333333333333335,1.10204604782972
M5@M15,wick_touch,against_daily,push,old,retested_2plus,60,1123.65,2.3,1.9840930365368472
M5@M15,wick_touch,against_daily,push,young,retested_2plus,5,15.2,1.2,2.0368142856343296
M5@M15,wick_touch,against_daily,reversal,fresh,retested_1,17,3.588235294117647,2.176470588235294,1.520976701019499
M5@M15,wick_touch,against_daily,reversal,fresh,retested_2plus,88,6.363636363636363,2.284090909090909,1.854720736790856
M5@M15,wick_touch,against_daily,reversal,mature,retested_1,2,79.0,3.0,3.026599561975458
M5@M15,wick_touch,against_daily,reversal,mature,retested_2plus,63,79.5079365079365,2.6507936507936507,4.326935379491682
M5@M15,wick_touch,against_daily,reversal,old,retested_2plus,32,484.375,2.65625,2.9446764166768857
M5@M15,wick_touch,against_daily,reversal,young,retested_1,2,29.5,3.0,3.3599445939518437
M5@M15,wick_touch,against_daily,reversal,young,retested_2plus,117,25.478632478632477,1.9401709401709402,3.433123892117863
M5@M15,wick_touch,at_transition,continuation,fresh,retested_1,10,5.7,1.4,2.0217674897318934
M5@M15,wick_touch,at_transition,continuation,fresh,retested_2plus,42,6.333333333333333,1.4761904761904763,2.478306535436941
M5@M15,wick_touch,at_transition,continuation,mature,retested_1,1,196.0,2.0,1.353407290015886
M5@M15,wick_touch,at_transition,continuation,mature,retested_2plus,11,102.63636363636364,1.3636363636363635,3.538700103865078
M5@M15,wick_touch,at_transition,continuation,old,retested_1,2,266.0,1.5,4.344808089945172
M5@M15,wick_touch,at_transition,continuation,old,retested_2plus,22,541.0909090909091,1.5,3.0409069938375923
M5@M15,wick_touch,at_transition,continuation,young,retested_1,9,15.777777777777779,1.6666666666666667,2.505790013877169
M5@M15,wick_touch,at_transition,continuation,young,retested_2plus,62,22.64516129032258,1.5,3.2505581328832807
M5@M15,wick_touch,at_transition,pullback,fresh,retested_2plus,2,7.5,1.5,1.3027777777774898
M5@M15,wick_touch,at_transition,pullback,mature,retested_2plus,5,91.6,1.4,3.303808488584413
M5@M15,wick_touch,at_transition,pullback,old,retested_1,3,548.0,1.0,2.516812845959578
M5@M15,wick_touch,at_transition,pullback,old,retested_2plus,17,449.70588235294116,1.5294117647058822,4.347945864437978
M5@M15,wick_touch,at_transition,pullback,young,retested_1,1,12.0,2.0,1.4843373493974623
M5@M15,wick_touch,at_transition,pullback,young,retested_2plus,24,26.0,1.5416666666666667,3.0000597514568415
M5@M15,wick_touch,at_transition,push,old,retested_2plus,2,371.0,1.5,6.820435260841542
M5@M15,wick_touch,at_transition,reversal,fresh,retested_2plus,2,9.0,1.5,3.0023110824903636
M5@M15,wick_touch,at_transition,reversal,mature,retested_2plus,1,130.0,2.0,2.716889446483367
M5@M15,wick_touch,at_transition,reversal,young,retested_2plus,2,30.5,2.0,3.817716583306577
M5@M15,wick_touch,neutral,continuation,fresh,retested_1,559,3.8300536672629697,1.5044722719141324,1.4161689856878077
M5@M15,wick_touch,neutral,continuation,fresh,retested_2plus,3917,5.51416900689303,1.5067653816696451,1.5163250635550087
M5@M15,wick_touch,neutral,continuation,mature,retested_1,22,100.5,1.5454545454545454,1.4231260337330693
M5@M15,wick_touch,neutral,continuation,mature,retested_2plus,1017,99.03736479842675,1.4395280235988202,2.012495975579734
M5@M15,wick_touch,neutral,continuation,old,retested_1,33,698.5757575757576,1.5151515151515151,1.2818484625379756
M5@M15,wick_touch,neutral,continuation,old,retested_2plus,1235,596.7959514170041,1.491497975708502,2.1068654440276804
M5@M15,wick_touch,neutral,continuation,young,retested_1,95,20.94736842105263,1.3789473684210527,1.5847137312057193
M5@M15,wick_touch,neutral,continuation,young,retested_2plus,2599,22.190842631781454,1.4574836475567525,1.7975957607667599
M5@M15,wick_touch,neutral,pullback,fresh,retested_1,230,2.652173913043478,1.5217391304347827,1.408643313194416
M5@M15,wick_touch,neutral,pullback,fresh,retested_2plus,382,8.06020942408377,1.5523560209424083,1.683204813081329
M5@M15,wick_touch,neutral,pullback,mature,retested_1,7,71.42857142857143,1.2857142857142858,2.418465806809954
M5@M15,wick_touch,neutral,pullback,mature,retested_2plus,618,99.88996763754045,1.3770226537216828,2.1499764718965837
M5@M15,wick_touch,neutral,pullback,old,retested_1,1,623.0,2.0,1.0871899823582518
M5@M15,wick_touch,neutral,pullback,old,retested_2plus,869,590.361334867664,1.475258918296893,2.3799397867802248
M5@M15,wick_touch,neutral,pullback,young,retested_1,8,35.0,1.625,1.2109758013230776
M5@M15,wick_touch,neutral,pullback,young,retested_2plus,1466,23.815825375170533,1.5129604365620737,2.0710619528433445
M5@M15,wick_touch,neutral,push,fresh,retested_1,1,6.0,1.0,1.3023914282673663
M5@M15,wick_touch,neutral,push,fresh,retested_2plus,9,7.555555555555555,1.2222222222222223,1.2268029319936014
M5@M15,wick_touch,neutral,push,mature,retested_2plus,9,141.44444444444446,1.0,1.0507578743270165
M5@M15,wick_touch,neutral,push,old,retested_1,3,444.0,2.0,1.3932929799125289
M5@M15,wick_touch,neutral,push,old,retested_2plus,83,568.6024096385543,1.5662650602409638,1.774678070968308
M5@M15,wick_touch,neutral,push,young,retested_1,2,19.5,0.5,1.4539671312668927
M5@M15,wick_touch,neutral,push,young,retested_2plus,34,18.764705882352942,1.0,1.8965563459829744
M5@M15,wick_touch,neutral,reversal,fresh,retested_1,11,3.3636363636363638,1.1818181818181819,1.6090424994307113
M5@M15,wick_touch,neutral,reversal,fresh,retested_2plus,30,6.566666666666666,0.9666666666666667,1.8465819683747222
M5@M15,wick_touch,neutral,reversal,mature,retested_2plus,29,151.0,1.3103448275862069,3.1176991417114555
M5@M15,wick_touch,neutral,reversal,old,retested_2plus,29,500.6896551724138,1.2413793103448276,2.311629394237221
M5@M15,wick_touch,neutral,reversal,young,retested_1,2,27.0,1.0,2.1150795073240176
M5@M15,wick_touch,neutral,reversal,young,retested_2plus,65,25.26153846153846,1.1692307692307693,2.2251260513239544
M5@M15,wick_touch,with_daily,continuation,fresh,retested_1,732,3.878415300546448,2.2363387978142075,1.4415500854468135
M5@M15,wick_touch,with_daily,continuation,fresh,retested_2plus,5159,5.639271176584609,2.251211475092072,1.5703988080060178
M5@M15,wick_touch,with_daily,continuation,mature,retested_1,38,104.21052631578948,2.210526315789474,1.6205846957154637
M5@M15,wick_touch,with_daily,continuation,mature,retested_2plus,1594,101.05018820577165,2.368883312421581,1.9069187899239581
M5@M15,wick_touch,with_daily,continuation,old,retested_1,32,454.0,2.25,1.4492290123427967
M5@M15,wick_touch,with_daily,continuation,old,retested_2plus,1208,470.6423841059603,2.123344370860927,1.9317943779648843
M5@M15,wick_touch,with_daily,continuation,young,retested_1,105,20.076190476190476,2.3047619047619046,1.4633219488845868
M5@M15,wick_touch,with_daily,continuation,young,retested_2plus,3370,23.149554896142433,2.2991097922848667,1.86096483870952
M5@M15,wick_touch,with_daily,pullback,fresh,retested_1,317,2.6246056782334386,2.2365930599369084,1.442582971240505
M5@M15,wick_touch,with_daily,pullback,fresh,retested_2plus,543,7.985267034990792,2.255985267034991,1.7393027491337656
M5@M15,wick_touch,with_daily,pullback,mature,retested_1,15,103.86666666666666,2.066666666666667,1.466288049979464
M5@M15,wick_touch,with_daily,pullback,mature,retested_2plus,941,96.95324123273113,2.2922422954303934,1.9729484797737196
M5@M15,wick_touch,with_daily,pullback,old,retested_1,10,602.3,2.1,1.2730728184299713
M5@M15,wick_touch,with_daily,pullback,old,retested_2plus,910,478.18901098901097,2.2714285714285714,2.052425733825349
M5@M15,wick_touch,with_daily,pullback,young,retested_1,19,26.210526315789473,2.1052631578947367,1.8109031392045316
M5@M15,wick_touch,with_daily,pullback,young,retested_2plus,2026,24.02665350444225,2.2522211253701876,1.9883666354097125
M5@M15,wick_touch,with_daily,push,fresh,retested_1,1,6.0,1.0,0.6638935108152282
M5@M15,wick_touch,with_daily,push,fresh,retested_2plus,13,6.384615384615385,2.076923076923077,1.3073670658538898
M5@M15,wick_touch,with_daily,push,mature,retested_1,3,103.0,2.3333333333333335,1.4561659595452416
M5@M15,wick_touch,with_daily,push,mature,retested_2plus,124,95.16935483870968,2.3548387096774195,1.9352402342200916
M5@M15,wick_touch,with_daily,push,old,retested_1,5,319.2,2.4,1.811850872554512
M5@M15,wick_touch,with_daily,push,old,retested_2plus,72,413.75,2.7083333333333335,2.9872654425885767
M5@M15,wick_touch,with_daily,push,young,retested_1,4,16.5,2.25,1.6353142968930223
M5@M15,wick_touch,with_daily,push,young,retested_2plus,63,26.761904761904763,2.7301587301587302,1.5677019888400296
M5@M15,wick_touch,with_daily,reversal,fresh,retested_1,2,6.5,2.0,2.344674513223139
M5@M15,wick_touch,with_daily,reversal,fresh,retested_2plus,7,4.857142857142857,1.7142857142857142,1.4173767608538361
M5@M15,wick_touch,with_daily,reversal,mature,retested_2plus,5,162.4,1.0,1.3314619457865657
M5@M15,wick_touch,with_daily,reversal,old,retested_2plus,6,449.0,2.0,1.5437075663632103
M5@M15,wick_touch,with_daily,reversal,young,retested_2plus,9,20.88888888888889,3.0,2.8371380393066845
