tf_pair,touch_type,bias_alignment,zone_role,age_bucket,test_count_cls,count,avg_zone_age,avg_bias_strength,avg_price_distance_at_touch
H1@D1,body_close,against_daily,continuation,fresh,retested_1,7,7.285714285714286,1.2857142857142858,2.2640444611536514
H1@D1,body_close,against_daily,continuation,fresh,retested_2plus,6031,6.934339247222683,1.70038136295805,1.7189583431552649
H1@D1,body_close,against_daily,continuation,mature,retested_1,4,77.75,2.25,1.8233736013125752
H1@D1,body_close,against_daily,continuation,mature,retested_2plus,2504,87.56908945686901,2.4077476038338657,2.1842603263317097
H1@D1,body_close,against_daily,continuation,old,retested_1,2,760.0,3.0,1.9545241117907914
H1@D1,body_close,against_daily,continuation,old,retested_2plus,2817,422.25346112886047,2.3979410720624776,2.74579612035633
H1@D1,body_close,against_daily,continuation,young,retested_1,12,23.916666666666668,2.5,1.7709692356055404
H1@D1,body_close,against_daily,continuation,young,retested_2plus,7733,24.427389111599638,2.275313591103065,1.9648967740757888
H1@D1,body_close,against_daily,pullback,fresh,retested_2plus,221,8.950226244343892,1.7013574660633484,2.172093078910185
H1@D1,body_close,against_daily,pullback,mature,retested_1,2,95.0,3.0,2.6333696624814777
H1@D1,body_close,against_daily,pullback,mature,retested_2plus,951,84.1882229232387,2.480546792849632,2.3319038459538945
H1@D1,body_close,against_daily,pullback,old,retested_1,1,247.0,3.0,0.30781701200668093
H1@D1,body_close,against_daily,pullback,old,retested_2plus,1461,444.1587953456537,2.3661875427789187,3.490757367074897
H1@D1,body_close,against_daily,pullback,young,retested_1,1,20.0,1.0,1.5217834766137308
H1@D1,body_close,against_daily,pullback,young,retested_2plus,2170,26.582027649769586,2.0963133640552996,2.4718535441117027
H1@D1,body_close,against_daily,push,fresh,retested_2plus,3,9.333333333333334,1.6666666666666667,1.0364922917228085
H1@D1,body_close,against_daily,push,mature,retested_1,3,119.0,3.0,0.24541258805244479
H1@D1,body_close,against_daily,push,mature,retested_2plus,91,107.65934065934066,2.1648351648351647,1.133634592052131
H1@D1,body_close,against_daily,push,old,retested_2plus,78,597.974358974359,2.7435897435897436,0.7289233260385076
H1@D1,body_close,against_daily,push,young,retested_1,2,27.5,3.0,0.8704022749839554
H1@D1,body_close,against_daily,push,young,retested_2plus,58,20.637931034482758,2.293103448275862,0.6338246885721305
H1@D1,body_close,against_daily,reversal,fresh,retested_1,1,7.0,3.0,0.04973418790678618
H1@D1,body_close,against_daily,reversal,fresh,retested_2plus,353,7.546742209631728,1.8753541076487252,2.783682108304245
H1@D1,body_close,against_daily,reversal,mature,retested_1,1,52.0,1.0,3.92611595344072
H1@D1,body_close,against_daily,reversal,mature,retested_2plus,1042,82.6401151631478,2.4155470249520152,6.590623972851726
H1@D1,body_close,against_daily,reversal,old,retested_2plus,286,1125.4895104895104,2.797202797202797,2.71334095348785
H1@D1,body_close,against_daily,reversal,young,retested_1,2,17.0,3.0,2.189707747007429
H1@D1,body_close,against_daily,reversal,young,retested_2plus,1347,25.378619153674833,2.397178916109874,3.852994997557152
H1@D1,body_close,at_transition,continuation,fresh,retested_1,126,3.9285714285714284,1.4365079365079365,1.3894048047927885
H1@D1,body_close,at_transition,continuation,fresh,retested_2plus,531,6.704331450094162,1.4011299435028248,1.4590586686082938
H1@D1,body_close,at_transition,continuation,mature,retested_2plus,176,98.30681818181819,1.4090909090909092,1.5983965430724445
H1@D1,body_close,at_transition,continuation,old,retested_2plus,153,376.1830065359477,1.477124183006536,2.7655948169772144
H1@D1,body_close,at_transition,continuation,young,retested_1,1,19.0,1.0,0.10904061726597872
H1@D1,body_close,at_transition,continuation,young,retested_2plus,534,24.172284644194757,1.4400749063670413,1.698508985960606
H1@D1,body_close,at_transition,pullback,fresh,retested_1,110,3.581818181818182,1.3363636363636364,1.6185768338494755
H1@D1,body_close,at_transition,pullback,fresh,retested_2plus,18,9.222222222222221,1.3333333333333333,1.615832924742644
H1@D1,body_close,at_transition,pullback,mature,retested_2plus,82,117.70731707317073,1.3902439024390243,1.4594813143302665
H1@D1,body_close,at_transition,pullback,old,retested_2plus,75,387.96,1.5466666666666666,3.38773415279087
H1@D1,body_close,at_transition,pullback,young,retested_1,1,27.0,1.0,0.3464913650416896
H1@D1,body_close,at_transition,pullback,young,retested_2plus,194,24.75257731958763,1.4175257731958764,1.9498258951120024
H1@D1,body_close,at_transition,push,fresh,retested_1,1,6.0,1.0,0.13319901499888087
H1@D1,body_close,at_transition,push,fresh,retested_2plus,7,8.571428571428571,1.1428571428571428,0.7375610456047937
H1@D1,body_close,at_transition,push,mature,retested_1,1,145.0,1.0,0.18901763224181276
H1@D1,body_close,at_transition,push,mature,retested_2plus,4,126.75,1.75,0.6867546576306366
H1@D1,body_close,at_transition,push,old,retested_2plus,1,258.0,2.0,0.5021036428937782
H1@D1,body_close,at_transition,push,young,retested_2plus,12,23.916666666666668,1.5,0.4302204981261218
H1@D1,body_close,at_transition,reversal,fresh,retested_1,20,4.05,1.3,1.4389972413493408
H1@D1,body_close,at_transition,reversal,fresh,retested_2plus,54,6.962962962962963,1.4074074074074074,2.1808260283250847
H1@D1,body_close,at_transition,reversal,mature,retested_2plus,59,90.50847457627118,1.4745762711864407,6.794024598364334
H1@D1,body_close,at_transition,reversal,old,retested_2plus,13,611.9230769230769,1.6923076923076923,2.215989239504667
H1@D1,body_close,at_transition,reversal,young,retested_2plus,105,25.2,1.5904761904761904,3.8838302619132454
H1@D1,body_close,neutral,continuation,fresh,retested_1,14,5.357142857142857,1.4285714285714286,1.8060229033524753
H1@D1,body_close,neutral,continuation,fresh,retested_2plus,4709,5.8974304523253345,1.4257804204714377,1.8012883185486877
H1@D1,body_close,neutral,continuation,mature,retested_1,1,126.0,1.0,2.8677058686572896
H1@D1,body_close,neutral,continuation,mature,retested_2plus,704,87.0,1.5113636363636365,2.706697549192593
H1@D1,body_close,neutral,continuation,old,retested_1,3,418.6666666666667,1.0,1.4774771839933838
H1@D1,body_close,neutral,continuation,old,retested_2plus,1139,399.900790166813,1.4258121158911325,3.5656804183729975
H1@D1,body_close,neutral,continuation,young,retested_1,7,24.142857142857142,1.2857142857142858,1.6311553428656993
H1@D1,body_close,neutral,continuation,young,retested_2plus,3542,24.4025974025974,1.4350649350649352,2.2354468686671725
H1@D1,body_close,neutral,pullback,fresh,retested_1,2,5.0,2.0,1.0499837321717664
H1@D1,body_close,neutral,pullback,fresh,retested_2plus,185,9.124324324324323,1.4432432432432432,1.754682504327804
H1@D1,body_close,neutral,pullback,mature,retested_1,1,85.0,2.0,1.084428514536049
H1@D1,body_close,neutral,pullback,mature,retested_2plus,259,79.54826254826254,1.305019305019305,2.387089977547531
H1@D1,body_close,neutral,pullback,old,retested_2plus,517,420.5377176015474,1.4390715667311411,5.123669276195512
H1@D1,body_close,neutral,pullback,young,retested_2plus,1288,23.356366459627328,1.4448757763975155,2.682331445289956
H1@D1,body_close,neutral,push,fresh,retested_2plus,39,9.076923076923077,1.3076923076923077,1.6309076004033425
H1@D1,body_close,neutral,push,mature,retested_2plus,10,133.0,2.0,1.6006834707394575
H1@D1,body_close,neutral,push,old,retested_2plus,1,258.0,2.0,0.8321476440870047
H1@D1,body_close,neutral,push,young,retested_2plus,52,19.173076923076923,1.6538461538461537,0.9280458397889997
H1@D1,body_close,neutral,reversal,fresh,retested_2plus,487,6.386036960985626,1.375770020533881,3.5410797571163775
H1@D1,body_close,neutral,reversal,mature,retested_2plus,433,92.19630484988453,1.5219399538106235,9.674068140750645
H1@D1,body_close,neutral,reversal,old,retested_2plus,34,998.8235294117648,2.0,5.355923524316179
H1@D1,body_close,neutral,reversal,young,retested_1,1,13.0,1.0,10.854593650998998
H1@D1,body_close,neutral,reversal,young,retested_2plus,837,26.789725209080046,1.4599761051373954,5.706363733305452
H1@D1,body_close,with_daily,continuation,fresh,retested_1,97,4.22680412371134,2.268041237113402,1.8390922857796275
H1@D1,body_close,with_daily,continuation,fresh,retested_2plus,6479,4.648248186448526,1.952770489273036,1.920837969670694
H1@D1,body_close,with_daily,continuation,mature,retested_2plus,602,88.91694352159469,1.6877076411960132,2.782443862674451
H1@D1,body_close,with_daily,continuation,old,retested_2plus,759,398.2529644268775,1.766798418972332,4.857050383144307
H1@D1,body_close,with_daily,continuation,young,retested_1,1,17.0,2.0,2.3117117117117174
H1@D1,body_close,with_daily,continuation,young,retested_2plus,2199,23.713960891314233,1.6771259663483402,2.5461478165251763
H1@D1,body_close,with_daily,pullback,fresh,retested_1,19,4.157894736842105,3.0,2.0662575855934024
H1@D1,body_close,with_daily,pullback,fresh,retested_2plus,497,8.10261569416499,1.7344064386317908,2.479002632167075
H1@D1,body_close,with_daily,pullback,mature,retested_2plus,287,82.14982578397212,1.9581881533101044,3.1404514967629242
H1@D1,body_close,with_daily,pullback,old,retested_2plus,447,438.85682326621924,1.7427293064876956,4.848767820483275
H1@D1,body_close,with_daily,pullback,young,retested_2plus,1403,22.514611546685675,1.9030648610121168,3.0788153348738514
H1@D1,body_close,with_daily,push,mature,retested_2plus,14,136.0,2.0,1.4288764665759535
H1@D1,body_close,with_daily,push,young,retested_1,1,32.0,1.0,0.49646162221012047
H1@D1,body_close,with_daily,push,young,retested_2plus,27,23.074074074074073,2.111111111111111,0.46349887775243537
H1@D1,body_close,with_daily,reversal,fresh,retested_1,9,4.222222222222222,1.8888888888888888,3.6530483892693013
H1@D1,body_close,with_daily,reversal,fresh,retested_2plus,374,5.1310160427807485,1.9251336898395721,3.0395274305212903
H1@D1,body_close,with_daily,reversal,mature,retested_2plus,427,77.5480093676815,2.0,9.229837224314789
H1@D1,body_close,with_daily,reversal,old,retested_2plus,59,1082.8135593220338,1.4067796610169492,4.444362359188241
H1@D1,body_close,with_daily,reversal,young,retested_2plus,544,27.316176470588236,1.8988970588235294,5.888144143643874
H1@D1,break_through,at_transition,continuation,fresh,first_touch,5,3.8,1.2,1.429565717375035
H1@D1,break_through,at_transition,pullback,fresh,first_touch,5,4.8,1.2,1.074019683557017
H1@D1,break_through,at_transition,reversal,fresh,first_touch,1,6.0,1.0,0.7718891635764271
H1@D1,break_through,with_daily,continuation,fresh,first_touch,1,3.0,3.0,1.0818296076847076
H1@D1,break_through,with_daily,reversal,fresh,first_touch,1,5.0,3.0,2.232566697332121
H1@D1,near_miss,against_daily,continuation,fresh,first_touch,23,6.304347826086956,1.173913043478261,3.799163561233458
H1@D1,near_miss,against_daily,continuation,fresh,retested_1,11,6.7272727272727275,1.5454545454545454,3.9552609036467015
H1@D1,near_miss,against_daily,continuation,fresh,retested_2plus,445,7.498876404494382,1.7820224719101123,3.9171367530289194
H1@D1,near_miss,against_daily,continuation,mature,first_touch,12,92.58333333333333,2.4166666666666665,2.5355324262086985
H1@D1,near_miss,against_daily,continuation,mature,retested_1,5,65.6,2.4,3.3464440392308545
H1@D1,near_miss,against_daily,continuation,mature,retested_2plus,288,89.39583333333333,2.3402777777777777,4.347855920239942
H1@D1,near_miss,against_daily,continuation,old,first_touch,2,523.0,3.0,3.016386773691507
H1@D1,near_miss,against_daily,continuation,old,retested_2plus,279,472.8781362007168,2.315412186379928,4.651618749938127
H1@D1,near_miss,against_daily,continuation,young,first_touch,33,22.060606060606062,2.515151515151515,3.797917478833109
H1@D1,near_miss,against_daily,continuation,young,retested_1,5,26.2,3.0,3.5364064148451817
H1@D1,near_miss,against_daily,continuation,young,retested_2plus,835,24.4874251497006,2.250299401197605,4.374711763334919
H1@D1,near_miss,against_daily,pullback,fresh,retested_2plus,9,8.666666666666666,1.0,4.099406160533892
H1@D1,near_miss,against_daily,pullback,mature,first_touch,6,92.0,2.3333333333333335,1.378530895782904
H1@D1,near_miss,against_daily,pullback,mature,retested_2plus,201,106.07960199004975,2.462686567164179,4.520114613340205
H1@D1,near_miss,against_daily,pullback,old,retested_2plus,163,467.7484662576687,2.2515337423312882,5.414925160710488
H1@D1,near_miss,against_daily,pullback,young,first_touch,2,22.0,1.5,4.242981768984717
H1@D1,near_miss,against_daily,pullback,young,retested_1,1,38.0,2.0,3.3323175893008075
H1@D1,near_miss,against_daily,pullback,young,retested_2plus,337,27.875370919881306,2.059347181008902,4.70999424862781
H1@D1,near_miss,against_daily,push,fresh,retested_2plus,11,7.909090909090909,1.0,2.5353380930183436
H1@D1,near_miss,against_daily,push,mature,retested_2plus,8,107.875,2.5,2.8905685278350637
H1@D1,near_miss,against_daily,push,old,retested_2plus,13,528.8461538461538,2.8461538461538463,2.4907941225807027
H1@D1,near_miss,against_daily,push,young,first_touch,12,19.666666666666668,2.0833333333333335,2.809747584833491
H1@D1,near_miss,against_daily,push,young,retested_1,2,16.0,1.5,1.2931688659098715
H1@D1,near_miss,against_daily,push,young,retested_2plus,23,19.0,1.9565217391304348,1.894315533063884
H1@D1,near_miss,against_daily,reversal,fresh,first_touch,7,6.571428571428571,1.0,5.504306312897041
H1@D1,near_miss,against_daily,reversal,fresh,retested_2plus,29,8.448275862068966,2.0344827586206895,4.308980213714991
H1@D1,near_miss,against_daily,reversal,mature,retested_2plus,40,79.2,2.35,12.539516145141128
H1@D1,near_miss,against_daily,reversal,old,retested_2plus,35,1143.7714285714285,2.4285714285714284,5.8176212546783495
H1@D1,near_miss,against_daily,reversal,young,first_touch,4,25.75,2.0,5.655307259245681
H1@D1,near_miss,against_daily,reversal,young,retested_1,2,24.0,3.0,4.916700257186205
H1@D1,near_miss,against_daily,reversal,young,retested_2plus,86,29.441860465116278,2.1744186046511627,5.049941487762656
H1@D1,near_miss,at_transition,continuation,fresh,first_touch,26,4.153846153846154,1.4615384615384615,2.5371612611457417
H1@D1,near_miss,at_transition,continuation,fresh,retested_1,10,7.4,1.7,1.8042126128193403
H1@D1,near_miss,at_transition,continuation,fresh,retested_2plus,60,7.116666666666666,1.4,3.1436537184464064
H1@D1,near_miss,at_transition,continuation,mature,first_touch,1,119.0,2.0,0.8132177950992839
H1@D1,near_miss,at_transition,continuation,mature,retested_1,4,85.5,1.5,1.2716620933383829
H1@D1,near_miss,at_transition,continuation,mature,retested_2plus,30,95.1,1.5666666666666667,3.7204312338434815
H1@D1,near_miss,at_transition,continuation,old,retested_2plus,20,495.55,1.3,4.76259976071987
H1@D1,near_miss,at_transition,continuation,young,first_touch,6,26.5,1.3333333333333333,1.8322438428848031
H1@D1,near_miss,at_transition,continuation,young,retested_1,6,18.0,1.3333333333333333,1.8366291723726729
H1@D1,near_miss,at_transition,continuation,young,retested_2plus,83,24.457831325301203,1.4698795180722892,2.7649859581520158
H1@D1,near_miss,at_transition,pullback,fresh,first_touch,29,3.8275862068965516,1.3448275862068966,2.948180745402655
H1@D1,near_miss,at_transition,pullback,fresh,retested_2plus,3,9.333333333333334,1.3333333333333333,2.9916258333691466
H1@D1,near_miss,at_transition,pullback,mature,first_touch,1,166.0,2.0,1.082008425057752
H1@D1,near_miss,at_transition,pullback,mature,retested_2plus,18,116.94444444444444,1.3333333333333333,2.987496008094652
H1@D1,near_miss,at_transition,pullback,old,retested_2plus,18,394.77777777777777,1.4444444444444444,5.731437117355695
H1@D1,near_miss,at_transition,pullback,young,retested_2plus,51,28.647058823529413,1.4901960784313726,2.7886178158447468
H1@D1,near_miss,at_transition,push,fresh,retested_2plus,2,8.5,1.5,2.1774291820965868
H1@D1,near_miss,at_transition,push,mature,first_touch,3,101.0,2.0,1.0254467184119984
H1@D1,near_miss,at_transition,push,mature,retested_2plus,1,76.0,2.0,0.5239311104435702
H1@D1,near_miss,at_transition,push,old,retested_2plus,1,235.0,1.0,2.352530147638905
H1@D1,near_miss,at_transition,push,young,retested_1,1,26.0,1.0,1.8353174603174578
H1@D1,near_miss,at_transition,push,young,retested_2plus,7,33.0,1.4285714285714286,1.4425897585332839
H1@D1,near_miss,at_transition,reversal,fresh,first_touch,8,3.625,1.5,2.9561382251427433
H1@D1,near_miss,at_transition,reversal,fresh,retested_1,1,6.0,2.0,2.1563822927471965
H1@D1,near_miss,at_transition,reversal,fresh,retested_2plus,4,5.75,1.5,3.5137396436555246
H1@D1,near_miss,at_transition,reversal,mature,retested_2plus,8,94.125,1.625,7.604760936591449
H1@D1,near_miss,at_transition,reversal,old,retested_2plus,3,236.0,1.6666666666666667,1.6308655628743607
H1@D1,near_miss,at_transition,reversal,young,first_touch,1,23.0,1.0,1.9048964218455766
H1@D1,near_miss,at_transition,reversal,young,retested_2plus,16,27.6875,1.4375,3.7125338666465257
H1@D1,near_miss,neutral,continuation,fresh,first_touch,51,5.352941176470588,1.392156862745098,3.168409319551734
H1@D1,near_miss,neutral,continuation,fresh,retested_1,26,4.961538461538462,1.2692307692307692,3.3207247908193724
H1@D1,near_miss,neutral,continuation,fresh,retested_2plus,486,6.407407407407407,1.448559670781893,4.048915158859283
H1@D1,near_miss,neutral,continuation,mature,retested_2plus,121,92.08264462809917,1.5041322314049588,5.293322097125134
H1@D1,near_miss,neutral,continuation,old,first_touch,3,498.6666666666667,1.0,3.336847944373531
H1@D1,near_miss,neutral,continuation,old,retested_2plus,139,479.6906474820144,1.3597122302158273,5.377381617181037
H1@D1,near_miss,neutral,continuation,young,first_touch,11,24.272727272727273,1.3636363636363635,2.7572257699783056
H1@D1,near_miss,neutral,continuation,young,retested_1,22,21.09090909090909,1.3181818181818181,3.5584773920310067
H1@D1,near_miss,neutral,continuation,young,retested_2plus,496,23.47983870967742,1.5141129032258065,4.303952898108999
H1@D1,near_miss,neutral,pullback,fresh,first_touch,2,3.0,2.0,3.157213852242683
H1@D1,near_miss,neutral,pullback,fresh,retested_2plus,15,9.066666666666666,1.4,3.903984542938891
H1@D1,near_miss,neutral,pullback,mature,retested_2plus,103,92.86407766990291,1.3398058252427185,6.237726545311963
H1@D1,near_miss,neutral,pullback,old,retested_2plus,104,435.5192307692308,1.375,7.847704665583377
H1@D1,near_miss,neutral,pullback,young,retested_2plus,294,24.95578231292517,1.4421768707482994,4.748180887575557
H1@D1,near_miss,neutral,push,fresh,retested_2plus,9,8.333333333333334,1.0,3.67813975427274
H1@D1,near_miss,neutral,push,mature,retested_2plus,5,133.0,2.0,2.8637529313666157
H1@D1,near_miss,neutral,push,old,retested_2plus,2,235.0,1.0,2.571516233903197
H1@D1,near_miss,neutral,push,young,retested_1,2,26.0,1.0,1.8696390691248412
H1@D1,near_miss,neutral,push,young,retested_2plus,19,18.210526315789473,1.3157894736842106,3.1448149705430657
H1@D1,near_miss,neutral,reversal,fresh,first_touch,1,6.0,2.0,1.0519574237777296
H1@D1,near_miss,neutral,reversal,fresh,retested_2plus,47,6.680851063829787,1.425531914893617,6.015693076131911
H1@D1,near_miss,neutral,reversal,mature,retested_2plus,19,78.94736842105263,1.5263157894736843,12.174634372941448
H1@D1,near_miss,neutral,reversal,old,retested_2plus,1,1012.0,2.0,8.377626144729735
H1@D1,near_miss,neutral,reversal,young,first_touch,1,13.0,1.0,12.053106779943443
H1@D1,near_miss,neutral,reversal,young,retested_2plus,57,23.087719298245613,1.4210526315789473,5.722759590378483
H1@D1,near_miss,with_daily,continuation,fresh,first_touch,281,3.434163701067616,1.7437722419928825,3.498244068512529
H1@D1,near_miss,with_daily,continuation,fresh,retested_1,94,3.351063829787234,1.7127659574468086,3.701690388827564
H1@D1,near_miss,with_daily,continuation,fresh,retested_2plus,820,5.154878048780488,2.202439024390244,3.949262124138839
H1@D1,near_miss,with_daily,continuation,mature,retested_2plus,132,86.9469696969697,1.7803030303030303,4.417810046776245
H1@D1,near_miss,with_daily,continuation,old,retested_2plus,127,470.62204724409446,2.2913385826771653,7.08642516626001
H1@D1,near_miss,with_daily,continuation,young,first_touch,4,25.75,1.5,3.3588000943825076
H1@D1,near_miss,with_daily,continuation,young,retested_1,1,11.0,1.0,4.553605566942462
H1@D1,near_miss,with_daily,continuation,young,retested_2plus,389,23.367609254498714,1.8303341902313626,4.636370302812521
H1@D1,near_miss,with_daily,pullback,fresh,first_touch,2,4.0,3.0,2.571100292267441
H1@D1,near_miss,with_daily,pullback,fresh,retested_2plus,91,7.758241758241758,1.6923076923076923,4.916730631024707
H1@D1,near_miss,with_daily,pullback,mature,retested_2plus,79,82.29113924050633,2.0126582278481013,7.022860934567661
H1@D1,near_miss,with_daily,pullback,old,retested_2plus,72,457.9166666666667,2.0416666666666665,6.317035255171339
H1@D1,near_miss,with_daily,pullback,young,retested_2plus,285,23.487719298245615,2.0807017543859647,4.705603278909338
H1@D1,near_miss,with_daily,push,mature,retested_2plus,1,148.0,2.0,2.4795974182255893
H1@D1,near_miss,with_daily,push,young,first_touch,3,20.666666666666668,1.6666666666666667,1.9580820249615536
H1@D1,near_miss,with_daily,push,young,retested_2plus,6,21.5,2.1666666666666665,1.918225988998979
H1@D1,near_miss,with_daily,reversal,fresh,first_touch,11,4.454545454545454,2.272727272727273,3.7146171070998664
H1@D1,near_miss,with_daily,reversal,fresh,retested_2plus,38,5.184210526315789,1.5526315789473684,4.974807947302498
H1@D1,near_miss,with_daily,reversal,mature,retested_2plus,40,74.85,2.0,13.141814001399613
H1@D1,near_miss,with_daily,reversal,old,retested_2plus,7,1001.7142857142857,1.5714285714285714,6.82317569477393
H1@D1,near_miss,with_daily,reversal,young,retested_2plus,67,29.19402985074627,1.791044776119403,6.4433904486255695
H1@D1,wick_touch,against_daily,continuation,fresh,retested_1,12,6.916666666666667,1.5,3.3717032933464814
H1@D1,wick_touch,against_daily,continuation,fresh,retested_2plus,483,7.364389233954451,1.7287784679089027,3.7592831807824685
H1@D1,wick_touch,against_daily,continuation,mature,retested_1,8,112.125,2.25,4.194850652621737
H1@D1,wick_touch,against_daily,continuation,mature,retested_2plus,287,88.4390243902439,2.397212543554007,4.224134111705028
H1@D1,wick_touch,against_daily,continuation,old,retested_1,2,255.5,3.0,2.7225923112694828
H1@D1,wick_touch,against_daily,continuation,old,retested_2plus,262,492.1145038167939,2.3625954198473282,4.7210718225614
H1@D1,wick_touch,against_daily,continuation,young,retested_1,20,26.05,2.6,3.5859339488382327
H1@D1,wick_touch,against_daily,continuation,young,retested_2plus,873,24.414662084765176,2.290950744558992,4.0397138865026285
H1@D1,wick_touch,against_daily,pullback,fresh,retested_2plus,10,8.6,1.4,4.257752212041003
H1@D1,wick_touch,against_daily,pullback,mature,retested_1,2,93.5,3.0,1.2656653003157445
H1@D1,wick_touch,against_daily,pullback,mature,retested_2plus,142,95.38028169014085,2.3309859154929575,4.468589361451179
H1@D1,wick_touch,against_daily,pullback,old,retested_2plus,162,478.8703703703704,2.4135802469135803,5.271600950942971
H1@D1,wick_touch,against_daily,pullback,young,retested_1,1,49.0,3.0,3.0421753331895407
H1@D1,wick_touch,against_daily,pullback,young,retested_2plus,347,26.613832853025936,2.1729106628242074,4.601873588155565
H1@D1,wick_touch,against_daily,push,fresh,retested_2plus,2,9.0,1.0,2.686420482560482
H1@D1,wick_touch,against_daily,push,mature,retested_1,1,131.0,1.0,1.5573298115019942
H1@D1,wick_touch,against_daily,push,mature,retested_2plus,17,114.58823529411765,2.2941176470588234,2.4910613435743834
H1@D1,wick_touch,against_daily,push,old,retested_2plus,21,770.1428571428571,2.6666666666666665,1.9716036735398776
H1@D1,wick_touch,against_daily,push,young,retested_1,3,18.333333333333332,2.0,1.612293841303707
H1@D1,wick_touch,against_daily,push,young,retested_2plus,31,22.161290322580644,1.935483870967742,1.6686792648640552
H1@D1,wick_touch,against_daily,reversal,fresh,retested_1,1,10.0,1.0,3.1041269815829517
H1@D1,wick_touch,against_daily,reversal,fresh,retested_2plus,40,7.675,1.975,4.9126403419630895
H1@D1,wick_touch,against_daily,reversal,mature,retested_2plus,29,71.24137931034483,2.2758620689655173,10.467571739972762
H1@D1,wick_touch,against_daily,reversal,old,retested_2plus,45,1031.9555555555555,2.6666666666666665,6.781909776089318
H1@D1,wick_touch,against_daily,reversal,young,retested_1,2,26.0,2.0,4.932397426734035
H1@D1,wick_touch,against_daily,reversal,young,retested_2plus,95,24.473684210526315,2.4210526315789473,4.333127605808925
H1@D1,wick_touch,at_transition,continuation,fresh,retested_1,27,4.555555555555555,1.2592592592592593,1.851308179856764
H1@D1,wick_touch,at_transition,continuation,fresh,retested_2plus,92,7.173913043478261,1.4130434782608696,2.290362349115705
H1@D1,wick_touch,at_transition,continuation,mature,retested_1,2,85.0,1.0,0.9266003852036104
H1@D1,wick_touch,at_transition,continuation,mature,retested_2plus,20,104.5,1.5,1.9196937749582605
H1@D1,wick_touch,at_transition,continuation,old,retested_2plus,9,498.8888888888889,1.4444444444444444,3.7129929335904794
H1@D1,wick_touch,at_transition,continuation,young,retested_1,2,17.5,1.0,0.9664095739737568
H1@D1,wick_touch,at_transition,continuation,young,retested_2plus,87,21.114942528735632,1.4022988505747127,2.415860310158543
H1@D1,wick_touch,at_transition,pullback,fresh,retested_1,20,3.7,1.4,2.180761730680864
H1@D1,wick_touch,at_transition,pullback,fresh,retested_2plus,3,8.666666666666666,1.3333333333333333,2.8671896687645266
H1@D1,wick_touch,at_transition,pullback,mature,retested_1,2,99.0,1.5,0.7965817282626761
H1@D1,wick_touch,at_transition,pullback,mature,retested_2plus,15,102.46666666666667,1.4,1.876555648923298
H1@D1,wick_touch,at_transition,pullback,old,retested_2plus,13,341.38461538461536,1.8461538461538463,3.67421019214743
H1@D1,wick_touch,at_transition,pullback,young,retested_2plus,32,33.34375,1.3125,2.7090480577359357
H1@D1,wick_touch,at_transition,push,fresh,retested_2plus,4,7.75,1.5,0.9189305177568367
H1@D1,wick_touch,at_transition,push,mature,retested_2plus,1,91.0,1.0,0.32967453733247387
H1@D1,wick_touch,at_transition,push,young,retested_2plus,15,24.933333333333334,1.4,0.7935172647393072
H1@D1,wick_touch,at_transition,reversal,fresh,retested_1,2,6.5,1.0,1.1098432163643224
H1@D1,wick_touch,at_transition,reversal,fresh,retested_2plus,9,8.11111111111111,1.2222222222222223,3.7207410478356815
H1@D1,wick_touch,at_transition,reversal,mature,retested_2plus,6,91.16666666666667,1.6666666666666667,1.2499497646241906
H1@D1,wick_touch,at_transition,reversal,old,retested_2plus,4,431.5,1.5,2.1490266970112426
H1@D1,wick_touch,at_transition,reversal,young,retested_1,2,23.5,1.5,1.0656424332393697
H1@D1,wick_touch,at_transition,reversal,young,retested_2plus,14,23.142857142857142,1.5714285714285714,2.127365954779924
H1@D1,wick_touch,neutral,continuation,fresh,retested_1,22,4.818181818181818,1.3636363636363635,3.250760621442319
H1@D1,wick_touch,neutral,continuation,fresh,retested_2plus,577,6.084922010398613,1.4714038128249567,3.856485528887192
H1@D1,wick_touch,neutral,continuation,mature,retested_2plus,90,85.07777777777778,1.488888888888889,4.421769615448475
H1@D1,wick_touch,neutral,continuation,old,retested_2plus,105,463.5904761904762,1.3428571428571427,5.079754763543208
H1@D1,wick_touch,neutral,continuation,young,retested_1,9,21.333333333333332,1.1111111111111112,2.6378715083287094
H1@D1,wick_touch,neutral,continuation,young,retested_2plus,482,23.804979253112034,1.4647302904564314,4.255848930298245
H1@D1,wick_touch,neutral,pullback,fresh,retested_2plus,34,9.117647058823529,1.411764705882353,4.19926759125066
H1@D1,wick_touch,neutral,pullback,mature,retested_2plus,75,84.09333333333333,1.4533333333333334,5.35749871501566
H1@D1,wick_touch,neutral,pullback,old,retested_2plus,93,445.0430107526882,1.3225806451612903,6.365954908313227
H1@D1,wick_touch,neutral,pullback,young,retested_2plus,215,25.367441860465117,1.4511627906976745,4.762141705520983
H1@D1,wick_touch,neutral,push,fresh,retested_2plus,17,8.823529411764707,1.0588235294117647,3.330914484796439
H1@D1,wick_touch,neutral,push,mature,retested_2plus,3,133.0,2.0,2.8511719470817347
H1@D1,wick_touch,neutral,push,young,retested_2plus,15,18.266666666666666,1.4666666666666666,2.7599505762808696
H1@D1,wick_touch,neutral,reversal,fresh,retested_2plus,32,6.6875,1.21875,5.52629873756514
H1@D1,wick_touch,neutral,reversal,mature,retested_2plus,31,83.61290322580645,1.6451612903225807,13.8348503962954
H1@D1,wick_touch,neutral,reversal,old,retested_2plus,2,1012.0,2.0,10.228931702324303
H1@D1,wick_touch,neutral,reversal,young,retested_2plus,64,23.953125,1.53125,6.023070505443651
H1@D1,wick_touch,with_daily,continuation,fresh,retested_1,114,3.9035087719298245,1.9824561403508771,3.295979668467722
H1@D1,wick_touch,with_daily,continuation,fresh,retested_2plus,1069,4.749298409728718,2.0692235734331152,3.644742252480412
H1@D1,wick_touch,with_daily,continuation,mature,retested_1,1,119.0,2.0,2.8381162619572633
H1@D1,wick_touch,with_daily,continuation,mature,retested_2plus,113,78.39823008849558,1.831858407079646,4.525828396225087
H1@D1,wick_touch,with_daily,continuation,old,retested_2plus,110,463.45454545454544,2.1,6.7564148312851575
H1@D1,wick_touch,with_daily,continuation,young,retested_1,4,27.5,2.0,1.4348116498191246
H1@D1,wick_touch,with_daily,continuation,young,retested_2plus,355,22.95492957746479,1.791549295774648,4.436264683194358
H1@D1,wick_touch,with_daily,pullback,fresh,retested_1,5,4.8,3.0,3.896365555100818
H1@D1,wick_touch,with_daily,pullback,fresh,retested_2plus,93,8.064516129032258,1.7849462365591398,4.333830108956627
H1@D1,wick_touch,with_daily,pullback,mature,retested_2plus,48,86.29166666666667,2.2291666666666665,7.436314812701025
H1@D1,wick_touch,with_daily,pullback,old,retested_2plus,66,475.1666666666667,1.9090909090909092,7.059179686836259
H1@D1,wick_touch,with_daily,pullback,young,retested_2plus,275,23.625454545454545,1.8981818181818182,4.898950334864593
H1@D1,wick_touch,with_daily,push,mature,retested_2plus,2,141.0,2.0,2.2359159417918706
H1@D1,wick_touch,with_daily,push,young,retested_1,1,16.0,1.0,0.5514651744956635
H1@D1,wick_touch,with_daily,push,young,retested_2plus,9,19.22222222222222,2.0,1.3875889656495166
H1@D1,wick_touch,with_daily,reversal,fresh,retested_1,6,4.0,2.3333333333333335,3.480977933121087
H1@D1,wick_touch,with_daily,reversal,fresh,retested_2plus,51,5.137254901960785,1.7450980392156863,5.839328199301423
H1@D1,wick_touch,with_daily,reversal,mature,retested_2plus,28,74.57142857142857,1.7142857142857142,12.601253074936563
H1@D1,wick_touch,with_daily,reversal,old,retested_2plus,11,1009.6363636363636,2.090909090909091,6.667704231598986
H1@D1,wick_touch,with_daily,reversal,young,retested_2plus,77,25.285714285714285,1.974025974025974,6.235302541692483
H1@H4,body_close,against_daily,continuation,fresh,retested_1,388,3.3737113402061856,2.195876288659794,0.7897550268528924
H1@H4,body_close,against_daily,continuation,fresh,retested_2plus,7863,5.123616940099199,2.1826274958667176,0.7921313179530941
H1@H4,body_close,against_daily,continuation,mature,retested_1,26,110.15384615384616,2.6538461538461537,0.775192247476566
H1@H4,body_close,against_daily,continuation,mature,retested_2plus,4945,107.31526794742163,2.3298281092012134,1.062872220023409
H1@H4,body_close,against_daily,continuation,old,retested_1,20,1494.3,2.5,0.7571302506731641
H1@H4,body_close,against_daily,continuation,old,retested_2plus,4252,1039.2180150517404,2.417920978363123,1.3984416172789778
H1@H4,body_close,against_daily,continuation,young,retested_1,48,21.75,2.0,0.7279560746773445
H1@H4,body_close,against_daily,continuation,young,retested_2plus,5973,29.396450694793238,1.8871588816340197,0.9110550339332192
H1@H4,body_close,against_daily,pullback,fresh,first_touch,1,3.0,3.0,1.3574654440947036
H1@H4,body_close,against_daily,pullback,fresh,retested_1,254,2.6811023622047245,2.263779527559055,0.693326828837459
H1@H4,body_close,against_daily,pullback,fresh,retested_2plus,655,7.37557251908397,2.2503816793893128,0.9443463309450868
H1@H4,body_close,against_daily,pullback,mature,retested_1,5,120.2,3.0,0.9324963728157298
H1@H4,body_close,against_daily,pullback,mature,retested_2plus,2082,100.9447646493756,2.1950048030739673,1.1337886013933618
H1@H4,body_close,against_daily,pullback,old,retested_1,6,1230.0,2.6666666666666665,0.36867701095658845
H1@H4,body_close,against_daily,pullback,old,retested_2plus,1519,917.6919025674786,2.446346280447663,1.0797741065340583
H1@H4,body_close,against_daily,pullback,young,retested_1,33,16.87878787878788,2.212121212121212,0.8069292701528266
H1@H4,body_close,against_daily,pullback,young,retested_2plus,2008,32.772410358565736,1.7674302788844622,1.0426092059699545
H1@H4,body_close,against_daily,push,mature,retested_1,1,93.0,2.0,0.4801079521660162
H1@H4,body_close,against_daily,push,mature,retested_2plus,52,125.63461538461539,2.4423076923076925,0.6952476166026188
H1@H4,body_close,against_daily,push,old,retested_1,2,2121.5,3.0,0.4069804510522652
H1@H4,body_close,against_daily,push,old,retested_2plus,44,1018.3409090909091,3.0,0.3765271645553336
H1@H4,body_close,against_daily,push,young,retested_1,1,37.0,1.0,0.1967665935494372
H1@H4,body_close,against_daily,push,young,retested_2plus,67,24.0,1.3134328358208955,0.688194068959327
H1@H4,body_close,against_daily,reversal,fresh,retested_1,35,3.057142857142857,2.6,0.7180262271711387
H1@H4,body_close,against_daily,reversal,fresh,retested_2plus,418,5.409090909090909,2.8684210526315788,0.7189470826810641
H1@H4,body_close,against_daily,reversal,mature,retested_1,1,54.0,3.0,0.26261620185922874
H1@H4,body_close,against_daily,reversal,mature,retested_2plus,181,132.18232044198896,2.2430939226519335,1.5964106885409517
H1@H4,body_close,against_daily,reversal,old,retested_1,1,316.0,3.0,1.8539361566832835
H1@H4,body_close,against_daily,reversal,old,retested_2plus,349,630.8223495702006,2.679083094555874,1.9478250398297583
H1@H4,body_close,against_daily,reversal,young,retested_1,3,15.666666666666666,3.0,0.8375082625840551
H1@H4,body_close,against_daily,reversal,young,retested_2plus,249,27.03614457831325,2.0562248995983934,0.9694196917718731
H1@H4,body_close,at_transition,continuation,fresh,retested_1,102,2.519607843137255,1.4411764705882353,0.7837792153489195
H1@H4,body_close,at_transition,continuation,fresh,retested_2plus,442,6.079185520361991,1.4479638009049773,0.6160143359784493
H1@H4,body_close,at_transition,continuation,mature,retested_1,21,88.85714285714286,1.4285714285714286,0.28024792634970136
H1@H4,body_close,at_transition,continuation,mature,retested_2plus,835,102.50179640718562,1.4610778443113772,0.48062239683764774
H1@H4,body_close,at_transition,continuation,old,retested_1,5,1166.0,1.4,0.29141061642149413
H1@H4,body_close,at_transition,continuation,old,retested_2plus,841,1201.5564803804994,1.44589774078478,0.6920063232210685
H1@H4,body_close,at_transition,continuation,young,retested_1,194,21.324742268041238,1.3762886597938144,0.3344565935232243
H1@H4,body_close,at_transition,continuation,young,retested_2plus,1105,30.228054298642533,1.4090497737556562,0.5318493905140892
H1@H4,body_close,at_transition,pullback,fresh,retested_1,99,2.5757575757575757,1.4343434343434343,0.8228006936805079
H1@H4,body_close,at_transition,pullback,fresh,retested_2plus,41,8.317073170731707,1.1951219512195121,0.9547729762738179
H1@H4,body_close,at_transition,pullback,mature,retested_2plus,336,108.4077380952381,1.4107142857142858,0.6950922852900463
H1@H4,body_close,at_transition,pullback,old,retested_1,4,517.5,1.5,0.5033865911034748
H1@H4,body_close,at_transition,pullback,old,retested_2plus,442,1029.29185520362,1.4027149321266967,0.7091505020046968
H1@H4,body_close,at_transition,pullback,young,retested_1,132,20.803030303030305,1.4090909090909092,0.3556775688205934
H1@H4,body_close,at_transition,pullback,young,retested_2plus,229,29.17467248908297,1.462882096069869,1.0442162955623255
H1@H4,body_close,at_transition,push,mature,retested_1,1,198.0,2.0,0.23847572218808308
H1@H4,body_close,at_transition,push,mature,retested_2plus,43,102.13953488372093,1.4883720930232558,0.30538193241466594
H1@H4,body_close,at_transition,push,old,retested_1,1,1944.0,2.0,0.04202801867911836
H1@H4,body_close,at_transition,push,old,retested_2plus,107,723.5327102803739,1.5233644859813085,0.39162543721209114
H1@H4,body_close,at_transition,push,young,retested_2plus,14,36.857142857142854,1.2857142857142858,0.3813302736992813
H1@H4,body_close,at_transition,reversal,fresh,retested_2plus,4,7.75,1.25,0.5558957741167223
H1@H4,body_close,at_transition,reversal,mature,retested_1,2,102.0,1.0,0.4237902170341111
H1@H4,body_close,at_transition,reversal,mature,retested_2plus,96,109.92708333333333,1.5520833333333333,0.599793423054287
H1@H4,body_close,at_transition,reversal,old,retested_1,1,924.0,2.0,0.10442663170552831
H1@H4,body_close,at_transition,reversal,old,retested_2plus,220,1030.3727272727272,1.4090909090909092,1.0787650446244992
H1@H4,body_close,at_transition,reversal,young,retested_1,31,17.096774193548388,1.4838709677419355,0.4162782683104333
H1@H4,body_close,at_transition,reversal,young,retested_2plus,95,33.67368421052632,1.4210526315789473,0.5923901011610971
H1@H4,body_close,neutral,continuation,fresh,retested_1,225,3.408888888888889,1.5066666666666666,0.6622082502064204
H1@H4,body_close,neutral,continuation,fresh,retested_2plus,4808,5.64455074875208,1.50977537437604,0.7000913076984302
H1@H4,body_close,neutral,continuation,mature,retested_1,7,108.71428571428571,1.5714285714285714,0.7954790953693488
H1@H4,body_close,neutral,continuation,mature,retested_2plus,1945,101.68586118251928,1.4380462724935732,1.1217108967959961
H1@H4,body_close,neutral,continuation,old,retested_1,6,823.5,1.5,0.5554670472652168
H1@H4,body_close,neutral,continuation,old,retested_2plus,1179,1137.779474130619,1.3706530958439356,1.6695360583360064
H1@H4,body_close,neutral,continuation,young,retested_1,62,21.43548387096774,1.5,0.8314937553056485
H1@H4,body_close,neutral,continuation,young,retested_2plus,5565,24.49559748427673,1.4217430368373765,0.8058858054175031
H1@H4,body_close,neutral,pullback,fresh,retested_1,153,2.810457516339869,1.4836601307189543,0.7083138968514882
H1@H4,body_close,neutral,pullback,fresh,retested_2plus,420,8.426190476190476,1.5142857142857142,0.9802345711822198
H1@H4,body_close,neutral,pullback,mature,retested_1,3,99.33333333333333,1.6666666666666667,0.33816391944182284
H1@H4,body_close,neutral,pullback,mature,retested_2plus,1097,93.85050136736554,1.453965360072926,1.192940051615059
H1@H4,body_close,neutral,pullback,old,retested_1,5,1730.4,1.2,0.34072883944901966
H1@H4,body_close,neutral,pullback,old,retested_2plus,517,1129.725338491296,1.4758220502901354,1.5358977100557765
H1@H4,body_close,neutral,pullback,young,retested_1,28,21.75,1.5714285714285714,0.5377273159993442
H1@H4,body_close,neutral,pullback,young,retested_2plus,2295,27.839651416122006,1.4806100217864924,1.1461024782633902
H1@H4,body_close,neutral,push,mature,retested_2plus,10,90.2,1.3,0.5899273794576049
H1@H4,body_close,neutral,push,old,retested_2plus,1,397.0,2.0,1.6687059311488919
H1@H4,body_close,neutral,push,young,retested_2plus,13,25.307692307692307,1.7692307692307692,0.4429649116274076
H1@H4,body_close,neutral,reversal,fresh,retested_1,2,4.5,2.0,0.5881437665085721
H1@H4,body_close,neutral,reversal,fresh,retested_2plus,3,4.333333333333333,2.0,0.03555160976530459
H1@H4,body_close,neutral,reversal,mature,retested_1,1,142.0,1.0,7.7438268076869745
H1@H4,body_close,neutral,reversal,mature,retested_2plus,110,105.85454545454546,1.3545454545454545,1.7824923107484538
H1@H4,body_close,neutral,reversal,old,retested_2plus,12,446.75,1.1666666666666667,1.2941161894276634
H1@H4,body_close,neutral,reversal,young,retested_1,3,28.0,2.0,1.332253277841907
H1@H4,body_close,neutral,reversal,young,retested_2plus,145,30.482758620689655,1.3586206896551725,0.9286997989267398
H1@H4,body_close,with_daily,continuation,fresh,retested_1,349,3.002865329512894,2.3896848137535818,0.587721670887679
H1@H4,body_close,with_daily,continuation,fresh,retested_2plus,4676,5.226047904191617,2.2112917023096665,0.6161063282659209
H1@H4,body_close,with_daily,continuation,mature,retested_1,5,96.2,2.0,0.9514326293188453
H1@H4,body_close,with_daily,continuation,mature,retested_2plus,972,103.0,1.5895061728395061,1.1234718044785608
H1@H4,body_close,with_daily,continuation,old,retested_1,2,568.5,2.0,0.40406797560858276
H1@H4,body_close,with_daily,continuation,old,retested_2plus,554,966.3429602888086,1.8068592057761732,1.4663314247592014
H1@H4,body_close,with_daily,continuation,young,retested_1,106,22.264150943396228,2.660377358490566,0.5155527440220528
H1@H4,body_close,with_daily,continuation,young,retested_2plus,4361,22.983260720018343,1.9871589085072232,0.798141560611609
H1@H4,body_close,with_daily,pullback,fresh,retested_1,148,2.52027027027027,2.0337837837837838,0.5780270470703701
H1@H4,body_close,with_daily,pullback,fresh,retested_2plus,257,8.042801556420233,1.6809338521400778,0.8149672922543479
H1@H4,body_close,with_daily,pullback,mature,retested_1,1,63.0,3.0,0.49655370476732597
H1@H4,body_close,with_daily,pullback,mature,retested_2plus,723,106.52697095435684,1.8533886583679116,1.719650071357775
H1@H4,body_close,with_daily,pullback,old,retested_2plus,447,1261.9686800894854,1.8411633109619687,2.195002523848873
H1@H4,body_close,with_daily,pullback,young,retested_1,45,23.266666666666666,2.8,0.47430243998684396
H1@H4,body_close,with_daily,pullback,young,retested_2plus,2007,26.030393622321874,1.7882411559541604,1.2067137371870504
H1@H4,body_close,with_daily,push,fresh,retested_1,1,10.0,3.0,0.014138137678978594
H1@H4,body_close,with_daily,push,fresh,retested_2plus,45,8.377777777777778,2.6444444444444444,0.5734386047025424
H1@H4,body_close,with_daily,push,mature,retested_2plus,19,75.05263157894737,2.1578947368421053,0.4352812277483298
H1@H4,body_close,with_daily,push,old,retested_2plus,15,662.2666666666667,3.0,0.3964682666457881
H1@H4,body_close,with_daily,push,young,retested_1,3,32.333333333333336,2.3333333333333335,0.40864995584302916
H1@H4,body_close,with_daily,push,young,retested_2plus,67,23.26865671641791,2.701492537313433,0.5563310183779817
H1@H4,body_close,with_daily,reversal,fresh,retested_2plus,37,9.054054054054054,1.0,1.4141648035946606
H1@H4,body_close,with_daily,reversal,mature,retested_2plus,35,97.65714285714286,2.742857142857143,1.5854996051169843
H1@H4,body_close,with_daily,reversal,old,retested_2plus,58,648.2931034482758,2.4310344827586206,1.475517857634548
H1@H4,body_close,with_daily,reversal,young,retested_1,4,28.5,3.0,0.3533972646670255
H1@H4,body_close,with_daily,reversal,young,retested_2plus,197,23.95939086294416,1.5279187817258884,1.4099005431205611
H1@H4,break_through,against_daily,continuation,fresh,first_touch,9,2.888888888888889,1.6666666666666667,1.4070969102710111
H1@H4,break_through,against_daily,continuation,young,first_touch,1,20.0,3.0,2.7182295231576563
H1@H4,break_through,against_daily,pullback,fresh,first_touch,25,2.84,2.44,1.6964891396736033
H1@H4,break_through,against_daily,reversal,fresh,first_touch,2,2.5,3.0,1.6556197020951118
H1@H4,break_through,at_transition,continuation,young,first_touch,25,20.64,1.48,0.9331713474428841
H1@H4,break_through,at_transition,pullback,young,first_touch,18,20.0,1.3888888888888888,0.7021797006264765
H1@H4,break_through,at_transition,reversal,young,first_touch,2,12.0,1.5,0.9705561759337397
H1@H4,break_through,neutral,continuation,fresh,first_touch,18,2.2777777777777777,1.6111111111111112,1.592294318310372
H1@H4,break_through,neutral,continuation,young,first_touch,2,22.0,1.5,0.5446824976224962
H1@H4,break_through,neutral,pullback,fresh,first_touch,14,3.0,1.6428571428571428,1.6097534935724018
H1@H4,break_through,neutral,pullback,young,first_touch,1,18.0,1.0,2.0325301204818564
H1@H4,break_through,with_daily,continuation,fresh,first_touch,22,2.3636363636363638,2.1818181818181817,1.4937960956386356
H1@H4,break_through,with_daily,continuation,young,first_touch,7,23.428571428571427,2.857142857142857,0.7456512465411025
H1@H4,break_through,with_daily,pullback,fresh,first_touch,11,2.727272727272727,1.6363636363636365,1.7867976854916312
H1@H4,near_miss,against_daily,continuation,fresh,first_touch,516,3.895348837209302,2.184108527131783,2.035839678646512
H1@H4,near_miss,against_daily,continuation,fresh,retested_1,237,4.215189873417722,2.3037974683544302,1.941901698069792
H1@H4,near_miss,against_daily,continuation,fresh,retested_2plus,1248,5.622596153846154,2.2259615384615383,2.165071954107383
H1@H4,near_miss,against_daily,continuation,mature,first_touch,52,112.1923076923077,2.5576923076923075,1.9101146954933792
H1@H4,near_miss,against_daily,continuation,mature,retested_1,35,96.2,2.342857142857143,1.9071752432882108
H1@H4,near_miss,against_daily,continuation,mature,retested_2plus,1110,105.47657657657658,2.2837837837837838,2.230762655411272
H1@H4,near_miss,against_daily,continuation,old,first_touch,45,755.6666666666666,2.533333333333333,1.850827122067463
H1@H4,near_miss,against_daily,continuation,old,retested_1,23,1046.6521739130435,2.608695652173913,2.0241845517140264
H1@H4,near_miss,against_daily,continuation,old,retested_2plus,1002,911.0828343313374,2.43812375249501,2.447717223121522
H1@H4,near_miss,against_daily,continuation,young,first_touch,130,22.73076923076923,2.0384615384615383,2.312751824239069
H1@H4,near_miss,against_daily,continuation,young,retested_1,83,24.216867469879517,1.963855421686747,2.085081937173206
H1@H4,near_miss,against_daily,continuation,young,retested_2plus,988,31.40485829959514,1.7489878542510122,2.255384680498157
H1@H4,near_miss,against_daily,pullback,fresh,first_touch,109,2.926605504587156,2.2844036697247705,1.9464285826794137
H1@H4,near_miss,against_daily,pullback,fresh,retested_1,2,9.0,2.0,1.5964338375397626
H1@H4,near_miss,against_daily,pullback,fresh,retested_2plus,169,7.775147928994083,2.260355029585799,2.3819182265138896
H1@H4,near_miss,against_daily,pullback,mature,first_touch,11,129.63636363636363,2.4545454545454546,1.6621469475812498
H1@H4,near_miss,against_daily,pullback,mature,retested_1,8,83.5,2.625,2.1137365120646954
H1@H4,near_miss,against_daily,pullback,mature,retested_2plus,686,108.76967930029154,2.2011661807580176,2.337042827550592
H1@H4,near_miss,against_daily,pullback,old,first_touch,12,1132.0,2.5,1.0946003154738595
H1@H4,near_miss,against_daily,pullback,old,retested_1,11,613.0909090909091,2.6363636363636362,1.3637363757299208
H1@H4,near_miss,against_daily,pullback,old,retested_2plus,616,936.6185064935065,2.5535714285714284,2.2168268588794886
H1@H4,near_miss,against_daily,pullback,young,first_touch,16,20.875,1.9375,2.0647547090616616
H1@H4,near_miss,against_daily,pullback,young,retested_1,9,35.55555555555556,1.4444444444444444,1.9169150618117454
H1@H4,near_miss,against_daily,pullback,young,retested_2plus,515,32.90679611650486,1.7611650485436894,2.4515644454207073
H1@H4,near_miss,against_daily,push,mature,first_touch,3,97.0,2.0,1.0553572386857506
H1@H4,near_miss,against_daily,push,mature,retested_1,5,133.6,1.2,1.901656447824611
H1@H4,near_miss,against_daily,push,mature,retested_2plus,26,128.6153846153846,2.3846153846153846,1.8346746897556314
H1@H4,near_miss,against_daily,push,old,first_touch,3,486.3333333333333,2.3333333333333335,1.5350136630737612
H1@H4,near_miss,against_daily,push,old,retested_1,2,1023.0,3.0,1.0025953041439037
H1@H4,near_miss,against_daily,push,old,retested_2plus,14,1183.2857142857142,3.0,1.2146633088712928
H1@H4,near_miss,against_daily,push,young,first_touch,1,36.0,1.0,1.5827182718271773
H1@H4,near_miss,against_daily,push,young,retested_2plus,29,26.517241379310345,1.2413793103448276,1.6467159226344372
H1@H4,near_miss,against_daily,reversal,fresh,first_touch,31,4.032258064516129,2.6451612903225805,1.6512030873353696
H1@H4,near_miss,against_daily,reversal,fresh,retested_1,8,3.375,3.0,2.1196967349141405
H1@H4,near_miss,against_daily,reversal,fresh,retested_2plus,68,6.264705882352941,2.8823529411764706,1.8248070395271254
H1@H4,near_miss,against_daily,reversal,mature,first_touch,1,102.0,3.0,1.3754735178344784
H1@H4,near_miss,against_daily,reversal,mature,retested_1,1,87.0,2.0,2.9189297097431197
H1@H4,near_miss,against_daily,reversal,mature,retested_2plus,35,131.57142857142858,2.5428571428571427,3.0146225483469724
H1@H4,near_miss,against_daily,reversal,old,first_touch,3,563.3333333333334,3.0,1.9569260308949925
H1@H4,near_miss,against_daily,reversal,old,retested_1,3,1160.0,3.0,1.9440386654199402
H1@H4,near_miss,against_daily,reversal,old,retested_2plus,52,710.5769230769231,2.8653846153846154,2.2062572381584213
H1@H4,near_miss,against_daily,reversal,young,retested_2plus,21,21.761904761904763,2.619047619047619,2.665853195199927
H1@H4,near_miss,at_transition,continuation,fresh,first_touch,39,3.4615384615384617,1.6153846153846154,1.8599461654431526
H1@H4,near_miss,at_transition,continuation,fresh,retested_1,10,5.1,1.6,1.567844212596928
H1@H4,near_miss,at_transition,continuation,fresh,retested_2plus,91,6.406593406593407,1.4065934065934067,1.7488799996849616
H1@H4,near_miss,at_transition,continuation,mature,first_touch,34,90.08823529411765,1.6176470588235294,1.195988157570328
H1@H4,near_miss,at_transition,continuation,mature,retested_1,30,102.56666666666666,1.3,1.2529186116193478
H1@H4,near_miss,at_transition,continuation,mature,retested_2plus,231,101.87878787878788,1.406926406926407,1.5233851836309282
H1@H4,near_miss,at_transition,continuation,old,first_touch,16,429.0,1.3125,1.0774558117172361
H1@H4,near_miss,at_transition,continuation,old,retested_1,13,633.3846153846154,1.4615384615384615,1.3418606915405413
H1@H4,near_miss,at_transition,continuation,old,retested_2plus,299,1266.6020066889632,1.4983277591973243,1.7219832159399195
H1@H4,near_miss,at_transition,continuation,young,first_touch,98,27.632653061224488,1.3877551020408163,1.3430311765512337
H1@H4,near_miss,at_transition,continuation,young,retested_1,52,33.94230769230769,1.5384615384615385,1.3366433261634765
H1@H4,near_miss,at_transition,continuation,young,retested_2plus,210,31.01904761904762,1.4,1.735200731889357
H1@H4,near_miss,at_transition,pullback,fresh,first_touch,16,2.25,1.6875,1.819176243024716
H1@H4,near_miss,at_transition,pullback,fresh,retested_2plus,10,8.1,1.3,2.0289134939594717
H1@H4,near_miss,at_transition,pullback,mature,first_touch,2,125.5,1.5,1.5542380170616874
H1@H4,near_miss,at_transition,pullback,mature,retested_1,2,93.0,1.0,0.8075364606358408
H1@H4,near_miss,at_transition,pullback,mature,retested_2plus,172,110.69767441860465,1.4011627906976745,1.5762921226881836
H1@H4,near_miss,at_transition,pullback,old,first_touch,4,423.5,1.5,0.8488984570344204
H1@H4,near_miss,at_transition,pullback,old,retested_1,6,948.0,1.3333333333333333,1.6145524079144264
H1@H4,near_miss,at_transition,pullback,old,retested_2plus,240,908.3875,1.4666666666666666,1.671410385665529
H1@H4,near_miss,at_transition,pullback,young,first_touch,67,19.850746268656717,1.4776119402985075,1.2440486885821809
H1@H4,near_miss,at_transition,pullback,young,retested_1,2,25.0,1.5,1.9669409921190733
H1@H4,near_miss,at_transition,pullback,young,retested_2plus,85,29.83529411764706,1.411764705882353,2.3161336274282323
H1@H4,near_miss,at_transition,push,mature,first_touch,4,84.0,2.0,1.4700172455121834
H1@H4,near_miss,at_transition,push,mature,retested_1,2,72.0,1.0,1.0789889402315747
H1@H4,near_miss,at_transition,push,mature,retested_2plus,21,128.57142857142858,1.380952380952381,1.3609964773357313
H1@H4,near_miss,at_transition,push,old,retested_1,7,556.2857142857143,1.7142857142857142,1.0067246933480367
H1@H4,near_miss,at_transition,push,old,retested_2plus,36,502.8333333333333,1.4166666666666667,1.3157687167374739
H1@H4,near_miss,at_transition,push,young,retested_2plus,4,37.0,1.5,0.9497385816422732
H1@H4,near_miss,at_transition,reversal,fresh,first_touch,1,6.0,2.0,1.0621219539158826
H1@H4,near_miss,at_transition,reversal,fresh,retested_2plus,2,9.5,1.5,1.505404002277134
H1@H4,near_miss,at_transition,reversal,mature,first_touch,4,108.0,1.5,1.1557972631820665
H1@H4,near_miss,at_transition,reversal,mature,retested_1,5,156.0,1.2,1.2519186294289681
H1@H4,near_miss,at_transition,reversal,mature,retested_2plus,26,117.61538461538461,1.5384615384615385,1.6186157435646344
H1@H4,near_miss,at_transition,reversal,old,first_touch,1,906.0,2.0,1.7862949705643296
H1@H4,near_miss,at_transition,reversal,old,retested_1,1,2028.0,2.0,1.1797599015386728
H1@H4,near_miss,at_transition,reversal,old,retested_2plus,47,1003.7872340425532,1.446808510638298,2.1595423421103273
H1@H4,near_miss,at_transition,reversal,young,first_touch,5,24.0,1.4,1.4388224012019033
H1@H4,near_miss,at_transition,reversal,young,retested_2plus,8,38.25,1.625,1.7464291189284773
H1@H4,near_miss,neutral,continuation,fresh,first_touch,395,4.00253164556962,1.478481012658228,1.9140325315887303
H1@H4,near_miss,neutral,continuation,fresh,retested_1,183,4.551912568306011,1.4316939890710383,1.9883812232421922
H1@H4,near_miss,neutral,continuation,fresh,retested_2plus,813,6.127921279212792,1.4993849938499384,2.029315323551447
H1@H4,near_miss,neutral,continuation,mature,first_touch,33,109.42424242424242,1.5454545454545454,1.6294274733805203
H1@H4,near_miss,neutral,continuation,mature,retested_1,10,132.3,1.5,1.6276727030479203
H1@H4,near_miss,neutral,continuation,mature,retested_2plus,535,105.79626168224299,1.422429906542056,2.4755594489202224
H1@H4,near_miss,neutral,continuation,old,first_touch,14,462.64285714285717,1.2142857142857142,1.8079543085071992
H1@H4,near_miss,neutral,continuation,old,retested_1,4,1373.5,1.25,1.5410229605824735
H1@H4,near_miss,neutral,continuation,old,retested_2plus,270,905.6518518518518,1.4444444444444444,2.9618528146778087
H1@H4,near_miss,neutral,continuation,young,first_touch,136,24.029411764705884,1.4926470588235294,2.071713840796324
H1@H4,near_miss,neutral,continuation,young,retested_1,70,24.02857142857143,1.3285714285714285,2.0805138729881025
H1@H4,near_miss,neutral,continuation,young,retested_2plus,1167,26.023993144815766,1.4567266495287061,2.11426398873697
H1@H4,near_miss,neutral,pullback,fresh,first_touch,46,2.760869565217391,1.5217391304347827,1.8507182737511398
H1@H4,near_miss,neutral,pullback,fresh,retested_2plus,96,8.395833333333334,1.4791666666666667,2.1312385677696195
H1@H4,near_miss,neutral,pullback,mature,first_touch,3,161.0,1.3333333333333333,1.962854447245313
H1@H4,near_miss,neutral,pullback,mature,retested_1,6,119.66666666666667,1.1666666666666667,2.5643565549895593
H1@H4,near_miss,neutral,pullback,mature,retested_2plus,357,101.51820728291317,1.403361344537815,2.411991420499567
H1@H4,near_miss,neutral,pullback,old,first_touch,7,1636.4285714285713,1.0,1.763406766489047
H1@H4,near_miss,neutral,pullback,old,retested_1,6,2243.5,1.0,1.9700409860456043
H1@H4,near_miss,neutral,pullback,old,retested_2plus,184,971.5978260869565,1.3967391304347827,3.0928777695512064
H1@H4,near_miss,neutral,pullback,young,first_touch,13,22.23076923076923,1.2307692307692308,2.4718527137457107
H1@H4,near_miss,neutral,pullback,young,retested_1,4,23.25,1.25,1.5734315293885035
H1@H4,near_miss,neutral,pullback,young,retested_2plus,718,27.862116991643454,1.4693593314763231,2.490545429377468
H1@H4,near_miss,neutral,push,mature,retested_2plus,15,89.0,1.4666666666666666,1.5780811097829506
H1@H4,near_miss,neutral,push,old,retested_2plus,13,409.0769230769231,1.8461538461538463,1.9218868865003016
H1@H4,near_miss,neutral,push,young,first_touch,1,15.0,2.0,1.3889634118136847
H1@H4,near_miss,neutral,push,young,retested_2plus,14,30.214285714285715,1.5,1.5560428413088463
H1@H4,near_miss,neutral,reversal,fresh,first_touch,4,6.75,2.0,2.4711751643574433
H1@H4,near_miss,neutral,reversal,fresh,retested_1,1,4.0,1.0,2.011314017896674
H1@H4,near_miss,neutral,reversal,fresh,retested_2plus,3,9.666666666666666,2.0,1.6907368719749105
H1@H4,near_miss,neutral,reversal,mature,first_touch,1,126.0,2.0,1.5170337353731578
H1@H4,near_miss,neutral,reversal,mature,retested_2plus,19,135.1578947368421,1.9473684210526316,4.191842245273473
H1@H4,near_miss,neutral,reversal,old,retested_2plus,7,464.42857142857144,1.1428571428571428,3.13951479659888
H1@H4,near_miss,neutral,reversal,young,retested_2plus,32,32.40625,1.5625,2.5350082989847067
H1@H4,near_miss,with_daily,continuation,fresh,first_touch,437,3.871853546910755,2.3272311212814647,1.9313081178133475
H1@H4,near_miss,with_daily,continuation,fresh,retested_1,246,4.617886178861789,2.3252032520325203,1.820595790403712
H1@H4,near_miss,with_daily,continuation,fresh,retested_2plus,900,5.911111111111111,2.168888888888889,1.8499204544933536
H1@H4,near_miss,with_daily,continuation,mature,first_touch,5,73.2,2.4,1.6382233396670647
H1@H4,near_miss,with_daily,continuation,mature,retested_1,7,68.0,2.7142857142857144,1.2798320545508066
H1@H4,near_miss,with_daily,continuation,mature,retested_2plus,219,99.8675799086758,1.9315068493150684,2.3803361683207447
H1@H4,near_miss,with_daily,continuation,old,first_touch,2,646.5,1.5,2.4808332082255813
H1@H4,near_miss,with_daily,continuation,old,retested_2plus,240,966.45,1.975,3.2517015311117086
H1@H4,near_miss,with_daily,continuation,young,first_touch,145,22.372413793103448,2.489655172413793,1.8153865044930866
H1@H4,near_miss,with_daily,continuation,young,retested_1,130,22.576923076923077,2.3384615384615386,1.7823723044393331
H1@H4,near_miss,with_daily,continuation,young,retested_2plus,1254,23.381180223285487,2.0781499202551834,2.110100915468952
H1@H4,near_miss,with_daily,pullback,fresh,first_touch,62,2.806451612903226,2.032258064516129,1.890044929819731
H1@H4,near_miss,with_daily,pullback,fresh,retested_1,1,10.0,3.0,2.5138592750532855
H1@H4,near_miss,with_daily,pullback,fresh,retested_2plus,91,8.780219780219781,1.5384615384615385,2.1851565801533988
H1@H4,near_miss,with_daily,pullback,mature,first_touch,2,92.0,3.0,0.8908284026363843
H1@H4,near_miss,with_daily,pullback,mature,retested_1,1,92.0,1.0,0.8801921446735812
H1@H4,near_miss,with_daily,pullback,mature,retested_2plus,329,98.13677811550151,1.8419452887537995,2.7340289970609017
H1@H4,near_miss,with_daily,pullback,old,first_touch,1,477.0,1.0,1.5612380446333658
H1@H4,near_miss,with_daily,pullback,old,retested_2plus,172,921.0755813953489,2.052325581395349,2.9471815472975447
H1@H4,near_miss,with_daily,pullback,young,first_touch,25,20.56,2.36,2.184845239851649
H1@H4,near_miss,with_daily,pullback,young,retested_1,21,26.095238095238095,2.3333333333333335,1.9753640242997965
H1@H4,near_miss,with_daily,pullback,young,retested_2plus,890,26.610112359550563,1.8853932584269664,2.6694350639308437
H1@H4,near_miss,with_daily,push,fresh,first_touch,1,8.0,3.0,1.7380718722226167
H1@H4,near_miss,with_daily,push,fresh,retested_2plus,17,7.882352941176471,3.0,1.8622558809586247
H1@H4,near_miss,with_daily,push,mature,first_touch,1,102.0,3.0,2.048253237555417
H1@H4,near_miss,with_daily,push,mature,retested_2plus,4,103.25,2.75,1.4998447544528455
H1@H4,near_miss,with_daily,push,old,retested_2plus,8,564.375,3.0,1.7083767485428496
H1@H4,near_miss,with_daily,push,young,first_touch,2,35.0,1.0,2.6994298189178036
H1@H4,near_miss,with_daily,push,young,retested_1,2,14.0,3.0,1.300641311518967
H1@H4,near_miss,with_daily,push,young,retested_2plus,29,18.93103448275862,2.8275862068965516,1.6915758921287716
H1@H4,near_miss,with_daily,reversal,fresh,retested_2plus,6,9.5,1.0,1.6432624425924525
H1@H4,near_miss,with_daily,reversal,mature,first_touch,1,54.0,3.0,2.7935890097309715
H1@H4,near_miss,with_daily,reversal,mature,retested_2plus,30,107.7,2.2,4.041812373669028
H1@H4,near_miss,with_daily,reversal,old,retested_2plus,9,539.1111111111111,2.4444444444444446,2.0235383325078513
H1@H4,near_miss,with_daily,reversal,young,first_touch,2,30.0,3.0,0.7669762085048994
H1@H4,near_miss,with_daily,reversal,young,retested_2plus,30,19.933333333333334,1.4333333333333333,2.4715482167541993
H1@H4,wick_touch,against_daily,continuation,fresh,retested_1,267,3.7865168539325844,2.2059925093632957,1.7084535648883143
H1@H4,wick_touch,against_daily,continuation,fresh,retested_2plus,2023,5.166089965397924,2.1977261492832425,1.8964729059292709
H1@H4,wick_touch,against_daily,continuation,mature,retested_1,33,114.0,2.5757575757575757,1.5104101400347127
H1@H4,wick_touch,against_daily,continuation,mature,retested_2plus,1210,108.01239669421487,2.299173553719008,2.035062762483983
H1@H4,wick_touch,against_daily,continuation,old,retested_1,37,1007.8648648648649,2.6486486486486487,1.8739595984649233
H1@H4,wick_touch,against_daily,continuation,old,retested_2plus,1121,910.021409455843,2.471900089206066,2.1201015850313194
H1@H4,wick_touch,against_daily,continuation,young,retested_1,66,23.772727272727273,1.9090909090909092,1.8895677361012215
H1@H4,wick_touch,against_daily,continuation,young,retested_2plus,1236,30.68284789644013,1.7912621359223302,2.0831759079557126
H1@H4,wick_touch,against_daily,pullback,fresh,retested_1,119,2.697478991596639,2.26890756302521,1.5216863729457328
H1@H4,wick_touch,against_daily,pullback,fresh,retested_2plus,197,7.411167512690355,2.2588832487309647,2.1660710033646673
H1@H4,wick_touch,against_daily,pullback,mature,retested_1,10,119.1,2.7,1.3956330271362198
H1@H4,wick_touch,against_daily,pullback,mature,retested_2plus,645,109.46976744186047,2.2077519379844963,2.1285645663860824
H1@H4,wick_touch,against_daily,pullback,old,retested_1,4,840.75,2.75,2.0100243005548553
H1@H4,wick_touch,against_daily,pullback,old,retested_2plus,570,996.1298245614036,2.542105263157895,1.843350754091318
H1@H4,wick_touch,against_daily,pullback,young,retested_1,17,25.11764705882353,2.0,1.8119667116532825
H1@H4,wick_touch,against_daily,pullback,young,retested_2plus,530,33.179245283018865,1.7679245283018867,2.117017339986844
H1@H4,wick_touch,against_daily,push,mature,retested_1,7,108.42857142857143,2.2857142857142856,0.8942212194460656
H1@H4,wick_touch,against_daily,push,mature,retested_2plus,32,114.84375,2.375,1.437350569791663
H1@H4,wick_touch,against_daily,push,old,retested_1,2,816.0,3.0,0.45593173632295725
H1@H4,wick_touch,against_daily,push,old,retested_2plus,19,622.421052631579,3.0,0.720180102648305
H1@H4,wick_touch,against_daily,push,young,retested_1,2,27.5,1.0,0.8213654836206267
H1@H4,wick_touch,against_daily,push,young,retested_2plus,57,25.964912280701753,1.4210526315789473,1.4253965137924247
H1@H4,wick_touch,against_daily,reversal,fresh,retested_1,12,3.3333333333333335,2.9166666666666665,1.7914384924165645
H1@H4,wick_touch,against_daily,reversal,fresh,retested_2plus,90,5.855555555555555,2.8666666666666667,1.6763457213292092
H1@H4,wick_touch,against_daily,reversal,mature,retested_1,2,118.5,2.5,1.2576139761550316
H1@H4,wick_touch,against_daily,reversal,mature,retested_2plus,38,130.78947368421052,2.6052631578947367,2.7314642205232955
H1@H4,wick_touch,against_daily,reversal,old,retested_2plus,55,956.6181818181818,2.690909090909091,2.145643970379619
H1@H4,wick_touch,against_daily,reversal,young,retested_1,2,14.0,3.0,1.8049892089787491
H1@H4,wick_touch,against_daily,reversal,young,retested_2plus,25,24.32,2.24,2.1374264114126587
H1@H4,wick_touch,at_transition,continuation,fresh,retested_1,19,2.8421052631578947,1.4736842105263157,1.575707224989395
H1@H4,wick_touch,at_transition,continuation,fresh,retested_2plus,73,5.506849315068493,1.4794520547945205,1.4445485500734365
H1@H4,wick_touch,at_transition,continuation,mature,retested_1,24,88.33333333333333,1.5416666666666667,0.887211071066362
H1@H4,wick_touch,at_transition,continuation,mature,retested_2plus,382,99.81151832460733,1.4345549738219896,1.0858172106407513
H1@H4,wick_touch,at_transition,continuation,old,retested_1,7,348.0,1.2857142857142858,1.015309064183286
H1@H4,wick_touch,at_transition,continuation,old,retested_2plus,378,935.6481481481482,1.4576719576719577,1.2929426257159253
H1@H4,wick_touch,at_transition,continuation,young,retested_1,136,24.794117647058822,1.338235294117647,0.9857338375508339
H1@H4,wick_touch,at_transition,continuation,young,retested_2plus,445,33.13707865168539,1.4067415730337078,1.1370334270957616
H1@H4,wick_touch,at_transition,pullback,fresh,retested_1,21,3.3333333333333335,1.5238095238095237,1.5918400014140925
H1@H4,wick_touch,at_transition,pullback,fresh,retested_2plus,9,8.444444444444445,1.2222222222222223,1.9575678880577145
H1@H4,wick_touch,at_transition,pullback,mature,retested_1,5,134.8,1.6,1.1869894672840176
H1@H4,wick_touch,at_transition,pullback,mature,retested_2plus,159,109.82389937106919,1.3459119496855345,1.2540345779429984
H1@H4,wick_touch,at_transition,pullback,old,retested_1,3,520.0,1.6666666666666667,0.4697377660820749
H1@H4,wick_touch,at_transition,pullback,old,retested_2plus,267,872.3520599250936,1.3820224719101124,1.3275868360363647
H1@H4,wick_touch,at_transition,pullback,young,retested_1,106,20.21698113207547,1.3962264150943395,1.0412060216123389
H1@H4,wick_touch,at_transition,pullback,young,retested_2plus,60,30.516666666666666,1.55,1.854457164665651
H1@H4,wick_touch,at_transition,push,mature,retested_1,1,120.0,1.0,0.506251152498608
H1@H4,wick_touch,at_transition,push,mature,retested_2plus,27,91.85185185185185,1.5185185185185186,1.0461380637803148
H1@H4,wick_touch,at_transition,push,old,retested_1,3,570.0,1.6666666666666667,0.5422223406759415
H1@H4,wick_touch,at_transition,push,old,retested_2plus,70,528.1571428571428,1.6142857142857143,0.873822912360955
H1@H4,wick_touch,at_transition,push,young,retested_1,2,48.0,1.5,0.8311760756753882
H1@H4,wick_touch,at_transition,push,young,retested_2plus,7,32.714285714285715,1.2857142857142858,1.242735266818738
H1@H4,wick_touch,at_transition,reversal,fresh,retested_2plus,2,9.5,1.0,1.7877734561728982
H1@H4,wick_touch,at_transition,reversal,mature,retested_1,1,114.0,2.0,0.5463056759554917
H1@H4,wick_touch,at_transition,reversal,mature,retested_2plus,37,116.75675675675676,1.4054054054054055,1.328778663238687
H1@H4,wick_touch,at_transition,reversal,old,retested_1,1,480.0,2.0,0.7226318774815671
H1@H4,wick_touch,at_transition,reversal,old,retested_2plus,50,863.48,1.44,1.726826376040974
H1@H4,wick_touch,at_transition,reversal,young,retested_1,15,20.4,1.4,1.2419370489708104
H1@H4,wick_touch,at_transition,reversal,young,retested_2plus,30,34.233333333333334,1.5666666666666667,1.0693163699993589
H1@H4,wick_touch,neutral,continuation,fresh,retested_1,180,4.061111111111111,1.45,1.6572131565415427
H1@H4,wick_touch,neutral,continuation,fresh,retested_2plus,1276,5.471786833855799,1.5101880877742946,1.7379662085593983
H1@H4,wick_touch,neutral,continuation,mature,retested_1,18,109.11111111111111,1.2777777777777777,1.3604202637490006
H1@H4,wick_touch,neutral,continuation,mature,retested_2plus,513,107.3157894736842,1.4600389863547758,2.1695087708102294
H1@H4,wick_touch,neutral,continuation,old,retested_1,5,494.6,1.6,1.3970285400389062
H1@H4,wick_touch,neutral,continuation,old,retested_2plus,319,930.2978056426332,1.3761755485893417,2.4404303493909474
H1@H4,wick_touch,neutral,continuation,young,retested_1,62,22.048387096774192,1.435483870967742,1.726686391877298
H1@H4,wick_touch,neutral,continuation,young,retested_2plus,1334,24.947526236881558,1.5014992503748126,1.8529422662053736
H1@H4,wick_touch,neutral,pullback,fresh,retested_1,57,2.8596491228070176,1.4912280701754386,1.5164959511688594
H1@H4,wick_touch,neutral,pullback,fresh,retested_2plus,107,8.485981308411215,1.485981308411215,2.197557505161212
H1@H4,wick_touch,neutral,pullback,mature,retested_1,4,116.75,1.5,1.5310239502821912
H1@H4,wick_touch,neutral,pullback,mature,retested_2plus,352,95.67329545454545,1.3863636363636365,2.3834584726800703
H1@H4,wick_touch,neutral,pullback,old,retested_1,1,221.0,1.0,1.8439676060946586
H1@H4,wick_touch,neutral,pullback,old,retested_2plus,169,794.9585798816568,1.514792899408284,2.513901336565269
H1@H4,wick_touch,neutral,pullback,young,retested_1,20,20.2,1.35,1.938271720266151
H1@H4,wick_touch,neutral,pullback,young,retested_2plus,695,27.893525179856116,1.4359712230215826,2.2864202870494785
H1@H4,wick_touch,neutral,push,mature,retested_1,2,62.5,1.0,0.7269072575700821
H1@H4,wick_touch,neutral,push,mature,retested_2plus,15,79.86666666666666,1.3333333333333333,1.1981010819283247
H1@H4,wick_touch,neutral,push,old,retested_2plus,1,397.0,2.0,2.5624455100261163
H1@H4,wick_touch,neutral,push,young,retested_1,3,33.0,1.6666666666666667,0.6545966777068354
H1@H4,wick_touch,neutral,push,young,retested_2plus,10,29.5,1.5,1.0672295345005733
H1@H4,wick_touch,neutral,reversal,fresh,retested_1,2,5.5,1.5,1.7175264845121816
H1@H4,wick_touch,neutral,reversal,fresh,retested_2plus,2,8.5,1.5,2.9741836445416254
H1@H4,wick_touch,neutral,reversal,mature,retested_2plus,14,141.71428571428572,1.7857142857142858,2.880731754733302
H1@H4,wick_touch,neutral,reversal,old,retested_2plus,11,376.6363636363636,1.0909090909090908,2.3534180703653074
H1@H4,wick_touch,neutral,reversal,young,retested_2plus,20,26.25,1.5,2.4118806814392313
H1@H4,wick_touch,with_daily,continuation,fresh,retested_1,265,3.6792452830188678,2.332075471698113,1.4500821681896137
H1@H4,wick_touch,with_daily,continuation,fresh,retested_2plus,1447,5.1382170006910854,2.2004146510020735,1.5693803624751508
H1@H4,wick_touch,with_daily,continuation,mature,retested_1,5,71.2,2.2,1.197099031342749
H1@H4,wick_touch,with_daily,continuation,mature,retested_2plus,279,100.21505376344086,1.903225806451613,2.038727871675323
H1@H4,wick_touch,with_daily,continuation,old,retested_1,4,993.75,2.0,1.4775406110490878
H1@H4,wick_touch,with_daily,continuation,old,retested_2plus,226,832.6991150442478,1.9292035398230087,2.7512235260869593
H1@H4,wick_touch,with_daily,continuation,young,retested_1,112,23.535714285714285,2.4910714285714284,1.4262279779599727
H1@H4,wick_touch,with_daily,continuation,young,retested_2plus,1481,22.441593517893317,2.113436866981769,1.7945442709070383
H1@H4,wick_touch,with_daily,pullback,fresh,retested_1,71,2.4788732394366195,1.9295774647887325,1.5873169283995676
H1@H4,wick_touch,with_daily,pullback,fresh,retested_2plus,78,8.23076923076923,1.6282051282051282,1.908293961906977
H1@H4,wick_touch,with_daily,pullback,mature,retested_1,2,85.0,2.5,0.8292058816837105
H1@H4,wick_touch,with_daily,pullback,mature,retested_2plus,304,96.91776315789474,1.8782894736842106,2.61293153955066
H1@H4,wick_touch,with_daily,pullback,old,retested_1,2,1079.5,1.0,1.6942475404396404
H1@H4,wick_touch,with_daily,pullback,old,retested_2plus,168,847.8511904761905,2.011904761904762,2.5492110053205286
H1@H4,wick_touch,with_daily,pullback,young,retested_1,28,21.214285714285715,2.6785714285714284,1.6605125381866077
H1@H4,wick_touch,with_daily,pullback,young,retested_2plus,719,26.04450625869263,1.8567454798331016,2.3714113792669433
H1@H4,wick_touch,with_daily,push,fresh,retested_2plus,19,8.0,3.0,1.2846575696620914
H1@H4,wick_touch,with_daily,push,mature,retested_2plus,8,71.875,2.625,0.7933336642844004
H1@H4,wick_touch,with_daily,push,old,retested_1,1,1038.0,3.0,0.84892584892585
H1@H4,wick_touch,with_daily,push,old,retested_2plus,7,637.4285714285714,3.0,0.8041681004836622
H1@H4,wick_touch,with_daily,push,young,retested_1,3,19.333333333333332,2.3333333333333335,1.7946198934741135
H1@H4,wick_touch,with_daily,push,young,retested_2plus,37,20.513513513513512,2.5135135135135136,1.5334334402094967
H1@H4,wick_touch,with_daily,reversal,fresh,retested_2plus,10,9.6,1.0,2.422919878973704
H1@H4,wick_touch,with_daily,reversal,mature,retested_2plus,16,106.875,2.0625,4.357948507737709
H1@H4,wick_touch,with_daily,reversal,old,retested_2plus,8,560.5,2.25,2.673201387406184
H1@H4,wick_touch,with_daily,reversal,young,retested_1,1,30.0,3.0,1.4435119952507196
H1@H4,wick_touch,with_daily,reversal,young,retested_2plus,31,18.838709677419356,1.5806451612903225,2.406644604636024
M15@H1,body_close,against_daily,continuation,fresh,retested_1,760,3.2776315789473682,2.218421052631579,0.6802151728999432
M15@H1,body_close,against_daily,continuation,fresh,retested_2plus,12906,5.55764760576476,2.1967302030063536,0.8236354992992304
M15@H1,body_close,against_daily,continuation,mature,retested_1,44,90.22727272727273,2.022727272727273,0.8145595525783865
M15@H1,body_close,against_daily,continuation,mature,retested_2plus,6428,113.53173615432483,1.841474797759801,1.3173827709271821
M15@H1,body_close,against_daily,continuation,old,retested_1,17,1052.6470588235295,2.3529411764705883,0.715899157389742
M15@H1,body_close,against_daily,continuation,old,retested_2plus,7304,712.9456462212486,2.3224260679079958,1.4741751789326711
M15@H1,body_close,against_daily,continuation,young,retested_1,41,16.536585365853657,2.341463414634146,1.0992860586954187
M15@H1,body_close,against_daily,continuation,young,retested_2plus,7891,19.076289443670003,2.114307438854391,1.0538070104328068
M15@H1,body_close,against_daily,pullback,fresh,retested_1,459,2.838779956427015,2.2091503267973858,0.6739591673558675
M15@H1,body_close,against_daily,pullback,fresh,retested_2plus,1107,8.247515808491418,2.21680216802168,1.4003443556831445
M15@H1,body_close,against_daily,pullback,mature,retested_1,14,67.78571428571429,1.8571428571428572,0.5752435989732387
M15@H1,body_close,against_daily,pullback,mature,retested_2plus,2417,114.5378568473314,1.8593297476210178,1.5672451782986068
M15@H1,body_close,against_daily,pullback,old,retested_1,3,956.3333333333334,2.0,0.3619703027985879
M15@H1,body_close,against_daily,pullback,old,retested_2plus,3301,812.7912753710997,2.404422902150863,1.5316556330741171
M15@H1,body_close,against_daily,pullback,young,retested_1,6,16.5,2.5,1.8066903956185936
M15@H1,body_close,against_daily,pullback,young,retested_2plus,4334,19.522150438394092,2.148592524227042,1.5146927971198323
M15@H1,body_close,against_daily,push,fresh,retested_2plus,19,6.105263157894737,1.0,0.3107953909109797
M15@H1,body_close,against_daily,push,mature,retested_1,2,141.0,1.0,0.5003480863890514
M15@H1,body_close,against_daily,push,mature,retested_2plus,98,105.6938775510204,1.2040816326530612,0.7748893565753724
M15@H1,body_close,against_daily,push,old,retested_1,2,362.5,1.0,0.6300536912980361
M15@H1,body_close,against_daily,push,old,retested_2plus,332,503.2921686746988,2.180722891566265,1.2301780403007065
M15@H1,body_close,against_daily,push,young,retested_2plus,17,48.23529411764706,1.0,0.3855745010413245
M15@H1,body_close,against_daily,reversal,fresh,retested_1,84,3.369047619047619,2.5595238095238093,0.7893684242784376
M15@H1,body_close,against_daily,reversal,fresh,retested_2plus,1173,5.875532821824382,2.579710144927536,0.9179386206240914
M15@H1,body_close,against_daily,reversal,mature,retested_1,2,97.0,1.0,2.272292089338209
M15@H1,body_close,against_daily,reversal,mature,retested_2plus,920,97.99239130434782,2.140217391304348,2.0096736759743643
M15@H1,body_close,against_daily,reversal,old,retested_1,3,1708.0,2.3333333333333335,1.3730884418533338
M15@H1,body_close,against_daily,reversal,old,retested_2plus,665,1455.5233082706766,2.6240601503759398,4.078951535540323
M15@H1,body_close,against_daily,reversal,young,retested_1,5,14.8,2.8,1.0763877192423572
M15@H1,body_close,against_daily,reversal,young,retested_2plus,1299,20.448036951501155,2.6304849884526558,1.2884308604230605
M15@H1,body_close,at_transition,continuation,fresh,retested_1,45,4.466666666666667,1.4222222222222223,0.7968532630089816
M15@H1,body_close,at_transition,continuation,fresh,retested_2plus,295,7.223728813559322,1.4406779661016949,1.3484382558507795
M15@H1,body_close,at_transition,continuation,mature,retested_1,9,54.55555555555556,1.5555555555555556,0.5876384622552768
M15@H1,body_close,at_transition,continuation,mature,retested_2plus,202,86.34158415841584,1.4653465346534653,1.4172449406924086
M15@H1,body_close,at_transition,continuation,old,retested_2plus,71,729.9295774647887,1.5070422535211268,2.2410819574110623
M15@H1,body_close,at_transition,continuation,young,retested_1,2,37.5,2.0,1.5697146932355843
M15@H1,body_close,at_transition,continuation,young,retested_2plus,114,22.210526315789473,1.4649122807017543,1.1900164944879068
M15@H1,body_close,at_transition,pullback,fresh,retested_1,36,4.25,1.5,0.6819696484854277
M15@H1,body_close,at_transition,pullback,fresh,retested_2plus,37,8.972972972972974,1.5405405405405406,1.9214648867676705
M15@H1,body_close,at_transition,pullback,mature,retested_1,6,53.333333333333336,1.3333333333333333,1.1535091795013936
M15@H1,body_close,at_transition,pullback,mature,retested_2plus,54,99.75925925925925,1.4259259259259258,2.0989508121246274
M15@H1,body_close,at_transition,pullback,old,retested_1,1,336.0,1.0,1.0753786140432178
M15@H1,body_close,at_transition,pullback,old,retested_2plus,22,595.2727272727273,1.4545454545454546,2.9509401202329717
M15@H1,body_close,at_transition,pullback,young,retested_2plus,58,23.879310344827587,1.3275862068965518,1.5288188942233174
M15@H1,body_close,at_transition,push,mature,retested_2plus,3,74.66666666666667,1.3333333333333333,1.332022668750829
M15@H1,body_close,at_transition,push,old,retested_2plus,3,769.3333333333334,2.0,1.4165272648557128
M15@H1,body_close,at_transition,push,young,retested_2plus,1,14.0,2.0,1.1778230222016253
M15@H1,body_close,at_transition,reversal,fresh,retested_1,1,5.0,2.0,0.20876048462250726
M15@H1,body_close,at_transition,reversal,fresh,retested_2plus,4,8.25,1.75,0.6794627172426747
M15@H1,body_close,at_transition,reversal,mature,retested_1,2,53.5,1.5,1.3411937702939056
M15@H1,body_close,at_transition,reversal,mature,retested_2plus,17,102.58823529411765,1.411764705882353,2.5214032636335384
M15@H1,body_close,at_transition,reversal,old,retested_2plus,7,572.4285714285714,1.5714285714285714,3.691873253154483
M15@H1,body_close,at_transition,reversal,young,retested_2plus,8,33.875,1.125,2.082515061031847
M15@H1,body_close,neutral,continuation,fresh,first_touch,1,3.0,1.0,0.38920225624498483
M15@H1,body_close,neutral,continuation,fresh,retested_1,510,3.4235294117647057,1.488235294117647,0.6955039612624225
M15@H1,body_close,neutral,continuation,fresh,retested_2plus,8435,5.497213989330172,1.4908120924718435,0.835749478315135
M15@H1,body_close,neutral,continuation,mature,retested_1,48,88.20833333333333,1.5,0.6509943029193341
M15@H1,body_close,neutral,continuation,mature,retested_2plus,5757,100.92669793295119,1.4273058884835852,1.2324329210422682
M15@H1,body_close,neutral,continuation,old,retested_1,7,496.57142857142856,1.2857142857142858,0.7025735980465867
M15@H1,body_close,neutral,continuation,old,retested_2plus,2119,578.9027843322322,1.4874941009910334,1.4634379478336552
M15@H1,body_close,neutral,continuation,young,retested_1,36,22.02777777777778,1.4444444444444444,1.1010429167835176
M15@H1,body_close,neutral,continuation,young,retested_2plus,6642,22.68548629930744,1.5408009635651911,1.042707777921673
M15@H1,body_close,neutral,pullback,fresh,retested_1,285,2.729824561403509,1.449122807017544,0.6303914175444935
M15@H1,body_close,neutral,pullback,fresh,retested_2plus,753,7.8804780876494025,1.593625498007968,1.1890838737218432
M15@H1,body_close,neutral,pullback,mature,retested_1,11,84.45454545454545,1.5454545454545454,0.6494070137289786
M15@H1,body_close,neutral,pullback,mature,retested_2plus,2134,105.76007497656983,1.3983130271790065,1.5136487313103357
M15@H1,body_close,neutral,pullback,old,retested_1,3,442.3333333333333,1.6666666666666667,0.3417755362854263
M15@H1,body_close,neutral,pullback,old,retested_2plus,1022,561.4393346379647,1.3336594911937378,1.731348393159553
M15@H1,body_close,neutral,pullback,young,retested_1,3,22.333333333333332,1.0,0.3234673880364774
M15@H1,body_close,neutral,pullback,young,retested_2plus,2656,24.028237951807228,1.4913403614457832,1.291222457783466
M15@H1,body_close,neutral,push,fresh,retested_2plus,13,6.769230769230769,1.4615384615384615,0.6622560179027379
M15@H1,body_close,neutral,push,mature,retested_2plus,43,144.2325581395349,1.255813953488372,0.5432070390355491
M15@H1,body_close,neutral,push,old,retested_1,2,532.5,1.0,0.38411705945428676
M15@H1,body_close,neutral,push,old,retested_2plus,195,644.123076923077,1.6102564102564103,1.1422461869525087
M15@H1,body_close,neutral,push,young,retested_1,2,30.5,1.0,0.31794742018183403
M15@H1,body_close,neutral,push,young,retested_2plus,33,16.393939393939394,0.696969696969697,0.33904015727584913
M15@H1,body_close,neutral,reversal,fresh,retested_1,22,3.8181818181818183,1.1363636363636365,0.8072258824847066
M15@H1,body_close,neutral,reversal,fresh,retested_2plus,154,5.097402597402597,1.2922077922077921,0.9744869399100249
M15@H1,body_close,neutral,reversal,mature,retested_2plus,525,124.91047619047619,1.3923809523809523,2.105986633358341
M15@H1,body_close,neutral,reversal,old,retested_2plus,188,597.2340425531914,1.5797872340425532,1.4685062763942158
M15@H1,body_close,neutral,reversal,young,retested_1,2,11.5,1.0,6.276971518193951
M15@H1,body_close,neutral,reversal,young,retested_2plus,308,26.09090909090909,1.2337662337662338,1.871364108329817
M15@H1,body_close,with_daily,continuation,fresh,retested_1,846,3.317966903073286,2.2009456264775413,0.712488915690365
M15@H1,body_close,with_daily,continuation,fresh,retested_2plus,13431,5.541731814459087,2.181967091058,0.8207620397929059
M15@H1,body_close,with_daily,continuation,mature,retested_1,42,73.5,2.3333333333333335,0.8842629592509175
M15@H1,body_close,with_daily,continuation,mature,retested_2plus,5003,87.71497101738957,2.1335198880671595,1.0655795035787043
M15@H1,body_close,with_daily,continuation,old,retested_1,8,705.5,1.75,0.39813132370384
M15@H1,body_close,with_daily,continuation,old,retested_2plus,1266,673.6919431279621,1.7796208530805686,1.3797317872483648
M15@H1,body_close,with_daily,continuation,young,retested_1,66,21.772727272727273,2.1363636363636362,0.9433322422117546
M15@H1,body_close,with_daily,continuation,young,retested_2plus,8959,22.801875209286752,2.139078022100681,0.9495506245305745
M15@H1,body_close,with_daily,pullback,fresh,retested_1,466,2.800429184549356,2.223175965665236,0.6896491993655994
M15@H1,body_close,with_daily,pullback,fresh,retested_2plus,855,7.830409356725146,2.134502923976608,1.104748214046203
M15@H1,body_close,with_daily,pullback,mature,retested_1,14,84.14285714285714,2.642857142857143,0.40407637811208047
M15@H1,body_close,with_daily,pullback,mature,retested_2plus,1936,96.98502066115702,2.2267561983471076,1.1359192483392804
M15@H1,body_close,with_daily,pullback,old,retested_1,4,425.25,1.75,0.5020548158386697
M15@H1,body_close,with_daily,pullback,old,retested_2plus,575,632.984347826087,1.5756521739130436,1.1900652027794196
M15@H1,body_close,with_daily,pullback,young,retested_1,14,22.714285714285715,2.5714285714285716,0.8711372153233737
M15@H1,body_close,with_daily,pullback,young,retested_2plus,3466,23.62204270051933,2.158972879399885,1.1858834365588613
M15@H1,body_close,with_daily,push,fresh,retested_1,2,9.0,3.0,0.7283673741069441
M15@H1,body_close,with_daily,push,fresh,retested_2plus,122,7.286885245901639,2.7459016393442623,0.611037091836571
M15@H1,body_close,with_daily,push,mature,retested_1,5,89.0,2.6,0.6346061346722472
M15@H1,body_close,with_daily,push,mature,retested_2plus,204,90.46078431372548,2.7941176470588234,0.8042298934191822
M15@H1,body_close,with_daily,push,old,retested_1,1,234.0,3.0,0.10635276070583999
M15@H1,body_close,with_daily,push,old,retested_2plus,43,746.2325581395348,1.9069767441860466,0.7956515085758334
M15@H1,body_close,with_daily,push,young,retested_1,8,18.375,2.875,0.6395014856675494
M15@H1,body_close,with_daily,push,young,retested_2plus,361,23.601108033240997,2.850415512465374,0.594632528455721
M15@H1,body_close,with_daily,reversal,fresh,retested_1,3,5.333333333333333,2.0,0.8077615758823148
M15@H1,body_close,with_daily,reversal,fresh,retested_2plus,28,5.714285714285714,1.9285714285714286,0.632342922997673
M15@H1,body_close,with_daily,reversal,mature,retested_2plus,333,87.57057057057057,1.7447447447447448,2.6038133526225864
M15@H1,body_close,with_daily,reversal,old,retested_2plus,33,1239.5151515151515,1.8181818181818181,1.1638396281200996
M15@H1,body_close,with_daily,reversal,young,retested_2plus,91,32.43956043956044,1.7912087912087913,2.33409244743857
M15@H1,break_through,against_daily,continuation,fresh,first_touch,28,2.5357142857142856,2.2142857142857144,1.644687723046285
M15@H1,break_through,against_daily,continuation,mature,first_touch,2,52.5,3.0,1.9753790244064424
M15@H1,break_through,against_daily,pullback,fresh,first_touch,44,2.5,2.0454545454545454,1.606236763995571
M15@H1,break_through,against_daily,pullback,mature,first_touch,4,51.25,3.0,1.677303976962221
M15@H1,break_through,against_daily,pullback,young,first_touch,1,11.0,2.0,2.0793958171958553
M15@H1,break_through,against_daily,reversal,fresh,first_touch,3,3.6666666666666665,2.6666666666666665,1.5988984899709646
M15@H1,break_through,at_transition,continuation,fresh,first_touch,1,3.0,1.0,1.2123850991775231
M15@H1,break_through,at_transition,continuation,mature,first_touch,2,51.0,1.5,3.4197711161034596
M15@H1,break_through,at_transition,pullback,fresh,first_touch,1,3.0,2.0,1.448396793587243
M15@H1,break_through,at_transition,pullback,mature,first_touch,2,52.5,1.0,2.664401370922329
M15@H1,break_through,neutral,continuation,fresh,first_touch,25,2.56,1.4,1.7577237405824513
M15@H1,break_through,neutral,pullback,fresh,first_touch,24,2.3333333333333335,1.5,1.6557387969950852
M15@H1,break_through,with_daily,continuation,fresh,first_touch,35,2.6,2.5142857142857142,1.6832680431741796
M15@H1,break_through,with_daily,continuation,mature,first_touch,2,51.0,2.0,1.4334442988537837
M15@H1,break_through,with_daily,pullback,fresh,first_touch,35,2.6,2.2857142857142856,1.5812681299125442
M15@H1,near_miss,against_daily,continuation,fresh,first_touch,921,4.036916395222584,2.183496199782845,1.8903123636675327
M15@H1,near_miss,against_daily,continuation,fresh,retested_1,486,4.185185185185185,2.168724279835391,1.9731451380540999
M15@H1,near_miss,against_daily,continuation,fresh,retested_2plus,2334,5.965724078834619,2.13324764353042,2.156733322017775
M15@H1,near_miss,against_daily,continuation,mature,first_touch,78,92.11538461538461,2.3205128205128207,2.1068493288150325
M15@H1,near_miss,against_daily,continuation,mature,retested_1,37,65.56756756756756,1.7027027027027026,2.247740785613605
M15@H1,near_miss,against_daily,continuation,mature,retested_2plus,1252,116.55670926517571,1.8011182108626198,2.720781453335412
M15@H1,near_miss,against_daily,continuation,old,first_touch,53,793.8679245283018,2.5283018867924527,1.8458410704712573
M15@H1,near_miss,against_daily,continuation,old,retested_1,16,838.4375,2.4375,2.107845261786227
M15@H1,near_miss,against_daily,continuation,old,retested_2plus,1406,679.3136557610242,2.3364153627311524,2.655711515302337
M15@H1,near_miss,against_daily,continuation,young,first_touch,99,16.12121212121212,2.282828282828283,2.3341690399514596
M15@H1,near_miss,against_daily,continuation,young,retested_1,55,15.654545454545454,2.109090909090909,2.025593354399628
M15@H1,near_miss,against_daily,continuation,young,retested_2plus,1597,19.74827802128992,2.1277395115842204,2.359089157290649
M15@H1,near_miss,against_daily,pullback,fresh,first_touch,154,2.6233766233766236,2.1298701298701297,1.83888784589403
M15@H1,near_miss,against_daily,pullback,fresh,retested_2plus,293,8.109215017064846,2.255972696245734,2.5764260050261028
M15@H1,near_miss,against_daily,pullback,mature,first_touch,26,103.61538461538461,2.230769230769231,1.9048949050613788
M15@H1,near_miss,against_daily,pullback,mature,retested_1,3,102.0,1.3333333333333333,2.6794715312350412
M15@H1,near_miss,against_daily,pullback,mature,retested_2plus,910,114.43846153846154,1.7824175824175825,2.7634512986698403
M15@H1,near_miss,against_daily,pullback,old,first_touch,5,812.6,2.4,1.5809604809608264
M15@H1,near_miss,against_daily,pullback,old,retested_1,8,842.875,2.25,1.7929767893018538
M15@H1,near_miss,against_daily,pullback,old,retested_2plus,1029,740.4674441205053,2.3566569484936832,2.6627788757379975
M15@H1,near_miss,against_daily,pullback,young,first_touch,12,18.416666666666668,2.0,2.9239947012260736
M15@H1,near_miss,against_daily,pullback,young,retested_1,13,17.153846153846153,2.3076923076923075,2.6636218219417507
M15@H1,near_miss,against_daily,pullback,young,retested_2plus,1086,19.388581952117864,2.117863720073665,2.6897824190566593
M15@H1,near_miss,against_daily,push,mature,first_touch,5,131.0,1.0,2.1369717874796117
M15@H1,near_miss,against_daily,push,mature,retested_2plus,50,90.64,1.24,2.1399574867747937
M15@H1,near_miss,against_daily,push,old,first_touch,6,338.1666666666667,2.6666666666666665,1.5393128634947282
M15@H1,near_miss,against_daily,push,old,retested_1,4,362.0,2.5,2.649212142410217
M15@H1,near_miss,against_daily,push,old,retested_2plus,75,603.36,2.1866666666666665,2.5284598302872126
M15@H1,near_miss,against_daily,push,young,retested_2plus,1,48.0,1.0,2.517114464483033
M15@H1,near_miss,against_daily,reversal,fresh,first_touch,61,4.540983606557377,2.5901639344262297,2.0324493998535487
M15@H1,near_miss,against_daily,reversal,fresh,retested_1,34,4.617647058823529,2.4705882352941178,2.0104968068203672
M15@H1,near_miss,against_daily,reversal,fresh,retested_2plus,131,6.465648854961832,2.5343511450381677,2.4673704809218435
M15@H1,near_miss,against_daily,reversal,mature,retested_2plus,91,87.7032967032967,1.8461538461538463,3.4402434529764747
M15@H1,near_miss,against_daily,reversal,old,first_touch,5,1326.4,3.0,2.1052396854027373
M15@H1,near_miss,against_daily,reversal,old,retested_2plus,142,1166.4084507042253,2.2183098591549295,4.05004244599715
M15@H1,near_miss,against_daily,reversal,young,first_touch,13,16.692307692307693,3.0,2.7921154123732403
M15@H1,near_miss,against_daily,reversal,young,retested_1,14,12.785714285714286,2.4285714285714284,2.3112751861405605
M15@H1,near_miss,against_daily,reversal,young,retested_2plus,265,22.90566037735849,2.830188679245283,2.9175366233773676
M15@H1,near_miss,at_transition,continuation,fresh,first_touch,21,4.761904761904762,1.5714285714285714,2.064049935184084
M15@H1,near_miss,at_transition,continuation,fresh,retested_1,6,6.5,1.5,2.968371048090446
M15@H1,near_miss,at_transition,continuation,fresh,retested_2plus,39,7.589743589743589,1.4102564102564104,3.24208207260761
M15@H1,near_miss,at_transition,continuation,mature,first_touch,9,65.55555555555556,1.3333333333333333,2.646743118055886
M15@H1,near_miss,at_transition,continuation,mature,retested_1,5,55.4,1.2,3.296896758894403
M15@H1,near_miss,at_transition,continuation,mature,retested_2plus,37,90.70270270270271,1.3513513513513513,3.5228174679629523
M15@H1,near_miss,at_transition,continuation,old,retested_2plus,13,646.6153846153846,1.7692307692307692,4.035909227335647
M15@H1,near_miss,at_transition,continuation,young,retested_2plus,26,22.153846153846153,1.5769230769230769,2.7978034437018646
M15@H1,near_miss,at_transition,pullback,fresh,first_touch,4,3.75,1.0,2.3150949393939015
M15@H1,near_miss,at_transition,pullback,fresh,retested_2plus,4,8.75,1.5,4.270988575418933
M15@H1,near_miss,at_transition,pullback,mature,retested_2plus,13,109.76923076923077,1.2307692307692308,3.1262654720169367
M15@H1,near_miss,at_transition,pullback,old,retested_2plus,8,802.625,1.375,4.731014007528887
M15@H1,near_miss,at_transition,pullback,young,retested_2plus,12,27.333333333333332,1.5,3.650939908659075
M15@H1,near_miss,at_transition,push,mature,first_touch,1,57.0,2.0,5.02859020703277
M15@H1,near_miss,at_transition,push,mature,retested_2plus,2,128.5,1.0,1.76375255197636
M15@H1,near_miss,at_transition,reversal,mature,retested_2plus,1,105.0,2.0,4.721074291017669
M15@H1,near_miss,at_transition,reversal,old,retested_2plus,2,1831.0,1.5,2.8387345052646027
M15@H1,near_miss,at_transition,reversal,young,retested_2plus,1,45.0,1.0,8.137525122021508
M15@H1,near_miss,neutral,continuation,fresh,first_touch,708,4.132768361581921,1.5169491525423728,1.8985657951510295
M15@H1,near_miss,neutral,continuation,fresh,retested_1,338,4.2514792899408285,1.5710059171597632,1.966812294815278
M15@H1,near_miss,neutral,continuation,fresh,retested_2plus,1472,5.950407608695652,1.4966032608695652,2.1629155111705494
M15@H1,near_miss,neutral,continuation,mature,first_touch,55,82.21818181818182,1.2727272727272727,1.9869373103306318
M15@H1,near_miss,neutral,continuation,mature,retested_1,45,88.97777777777777,1.4444444444444444,2.4287633716506383
M15@H1,near_miss,neutral,continuation,mature,retested_2plus,964,101.52282157676349,1.4346473029045643,2.6952863558559903
M15@H1,near_miss,neutral,continuation,old,first_touch,12,486.0,1.25,2.4820681497556536
M15@H1,near_miss,neutral,continuation,old,retested_1,7,531.5714285714286,2.0,1.4543739998476861
M15@H1,near_miss,neutral,continuation,old,retested_2plus,545,538.7981651376147,1.5504587155963303,2.823091213302623
M15@H1,near_miss,neutral,continuation,young,first_touch,93,21.548387096774192,1.4408602150537635,2.252032261349287
M15@H1,near_miss,neutral,continuation,young,retested_1,51,21.0,1.2941176470588236,1.9842037560272776
M15@H1,near_miss,neutral,continuation,young,retested_2plus,1358,23.61855670103093,1.5382916053019147,2.372789331003653
M15@H1,near_miss,neutral,pullback,fresh,first_touch,94,2.6914893617021276,1.5106382978723405,1.8317945678513754
M15@H1,near_miss,neutral,pullback,fresh,retested_2plus,175,8.314285714285715,1.4628571428571429,2.3577504134567673
M15@H1,near_miss,neutral,pullback,mature,first_touch,15,102.4,1.6,1.3132612984332375
M15@H1,near_miss,neutral,pullback,mature,retested_1,23,97.21739130434783,1.434782608695652,1.7183350865070743
M15@H1,near_miss,neutral,pullback,mature,retested_2plus,703,106.71834992887625,1.476529160739687,2.6667275099307974
M15@H1,near_miss,neutral,pullback,old,first_touch,5,441.2,2.0,1.8492340397113278
M15@H1,near_miss,neutral,pullback,old,retested_1,1,550.0,2.0,1.928588358436566
M15@H1,near_miss,neutral,pullback,old,retested_2plus,445,591.6404494382023,1.4067415730337078,2.6274854290512013
M15@H1,near_miss,neutral,pullback,young,first_touch,11,21.90909090909091,1.7272727272727273,3.1725767732257295
M15@H1,near_miss,neutral,pullback,young,retested_1,16,32.25,1.8125,2.177919322421351
M15@H1,near_miss,neutral,pullback,young,retested_2plus,891,24.590347923681257,1.5611672278338946,2.5893590354290774
M15@H1,near_miss,neutral,push,fresh,retested_1,2,10.0,1.0,1.1071204289969292
M15@H1,near_miss,neutral,push,fresh,retested_2plus,8,5.125,1.75,1.540834320879841
M15@H1,near_miss,neutral,push,mature,first_touch,1,196.0,2.0,0.6597250876831039
M15@H1,near_miss,neutral,push,mature,retested_2plus,19,132.52631578947367,1.3157894736842106,2.076617537356275
M15@H1,near_miss,neutral,push,old,retested_2plus,55,684.3818181818182,1.5818181818181818,2.6464251062922215
M15@H1,near_miss,neutral,push,young,retested_1,1,11.0,1.0,1.4997865983781076
M15@H1,near_miss,neutral,push,young,retested_2plus,17,15.470588235294118,1.1176470588235294,1.3671165379243662
M15@H1,near_miss,neutral,reversal,fresh,first_touch,10,4.9,1.0,2.4168135115819913
M15@H1,near_miss,neutral,reversal,fresh,retested_2plus,19,6.0,1.0,2.714214513297326
M15@H1,near_miss,neutral,reversal,mature,retested_2plus,57,119.98245614035088,1.6666666666666667,3.301266137317048
M15@H1,near_miss,neutral,reversal,old,retested_2plus,38,526.5263157894736,1.4210526315789473,3.6849399232879576
M15@H1,near_miss,neutral,reversal,young,first_touch,4,21.25,1.0,3.1072075014029386
M15@H1,near_miss,neutral,reversal,young,retested_2plus,38,20.63157894736842,0.868421052631579,2.663550717119341
M15@H1,near_miss,with_daily,continuation,fresh,first_touch,1100,4.014545454545455,2.172727272727273,1.9500438953241697
M15@H1,near_miss,with_daily,continuation,fresh,retested_1,487,4.166324435318275,2.2320328542094456,1.9114288374189432
M15@H1,near_miss,with_daily,continuation,fresh,retested_2plus,2325,5.873118279569892,2.2236559139784946,2.1868405164311753
M15@H1,near_miss,with_daily,continuation,mature,first_touch,70,80.2,2.2714285714285714,1.771222542762601
M15@H1,near_miss,with_daily,continuation,mature,retested_1,44,74.97727272727273,2.2954545454545454,2.340412128215726
M15@H1,near_miss,with_daily,continuation,mature,retested_2plus,1348,92.20697329376854,2.228486646884273,2.327323355438687
M15@H1,near_miss,with_daily,continuation,old,first_touch,15,392.4,1.8,1.6519059188482172
M15@H1,near_miss,with_daily,continuation,old,retested_1,8,715.125,1.75,1.6950460341841413
M15@H1,near_miss,with_daily,continuation,old,retested_2plus,260,637.6961538461538,1.7846153846153847,2.6855034897551975
M15@H1,near_miss,with_daily,continuation,young,first_touch,159,22.647798742138363,2.106918238993711,2.0657355596759905
M15@H1,near_miss,with_daily,continuation,young,retested_1,86,22.872093023255815,2.116279069767442,1.88147492817469
M15@H1,near_miss,with_daily,continuation,young,retested_2plus,2033,23.930152484013774,2.116084604033448,2.259742300626217
M15@H1,near_miss,with_daily,pullback,fresh,first_touch,179,2.810055865921788,2.2569832402234637,1.8194367090686787
M15@H1,near_miss,with_daily,pullback,fresh,retested_1,1,6.0,3.0,1.1780700062653877
M15@H1,near_miss,with_daily,pullback,fresh,retested_2plus,291,7.962199312714777,2.140893470790378,2.306583042515813
M15@H1,near_miss,with_daily,pullback,mature,first_touch,19,83.21052631578948,2.3157894736842106,2.0027711825625922
M15@H1,near_miss,with_daily,pullback,mature,retested_1,12,95.66666666666667,1.6666666666666667,1.737445050493066
M15@H1,near_miss,with_daily,pullback,mature,retested_2plus,814,96.71990171990171,2.2555282555282554,2.378766101407715
M15@H1,near_miss,with_daily,pullback,old,first_touch,3,420.0,2.3333333333333335,1.399537653176574
M15@H1,near_miss,with_daily,pullback,old,retested_2plus,221,728.3891402714933,1.6561085972850678,2.4995430668829934
M15@H1,near_miss,with_daily,pullback,young,first_touch,19,31.05263157894737,2.0,1.9614650352504488
M15@H1,near_miss,with_daily,pullback,young,retested_1,14,26.642857142857142,2.642857142857143,2.027912608102915
M15@H1,near_miss,with_daily,pullback,young,retested_2plus,1369,26.23082542001461,2.137326515704894,2.4331400403094112
M15@H1,near_miss,with_daily,push,fresh,first_touch,3,8.666666666666666,3.0,0.9208475368471705
M15@H1,near_miss,with_daily,push,fresh,retested_1,5,7.8,3.0,1.264840751819697
M15@H1,near_miss,with_daily,push,fresh,retested_2plus,51,8.470588235294118,2.784313725490196,1.7513209820695417
M15@H1,near_miss,with_daily,push,mature,first_touch,4,94.75,3.0,2.414564772765126
M15@H1,near_miss,with_daily,push,mature,retested_1,4,66.75,3.0,1.901892989095107
M15@H1,near_miss,with_daily,push,mature,retested_2plus,86,94.23255813953489,2.686046511627907,2.331345592940953
M15@H1,near_miss,with_daily,push,old,retested_2plus,22,927.1363636363636,1.9090909090909092,2.039593049099784
M15@H1,near_miss,with_daily,push,young,first_touch,14,20.428571428571427,2.857142857142857,2.28972932715326
M15@H1,near_miss,with_daily,push,young,retested_1,4,25.0,2.75,2.290543267308734
M15@H1,near_miss,with_daily,push,young,retested_2plus,147,27.421768707482993,2.8299319727891157,1.6479669388522067
M15@H1,near_miss,with_daily,reversal,fresh,first_touch,3,3.0,1.0,2.4216619865017144
M15@H1,near_miss,with_daily,reversal,mature,first_touch,5,79.8,3.0,1.4763502471529453
M15@H1,near_miss,with_daily,reversal,mature,retested_1,3,96.33333333333333,1.0,1.5037449329163142
M15@H1,near_miss,with_daily,reversal,mature,retested_2plus,67,98.32835820895522,1.9850746268656716,3.973226470825905
M15@H1,near_miss,with_daily,reversal,old,retested_2plus,22,1347.5,1.9545454545454546,2.5874110849691565
M15@H1,near_miss,with_daily,reversal,young,retested_2plus,16,44.0,1.0,3.994966780822834
M15@H1,wick_touch,against_daily,continuation,fresh,retested_1,516,3.9263565891472867,2.125968992248062,1.5016422775145026
M15@H1,wick_touch,against_daily,continuation,fresh,retested_2plus,3752,5.511993603411514,2.1772388059701493,1.7767568032661347
M15@H1,wick_touch,against_daily,continuation,mature,retested_1,30,85.96666666666667,2.0,1.9552968565740607
M15@H1,wick_touch,against_daily,continuation,mature,retested_2plus,1338,114.01345291479821,1.851270553064275,2.400450317231536
M15@H1,wick_touch,against_daily,continuation,old,retested_1,31,705.9677419354839,2.4838709677419355,1.5546762646620909
M15@H1,wick_touch,against_daily,continuation,old,retested_2plus,1422,657.2869198312236,2.2855133614627285,2.515932403614847
M15@H1,wick_touch,against_daily,continuation,young,retested_1,47,17.72340425531915,2.127659574468085,1.718226365003668
M15@H1,wick_touch,against_daily,continuation,young,retested_2plus,1820,19.121978021978023,2.1598901098901098,2.0733384783796462
M15@H1,wick_touch,against_daily,pullback,fresh,retested_1,176,2.75,2.0681818181818183,1.5792543349524841
M15@H1,wick_touch,against_daily,pullback,fresh,retested_2plus,303,8.046204620462046,2.099009900990099,2.2319253257490845
M15@H1,wick_touch,against_daily,pullback,mature,retested_1,6,79.33333333333333,1.8333333333333333,2.1565900620099607
M15@H1,wick_touch,against_daily,pullback,mature,retested_2plus,793,116.57755359394703,1.8095838587641866,2.560507605863759
M15@H1,wick_touch,against_daily,pullback,old,retested_1,10,780.7,2.2,1.9912046168237283
M15@H1,wick_touch,against_daily,pullback,old,retested_2plus,961,748.3361082206036,2.327783558792924,2.3311499907254434
M15@H1,wick_touch,against_daily,pullback,young,retested_1,10,16.6,2.0,1.9335135414393565
M15@H1,wick_touch,against_daily,pullback,young,retested_2plus,1081,19.477335800185013,2.1267345050878816,2.547075695210218
M15@H1,wick_touch,against_daily,push,mature,retested_1,1,168.0,2.0,1.2250000000000811
M15@H1,wick_touch,against_daily,push,mature,retested_2plus,55,105.76363636363637,1.1454545454545455,1.345562231101417
M15@H1,wick_touch,against_daily,push,old,retested_1,6,446.5,2.0,1.1837579418988657
M15@H1,wick_touch,against_daily,push,old,retested_2plus,95,483.77894736842103,2.168421052631579,2.025306133932977
M15@H1,wick_touch,against_daily,push,young,retested_2plus,1,46.0,1.0,1.2192898272552688
M15@H1,wick_touch,against_daily,reversal,fresh,retested_1,33,3.757575757575758,2.6363636363636362,1.679003995945718
M15@H1,wick_touch,against_daily,reversal,fresh,retested_2plus,223,6.174887892376682,2.569506726457399,2.084529138364592
M15@H1,wick_touch,against_daily,reversal,mature,retested_1,1,76.0,3.0,4.192620987062791
M15@H1,wick_touch,against_daily,reversal,mature,retested_2plus,98,93.34693877551021,1.8265306122448979,3.1498048437190755
M15@H1,wick_touch,against_daily,reversal,old,retested_1,1,1344.0,3.0,1.0634892623908636
M15@H1,wick_touch,against_daily,reversal,old,retested_2plus,142,1374.8239436619717,2.5422535211267605,5.018498826873757
M15@H1,wick_touch,against_daily,reversal,young,retested_1,7,17.428571428571427,2.4285714285714284,2.8662445773590504
M15@H1,wick_touch,against_daily,reversal,young,retested_2plus,258,20.8953488372093,2.74031007751938,2.5224672032436155
M15@H1,wick_touch,at_transition,continuation,fresh,retested_1,21,4.142857142857143,1.5238095238095237,1.9028094111180092
M15@H1,wick_touch,at_transition,continuation,fresh,retested_2plus,57,6.859649122807017,1.368421052631579,2.556258245905974
M15@H1,wick_touch,at_transition,continuation,mature,retested_1,8,55.25,1.5,2.4598507124018787
M15@H1,wick_touch,at_transition,continuation,mature,retested_2plus,56,82.5,1.4642857142857142,3.2588103309393217
M15@H1,wick_touch,at_transition,continuation,old,retested_1,1,238.0,2.0,2.5729146599884163
M15@H1,wick_touch,at_transition,continuation,old,retested_2plus,16,372.8125,1.6875,2.89668307021713
M15@H1,wick_touch,at_transition,continuation,young,retested_1,2,33.0,1.5,1.8300647189837935
M15@H1,wick_touch,at_transition,continuation,young,retested_2plus,25,21.88,1.32,1.976741640920903
M15@H1,wick_touch,at_transition,pullback,fresh,retested_1,12,4.166666666666667,1.6666666666666667,1.9249004571089603
M15@H1,wick_touch,at_transition,pullback,fresh,retested_2plus,7,8.714285714285714,1.5714285714285714,3.674765368155975
M15@H1,wick_touch,at_transition,pullback,mature,retested_1,12,51.583333333333336,1.3333333333333333,2.014701735684569
M15@H1,wick_touch,at_transition,pullback,mature,retested_2plus,26,116.53846153846153,1.4230769230769231,2.8706867072167173
M15@H1,wick_touch,at_transition,pullback,old,retested_2plus,17,418.3529411764706,1.6470588235294117,3.1762031199171963
M15@H1,wick_touch,at_transition,pullback,young,retested_2plus,21,26.952380952380953,1.5238095238095237,2.5359653396432824
M15@H1,wick_touch,at_transition,push,mature,retested_2plus,1,71.0,1.0,2.494444444444594
M15@H1,wick_touch,at_transition,push,old,retested_2plus,3,467.0,1.6666666666666667,3.8093817622968813
M15@H1,wick_touch,at_transition,push,young,retested_2plus,1,46.0,1.0,1.3464355103870833
M15@H1,wick_touch,at_transition,reversal,fresh,retested_2plus,1,9.0,2.0,3.9046106337952886
M15@H1,wick_touch,at_transition,reversal,mature,retested_1,1,54.0,1.0,1.289227166276281
M15@H1,wick_touch,at_transition,reversal,mature,retested_2plus,2,67.0,2.0,3.0791641006844856
M15@H1,wick_touch,neutral,continuation,fresh,retested_1,344,3.744186046511628,1.5116279069767442,1.5260617387908082
M15@H1,wick_touch,neutral,continuation,fresh,retested_2plus,2284,5.473292469352014,1.5144483362521892,1.7719285792577253
M15@H1,wick_touch,neutral,continuation,mature,retested_1,29,88.20689655172414,1.4482758620689655,1.9240990628528865
M15@H1,wick_touch,neutral,continuation,mature,retested_2plus,1080,99.83333333333333,1.4546296296296297,2.3669814657904773
M15@H1,wick_touch,neutral,continuation,old,retested_1,16,553.5625,1.4375,1.6892174646825986
M15@H1,wick_touch,neutral,continuation,old,retested_2plus,546,538.7747252747253,1.4725274725274726,2.2473420202969145
M15@H1,wick_touch,neutral,continuation,young,retested_1,48,18.041666666666668,1.375,1.6600999080128827
M15@H1,wick_touch,neutral,continuation,young,retested_2plus,1516,22.424802110817943,1.5527704485488127,2.0730832076234225
M15@H1,wick_touch,neutral,pullback,fresh,retested_1,134,2.8208955223880596,1.544776119402985,1.5836959127688133
M15@H1,wick_touch,neutral,pullback,fresh,retested_2plus,231,8.194805194805195,1.432900432900433,2.111440122084054
M15@H1,wick_touch,neutral,pullback,mature,retested_1,11,94.36363636363636,1.3636363636363635,1.684102771493913
M15@H1,wick_touch,neutral,pullback,mature,retested_2plus,637,109.12401883830455,1.4364207221350078,2.5143384777609064
M15@H1,wick_touch,neutral,pullback,old,retested_1,4,778.5,1.0,1.1305603318995483
M15@H1,wick_touch,neutral,pullback,old,retested_2plus,409,568.2371638141809,1.3569682151589242,2.264884367572951
M15@H1,wick_touch,neutral,pullback,young,retested_1,6,21.5,1.5,2.8410846730530306
M15@H1,wick_touch,neutral,pullback,young,retested_2plus,795,24.50440251572327,1.5723270440251573,2.3869499319645695
M15@H1,wick_touch,neutral,push,fresh,retested_2plus,8,6.5,1.625,1.435024897786683
M15@H1,wick_touch,neutral,push,mature,retested_1,3,145.33333333333334,1.3333333333333333,0.6855586368688963
M15@H1,wick_touch,neutral,push,mature,retested_2plus,19,133.6315789473684,1.3157894736842106,1.4627316519409035
M15@H1,wick_touch,neutral,push,old,retested_1,1,265.0,1.0,2.2640371229698752
M15@H1,wick_touch,neutral,push,old,retested_2plus,59,925.5762711864406,1.5932203389830508,2.5145046331532366
M15@H1,wick_touch,neutral,push,young,retested_2plus,20,13.8,1.15,1.063712949641583
M15@H1,wick_touch,neutral,reversal,fresh,retested_1,1,4.0,1.0,1.4579350908517286
M15@H1,wick_touch,neutral,reversal,fresh,retested_2plus,26,6.115384615384615,1.1153846153846154,2.1468192162271174
M15@H1,wick_touch,neutral,reversal,mature,retested_2plus,69,120.69565217391305,1.681159420289855,3.2614882249017225
M15@H1,wick_touch,neutral,reversal,old,retested_2plus,32,727.1875,1.40625,2.57380955364968
M15@H1,wick_touch,neutral,reversal,young,retested_1,2,32.5,1.0,1.5485405213058083
M15@H1,wick_touch,neutral,reversal,young,retested_2plus,32,23.78125,1.0,2.119532776820853
M15@H1,wick_touch,with_daily,continuation,fresh,retested_1,501,3.8003992015968064,2.2035928143712575,1.557544526896669
M15@H1,wick_touch,with_daily,continuation,fresh,retested_2plus,3752,5.450692963752665,2.2209488272921107,1.795897610045832
M15@H1,wick_touch,with_daily,continuation,mature,retested_1,49,79.73469387755102,2.204081632653061,1.5556861541880873
M15@H1,wick_touch,with_daily,continuation,mature,retested_2plus,1425,91.63438596491228,2.2673684210526317,1.9425822575775518
M15@H1,wick_touch,with_daily,continuation,old,retested_1,3,859.3333333333334,1.3333333333333333,1.8307499947932169
M15@H1,wick_touch,with_daily,continuation,old,retested_2plus,313,619.6357827476038,1.8019169329073483,2.136395569359639
M15@H1,wick_touch,with_daily,continuation,young,retested_1,94,23.74468085106383,2.095744680851064,1.675465030756177
M15@H1,wick_touch,with_daily,continuation,young,retested_2plus,2338,23.813515825491873,2.1167664670658684,1.9558000477772246
M15@H1,wick_touch,with_daily,pullback,fresh,retested_1,201,2.691542288557214,2.2139303482587063,1.5156488686640461
M15@H1,wick_touch,with_daily,pullback,fresh,retested_2plus,253,7.794466403162056,2.177865612648221,2.1159995441816815
M15@H1,wick_touch,with_daily,pullback,mature,retested_1,10,75.1,2.6,1.7476776178917433
M15@H1,wick_touch,with_daily,pullback,mature,retested_2plus,750,93.528,2.3053333333333335,2.021103892382274
M15@H1,wick_touch,with_daily,pullback,old,retested_1,2,285.5,1.5,1.631082849998036
M15@H1,wick_touch,with_daily,pullback,old,retested_2plus,187,544.5775401069519,1.5668449197860963,2.123549773548485
M15@H1,wick_touch,with_daily,pullback,young,retested_1,7,31.285714285714285,2.2857142857142856,1.4951223072088289
M15@H1,wick_touch,with_daily,pullback,young,retested_2plus,1278,25.684663536776213,2.168231611893584,2.1229909988319684
M15@H1,wick_touch,with_daily,push,fresh,retested_1,4,7.5,2.75,1.0682098285831332
M15@H1,wick_touch,with_daily,push,fresh,retested_2plus,52,8.0,2.8076923076923075,1.4077635732703166
M15@H1,wick_touch,with_daily,push,mature,retested_1,3,110.66666666666667,2.6666666666666665,2.5644147643583723
M15@H1,wick_touch,with_daily,push,mature,retested_2plus,94,99.26595744680851,2.595744680851064,1.7137287660920875
M15@H1,wick_touch,with_daily,push,old,retested_1,1,1787.0,1.0,1.7769638797676042
M15@H1,wick_touch,with_daily,push,old,retested_2plus,15,604.3333333333334,2.0,1.380951952523146
M15@H1,wick_touch,with_daily,push,young,retested_1,5,28.4,2.6,1.9356428070269474
M15@H1,wick_touch,with_daily,push,young,retested_2plus,192,26.697916666666668,2.84375,1.273777983537635
M15@H1,wick_touch,with_daily,reversal,fresh,retested_2plus,1,4.0,1.0,3.6827054381079343
M15@H1,wick_touch,with_daily,reversal,mature,retested_1,1,84.0,3.0,1.4673459161516216
M15@H1,wick_touch,with_daily,reversal,mature,retested_2plus,77,101.62337662337663,1.5454545454545454,4.095917025020848
M15@H1,wick_touch,with_daily,reversal,old,retested_2plus,23,1253.9565217391305,1.9565217391304348,2.4593143587034545
M15@H1,wick_touch,with_daily,reversal,young,retested_2plus,14,40.357142857142854,1.2857142857142858,4.488599203426174
M15@H4,body_close,against_daily,continuation,fresh,retested_1,187,3.213903743315508,2.144385026737968,1.9902680552210976
M15@H4,body_close,against_daily,continuation,fresh,retested_2plus,13043,4.701985739477114,2.1201410718393006,1.8775912143368605
M15@H4,body_close,against_daily,continuation,mature,retested_1,6,117.83333333333333,2.1666666666666665,1.205589113156658
M15@H4,body_close,against_daily,continuation,mature,retested_2plus,6704,110.43809665871122,2.3520286396181382,2.131007847945791
M15@H4,body_close,against_daily,continuation,old,retested_1,4,409.75,2.5,2.7525787380098765
M15@H4,body_close,against_daily,continuation,old,retested_2plus,3323,579.5931387300632,2.39301835690641,2.288940251972249
M15@H4,body_close,against_daily,continuation,young,retested_1,28,19.821428571428573,1.8214285714285714,2.48422553200523
M15@H4,body_close,against_daily,continuation,young,retested_2plus,8981,28.704041866161898,1.8441153546375681,1.9660206010265053
M15@H4,body_close,against_daily,pullback,fresh,retested_1,115,2.643478260869565,2.208695652173913,1.652700439287727
M15@H4,body_close,against_daily,pullback,fresh,retested_2plus,1083,6.831948291782087,2.211449676823638,1.9581362983026909
M15@H4,body_close,against_daily,pullback,mature,retested_2plus,2552,94.50940438871473,2.217868338557994,2.473245208396963
M15@H4,body_close,against_daily,pullback,old,retested_2plus,1214,539.5453047775948,2.345963756177924,2.2360187794411357
M15@H4,body_close,against_daily,pullback,young,retested_1,14,17.0,2.5714285714285716,2.478911452610661
M15@H4,body_close,against_daily,pullback,young,retested_2plus,2624,31.193978658536587,1.790015243902439,2.4928766750350118
M15@H4,body_close,against_daily,push,mature,retested_2plus,369,105.39837398373983,2.3902439024390243,2.0675383232951043
M15@H4,body_close,against_daily,push,old,retested_1,1,542.0,3.0,0.26687500000000886
M15@H4,body_close,against_daily,push,old,retested_2plus,86,428.7325581395349,2.697674418604651,1.1523690313885344
M15@H4,body_close,against_daily,push,young,retested_1,2,28.0,1.0,0.43321123975433257
M15@H4,body_close,against_daily,push,young,retested_2plus,454,27.997797356828194,1.7466960352422907,1.880985125659823
M15@H4,body_close,against_daily,reversal,fresh,retested_1,44,2.9318181818181817,2.6363636363636362,1.827065545910557
M15@H4,body_close,against_daily,reversal,fresh,retested_2plus,2188,5.020566727605119,2.73400365630713,1.678609287963254
M15@H4,body_close,against_daily,reversal,mature,retested_2plus,688,132.80523255813952,2.125,3.837124999853309
M15@H4,body_close,against_daily,reversal,old,retested_1,1,316.0,3.0,2.8619338811390134
M15@H4,body_close,against_daily,reversal,old,retested_2plus,1498,592.4145527369826,2.6448598130841123,4.545224789169343
M15@H4,body_close,against_daily,reversal,young,retested_1,7,17.571428571428573,2.7142857142857144,2.9099580706611228
M15@H4,body_close,against_daily,reversal,young,retested_2plus,1453,26.50584996558844,2.064005505849966,2.224778590226941
M15@H4,body_close,at_transition,continuation,fresh,retested_1,45,2.7333333333333334,1.3777777777777778,2.9450201156314018
M15@H4,body_close,at_transition,continuation,fresh,retested_2plus,169,5.93491124260355,1.4497041420118344,2.0650336247469596
M15@H4,body_close,at_transition,continuation,mature,retested_2plus,61,104.36065573770492,1.6065573770491803,3.266518175058244
M15@H4,body_close,at_transition,continuation,old,retested_2plus,25,534.76,1.44,2.790356510313203
M15@H4,body_close,at_transition,continuation,young,retested_1,12,14.666666666666666,1.4166666666666667,2.2771135745696616
M15@H4,body_close,at_transition,continuation,young,retested_2plus,212,24.87264150943396,1.4339622641509433,2.3119164363764733
M15@H4,body_close,at_transition,pullback,fresh,retested_1,48,2.5208333333333335,1.4583333333333333,3.153761781246176
M15@H4,body_close,at_transition,pullback,fresh,retested_2plus,12,8.416666666666666,1.1666666666666667,3.7080260254875803
M15@H4,body_close,at_transition,pullback,mature,retested_2plus,34,82.5,1.5588235294117647,3.707441303410876
M15@H4,body_close,at_transition,pullback,old,retested_2plus,12,457.6666666666667,1.4166666666666667,2.395921288098558
M15@H4,body_close,at_transition,pullback,young,retested_1,7,15.142857142857142,1.4285714285714286,3.2855161231337755
M15@H4,body_close,at_transition,pullback,young,retested_2plus,70,30.014285714285716,1.5571428571428572,3.1483446423363275
M15@H4,body_close,at_transition,push,mature,retested_2plus,5,85.4,1.6,2.0558233506039136
M15@H4,body_close,at_transition,push,old,retested_2plus,1,544.0,1.0,0.9298245614034587
M15@H4,body_close,at_transition,push,young,retested_2plus,6,20.833333333333332,1.5,1.7993712885648876
M15@H4,body_close,at_transition,reversal,fresh,retested_1,1,2.0,2.0,3.582877959927213
M15@H4,body_close,at_transition,reversal,fresh,retested_2plus,6,7.833333333333333,1.5,1.9632354406344306
M15@H4,body_close,at_transition,reversal,mature,retested_2plus,12,108.08333333333333,1.6666666666666667,4.127971861079143
M15@H4,body_close,at_transition,reversal,old,retested_2plus,5,406.6,1.2,1.9233900136533577
M15@H4,body_close,at_transition,reversal,young,retested_1,1,14.0,1.0,2.4888115365489965
M15@H4,body_close,at_transition,reversal,young,retested_2plus,31,25.483870967741936,1.3225806451612903,3.1516959761825083
M15@H4,body_close,neutral,continuation,fresh,retested_1,113,3.150442477876106,1.4690265486725664,1.5582431934468193
M15@H4,body_close,neutral,continuation,fresh,retested_2plus,8670,5.238523644752019,1.5224913494809689,1.6758172188396712
M15@H4,body_close,neutral,continuation,mature,retested_1,6,115.66666666666667,1.6666666666666667,1.0041219942306625
M15@H4,body_close,neutral,continuation,mature,retested_2plus,2175,103.99310344827586,1.497471264367816,2.3899078895308628
M15@H4,body_close,neutral,continuation,old,retested_1,1,260.0,1.0,1.4210858789473055
M15@H4,body_close,neutral,continuation,old,retested_2plus,690,431.18260869565216,1.5594202898550724,2.25256401680134
M15@H4,body_close,neutral,continuation,young,retested_1,30,21.633333333333333,1.4666666666666666,2.2233891840143496
M15@H4,body_close,neutral,continuation,young,retested_2plus,8072,24.07024281466799,1.4096878097125867,1.6514480066430752
M15@H4,body_close,neutral,pullback,fresh,retested_1,78,2.858974358974359,1.4871794871794872,1.589090434465675
M15@H4,body_close,neutral,pullback,fresh,retested_2plus,794,8.395465994962217,1.4408060453400504,2.026709961667927
M15@H4,body_close,neutral,pullback,mature,retested_2plus,1407,87.62615493958778,1.533049040511727,2.671997671760191
M15@H4,body_close,neutral,pullback,old,retested_2plus,430,464.26976744186044,1.3930232558139535,1.5826739656046578
M15@H4,body_close,neutral,pullback,young,retested_1,6,19.5,1.5,1.6107269721655564
M15@H4,body_close,neutral,pullback,young,retested_2plus,2774,27.811103100216293,1.5360490266762798,2.5299213669971627
M15@H4,body_close,neutral,push,fresh,retested_2plus,110,7.5181818181818185,0.8363636363636363,1.5003006637461955
M15@H4,body_close,neutral,push,mature,retested_1,1,54.0,1.0,0.05428780250118819
M15@H4,body_close,neutral,push,mature,retested_2plus,202,103.8069306930693,1.2227722772277227,1.648241592784661
M15@H4,body_close,neutral,push,old,retested_2plus,4,397.0,2.0,3.9503901326684394
M15@H4,body_close,neutral,push,young,retested_1,1,16.0,2.0,0.4979538944209439
M15@H4,body_close,neutral,push,young,retested_2plus,226,24.150442477876105,1.5442477876106195,1.6224683569216838
M15@H4,body_close,neutral,reversal,fresh,retested_1,7,4.714285714285714,1.4285714285714286,2.845086794694216
M15@H4,body_close,neutral,reversal,fresh,retested_2plus,275,5.505454545454546,1.210909090909091,1.6464379158853755
M15@H4,body_close,neutral,reversal,mature,retested_1,1,142.0,1.0,11.686531369660516
M15@H4,body_close,neutral,reversal,mature,retested_2plus,443,107.51467268623024,1.3363431151241536,3.6544724799350345
M15@H4,body_close,neutral,reversal,old,retested_2plus,85,394.09411764705885,1.2588235294117647,1.8313946383634556
M15@H4,body_close,neutral,reversal,young,retested_1,1,33.0,2.0,3.516775594140127
M15@H4,body_close,neutral,reversal,young,retested_2plus,977,31.09109518935517,1.496417604912999,2.495641808715309
M15@H4,body_close,with_daily,continuation,fresh,retested_1,185,2.881081081081081,2.389189189189189,1.5728693494419392
M15@H4,body_close,with_daily,continuation,fresh,retested_2plus,8488,4.730442978322338,2.1857917059377945,1.502992734835848
M15@H4,body_close,with_daily,continuation,mature,retested_1,1,173.0,1.0,0.6112922049177216
M15@H4,body_close,with_daily,continuation,mature,retested_2plus,1127,94.19787045252883,1.5119787045252884,2.2977702377275517
M15@H4,body_close,with_daily,continuation,old,retested_2plus,512,562.0078125,1.595703125,1.5899458201945273
M15@H4,body_close,with_daily,continuation,young,retested_1,24,16.833333333333332,2.5,1.613161065947451
M15@H4,body_close,with_daily,continuation,young,retested_2plus,6247,21.23211141347847,2.004962381943333,1.7038440983328746
M15@H4,body_close,with_daily,pullback,fresh,retested_1,67,2.537313432835821,2.044776119402985,1.4509143664030688
M15@H4,body_close,with_daily,pullback,fresh,retested_2plus,258,8.023255813953488,1.5193798449612403,2.8136988493495885
M15@H4,body_close,with_daily,pullback,mature,retested_2plus,490,89.35714285714286,1.8224489795918368,1.8228796571253838
M15@H4,body_close,with_daily,pullback,old,retested_2plus,230,469.4347826086956,1.6565217391304348,1.6344092702541646
M15@H4,body_close,with_daily,pullback,young,retested_1,7,15.571428571428571,2.7142857142857144,3.0675890018378804
M15@H4,body_close,with_daily,pullback,young,retested_2plus,2693,26.46565168956554,1.8886000742666171,2.596754384835061
M15@H4,body_close,with_daily,push,fresh,retested_1,2,8.0,3.0,1.826884426098435
M15@H4,body_close,with_daily,push,fresh,retested_2plus,222,8.085585585585585,2.675675675675676,1.2057958867751666
M15@H4,body_close,with_daily,push,mature,retested_2plus,141,92.09219858156028,2.0425531914893615,1.9559321949798534
M15@H4,body_close,with_daily,push,old,retested_2plus,4,382.0,3.0,2.5528379687706817
M15@H4,body_close,with_daily,push,young,retested_1,3,28.0,1.6666666666666667,0.6195421863259766
M15@H4,body_close,with_daily,push,young,retested_2plus,426,21.74413145539906,2.619718309859155,1.1510464737677069
M15@H4,body_close,with_daily,reversal,fresh,retested_2plus,168,9.172619047619047,1.1369047619047619,3.3067151548903873
M15@H4,body_close,with_daily,reversal,mature,retested_2plus,108,96.27777777777777,2.6296296296296298,3.447078860374004
M15@H4,body_close,with_daily,reversal,old,retested_2plus,216,616.7129629629629,1.6805555555555556,4.0369370552844135
M15@H4,body_close,with_daily,reversal,young,retested_1,1,21.0,3.0,1.4353196717578423
M15@H4,body_close,with_daily,reversal,young,retested_2plus,905,23.28839779005525,1.4983425414364642,2.9368793693320248
M15@H4,break_through,against_daily,continuation,fresh,first_touch,3,2.3333333333333335,1.0,2.7674005613912978
M15@H4,break_through,neutral,continuation,fresh,first_touch,1,3.0,2.0,3.240187713310577
M15@H4,break_through,neutral,pullback,fresh,first_touch,1,5.0,1.0,3.199831508003412
M15@H4,break_through,with_daily,continuation,fresh,first_touch,1,2.0,3.0,3.393776824034358
M15@H4,break_through,with_daily,pullback,fresh,first_touch,2,2.0,2.0,2.834470804361974
M15@H4,near_miss,against_daily,continuation,fresh,first_touch,339,3.262536873156342,2.224188790560472,3.325088270582362
M15@H4,near_miss,against_daily,continuation,fresh,retested_1,126,3.865079365079365,2.2857142857142856,3.3190000029375155
M15@H4,near_miss,against_daily,continuation,fresh,retested_2plus,1512,4.823412698412699,2.171957671957672,3.5630421884298644
M15@H4,near_miss,against_daily,continuation,mature,first_touch,18,118.94444444444444,2.2777777777777777,2.494931240309453
M15@H4,near_miss,against_daily,continuation,mature,retested_1,13,107.07692307692308,1.5384615384615385,3.219449059975829
M15@H4,near_miss,against_daily,continuation,mature,retested_2plus,755,104.70596026490067,2.332450331125828,3.834333376480007
M15@H4,near_miss,against_daily,continuation,old,first_touch,13,509.38461538461536,2.076923076923077,3.0051209860640187
M15@H4,near_miss,against_daily,continuation,old,retested_1,14,548.7142857142857,2.5,2.643788923388815
M15@H4,near_miss,against_daily,continuation,old,retested_2plus,529,558.7693761814745,2.5236294896030245,4.283319468538785
M15@H4,near_miss,against_daily,continuation,young,first_touch,76,21.92105263157895,1.7763157894736843,4.471727967858455
M15@H4,near_miss,against_daily,continuation,young,retested_1,52,25.596153846153847,1.9230769230769231,3.434172964303718
M15@H4,near_miss,against_daily,continuation,young,retested_2plus,727,29.011004126547455,1.764786795048143,4.148549447696146
M15@H4,near_miss,against_daily,pullback,fresh,first_touch,41,2.5853658536585367,2.4146341463414633,2.5321308467765986
M15@H4,near_miss,against_daily,pullback,fresh,retested_2plus,182,7.670329670329671,2.1153846153846154,3.6249277950598686
M15@H4,near_miss,against_daily,pullback,mature,first_touch,1,196.0,3.0,2.3631708643124463
M15@H4,near_miss,against_daily,pullback,mature,retested_1,5,89.4,3.0,2.482171062334981
M15@H4,near_miss,against_daily,pullback,mature,retested_2plus,376,101.00531914893617,2.223404255319149,4.052419146018141
M15@H4,near_miss,against_daily,pullback,old,first_touch,2,878.5,2.0,4.661818872920433
M15@H4,near_miss,against_daily,pullback,old,retested_1,9,211.88888888888889,3.0,3.078179928600066
M15@H4,near_miss,against_daily,pullback,old,retested_2plus,267,615.3670411985019,2.6591760299625467,3.6159129601741675
M15@H4,near_miss,against_daily,pullback,young,first_touch,3,27.0,1.0,3.7344258823047327
M15@H4,near_miss,against_daily,pullback,young,retested_1,3,48.666666666666664,3.0,2.3120821388795556
M15@H4,near_miss,against_daily,pullback,young,retested_2plus,336,30.532738095238095,1.7648809523809523,3.930722515729577
M15@H4,near_miss,against_daily,push,mature,first_touch,3,100.66666666666667,2.3333333333333335,1.4507031252341853
M15@H4,near_miss,against_daily,push,mature,retested_1,1,99.0,2.0,1.455365491447115
M15@H4,near_miss,against_daily,push,mature,retested_2plus,121,108.55371900826447,2.190082644628099,3.765170727587383
M15@H4,near_miss,against_daily,push,old,retested_2plus,10,484.8,1.2,2.3560549815014515
M15@H4,near_miss,against_daily,push,young,first_touch,1,36.0,1.0,1.9713750963338064
M15@H4,near_miss,against_daily,push,young,retested_1,2,34.5,1.0,2.8181838448720273
M15@H4,near_miss,against_daily,push,young,retested_2plus,131,28.53435114503817,1.3206106870229009,3.209630370893471
M15@H4,near_miss,against_daily,reversal,fresh,first_touch,39,3.4871794871794872,2.769230769230769,3.3925106609740614
M15@H4,near_miss,against_daily,reversal,fresh,retested_1,9,2.888888888888889,3.0,2.2843449700452796
M15@H4,near_miss,against_daily,reversal,fresh,retested_2plus,232,5.512931034482759,2.935344827586207,3.262216872938286
M15@H4,near_miss,against_daily,reversal,mature,first_touch,2,130.0,2.0,7.179359968351641
M15@H4,near_miss,against_daily,reversal,mature,retested_2plus,74,132.27027027027026,2.4594594594594597,5.719891187970601
M15@H4,near_miss,against_daily,reversal,old,first_touch,1,316.0,3.0,3.862580775444405
M15@H4,near_miss,against_daily,reversal,old,retested_2plus,122,590.3770491803278,2.4836065573770494,4.9104413820584405
M15@H4,near_miss,against_daily,reversal,young,first_touch,7,18.714285714285715,2.857142857142857,4.13964254357636
M15@H4,near_miss,against_daily,reversal,young,retested_1,4,17.0,1.0,4.404516878431229
M15@H4,near_miss,against_daily,reversal,young,retested_2plus,81,25.728395061728396,2.3580246913580245,4.895605990272491
M15@H4,near_miss,at_transition,continuation,fresh,first_touch,4,2.25,1.75,5.2653576465117515
M15@H4,near_miss,at_transition,continuation,fresh,retested_2plus,12,6.5,1.75,3.9451184174101015
M15@H4,near_miss,at_transition,continuation,mature,retested_2plus,7,99.0,1.5714285714285714,4.991444525754508
M15@H4,near_miss,at_transition,continuation,old,retested_2plus,1,602.0,2.0,6.866401590457249
M15@H4,near_miss,at_transition,continuation,young,first_touch,6,20.5,1.3333333333333333,3.8620691883533786
M15@H4,near_miss,at_transition,continuation,young,retested_1,1,14.0,2.0,2.613403350837745
M15@H4,near_miss,at_transition,continuation,young,retested_2plus,18,22.444444444444443,1.5,4.719943756440116
M15@H4,near_miss,at_transition,pullback,fresh,first_touch,4,2.0,1.25,4.101993584242906
M15@H4,near_miss,at_transition,pullback,fresh,retested_2plus,1,9.0,2.0,3.042574257425764
M15@H4,near_miss,at_transition,pullback,mature,retested_2plus,5,84.4,1.6,5.239554845905182
M15@H4,near_miss,at_transition,pullback,young,first_touch,1,15.0,1.0,6.559680982457896
M15@H4,near_miss,at_transition,pullback,young,retested_2plus,14,31.571428571428573,1.5,6.230531498446153
M15@H4,near_miss,at_transition,push,mature,retested_2plus,1,68.0,2.0,4.612808842652621
M15@H4,near_miss,at_transition,push,young,retested_2plus,1,39.0,1.0,5.807785888077706
M15@H4,near_miss,at_transition,reversal,fresh,retested_2plus,1,10.0,1.0,8.452790995820708
M15@H4,near_miss,at_transition,reversal,young,retested_2plus,4,25.75,1.25,3.6749413258505363
M15@H4,near_miss,neutral,continuation,fresh,first_touch,198,3.8333333333333335,1.6363636363636365,3.1632057283811554
M15@H4,near_miss,neutral,continuation,fresh,retested_1,94,4.414893617021277,1.5319148936170213,3.3067727233279225
M15@H4,near_miss,neutral,continuation,fresh,retested_2plus,1120,5.284821428571429,1.4901785714285714,3.385479867696824
M15@H4,near_miss,neutral,continuation,mature,first_touch,19,120.52631578947368,1.368421052631579,2.854126362025505
M15@H4,near_miss,neutral,continuation,mature,retested_1,2,120.5,2.0,1.4542185480627627
M15@H4,near_miss,neutral,continuation,mature,retested_2plus,416,103.35817307692308,1.4014423076923077,4.050448934283344
M15@H4,near_miss,neutral,continuation,old,retested_2plus,143,560.2727272727273,1.5454545454545454,3.8503785202065015
M15@H4,near_miss,neutral,continuation,young,first_touch,67,21.567164179104477,1.5671641791044777,4.107070222172547
M15@H4,near_miss,neutral,continuation,young,retested_1,33,23.727272727272727,1.303030303030303,3.04902574904841
M15@H4,near_miss,neutral,continuation,young,retested_2plus,908,24.666299559471366,1.4658590308370043,3.484753837960574
M15@H4,near_miss,neutral,pullback,fresh,first_touch,18,2.2777777777777777,1.7222222222222223,3.251942509269375
M15@H4,near_miss,neutral,pullback,fresh,retested_2plus,66,8.454545454545455,1.6363636363636365,4.718760211532286
M15@H4,near_miss,neutral,pullback,mature,first_touch,1,155.0,2.0,1.7244710786853579
M15@H4,near_miss,neutral,pullback,mature,retested_2plus,213,90.48356807511738,1.3990610328638498,3.8277874652311747
M15@H4,near_miss,neutral,pullback,old,retested_2plus,88,636.1931818181819,1.6704545454545454,2.9690314504002315
M15@H4,near_miss,neutral,pullback,young,first_touch,3,26.0,1.0,2.3352337788833
M15@H4,near_miss,neutral,pullback,young,retested_1,7,16.571428571428573,1.0,2.325483735012246
M15@H4,near_miss,neutral,pullback,young,retested_2plus,496,27.858870967741936,1.4516129032258065,4.350322735623385
M15@H4,near_miss,neutral,push,mature,first_touch,1,54.0,1.0,0.5243519562067216
M15@H4,near_miss,neutral,push,mature,retested_2plus,84,94.77380952380952,1.380952380952381,3.1590753980853417
M15@H4,near_miss,neutral,push,old,retested_2plus,7,410.42857142857144,1.8571428571428572,4.685309846719568
M15@H4,near_miss,neutral,push,young,first_touch,1,15.0,2.0,1.8133144438058828
M15@H4,near_miss,neutral,push,young,retested_1,1,19.0,2.0,2.6667734767981894
M15@H4,near_miss,neutral,push,young,retested_2plus,51,25.176470588235293,1.3137254901960784,2.90985851620216
M15@H4,near_miss,neutral,reversal,fresh,first_touch,7,4.285714285714286,1.7142857142857142,4.223659536584135
M15@H4,near_miss,neutral,reversal,fresh,retested_1,4,6.0,1.75,3.1621984790687745
M15@H4,near_miss,neutral,reversal,fresh,retested_2plus,10,8.5,1.7,3.7557576681490317
M15@H4,near_miss,neutral,reversal,mature,first_touch,12,128.66666666666666,2.0,3.558162223932546
M15@H4,near_miss,neutral,reversal,mature,retested_2plus,24,119.66666666666667,1.7083333333333333,6.6236126596623635
M15@H4,near_miss,neutral,reversal,old,retested_2plus,36,400.77777777777777,1.1111111111111112,4.618062758583003
M15@H4,near_miss,neutral,reversal,young,retested_2plus,97,31.350515463917525,1.4123711340206186,4.423789094419556
M15@H4,near_miss,with_daily,continuation,fresh,first_touch,224,3.5089285714285716,2.25,2.712039873030946
M15@H4,near_miss,with_daily,continuation,fresh,retested_1,122,3.8278688524590163,2.360655737704918,2.9613337828600033
M15@H4,near_miss,with_daily,continuation,fresh,retested_2plus,1349,5.153446997776131,2.2594514455151966,3.148212656389093
M15@H4,near_miss,with_daily,continuation,mature,first_touch,1,173.0,1.0,2.0714889828622685
M15@H4,near_miss,with_daily,continuation,mature,retested_2plus,144,82.93055555555556,1.7708333333333333,3.6259568851700417
M15@H4,near_miss,with_daily,continuation,old,retested_2plus,87,423.7931034482759,1.6091954022988506,3.708472609084572
M15@H4,near_miss,with_daily,continuation,young,first_touch,48,18.9375,2.0625,2.844539885809786
M15@H4,near_miss,with_daily,continuation,young,retested_1,31,16.774193548387096,2.3548387096774195,2.5487838833476557
M15@H4,near_miss,with_daily,continuation,young,retested_2plus,1102,22.488203266787657,2.133393829401089,3.4180229742226085
M15@H4,near_miss,with_daily,pullback,fresh,first_touch,23,2.608695652173913,2.0434782608695654,3.117306060400096
M15@H4,near_miss,with_daily,pullback,fresh,retested_2plus,34,8.647058823529411,1.2647058823529411,5.012908575093599
M15@H4,near_miss,with_daily,pullback,mature,retested_2plus,192,97.29166666666667,1.734375,3.3230835242733274
M15@H4,near_miss,with_daily,pullback,old,retested_2plus,27,382.77777777777777,2.111111111111111,3.4555851674530706
M15@H4,near_miss,with_daily,pullback,young,first_touch,6,16.666666666666668,2.3333333333333335,4.362415818821971
M15@H4,near_miss,with_daily,pullback,young,retested_1,2,17.0,2.0,4.430036408238317
M15@H4,near_miss,with_daily,pullback,young,retested_2plus,606,25.917491749174918,1.8052805280528053,4.531171428868639
M15@H4,near_miss,with_daily,push,fresh,first_touch,1,8.0,3.0,2.3445284855028468
M15@H4,near_miss,with_daily,push,fresh,retested_1,1,6.0,3.0,6.167071393880438
M15@H4,near_miss,with_daily,push,fresh,retested_2plus,55,8.236363636363636,3.0,3.251737963686531
M15@H4,near_miss,with_daily,push,mature,retested_2plus,39,114.2051282051282,2.1025641025641026,4.18147378363882
M15@H4,near_miss,with_daily,push,old,retested_2plus,2,419.5,2.0,2.8091281861670128
M15@H4,near_miss,with_daily,push,young,first_touch,3,36.0,1.6666666666666667,1.6955041756228393
M15@H4,near_miss,with_daily,push,young,retested_1,3,34.0,2.6666666666666665,1.7633768445009759
M15@H4,near_miss,with_daily,push,young,retested_2plus,136,23.58823529411765,2.389705882352941,2.8981999491240646
M15@H4,near_miss,with_daily,reversal,fresh,retested_2plus,13,9.461538461538462,1.0,5.981585911860526
M15@H4,near_miss,with_daily,reversal,mature,retested_2plus,39,113.97435897435898,1.8974358974358974,9.184541905600778
M15@H4,near_miss,with_daily,reversal,old,retested_2plus,18,464.1111111111111,1.8888888888888888,4.201159751264381
M15@H4,near_miss,with_daily,reversal,young,first_touch,2,21.0,3.0,2.311644549050405
M15@H4,near_miss,with_daily,reversal,young,retested_2plus,76,18.144736842105264,1.618421052631579,4.573084645945393
M15@H4,wick_touch,against_daily,continuation,fresh,retested_1,125,3.68,2.192,2.7170526007972295
M15@H4,wick_touch,against_daily,continuation,fresh,retested_2plus,1873,4.613988254137747,2.200213561131874,3.4234083023085886
M15@H4,wick_touch,against_daily,continuation,mature,retested_1,8,106.625,2.25,2.5619709358628837
M15@H4,wick_touch,against_daily,continuation,mature,retested_2plus,726,107.50137741046832,2.3636363636363638,3.6455745800619384
M15@H4,wick_touch,against_daily,continuation,old,retested_1,4,650.25,2.0,4.238578899655192
M15@H4,wick_touch,against_daily,continuation,old,retested_2plus,467,556.3961456102784,2.5396145610278373,4.1191737737705605
M15@H4,wick_touch,against_daily,continuation,young,retested_1,26,23.192307692307693,1.8461538461538463,3.791210330875333
M15@H4,wick_touch,against_daily,continuation,young,retested_2plus,925,28.534054054054053,1.8064864864864865,3.864968203523487
M15@H4,wick_touch,against_daily,pullback,fresh,retested_1,34,2.9411764705882355,2.323529411764706,3.284691055067577
M15@H4,wick_touch,against_daily,pullback,fresh,retested_2plus,177,7.254237288135593,2.056497175141243,3.364103075094535
M15@H4,wick_touch,against_daily,pullback,mature,retested_1,5,109.4,2.6,2.2359034825910036
M15@H4,wick_touch,against_daily,pullback,mature,retested_2plus,308,100.84740259740259,2.25,4.140074728485315
M15@H4,wick_touch,against_daily,pullback,old,retested_1,2,346.5,2.5,0.9818202039506331
M15@H4,wick_touch,against_daily,pullback,old,retested_2plus,218,676.1605504587156,2.5779816513761467,3.7425731838647214
M15@H4,wick_touch,against_daily,pullback,young,retested_1,5,15.2,2.4,3.419026123483851
M15@H4,wick_touch,against_daily,pullback,young,retested_2plus,361,31.46814404432133,1.7894736842105263,3.9604395745340275
M15@H4,wick_touch,against_daily,push,mature,retested_1,5,106.0,2.0,1.0562502129187283
M15@H4,wick_touch,against_daily,push,mature,retested_2plus,114,107.57894736842105,2.175438596491228,3.271798300981931
M15@H4,wick_touch,against_daily,push,old,retested_1,1,337.0,3.0,2.7644025604552516
M15@H4,wick_touch,against_daily,push,old,retested_2plus,10,450.5,2.2,2.7321025549839955
M15@H4,wick_touch,against_daily,push,young,retested_1,1,36.0,1.0,1.9286262471219862
M15@H4,wick_touch,against_daily,push,young,retested_2plus,137,26.072992700729927,1.5036496350364963,3.347506017100686
M15@H4,wick_touch,against_daily,reversal,fresh,retested_1,17,3.5294117647058822,2.5294117647058822,3.187121651294344
M15@H4,wick_touch,against_daily,reversal,fresh,retested_2plus,260,5.523076923076923,2.8653846153846154,3.2903926579216125
M15@H4,wick_touch,against_daily,reversal,mature,retested_1,2,114.5,2.0,4.843454807036327
M15@H4,wick_touch,against_daily,reversal,mature,retested_2plus,62,129.29032258064515,2.338709677419355,6.4825237674094085
M15@H4,wick_touch,against_daily,reversal,old,retested_2plus,125,585.304,2.456,4.388455909724183
M15@H4,wick_touch,against_daily,reversal,young,retested_1,2,16.0,2.0,2.5069466345530618
M15@H4,wick_touch,against_daily,reversal,young,retested_2plus,99,25.050505050505052,2.101010101010101,3.990164373739308
M15@H4,wick_touch,at_transition,continuation,fresh,retested_1,3,2.3333333333333335,1.0,4.455401686737512
M15@H4,wick_touch,at_transition,continuation,fresh,retested_2plus,17,5.9411764705882355,1.411764705882353,4.744687858293872
M15@H4,wick_touch,at_transition,continuation,mature,retested_1,1,60.0,2.0,2.4110961279135745
M15@H4,wick_touch,at_transition,continuation,mature,retested_2plus,13,76.92307692307692,1.4615384615384615,4.759058059594227
M15@H4,wick_touch,at_transition,continuation,old,retested_2plus,4,627.75,1.75,6.352204950100473
M15@H4,wick_touch,at_transition,continuation,young,retested_1,7,16.142857142857142,1.4285714285714286,4.178653968479002
M15@H4,wick_touch,at_transition,continuation,young,retested_2plus,32,23.5,1.40625,4.296949387781113
M15@H4,wick_touch,at_transition,pullback,fresh,retested_1,2,6.5,2.0,4.917553648801353
M15@H4,wick_touch,at_transition,pullback,fresh,retested_2plus,2,8.5,1.0,5.650932474509188
M15@H4,wick_touch,at_transition,pullback,mature,retested_2plus,2,75.0,2.0,1.6771412078793335
M15@H4,wick_touch,at_transition,pullback,old,retested_2plus,2,419.5,1.0,4.339355989082155
M15@H4,wick_touch,at_transition,pullback,young,retested_2plus,14,25.714285714285715,1.4285714285714286,5.471169791132854
M15@H4,wick_touch,at_transition,push,mature,retested_2plus,3,119.0,2.0,3.8179556326575326
M15@H4,wick_touch,at_transition,push,old,retested_2plus,1,395.0,2.0,4.0521460843372035
M15@H4,wick_touch,at_transition,push,young,retested_2plus,4,24.75,1.0,3.6666151609599327
M15@H4,wick_touch,at_transition,reversal,fresh,retested_2plus,1,9.0,1.0,3.040655959743946
M15@H4,wick_touch,at_transition,reversal,old,retested_2plus,2,803.0,1.5,10.364723821384441
M15@H4,wick_touch,at_transition,reversal,young,retested_2plus,1,34.0,1.0,6.397194000967675
M15@H4,wick_touch,neutral,continuation,fresh,retested_1,87,3.6091954022988504,1.528735632183908,2.9990378686789843
M15@H4,wick_touch,neutral,continuation,fresh,retested_2plus,1284,5.036604361370716,1.4953271028037383,3.1737659107399345
M15@H4,wick_touch,neutral,continuation,mature,retested_1,3,136.33333333333334,1.3333333333333333,2.0151894719970422
M15@H4,wick_touch,neutral,continuation,mature,retested_2plus,359,109.86629526462396,1.4791086350974931,3.9445892747528415
M15@H4,wick_touch,neutral,continuation,old,retested_1,1,506.0,2.0,1.2105813467168307
M15@H4,wick_touch,neutral,continuation,old,retested_2plus,126,513.4206349206349,1.5158730158730158,3.93281237934184
M15@H4,wick_touch,neutral,continuation,young,retested_1,24,21.541666666666668,1.4166666666666667,3.018577836258073
M15@H4,wick_touch,neutral,continuation,young,retested_2plus,895,24.86927374301676,1.4860335195530727,3.3869378170858853
M15@H4,wick_touch,neutral,pullback,fresh,retested_1,20,2.95,1.4,2.777656806663315
M15@H4,wick_touch,neutral,pullback,fresh,retested_2plus,76,8.342105263157896,1.5526315789473684,4.765306925401681
M15@H4,wick_touch,neutral,pullback,mature,retested_2plus,221,91.35746606334841,1.4253393665158371,3.933630449715316
M15@H4,wick_touch,neutral,pullback,old,retested_1,1,1512.0,1.0,2.7009554787558567
M15@H4,wick_touch,neutral,pullback,old,retested_2plus,74,513.2567567567568,1.635135135135135,3.1198214626794383
M15@H4,wick_touch,neutral,pullback,young,retested_1,7,16.0,1.0,2.6944544668848205
M15@H4,wick_touch,neutral,pullback,young,retested_2plus,426,27.603286384976524,1.42018779342723,4.188275146003414
M15@H4,wick_touch,neutral,push,fresh,retested_2plus,3,7.0,0.0,2.0678595391805255
M15@H4,wick_touch,neutral,push,mature,retested_2plus,53,89.09433962264151,1.3018867924528301,3.1718049596362357
M15@H4,wick_touch,neutral,push,old,retested_2plus,1,397.0,2.0,4.7558868006049515
M15@H4,wick_touch,neutral,push,young,retested_1,1,41.0,2.0,1.492385786802017
M15@H4,wick_touch,neutral,push,young,retested_2plus,54,25.87037037037037,1.3888888888888888,2.620608504574874
M15@H4,wick_touch,neutral,reversal,fresh,retested_1,4,5.5,1.0,3.1161347491784466
M15@H4,wick_touch,neutral,reversal,fresh,retested_2plus,17,7.294117647058823,1.588235294117647,3.991489411079997
M15@H4,wick_touch,neutral,reversal,mature,retested_2plus,15,122.73333333333333,1.5333333333333334,5.382070803252753
M15@H4,wick_touch,neutral,reversal,old,retested_2plus,25,356.92,1.12,3.963606256258991
M15@H4,wick_touch,neutral,reversal,young,retested_2plus,76,26.80263157894737,1.618421052631579,4.374057767503981
M15@H4,wick_touch,with_daily,continuation,fresh,retested_1,123,3.268292682926829,2.268292682926829,2.4699944517868593
M15@H4,wick_touch,with_daily,continuation,fresh,retested_2plus,1469,4.727705922396188,2.2096664397549355,2.850517208662426
M15@H4,wick_touch,with_daily,continuation,mature,retested_1,2,68.0,2.0,2.1438140971761888
M15@H4,wick_touch,with_daily,continuation,mature,retested_2plus,167,89.63473053892216,1.718562874251497,3.275736274793608
M15@H4,wick_touch,with_daily,continuation,old,retested_2plus,77,446.83116883116884,1.6233766233766234,3.405205961820108
M15@H4,wick_touch,with_daily,continuation,young,retested_1,23,19.304347826086957,2.0434782608695654,2.379150820159495
M15@H4,wick_touch,with_daily,continuation,young,retested_2plus,1128,21.79609929078014,2.125,3.2449871812575983
M15@H4,wick_touch,with_daily,pullback,fresh,retested_1,20,2.75,1.85,3.063694324910863
M15@H4,wick_touch,with_daily,pullback,fresh,retested_2plus,40,7.95,1.5,4.704599617790686
M15@H4,wick_touch,with_daily,pullback,mature,retested_1,1,86.0,2.0,1.18537986360995
M15@H4,wick_touch,with_daily,pullback,mature,retested_2plus,114,90.20175438596492,1.9298245614035088,3.458083696549294
M15@H4,wick_touch,with_daily,pullback,old,retested_2plus,36,548.8055555555555,1.8611111111111112,3.25886189687869
M15@H4,wick_touch,with_daily,pullback,young,retested_1,2,13.0,1.0,2.998109737551273
M15@H4,wick_touch,with_daily,pullback,young,retested_2plus,526,25.8212927756654,1.8307984790874525,4.355489475927835
M15@H4,wick_touch,with_daily,push,fresh,retested_1,1,6.0,3.0,5.102872062663175
M15@H4,wick_touch,with_daily,push,fresh,retested_2plus,61,7.967213114754099,3.0,2.537657922468858
M15@H4,wick_touch,with_daily,push,mature,retested_2plus,47,90.51063829787235,2.3191489361702127,3.0713157583919477
M15@H4,wick_touch,with_daily,push,old,retested_2plus,2,419.5,2.0,2.909949211049718
M15@H4,wick_touch,with_daily,push,young,retested_1,5,26.0,2.8,2.0212733981861293
M15@H4,wick_touch,with_daily,push,young,retested_2plus,115,22.6,2.4347826086956523,2.6581814310331744
M15@H4,wick_touch,with_daily,reversal,fresh,retested_2plus,40,9.4,1.1,5.603513110414404
M15@H4,wick_touch,with_daily,reversal,mature,retested_2plus,29,102.72413793103448,2.0,8.5890441404915
M15@H4,wick_touch,with_daily,reversal,old,retested_2plus,28,600.2142857142857,1.5357142857142858,4.468355233298021
M15@H4,wick_touch,with_daily,reversal,young,retested_2plus,114,18.68421052631579,1.4473684210526316,4.285224838290236
M1@M15,body_close,against_daily,continuation,fresh,retested_1,603,3.3117744610281923,2.1625207296849087,1.668359879800753
M1@M15,body_close,against_daily,continuation,fresh,retested_2plus,34146,5.249809640953552,2.173285304281614,1.5044905458913869
M1@M15,body_close,against_daily,continuation,mature,retested_1,10,76.9,2.2,0.9552608727884022
M1@M15,body_close,against_daily,continuation,mature,retested_2plus,3776,84.72378177966101,2.0015889830508473,2.463715593104161
M1@M15,body_close,against_daily,continuation,old,retested_1,7,698.8571428571429,2.4285714285714284,1.796517158271941
M1@M15,body_close,against_daily,continuation,old,retested_2plus,9568,1104.8222198996655,2.1974289297658864,3.449421045613707
M1@M15,body_close,against_daily,continuation,young,retested_1,52,19.326923076923077,2.1923076923076925,1.670321242849231
M1@M15,body_close,against_daily,continuation,young,retested_2plus,19395,22.139881412735242,2.1351894818252126,1.8918643844824963
M1@M15,body_close,against_daily,pullback,fresh,retested_1,269,2.721189591078067,2.241635687732342,1.4294558410523166
M1@M15,body_close,against_daily,pullback,fresh,retested_2plus,2377,7.921329406815313,2.2250736222128733,2.102856336052594
M1@M15,body_close,against_daily,pullback,mature,retested_1,4,94.25,1.75,1.0529482688089458
M1@M15,body_close,against_daily,pullback,mature,retested_2plus,2348,79.92291311754686,1.9931856899488927,4.010583996368646
M1@M15,body_close,against_daily,pullback,old,retested_1,4,491.75,2.25,2.260932995370078
M1@M15,body_close,against_daily,pullback,old,retested_2plus,3949,1184.0351987845024,2.0790073436312992,3.8133757323105617
M1@M15,body_close,against_daily,pullback,young,retested_1,1,12.0,1.0,4.868181818181184
M1@M15,body_close,against_daily,pullback,young,retested_2plus,7461,23.280257338158425,2.115668140999866,2.6701483695131034
M1@M15,body_close,against_daily,push,old,retested_1,1,276.0,1.0,1.05141129032274
M1@M15,body_close,against_daily,push,old,retested_2plus,450,956.9066666666666,1.0,3.1330361564989575
M1@M15,body_close,against_daily,push,young,retested_2plus,7,24.571428571428573,1.0,8.891433620879441
M1@M15,body_close,against_daily,reversal,fresh,retested_1,68,3.161764705882353,2.5294117647058822,1.712564440250898
M1@M15,body_close,against_daily,reversal,fresh,retested_2plus,3361,5.642368342755132,2.4144599821481703,1.8530707216287459
M1@M15,body_close,against_daily,reversal,mature,retested_1,1,191.0,3.0,1.2819339295243197
M1@M15,body_close,against_daily,reversal,mature,retested_2plus,1804,79.59811529933481,2.515521064301552,2.502634796888116
M1@M15,body_close,against_daily,reversal,old,retested_1,2,397.5,2.0,2.132528890079417
M1@M15,body_close,against_daily,reversal,old,retested_2plus,1203,1284.501246882793,2.005818786367415,4.67619920037551
M1@M15,body_close,against_daily,reversal,young,retested_1,4,16.5,2.25,2.0900950623503425
M1@M15,body_close,against_daily,reversal,young,retested_2plus,6195,28.322356739305892,2.6016142050040356,3.1683825608897913
M1@M15,body_close,at_transition,continuation,fresh,retested_1,6,8.0,1.5,1.4738819405663544
M1@M15,body_close,at_transition,continuation,fresh,retested_2plus,11,9.090909090909092,1.4545454545454546,1.1421274581877727
M1@M15,body_close,at_transition,continuation,mature,retested_1,1,199.0,2.0,0.6722560975609578
M1@M15,body_close,at_transition,continuation,mature,retested_2plus,6,131.0,1.5,1.6381765570746978
M1@M15,body_close,at_transition,continuation,old,retested_2plus,24,471.8333333333333,1.4166666666666667,2.263934894716009
M1@M15,body_close,at_transition,continuation,young,retested_1,3,14.333333333333334,1.3333333333333333,1.4877873079372501
M1@M15,body_close,at_transition,continuation,young,retested_2plus,42,21.738095238095237,1.4047619047619047,2.4090109792908754
M1@M15,body_close,at_transition,pullback,fresh,retested_1,1,6.0,2.0,1.2822252374485397
M1@M15,body_close,at_transition,pullback,mature,retested_1,1,198.0,1.0,0.8614529575229413
M1@M15,body_close,at_transition,pullback,mature,retested_2plus,4,110.0,1.5,3.0171602264251125
M1@M15,body_close,at_transition,pullback,old,retested_1,1,215.0,2.0,1.9111784002019712
M1@M15,body_close,at_transition,pullback,old,retested_2plus,16,590.1875,1.3125,3.1024197224419257
M1@M15,body_close,at_transition,pullback,young,retested_2plus,20,25.15,1.4,3.680294025416064
M1@M15,body_close,at_transition,push,old,retested_2plus,2,607.5,1.0,1.6825079078548266
M1@M15,body_close,at_transition,reversal,fresh,retested_1,1,6.0,2.0,0.6259973404254309
M1@M15,body_close,at_transition,reversal,mature,retested_2plus,1,94.0,1.0,3.416372894633802
M1@M15,body_close,at_transition,reversal,old,retested_2plus,3,1355.3333333333333,1.3333333333333333,5.456803442719814
M1@M15,body_close,at_transition,reversal,young,retested_2plus,3,23.0,2.0,0.3418553651600577
M1@M15,body_close,neutral,continuation,fresh,retested_1,316,3.259493670886076,1.5253164556962024,1.6163939552531001
M1@M15,body_close,neutral,continuation,fresh,retested_2plus,18437,5.272007376471226,1.4635786733199545,1.5677994922937073
M1@M15,body_close,neutral,continuation,mature,retested_1,8,115.25,1.5,1.3728091678183765
M1@M15,body_close,neutral,continuation,mature,retested_2plus,3411,81.66490765171504,1.5112870126062738,2.5992544710061236
M1@M15,body_close,neutral,continuation,old,retested_1,8,311.5,1.875,1.4276165942328238
M1@M15,body_close,neutral,continuation,old,retested_2plus,4264,472.00797373358347,1.549718574108818,4.1548844675279595
M1@M15,body_close,neutral,continuation,young,retested_1,31,22.741935483870968,1.5161290322580645,1.6140113232746693
M1@M15,body_close,neutral,continuation,young,retested_2plus,12221,22.990508141723264,1.572539072089027,2.0107444608702187
M1@M15,body_close,neutral,pullback,fresh,retested_1,148,2.675675675675676,1.385135135135135,1.5675826216687059
M1@M15,body_close,neutral,pullback,fresh,retested_2plus,1267,7.801894238358327,1.2257300710339385,2.625426902461829
M1@M15,body_close,neutral,pullback,mature,retested_1,2,125.5,1.0,0.6681508320789356
M1@M15,body_close,neutral,pullback,mature,retested_2plus,1756,80.74373576309794,1.6509111617312073,3.0558478584564233
M1@M15,body_close,neutral,pullback,old,retested_1,2,861.0,1.5,1.558103726180376
M1@M15,body_close,neutral,pullback,old,retested_2plus,2269,598.9625385632437,1.4746584398413398,5.469060304661504
M1@M15,body_close,neutral,pullback,young,retested_1,2,33.5,1.5,0.8664106871906012
M1@M15,body_close,neutral,pullback,young,retested_2plus,4373,25.513834895952435,1.6210839240795791,2.9563213369271555
M1@M15,body_close,neutral,push,fresh,retested_1,1,10.0,1.0,0.3381387719848678
M1@M15,body_close,neutral,push,fresh,retested_2plus,221,7.244343891402715,1.5384615384615385,1.6950379273419662
M1@M15,body_close,neutral,push,mature,retested_1,1,194.0,1.0,0.6587853500232472
M1@M15,body_close,neutral,push,mature,retested_2plus,63,59.23809523809524,0.047619047619047616,1.12893830836618
M1@M15,body_close,neutral,push,old,retested_1,1,263.0,2.0,0.9774268783614816
M1@M15,body_close,neutral,push,old,retested_2plus,23,642.4347826086956,2.0,0.3306474077511559
M1@M15,body_close,neutral,push,young,retested_2plus,426,23.22300469483568,0.9530516431924883,2.788954144204089
M1@M15,body_close,neutral,reversal,fresh,retested_1,18,3.4444444444444446,1.4444444444444444,1.8416708871308083
M1@M15,body_close,neutral,reversal,fresh,retested_2plus,1069,6.134705332086062,1.431244153414406,1.7333671242578619
M1@M15,body_close,neutral,reversal,mature,retested_1,1,95.0,2.0,4.478346456692777
M1@M15,body_close,neutral,reversal,mature,retested_2plus,396,115.37373737373737,1.9292929292929293,3.165275535336375
M1@M15,body_close,neutral,reversal,old,retested_2plus,717,1151.0069735006973,1.398884239888424,9.139700673223029
M1@M15,body_close,neutral,reversal,young,retested_1,1,23.0,2.0,12.77739726027149
M1@M15,body_close,neutral,reversal,young,retested_2plus,1466,18.744201909959074,1.4720327421555253,2.7956085969519084
M1@M15,body_close,with_daily,continuation,fresh,retested_1,629,3.313195548489666,2.16852146263911,1.8766715211128921
M1@M15,body_close,with_daily,continuation,fresh,retested_2plus,34846,5.269787063077541,2.1613958560523447,1.7443197095021863
M1@M15,body_close,with_daily,continuation,mature,retested_1,17,132.11764705882354,2.176470588235294,1.3432749651688163
M1@M15,body_close,with_daily,continuation,mature,retested_2plus,11063,100.34556630208805,2.0060562234475277,3.0715225438263993
M1@M15,body_close,with_daily,continuation,old,retested_1,11,341.45454545454544,2.5454545454545454,1.0207184855563953
M1@M15,body_close,with_daily,continuation,old,retested_2plus,5174,419.5253189022033,2.2385001932740627,2.70029996002134
M1@M15,body_close,with_daily,continuation,young,retested_1,52,23.25,2.3076923076923075,1.457401085665659
M1@M15,body_close,with_daily,continuation,young,retested_2plus,23891,24.049683981415598,2.1619019714536853,2.2979525172639192
M1@M15,body_close,with_daily,pullback,fresh,retested_1,312,2.8044871794871793,2.2275641025641026,1.6730387247658485
M1@M15,body_close,with_daily,pullback,fresh,retested_2plus,2642,7.840651021953066,2.275927327781983,2.200038181052631
M1@M15,body_close,with_daily,pullback,mature,retested_1,8,137.75,1.5,0.6595005971630351
M1@M15,body_close,with_daily,pullback,mature,retested_2plus,5500,102.81781818181818,2.2183636363636365,3.2612071832745966
M1@M15,body_close,with_daily,pullback,old,retested_1,2,399.5,2.5,1.0720853503723946
M1@M15,body_close,with_daily,pullback,old,retested_2plus,2520,519.0198412698413,2.169047619047619,3.2520583674679306
M1@M15,body_close,with_daily,pullback,young,retested_1,4,17.75,1.5,1.091346096946896
M1@M15,body_close,with_daily,pullback,young,retested_2plus,10460,25.047992351816443,2.1040152963671126,3.3342320002656165
M1@M15,body_close,with_daily,push,fresh,retested_1,2,7.5,3.0,0.40078963318417865
M1@M15,body_close,with_daily,push,fresh,retested_2plus,220,7.795454545454546,2.6863636363636365,0.999612953678638
M1@M15,body_close,with_daily,push,mature,retested_1,4,94.25,2.75,0.26375657926831253
M1@M15,body_close,with_daily,push,mature,retested_2plus,626,78.73003194888179,3.0,1.496189582998893
M1@M15,body_close,with_daily,push,old,retested_2plus,635,541.155905511811,2.3039370078740156,2.3950382334153155
M1@M15,body_close,with_daily,push,young,retested_1,7,26.428571428571427,3.0,1.294314199315078
M1@M15,body_close,with_daily,push,young,retested_2plus,917,25.249727371864775,2.5507088331515813,1.894032910178621
M1@M15,body_close,with_daily,reversal,fresh,retested_1,2,2.0,1.0,0.991517764485069
M1@M15,body_close,with_daily,reversal,fresh,retested_2plus,198,5.9646464646464645,1.0,1.5949321879617606
M1@M15,body_close,with_daily,reversal,mature,retested_1,1,169.0,1.0,0.11688014638602032
M1@M15,body_close,with_daily,reversal,mature,retested_2plus,180,71.09444444444445,3.0,7.223618449203747
M1@M15,body_close,with_daily,reversal,old,retested_2plus,6,412.5,3.0,0.44259021479270005
M1@M15,body_close,with_daily,reversal,young,retested_2plus,92,21.141304347826086,2.0217391304347827,3.674464663268956
M1@M15,break_through,against_daily,continuation,fresh,first_touch,6,4.0,2.0,2.61482440023948
M1@M15,break_through,against_daily,pullback,fresh,first_touch,2,2.0,2.0,2.7396900359895957
M1@M15,break_through,at_transition,continuation,fresh,first_touch,1,8.0,1.0,2.8056823947232266
M1@M15,break_through,at_transition,continuation,young,first_touch,1,11.0,1.0,2.8551564310541915
M1@M15,break_through,neutral,continuation,fresh,first_touch,4,3.75,1.25,1.798177378477986
M1@M15,break_through,neutral,continuation,mature,first_touch,1,198.0,2.0,3.3484484002886936
M1@M15,break_through,neutral,pullback,fresh,first_touch,1,2.0,1.0,2.8830528641851965
M1@M15,break_through,with_daily,continuation,fresh,first_touch,8,2.625,2.125,2.331983791669553
M1@M15,break_through,with_daily,pullback,fresh,first_touch,8,2.375,1.625,2.5318265780747002
M1@M15,near_miss,against_daily,continuation,fresh,first_touch,934,3.6937901498929335,2.2055674518201287,3.0280828824132175
M1@M15,near_miss,against_daily,continuation,fresh,retested_1,356,3.657303370786517,2.2247191011235956,2.9403634717595537
M1@M15,near_miss,against_daily,continuation,fresh,retested_2plus,4160,5.352644230769231,2.2081730769230767,3.3337644200114296
M1@M15,near_miss,against_daily,continuation,mature,first_touch,23,77.56521739130434,2.4782608695652173,2.9279922005545664
M1@M15,near_miss,against_daily,continuation,mature,retested_1,11,96.9090909090909,1.7272727272727273,1.5950991908932366
M1@M15,near_miss,against_daily,continuation,mature,retested_2plus,615,86.40650406504065,2.113821138211382,4.053359813113705
M1@M15,near_miss,against_daily,continuation,old,first_touch,28,1077.0,2.142857142857143,2.719459910835842
M1@M15,near_miss,against_daily,continuation,old,retested_1,14,821.0,2.5714285714285716,2.420981654420283
M1@M15,near_miss,against_daily,continuation,old,retested_2plus,1141,984.3102541630149,2.067484662576687,4.727312027126074
M1@M15,near_miss,against_daily,continuation,young,first_touch,128,21.9765625,2.4375,2.6855016947430794
M1@M15,near_miss,against_daily,continuation,young,retested_1,36,25.916666666666668,1.8333333333333333,3.3811003445655428
M1@M15,near_miss,against_daily,continuation,young,retested_2plus,2749,21.881411422335393,2.2255365587486358,3.7218890863268275
M1@M15,near_miss,against_daily,pullback,fresh,first_touch,57,2.719298245614035,2.245614035087719,2.9770701719431396
M1@M15,near_miss,against_daily,pullback,fresh,retested_1,1,8.0,3.0,3.7326602572587455
M1@M15,near_miss,against_daily,pullback,fresh,retested_2plus,416,7.694711538461538,2.324519230769231,3.635329639154904
M1@M15,near_miss,against_daily,pullback,mature,first_touch,15,97.26666666666667,1.4666666666666666,7.180978283866925
M1@M15,near_miss,against_daily,pullback,mature,retested_1,1,54.0,3.0,1.0449438202241736
M1@M15,near_miss,against_daily,pullback,mature,retested_2plus,606,82.39108910891089,2.092409240924092,5.12250783547481
M1@M15,near_miss,against_daily,pullback,old,first_touch,2,599.5,2.5,4.375356526582085
M1@M15,near_miss,against_daily,pullback,old,retested_1,1,998.0,3.0,1.9562880687926034
M1@M15,near_miss,against_daily,pullback,old,retested_2plus,728,1117.6085164835165,2.0123626373626373,5.5551493179725595
M1@M15,near_miss,against_daily,pullback,young,first_touch,11,24.545454545454547,2.5454545454545454,2.3719769195677975
M1@M15,near_miss,against_daily,pullback,young,retested_1,7,30.428571428571427,1.4285714285714286,3.3844440341192694
M1@M15,near_miss,against_daily,pullback,young,retested_2plus,1336,24.89071856287425,2.1766467065868262,4.3361977006114945
M1@M15,near_miss,against_daily,push,old,first_touch,3,633.6666666666666,1.0,1.2107367779953184
M1@M15,near_miss,against_daily,push,old,retested_2plus,50,794.24,1.0,5.5409242867692
M1@M15,near_miss,against_daily,push,young,retested_2plus,2,23.5,1.0,8.647689589399295
M1@M15,near_miss,against_daily,reversal,fresh,first_touch,50,4.86,2.52,3.120152451961616
M1@M15,near_miss,against_daily,reversal,fresh,retested_1,19,5.0,2.473684210526316,3.7173967378248527
M1@M15,near_miss,against_daily,reversal,fresh,retested_2plus,285,5.947368421052632,2.389473684210526,4.186844368687891
M1@M15,near_miss,against_daily,reversal,mature,first_touch,13,86.38461538461539,3.0,4.357035824426484
M1@M15,near_miss,against_daily,reversal,mature,retested_1,1,81.0,3.0,1.578156312625059
M1@M15,near_miss,against_daily,reversal,mature,retested_2plus,142,99.85211267605634,2.676056338028169,4.3126080674433025
M1@M15,near_miss,against_daily,reversal,old,retested_2plus,104,949.9519230769231,1.7596153846153846,8.213680896478087
M1@M15,near_miss,against_daily,reversal,young,first_touch,3,19.0,2.3333333333333335,2.26657554006423
M1@M15,near_miss,against_daily,reversal,young,retested_1,2,26.0,2.5,5.826417278126524
M1@M15,near_miss,against_daily,reversal,young,retested_2plus,522,26.64176245210728,2.6091954022988504,5.169366688282655
M1@M15,near_miss,at_transition,continuation,fresh,retested_2plus,1,10.0,1.0,4.819552782111314
M1@M15,near_miss,at_transition,continuation,mature,retested_2plus,1,88.0,2.0,4.841865756541487
M1@M15,near_miss,at_transition,continuation,old,retested_2plus,3,299.6666666666667,1.6666666666666667,5.216041647434031
M1@M15,near_miss,at_transition,continuation,young,retested_1,1,13.0,1.0,4.614509377562566
M1@M15,near_miss,at_transition,continuation,young,retested_2plus,5,19.6,1.4,6.063051187959934
M1@M15,near_miss,at_transition,pullback,mature,retested_2plus,2,111.0,2.0,6.913567981834125
M1@M15,near_miss,at_transition,pullback,old,retested_2plus,1,280.0,1.0,3.6818663838825287
M1@M15,near_miss,at_transition,pullback,young,retested_2plus,3,24.333333333333332,1.0,6.996236201515355
M1@M15,near_miss,neutral,continuation,fresh,first_touch,491,3.841140529531568,1.4704684317718941,2.891502413493831
M1@M15,near_miss,neutral,continuation,fresh,retested_1,220,3.790909090909091,1.35,3.4147033774628412
M1@M15,near_miss,neutral,continuation,fresh,retested_2plus,2286,5.435695538057743,1.4820647419072617,3.4660895984019673
M1@M15,near_miss,neutral,continuation,mature,first_touch,18,105.77777777777777,1.5,2.421806447463647
M1@M15,near_miss,neutral,continuation,mature,retested_1,8,59.375,1.75,2.8546131863307393
M1@M15,near_miss,neutral,continuation,mature,retested_2plus,741,89.13495276653171,1.5195681511470984,4.768463077451105
M1@M15,near_miss,neutral,continuation,old,first_touch,11,320.8181818181818,1.7272727272727273,2.5938106740155558
M1@M15,near_miss,neutral,continuation,old,retested_1,5,715.8,1.0,2.1442657529461515
M1@M15,near_miss,neutral,continuation,old,retested_2plus,526,493.91444866920153,1.6159695817490494,5.1688774709205045
M1@M15,near_miss,neutral,continuation,young,first_touch,82,19.597560975609756,1.5365853658536586,3.1572195099191993
M1@M15,near_miss,neutral,continuation,young,retested_1,22,18.318181818181817,1.4545454545454546,3.1318986974955574
M1@M15,near_miss,neutral,continuation,young,retested_2plus,1504,23.80252659574468,1.5126329787234043,3.721823751437897
M1@M15,near_miss,neutral,pullback,fresh,first_touch,30,2.7,1.5666666666666667,3.291287729696262
M1@M15,near_miss,neutral,pullback,fresh,retested_2plus,164,7.859756097560975,1.451219512195122,3.9529083387644963
M1@M15,near_miss,neutral,pullback,mature,first_touch,2,132.0,2.0,1.3225993604139363
M1@M15,near_miss,neutral,pullback,mature,retested_2plus,412,92.77427184466019,1.645631067961165,4.948712333507581
M1@M15,near_miss,neutral,pullback,old,retested_2plus,306,587.1666666666666,1.4215686274509804,5.3463794611215825
M1@M15,near_miss,neutral,pullback,young,first_touch,8,37.25,1.375,2.6567459131127036
M1@M15,near_miss,neutral,pullback,young,retested_1,4,31.75,0.75,2.2581126060916503
M1@M15,near_miss,neutral,pullback,young,retested_2plus,820,26.364634146341462,1.5621951219512196,4.522710288718849
M1@M15,near_miss,neutral,push,fresh,first_touch,4,7.5,2.0,6.026520114196113
M1@M15,near_miss,neutral,push,fresh,retested_2plus,28,7.428571428571429,1.8928571428571428,3.327217213958715
M1@M15,near_miss,neutral,push,old,first_touch,1,263.0,2.0,2.2954842678710508
M1@M15,near_miss,neutral,push,old,retested_2plus,8,604.0,2.0,0.9481152840923281
M1@M15,near_miss,neutral,push,young,first_touch,3,21.333333333333332,1.3333333333333333,2.0505503179767186
M1@M15,near_miss,neutral,push,young,retested_1,5,14.0,2.0,3.37457784556058
M1@M15,near_miss,neutral,push,young,retested_2plus,105,21.39047619047619,1.1428571428571428,3.6917623435282914
M1@M15,near_miss,neutral,reversal,fresh,first_touch,19,4.157894736842105,1.3157894736842106,2.7388399249143216
M1@M15,near_miss,neutral,reversal,fresh,retested_1,4,3.75,0.0,1.7997329449760873
M1@M15,near_miss,neutral,reversal,fresh,retested_2plus,121,6.148760330578512,1.4049586776859504,4.091734672733205
M1@M15,near_miss,neutral,reversal,mature,first_touch,3,154.66666666666666,1.0,3.23092990407712
M1@M15,near_miss,neutral,reversal,mature,retested_2plus,19,105.42105263157895,1.9473684210526316,4.317454826001568
M1@M15,near_miss,neutral,reversal,old,retested_2plus,42,1400.642857142857,1.2857142857142858,14.484026830370944
M1@M15,near_miss,neutral,reversal,young,first_touch,3,23.0,1.3333333333333333,6.201868089715877
M1@M15,near_miss,neutral,reversal,young,retested_2plus,49,18.714285714285715,1.1020408163265305,4.637836018683812
M1@M15,near_miss,with_daily,continuation,fresh,first_touch,850,3.7341176470588233,2.1588235294117646,3.174711584339967
M1@M15,near_miss,with_daily,continuation,fresh,retested_1,314,3.8694267515923566,2.248407643312102,3.328618144154523
M1@M15,near_miss,with_daily,continuation,fresh,retested_2plus,4258,5.388445279473931,2.2146547674964774,3.832424984371028
M1@M15,near_miss,with_daily,continuation,mature,first_touch,57,130.24561403508773,1.9298245614035088,3.6325098631174546
M1@M15,near_miss,with_daily,continuation,mature,retested_1,10,128.5,1.9,1.7965101540753516
M1@M15,near_miss,with_daily,continuation,mature,retested_2plus,1404,101.96367521367522,2.0633903133903133,4.80274114538898
M1@M15,near_miss,with_daily,continuation,old,first_touch,17,534.0588235294117,2.176470588235294,2.4446313628694605
M1@M15,near_miss,with_daily,continuation,old,retested_1,23,1105.608695652174,2.0434782608695654,2.241386818060203
M1@M15,near_miss,with_daily,continuation,old,retested_2plus,851,513.7356051703878,2.2843713278495885,3.9181793302309607
M1@M15,near_miss,with_daily,continuation,young,first_touch,105,22.723809523809525,2.5238095238095237,2.628623099671356
M1@M15,near_miss,with_daily,continuation,young,retested_1,46,24.195652173913043,1.565217391304348,2.5357147544473335
M1@M15,near_miss,with_daily,continuation,young,retested_2plus,2934,23.494887525562373,2.110770279481936,4.008073814360313
M1@M15,near_miss,with_daily,pullback,fresh,first_touch,79,3.1645569620253164,2.278481012658228,3.143160373718754
M1@M15,near_miss,with_daily,pullback,fresh,retested_1,1,8.0,3.0,3.0112359550563523
M1@M15,near_miss,with_daily,pullback,fresh,retested_2plus,408,8.159313725490197,2.176470588235294,4.3733848399904565
M1@M15,near_miss,with_daily,pullback,mature,first_touch,2,140.5,2.0,2.8007429694347397
M1@M15,near_miss,with_daily,pullback,mature,retested_1,2,74.0,3.0,1.3692791273483307
M1@M15,near_miss,with_daily,pullback,mature,retested_2plus,857,101.33605600933488,2.1435239206534424,4.704325295939703
M1@M15,near_miss,with_daily,pullback,old,first_touch,3,331.0,3.0,1.736600271571925
M1@M15,near_miss,with_daily,pullback,old,retested_2plus,474,515.4451476793249,2.069620253164557,4.06210873727763
M1@M15,near_miss,with_daily,pullback,young,first_touch,8,30.375,2.75,2.8205748881527564
M1@M15,near_miss,with_daily,pullback,young,retested_1,16,30.25,1.75,2.7755551630841446
M1@M15,near_miss,with_daily,pullback,young,retested_2plus,1591,24.60590823381521,2.131992457573853,4.984454290871228
M1@M15,near_miss,with_daily,push,fresh,first_touch,4,9.25,2.25,2.6310721068568252
M1@M15,near_miss,with_daily,push,fresh,retested_1,1,8.0,2.0,3.6397170288022522
M1@M15,near_miss,with_daily,push,fresh,retested_2plus,46,8.08695652173913,2.3260869565217392,2.5986897905844786
M1@M15,near_miss,with_daily,push,mature,first_touch,2,118.5,3.0,4.7302085147828805
M1@M15,near_miss,with_daily,push,mature,retested_1,5,86.8,3.0,3.0453094713026987
M1@M15,near_miss,with_daily,push,mature,retested_2plus,91,84.95604395604396,3.0,2.4747292126925813
M1@M15,near_miss,with_daily,push,old,first_touch,4,468.5,2.25,1.6759855896926383
M1@M15,near_miss,with_daily,push,old,retested_1,1,210.0,3.0,2.2440579710144486
M1@M15,near_miss,with_daily,push,old,retested_2plus,120,502.26666666666665,2.2333333333333334,4.797875845914641
M1@M15,near_miss,with_daily,push,young,first_touch,14,22.785714285714285,2.857142857142857,1.7948417635494078
M1@M15,near_miss,with_daily,push,young,retested_1,10,15.5,2.5,2.0555847403039897
M1@M15,near_miss,with_daily,push,young,retested_2plus,279,27.08243727598566,2.867383512544803,2.7756349035110337
M1@M15,near_miss,with_daily,reversal,fresh,first_touch,5,3.0,1.4,3.029376419516499
M1@M15,near_miss,with_daily,reversal,fresh,retested_2plus,5,3.0,1.0,3.032474776829575
M1@M15,near_miss,with_daily,reversal,mature,first_touch,1,169.0,1.0,0.8859649122807013
M1@M15,near_miss,with_daily,reversal,mature,retested_2plus,38,57.078947368421055,3.0,8.271437460358005
M1@M15,near_miss,with_daily,reversal,young,first_touch,1,22.0,3.0,6.837499999999861
M1@M15,near_miss,with_daily,reversal,young,retested_2plus,17,26.11764705882353,2.5294117647058822,7.180557593442693
M1@M15,wick_touch,against_daily,continuation,fresh,retested_1,306,3.5555555555555554,2.1437908496732025,2.756581611152851
M1@M15,wick_touch,against_daily,continuation,fresh,retested_2plus,4794,5.099499374217772,2.1808510638297873,3.0903870502898294
M1@M15,wick_touch,against_daily,continuation,mature,retested_1,9,91.44444444444444,2.2222222222222223,2.7280498466844483
M1@M15,wick_touch,against_daily,continuation,mature,retested_2plus,681,86.41556534508076,2.0190895741556534,3.7296963576374487
M1@M15,wick_touch,against_daily,continuation,old,retested_1,10,1073.5,1.9,2.4129569920336564
M1@M15,wick_touch,against_daily,continuation,old,retested_2plus,1050,976.0857142857143,2.0676190476190475,4.556999457833994
M1@M15,wick_touch,against_daily,continuation,young,retested_1,44,22.59090909090909,2.25,2.704267314321154
M1@M15,wick_touch,against_daily,continuation,young,retested_2plus,2754,21.97530864197531,2.192084241103849,3.4088318008765848
M1@M15,wick_touch,against_daily,pullback,fresh,retested_1,76,2.8684210526315788,2.3421052631578947,2.963881141503214
M1@M15,wick_touch,against_daily,pullback,fresh,retested_2plus,365,7.715068493150685,2.317808219178082,3.6045790161642284
M1@M15,wick_touch,against_daily,pullback,mature,retested_1,5,114.8,2.4,2.4341680144006306
M1@M15,wick_touch,against_daily,pullback,mature,retested_2plus,481,80.33679833679834,2.0727650727650726,4.655020744646613
M1@M15,wick_touch,against_daily,pullback,old,retested_1,3,685.0,2.3333333333333335,2.073864753014021
M1@M15,wick_touch,against_daily,pullback,old,retested_2plus,623,1157.115569823435,2.030497592295345,5.5295221963876475
M1@M15,wick_touch,against_daily,pullback,young,retested_1,3,27.0,1.0,2.4032408115907584
M1@M15,wick_touch,against_daily,pullback,young,retested_2plus,1109,24.990081154192968,2.2281334535617674,4.11912504909514
M1@M15,wick_touch,against_daily,push,old,retested_2plus,46,763.3478260869565,1.0,5.0605683668645
M1@M15,wick_touch,against_daily,push,young,retested_2plus,2,23.5,1.0,8.53632921108009
M1@M15,wick_touch,against_daily,reversal,fresh,retested_1,20,4.55,2.6,3.0071201556831175
M1@M15,wick_touch,against_daily,reversal,fresh,retested_2plus,292,5.7020547945205475,2.2294520547945207,3.853389236424939
M1@M15,wick_touch,against_daily,reversal,mature,retested_1,2,72.5,3.0,2.24855027691504
M1@M15,wick_touch,against_daily,reversal,mature,retested_2plus,168,96.42261904761905,2.7023809523809526,4.2048168177395695
M1@M15,wick_touch,against_daily,reversal,old,retested_2plus,90,769.4333333333333,1.9222222222222223,7.340485155309975
M1@M15,wick_touch,against_daily,reversal,young,retested_1,2,22.0,3.0,3.4909093414516583
M1@M15,wick_touch,against_daily,reversal,young,retested_2plus,522,27.57088122605364,2.6149425287356323,5.141978759053719
M1@M15,wick_touch,at_transition,continuation,fresh,retested_1,4,6.0,1.25,2.1554149567699907
M1@M15,wick_touch,at_transition,continuation,fresh,retested_2plus,9,8.333333333333334,1.4444444444444444,3.4878783910130773
M1@M15,wick_touch,at_transition,continuation,mature,retested_2plus,3,79.66666666666667,1.0,7.268297999573295
M1@M15,wick_touch,at_transition,continuation,old,retested_1,1,201.0,1.0,2.69250357623311
M1@M15,wick_touch,at_transition,continuation,old,retested_2plus,9,234.88888888888889,1.5555555555555556,2.60886128295924
M1@M15,wick_touch,at_transition,continuation,young,retested_1,1,19.0,1.0,1.4833529181356073
M1@M15,wick_touch,at_transition,continuation,young,retested_2plus,11,18.363636363636363,1.4545454545454546,4.8896188515323225
M1@M15,wick_touch,at_transition,pullback,fresh,retested_1,2,7.5,1.5,3.2336509023527062
M1@M15,wick_touch,at_transition,pullback,old,retested_2plus,2,281.0,1.5,6.6278054973143945
M1@M15,wick_touch,at_transition,pullback,young,retested_2plus,4,32.0,1.75,11.52433605356555
M1@M15,wick_touch,neutral,continuation,fresh,retested_1,180,3.6277777777777778,1.4666666666666666,2.850725289631363
M1@M15,wick_touch,neutral,continuation,fresh,retested_2plus,2699,5.15450166728418,1.4753612449055205,3.170238006875894
M1@M15,wick_touch,neutral,continuation,mature,retested_1,3,60.0,1.6666666666666667,2.9477576956098885
M1@M15,wick_touch,neutral,continuation,mature,retested_2plus,634,88.65772870662461,1.501577287066246,4.437829657085258
M1@M15,wick_touch,neutral,continuation,old,retested_1,8,378.125,1.625,2.2836052629943766
M1@M15,wick_touch,neutral,continuation,old,retested_2plus,498,481.0883534136546,1.642570281124498,5.024064265041448
M1@M15,wick_touch,neutral,continuation,young,retested_1,16,16.8125,1.5625,2.967839576207364
M1@M15,wick_touch,neutral,continuation,young,retested_2plus,1457,23.50171585449554,1.520933424845573,3.425553122924151
M1@M15,wick_touch,neutral,pullback,fresh,retested_1,43,2.883720930232558,1.3953488372093024,3.3799657436620056
M1@M15,wick_touch,neutral,pullback,fresh,retested_2plus,134,7.91044776119403,1.4104477611940298,3.8988062148717786
M1@M15,wick_touch,neutral,pullback,mature,retested_1,1,66.0,2.0,1.183669216933536
M1@M15,wick_touch,neutral,pullback,mature,retested_2plus,409,85.12224938875306,1.5819070904645476,4.773782957288527
M1@M15,wick_touch,neutral,pullback,old,retested_2plus,236,609.9915254237288,1.4703389830508475,5.988546010391899
M1@M15,wick_touch,neutral,pullback,young,retested_1,1,42.0,1.0,1.9597495527723363
M1@M15,wick_touch,neutral,pullback,young,retested_2plus,823,26.973268529769136,1.566221142162819,4.3080668692047
M1@M15,wick_touch,neutral,push,fresh,retested_1,1,8.0,2.0,6.196188614708057
M1@M15,wick_touch,neutral,push,fresh,retested_2plus,28,7.0,1.7142857142857142,3.3053407401479293
M1@M15,wick_touch,neutral,push,old,retested_1,1,778.0,2.0,1.7164635603345035
M1@M15,wick_touch,neutral,push,old,retested_2plus,18,658.5555555555555,2.0,1.0150631713440579
M1@M15,wick_touch,neutral,push,young,retested_1,2,19.5,1.5,2.3751001771689495
M1@M15,wick_touch,neutral,push,young,retested_2plus,88,21.681818181818183,1.1022727272727273,3.3069631984004073
M1@M15,wick_touch,neutral,reversal,fresh,retested_1,7,5.0,0.8571428571428571,2.6683052275237493
M1@M15,wick_touch,neutral,reversal,fresh,retested_2plus,102,6.588235294117647,1.3333333333333333,3.959215816626196
M1@M15,wick_touch,neutral,reversal,mature,retested_1,1,155.0,1.0,2.247793618465799
M1@M15,wick_touch,neutral,reversal,mature,retested_2plus,15,112.53333333333333,1.8,3.6821439464793784
M1@M15,wick_touch,neutral,reversal,old,retested_2plus,53,1356.5283018867924,1.320754716981132,14.672009842172777
M1@M15,wick_touch,neutral,reversal,young,retested_1,1,23.0,1.0,1.8866431238351289
M1@M15,wick_touch,neutral,reversal,young,retested_2plus,61,19.295081967213115,1.1311475409836065,4.893538240533702
M1@M15,wick_touch,with_daily,continuation,fresh,retested_1,325,3.7353846153846155,2.2615384615384615,2.92200803997604
M1@M15,wick_touch,with_daily,continuation,fresh,retested_2plus,4933,5.119805392256233,2.2124467869450637,3.5075784282278004
M1@M15,wick_touch,with_daily,continuation,mature,retested_1,12,114.16666666666667,1.9166666666666667,2.2182621503428455
M1@M15,wick_touch,with_daily,continuation,mature,retested_2plus,1280,105.65078125,2.0359375,4.4611232205993785
M1@M15,wick_touch,with_daily,continuation,old,retested_1,7,857.1428571428571,2.0,2.0200440071928845
M1@M15,wick_touch,with_daily,continuation,old,retested_2plus,826,501.96973365617436,2.2445520581113803,3.541060937678657
M1@M15,wick_touch,with_daily,continuation,young,retested_1,33,23.242424242424242,2.090909090909091,2.451517122873532
M1@M15,wick_touch,with_daily,continuation,young,retested_2plus,3110,23.168810289389068,2.126688102893891,3.8154198333874367
M1@M15,wick_touch,with_daily,pullback,fresh,retested_1,77,3.0,2.3376623376623376,3.163074437032952
M1@M15,wick_touch,with_daily,pullback,fresh,retested_2plus,362,7.875690607734807,2.138121546961326,4.254646651582052
M1@M15,wick_touch,with_daily,pullback,mature,retested_1,1,183.0,2.0,1.0171072352556103
M1@M15,wick_touch,with_daily,pullback,mature,retested_2plus,797,103.81304893350062,2.1392722710163112,4.133322645681018
M1@M15,wick_touch,with_daily,pullback,old,retested_1,1,327.0,3.0,3.242147344374667
M1@M15,wick_touch,with_daily,pullback,old,retested_2plus,425,514.7388235294118,2.030588235294118,4.1233296217656035
M1@M15,wick_touch,with_daily,pullback,young,retested_1,5,29.4,2.2,1.503793603585066
M1@M15,wick_touch,with_daily,pullback,young,retested_2plus,1499,25.212141427618413,2.0993995997331556,4.77261610469283
M1@M15,wick_touch,with_daily,push,fresh,retested_1,1,8.0,2.0,2.9756944444442306
M1@M15,wick_touch,with_daily,push,fresh,retested_2plus,54,8.0,2.6481481481481484,2.284964724857689
M1@M15,wick_touch,with_daily,push,mature,retested_1,1,72.0,3.0,4.664151078807638
M1@M15,wick_touch,with_daily,push,mature,retested_2plus,105,81.72380952380952,3.0,2.5502845294569854
M1@M15,wick_touch,with_daily,push,old,retested_1,4,506.5,2.75,1.4753922350738853
M1@M15,wick_touch,with_daily,push,old,retested_2plus,118,452.635593220339,2.211864406779661,3.6247101755255025
M1@M15,wick_touch,with_daily,push,young,retested_1,8,17.125,2.5,1.8235025857695737
M1@M15,wick_touch,with_daily,push,young,retested_2plus,253,25.24110671936759,2.841897233201581,2.5915911398535725
M1@M15,wick_touch,with_daily,reversal,fresh,retested_2plus,14,3.142857142857143,1.0,3.149684566865367
M1@M15,wick_touch,with_daily,reversal,mature,retested_2plus,32,62.5625,3.0,9.195207349266292
M1@M15,wick_touch,with_daily,reversal,young,retested_1,1,23.0,3.0,10.40061396776866
M1@M15,wick_touch,with_daily,reversal,young,retested_2plus,14,28.785714285714285,2.857142857142857,7.442794763408458
M1@M5,body_close,against_daily,continuation,fresh,first_touch,1,3.0,2.0,1.812499999999842
M1@M5,body_close,against_daily,continuation,fresh,retested_1,1738,3.2589182968929804,2.2635212888377447,0.8053673110975657
M1@M5,body_close,against_daily,continuation,fresh,retested_2plus,34025,5.3888317413666424,2.2474357090374726,0.7862853076944512
M1@M5,body_close,against_daily,continuation,mature,retested_1,38,90.23684210526316,2.0789473684210527,0.9037061149312212
M1@M5,body_close,against_daily,continuation,mature,retested_2plus,8801,94.34916486762867,2.085672082717873,1.4458607412420177
M1@M5,body_close,against_daily,continuation,old,retested_1,24,887.3333333333334,1.9166666666666667,0.7312675300238406
M1@M5,body_close,against_daily,continuation,old,retested_2plus,4395,1234.7394766780433,1.9488054607508531,1.9977900658496772
M1@M5,body_close,against_daily,continuation,young,retested_1,158,20.930379746835442,2.3607594936708862,0.8831699376818792
M1@M5,body_close,against_daily,continuation,young,retested_2plus,21902,23.443886403068213,2.2413478221167016,1.0300976433403368
M1@M5,body_close,against_daily,pullback,fresh,first_touch,1,4.0,3.0,1.4140703517589732
M1@M5,body_close,against_daily,pullback,fresh,retested_1,876,2.6232876712328768,2.2511415525114153,0.7394643272096253
M1@M5,body_close,against_daily,pullback,fresh,retested_2plus,2484,7.8969404186795495,2.2725442834138487,1.0237667190433897
M1@M5,body_close,against_daily,pullback,mature,retested_1,9,103.44444444444444,2.111111111111111,0.8587744996891584
M1@M5,body_close,against_daily,pullback,mature,retested_2plus,4170,100.57865707434053,2.126139088729017,1.83343806069945
M1@M5,body_close,against_daily,pullback,old,retested_1,7,698.8571428571429,1.7142857142857142,0.811864426984245
M1@M5,body_close,against_daily,pullback,old,retested_2plus,2279,1049.1526985519965,1.973672663448881,1.7758870523676236
M1@M5,body_close,against_daily,pullback,young,retested_1,24,22.791666666666668,1.9166666666666667,1.035275403080527
M1@M5,body_close,against_daily,pullback,young,retested_2plus,9183,25.38473265817271,2.1695524338451486,1.267312634889092
M1@M5,body_close,against_daily,push,fresh,retested_2plus,4,9.0,1.0,0.503530067085616
M1@M5,body_close,against_daily,push,old,retested_2plus,151,1680.8609271523178,1.0,1.5325833398732478
M1@M5,body_close,against_daily,push,young,retested_2plus,26,12.923076923076923,1.0,0.7371152093360891
M1@M5,body_close,against_daily,reversal,fresh,retested_1,134,3.201492537313433,2.529850746268657,0.8295986210685422
M1@M5,body_close,against_daily,reversal,fresh,retested_2plus,2445,6.017177914110429,2.583640081799591,0.8874002178883289
M1@M5,body_close,against_daily,reversal,mature,retested_1,2,88.0,3.0,0.5092232322093537
M1@M5,body_close,against_daily,reversal,mature,retested_2plus,2914,103.26835964310226,2.683596431022649,2.3023029357002747
M1@M5,body_close,against_daily,reversal,old,retested_1,3,280.0,2.6666666666666665,0.28045731309539584
M1@M5,body_close,against_daily,reversal,old,retested_2plus,1162,746.3915662650602,1.761617900172117,4.321813030885104
M1@M5,body_close,against_daily,reversal,young,retested_1,8,19.5,2.375,1.5102711760240866
M1@M5,body_close,against_daily,reversal,young,retested_2plus,2575,25.29631067961165,2.563495145631068,1.8908097932576902
M1@M5,body_close,at_transition,continuation,mature,retested_2plus,22,79.54545454545455,1.5,1.6871232387355162
M1@M5,body_close,at_transition,continuation,old,retested_1,3,487.3333333333333,1.3333333333333333,1.164916666299329
M1@M5,body_close,at_transition,continuation,old,retested_2plus,25,624.16,1.48,0.9880841620666484
M1@M5,body_close,at_transition,continuation,young,retested_1,5,23.2,1.4,0.676876968538524
M1@M5,body_close,at_transition,continuation,young,retested_2plus,20,25.35,1.55,0.9800105323265168
M1@M5,body_close,at_transition,pullback,mature,retested_2plus,8,83.25,1.375,2.546727782119803
M1@M5,body_close,at_transition,pullback,old,retested_1,1,630.0,2.0,0.33560434014644924
M1@M5,body_close,at_transition,pullback,old,retested_2plus,21,665.3333333333334,1.2857142857142858,1.4847321664896906
M1@M5,body_close,at_transition,pullback,young,retested_1,1,14.0,2.0,0.7455621301774406
M1@M5,body_close,at_transition,pullback,young,retested_2plus,21,32.476190476190474,1.380952380952381,1.2840985584933937
M1@M5,body_close,at_transition,push,old,retested_2plus,1,2977.0,1.0,1.539642800060096
M1@M5,body_close,at_transition,reversal,old,retested_2plus,1,282.0,1.0,3.720720720720943
M1@M5,body_close,at_transition,reversal,young,retested_2plus,2,18.5,2.0,0.31295308151531276
M1@M5,body_close,neutral,continuation,fresh,first_touch,1,2.0,1.0,0.9090909090910381
M1@M5,body_close,neutral,continuation,fresh,retested_1,962,3.228690228690229,1.471933471933472,0.8453646538138924
M1@M5,body_close,neutral,continuation,fresh,retested_2plus,19763,5.339877548955118,1.4503364873753986,0.8344378237189363
M1@M5,body_close,neutral,continuation,mature,retested_1,28,95.96428571428571,1.6428571428571428,1.1351237919625432
M1@M5,body_close,neutral,continuation,mature,retested_2plus,5923,101.39034273172379,1.634813439135573,1.4178222194261445
M1@M5,body_close,neutral,continuation,old,retested_1,15,672.6,1.4,0.5805896641844462
M1@M5,body_close,neutral,continuation,old,retested_2plus,3630,869.474655647383,1.5005509641873278,2.162526489254957
M1@M5,body_close,neutral,continuation,young,retested_1,77,22.01298701298701,1.5454545454545454,0.8780398964325556
M1@M5,body_close,neutral,continuation,young,retested_2plus,13227,23.994329779995464,1.480759053451274,1.1473968379752597
M1@M5,body_close,neutral,pullback,fresh,retested_1,509,2.6797642436149314,1.4734774066797642,0.7615731775012426
M1@M5,body_close,neutral,pullback,fresh,retested_2plus,1581,8.012650221378873,1.4908285895003162,1.2136999478198716
M1@M5,body_close,neutral,pullback,mature,retested_1,7,83.42857142857143,1.4285714285714286,0.5922590086396369
M1@M5,body_close,neutral,pullback,mature,retested_2plus,3186,101.61173885750156,1.5825486503452606,1.68878113595865
M1@M5,body_close,neutral,pullback,old,retested_1,3,666.3333333333334,1.6666666666666667,0.592629556225575
M1@M5,body_close,neutral,pullback,old,retested_2plus,1887,742.6205617382088,1.4758876523582405,2.44886417579932
M1@M5,body_close,neutral,pullback,young,retested_1,18,24.61111111111111,1.2222222222222223,1.0081492543033295
M1@M5,body_close,neutral,pullback,young,retested_2plus,5555,24.341314131413142,1.4648064806480647,1.5125733136419328
M1@M5,body_close,neutral,push,fresh,retested_1,1,7.0,1.0,1.164898308296016
M1@M5,body_close,neutral,push,fresh,retested_2plus,67,8.208955223880597,1.1940298507462686,0.9335121579809667
M1@M5,body_close,neutral,push,mature,retested_1,1,65.0,0.0,0.5773195876283768
M1@M5,body_close,neutral,push,mature,retested_2plus,86,104.5,0.6744186046511628,0.904669299106772
M1@M5,body_close,neutral,push,old,retested_2plus,3,456.3333333333333,0.6666666666666666,0.3398276750577523
M1@M5,body_close,neutral,push,young,retested_1,2,21.0,1.0,0.7414658095262012
M1@M5,body_close,neutral,push,young,retested_2plus,306,23.9281045751634,1.2124183006535947,0.7420856164213131
M1@M5,body_close,neutral,reversal,fresh,retested_1,37,3.4324324324324325,1.135135135135135,0.9109308979529763
M1@M5,body_close,neutral,reversal,fresh,retested_2plus,627,6.006379585326954,1.0191387559808613,0.9975189994848277
M1@M5,body_close,neutral,reversal,mature,retested_1,1,140.0,1.0,0.8521241830063631
M1@M5,body_close,neutral,reversal,mature,retested_2plus,315,66.54920634920634,1.6793650793650794,1.7895132201941817
M1@M5,body_close,neutral,reversal,old,retested_1,1,471.0,1.0,0.7490961677510484
M1@M5,body_close,neutral,reversal,old,retested_2plus,138,1036.427536231884,1.644927536231884,1.9563110816229092
M1@M5,body_close,neutral,reversal,young,retested_1,2,33.0,1.0,2.9816937226351854
M1@M5,body_close,neutral,reversal,young,retested_2plus,676,27.025147928994084,1.3402366863905326,1.8196890938231742
M1@M5,body_close,with_daily,continuation,fresh,first_touch,1,2.0,1.0,0.8732673267325571
M1@M5,body_close,with_daily,continuation,fresh,retested_1,1815,3.271625344352617,2.240771349862259,0.8840717441421683
M1@M5,body_close,with_daily,continuation,fresh,retested_2plus,34332,5.379150646627053,2.2172608644995924,0.8888861549002858
M1@M5,body_close,with_daily,continuation,mature,retested_1,53,98.15094339622641,1.9056603773584906,0.6224867971070186
M1@M5,body_close,with_daily,continuation,mature,retested_2plus,12293,102.95135442935003,2.174814935329049,1.9885131613075149
M1@M5,body_close,with_daily,continuation,old,retested_1,40,499.9,2.225,0.8582542838350544
M1@M5,body_close,with_daily,continuation,old,retested_2plus,7317,595.059860598606,2.285772857728577,1.946008907325735
M1@M5,body_close,with_daily,continuation,young,retested_1,162,21.561728395061728,2.265432098765432,0.9542788828126351
M1@M5,body_close,with_daily,continuation,young,retested_2plus,23083,23.789888662652167,2.2010137330502966,1.140179122481429
M1@M5,body_close,with_daily,pullback,fresh,retested_1,904,2.601769911504425,2.2511061946902653,0.7877886014433724
M1@M5,body_close,with_daily,pullback,fresh,retested_2plus,2698,8.013713862120088,2.1597479614529282,1.2368325422647723
M1@M5,body_close,with_daily,pullback,mature,retested_1,13,108.38461538461539,2.3076923076923075,0.5713671322626589
M1@M5,body_close,with_daily,pullback,mature,retested_2plus,5482,106.57697920466983,2.1681867931411896,2.1931039480763572
M1@M5,body_close,with_daily,pullback,old,retested_1,10,495.5,2.2,0.6571609928622035
M1@M5,body_close,with_daily,pullback,old,retested_2plus,2852,575.2356241234222,2.156030855539972,2.2325034148920526
M1@M5,body_close,with_daily,pullback,young,retested_1,21,27.0,2.142857142857143,0.7548198226370315
M1@M5,body_close,with_daily,pullback,young,retested_2plus,10448,24.53799770290965,2.1572549770290963,1.6252333056093042
M1@M5,body_close,with_daily,push,fresh,retested_1,7,8.285714285714286,2.7142857142857144,0.897521180298328
M1@M5,body_close,with_daily,push,fresh,retested_2plus,275,7.458181818181818,2.2545454545454544,0.8723447643799226
M1@M5,body_close,with_daily,push,mature,retested_1,7,93.28571428571429,2.4285714285714284,0.9684707642228264
M1@M5,body_close,with_daily,push,mature,retested_2plus,1006,101.82306163021869,2.6858846918489068,1.9587331708704852
M1@M5,body_close,with_daily,push,old,retested_1,6,580.6666666666666,2.8333333333333335,0.31561229272664215
M1@M5,body_close,with_daily,push,old,retested_2plus,542,745.2822878228782,2.6162361623616235,1.4400293190899096
M1@M5,body_close,with_daily,push,young,retested_1,5,22.2,2.4,1.0929391985299763
M1@M5,body_close,with_daily,push,young,retested_2plus,960,28.025,2.303125,1.080712363466352
M1@M5,body_close,with_daily,reversal,fresh,retested_1,1,2.0,1.0,0.37578891422334554
M1@M5,body_close,with_daily,reversal,fresh,retested_2plus,34,7.5588235294117645,1.3529411764705883,0.7881519175866747
M1@M5,body_close,with_daily,reversal,mature,retested_2plus,49,117.73469387755102,3.0,4.810737161754239
M1@M5,body_close,with_daily,reversal,old,retested_2plus,109,283.6330275229358,2.981651376146789,6.5320478373005955
M1@M5,body_close,with_daily,reversal,young,retested_2plus,69,15.971014492753623,2.101449275362319,1.5477250597554584
M1@M5,break_through,against_daily,continuation,fresh,first_touch,42,2.642857142857143,2.4285714285714284,1.720200339281116
M1@M5,break_through,against_daily,continuation,young,first_touch,1,15.0,3.0,2.1100529100529757
M1@M5,break_through,against_daily,pullback,fresh,first_touch,48,2.4375,2.0,1.7135990434932122
M1@M5,break_through,against_daily,pullback,young,first_touch,1,14.0,1.0,1.2971789883273264
M1@M5,break_through,against_daily,reversal,fresh,first_touch,1,2.0,3.0,2.0228542407311876
M1@M5,break_through,at_transition,continuation,young,first_touch,2,14.5,1.0,3.11878231456107
M1@M5,break_through,at_transition,pullback,young,first_touch,1,15.0,1.0,1.6459642789409843
M1@M5,break_through,neutral,continuation,fresh,first_touch,37,2.324324324324324,1.4864864864864864,1.737268062730102
M1@M5,break_through,neutral,pullback,fresh,first_touch,28,2.3214285714285716,1.6428571428571428,1.8503964953537835
M1@M5,break_through,neutral,pullback,young,first_touch,1,14.0,1.0,1.1397694524494704
M1@M5,break_through,neutral,reversal,fresh,first_touch,1,2.0,1.0,1.6972361809044192
M1@M5,break_through,with_daily,continuation,fresh,first_touch,40,2.45,2.15,1.9333242030260867
M1@M5,break_through,with_daily,continuation,old,first_touch,2,590.0,2.0,2.778495236257031
M1@M5,break_through,with_daily,continuation,young,first_touch,2,15.0,3.0,2.604471997701748
M1@M5,break_through,with_daily,pullback,fresh,first_touch,42,2.5476190476190474,2.119047619047619,1.7146274673689443
M1@M5,near_miss,against_daily,continuation,fresh,first_touch,2292,3.9297556719022686,2.1653577661431065,1.9867402746180496
M1@M5,near_miss,against_daily,continuation,fresh,retested_1,977,4.122824974411464,2.186284544524053,2.0970543928225185
M1@M5,near_miss,against_daily,continuation,fresh,retested_2plus,5893,5.8912268793483795,2.216867469879518,2.222435202965916
M1@M5,near_miss,against_daily,continuation,mature,first_touch,91,98.94505494505495,2.241758241758242,2.322267656431031
M1@M5,near_miss,against_daily,continuation,mature,retested_1,61,86.14754098360656,2.278688524590164,2.287263018547789
M1@M5,near_miss,against_daily,continuation,mature,retested_2plus,2010,98.3860696517413,2.143781094527363,2.618024689118582
M1@M5,near_miss,against_daily,continuation,old,first_touch,50,967.96,2.4,2.0360256473880547
M1@M5,near_miss,against_daily,continuation,old,retested_1,19,1459.4736842105262,2.526315789473684,1.6665115696182518
M1@M5,near_miss,against_daily,continuation,old,retested_2plus,1075,1092.2158139534884,1.8911627906976745,3.1050936420784114
M1@M5,near_miss,against_daily,continuation,young,first_touch,387,21.780361757105943,2.2377260981912146,2.08648789883043
M1@M5,near_miss,against_daily,continuation,young,retested_1,212,20.349056603773583,1.9952830188679245,2.103166845301054
M1@M5,near_miss,against_daily,continuation,young,retested_2plus,4505,23.862375138734738,2.216204217536071,2.4404334289592575
M1@M5,near_miss,against_daily,pullback,fresh,first_touch,303,2.623762376237624,2.2046204620462047,2.0611584226412685
M1@M5,near_miss,against_daily,pullback,fresh,retested_1,9,8.555555555555555,1.4444444444444444,2.6714388417634485
M1@M5,near_miss,against_daily,pullback,fresh,retested_2plus,705,8.066666666666666,2.2297872340425533,2.5532565611937934
M1@M5,near_miss,against_daily,pullback,mature,first_touch,17,85.47058823529412,2.411764705882353,1.9085076843757232
M1@M5,near_miss,against_daily,pullback,mature,retested_1,14,108.14285714285714,2.4285714285714284,1.548852080327663
M1@M5,near_miss,against_daily,pullback,mature,retested_2plus,1366,98.8433382137628,2.220351390922401,3.004323363561627
M1@M5,near_miss,against_daily,pullback,old,first_touch,15,1159.8666666666666,2.7333333333333334,1.930973235789898
M1@M5,near_miss,against_daily,pullback,old,retested_2plus,902,955.6662971175166,1.7904656319290466,2.824636082909494
M1@M5,near_miss,against_daily,pullback,young,first_touch,61,23.721311475409838,2.081967213114754,2.408449514313191
M1@M5,near_miss,against_daily,pullback,young,retested_1,49,23.142857142857142,2.142857142857143,2.3150617407049214
M1@M5,near_miss,against_daily,pullback,young,retested_2plus,2963,25.264934188322645,2.1778602767465407,2.6738438128257402
M1@M5,near_miss,against_daily,push,fresh,retested_2plus,2,10.0,1.0,2.0923185115993914
M1@M5,near_miss,against_daily,push,old,first_touch,1,900.0,1.0,6.26860175116779
M1@M5,near_miss,against_daily,push,old,retested_2plus,64,1864.703125,1.0,3.3938722378360566
M1@M5,near_miss,against_daily,push,young,retested_2plus,13,16.0,1.0,2.2219673701349816
M1@M5,near_miss,against_daily,reversal,fresh,first_touch,127,3.7874015748031495,2.393700787401575,2.1110793608354097
M1@M5,near_miss,against_daily,reversal,fresh,retested_1,39,4.256410256410256,2.4615384615384617,2.0952541565074716
M1@M5,near_miss,against_daily,reversal,fresh,retested_2plus,275,6.138181818181818,2.4872727272727273,2.45479384723788
M1@M5,near_miss,against_daily,reversal,mature,first_touch,4,78.25,3.0,1.7438991878425498
M1@M5,near_miss,against_daily,reversal,mature,retested_2plus,441,100.64399092970521,2.689342403628118,4.244546597807023
M1@M5,near_miss,against_daily,reversal,old,first_touch,12,863.5,1.6666666666666667,4.9820176982848405
M1@M5,near_miss,against_daily,reversal,old,retested_1,8,1543.5,1.0,2.793767652136798
M1@M5,near_miss,against_daily,reversal,old,retested_2plus,173,553.1965317919075,2.3294797687861273,4.921244592355668
M1@M5,near_miss,against_daily,reversal,young,first_touch,30,19.566666666666666,2.3333333333333335,2.408611713074287
M1@M5,near_miss,against_daily,reversal,young,retested_1,2,19.0,2.5,1.9965766183117735
M1@M5,near_miss,against_daily,reversal,young,retested_2plus,445,25.793258426966293,2.359550561797753,3.002671234925204
M1@M5,near_miss,at_transition,continuation,mature,retested_2plus,3,75.0,1.6666666666666667,3.7085905512781614
M1@M5,near_miss,at_transition,continuation,old,first_touch,1,592.0,1.0,2.26478761413278
M1@M5,near_miss,at_transition,continuation,old,retested_2plus,9,643.4444444444445,1.4444444444444444,3.1927189229683712
M1@M5,near_miss,at_transition,continuation,young,first_touch,2,16.5,1.0,2.52758449715822
M1@M5,near_miss,at_transition,continuation,young,retested_2plus,5,31.0,1.2,3.3731498287030477
M1@M5,near_miss,at_transition,pullback,mature,retested_2plus,3,56.666666666666664,1.0,4.908839383859468
M1@M5,near_miss,at_transition,pullback,old,retested_2plus,2,334.0,2.0,4.6840292477486365
M1@M5,near_miss,at_transition,pullback,young,retested_2plus,6,28.5,1.5,3.5348675099093883
M1@M5,near_miss,at_transition,reversal,mature,retested_2plus,1,69.0,2.0,2.983527796842654
M1@M5,near_miss,neutral,continuation,fresh,first_touch,1244,3.937299035369775,1.452572347266881,2.088082058843703
M1@M5,near_miss,neutral,continuation,fresh,retested_1,489,4.030674846625767,1.4580777096114519,2.2071248096576523
M1@M5,near_miss,neutral,continuation,fresh,retested_2plus,3523,5.792790235594664,1.448481407891002,2.243719883797376
M1@M5,near_miss,neutral,continuation,mature,first_touch,54,96.87037037037037,1.5740740740740742,2.2060510179529214
M1@M5,near_miss,neutral,continuation,mature,retested_1,25,102.76,1.24,1.9654531708724903
M1@M5,near_miss,neutral,continuation,mature,retested_2plus,1201,103.28226477935054,1.5736885928393005,2.752190916035653
M1@M5,near_miss,neutral,continuation,old,first_touch,32,761.65625,1.59375,2.2890484735340215
M1@M5,near_miss,neutral,continuation,old,retested_1,18,618.9444444444445,1.8333333333333333,2.7834252078918134
M1@M5,near_miss,neutral,continuation,old,retested_2plus,794,782.9370277078085,1.508816120906801,3.1072355147200286
M1@M5,near_miss,neutral,continuation,young,first_touch,202,21.93069306930693,1.3316831683168318,1.9954187692162102
M1@M5,near_miss,neutral,continuation,young,retested_1,84,21.964285714285715,1.4761904761904763,2.081188265754008
M1@M5,near_miss,neutral,continuation,young,retested_2plus,2635,22.970777988614802,1.4432637571157496,2.5060415019525806
M1@M5,near_miss,neutral,pullback,fresh,first_touch,187,2.8502673796791442,1.46524064171123,2.0995961171642508
M1@M5,near_miss,neutral,pullback,fresh,retested_1,2,9.5,1.0,2.491098629304407
M1@M5,near_miss,neutral,pullback,fresh,retested_2plus,472,8.078389830508474,1.5444915254237288,2.690123756969474
M1@M5,near_miss,neutral,pullback,mature,first_touch,10,106.2,1.7,1.739433656196932
M1@M5,near_miss,neutral,pullback,mature,retested_1,25,97.72,1.52,1.7647695312571967
M1@M5,near_miss,neutral,pullback,mature,retested_2plus,901,106.29966703662598,1.4728079911209766,2.7725452116143043
M1@M5,near_miss,neutral,pullback,old,first_touch,10,1040.9,1.7,2.2052043026948187
M1@M5,near_miss,neutral,pullback,old,retested_1,2,372.5,1.5,1.69274001646929
M1@M5,near_miss,neutral,pullback,old,retested_2plus,573,726.347294938918,1.549738219895288,3.184338734745421
M1@M5,near_miss,neutral,pullback,young,first_touch,37,23.37837837837838,1.6486486486486487,1.9960919348607917
M1@M5,near_miss,neutral,pullback,young,retested_1,9,24.555555555555557,1.5555555555555556,2.0682827885431507
M1@M5,near_miss,neutral,pullback,young,retested_2plus,1652,23.823849878934624,1.465496368038741,2.7441356202394
M1@M5,near_miss,neutral,push,fresh,first_touch,1,10.0,1.0,1.9470345702506116
M1@M5,near_miss,neutral,push,fresh,retested_2plus,18,8.38888888888889,1.0555555555555556,2.1575759572625617
M1@M5,near_miss,neutral,push,mature,retested_1,1,55.0,2.0,0.8126501200962736
M1@M5,near_miss,neutral,push,mature,retested_2plus,39,99.66666666666667,0.7692307692307693,2.459303439068677
M1@M5,near_miss,neutral,push,old,retested_2plus,2,470.0,1.0,1.186039560785189
M1@M5,near_miss,neutral,push,young,first_touch,5,18.4,1.8,1.3216699607718867
M1@M5,near_miss,neutral,push,young,retested_1,5,16.6,1.6,1.3462679633669732
M1@M5,near_miss,neutral,push,young,retested_2plus,115,26.321739130434782,1.2347826086956522,2.3070436399232395
M1@M5,near_miss,neutral,reversal,fresh,first_touch,20,4.55,1.0,1.8104031433178256
M1@M5,near_miss,neutral,reversal,fresh,retested_1,7,2.7142857142857144,1.2857142857142858,2.4099093367764763
M1@M5,near_miss,neutral,reversal,fresh,retested_2plus,69,6.681159420289855,1.2173913043478262,2.575917670918372
M1@M5,near_miss,neutral,reversal,mature,retested_2plus,48,63.020833333333336,1.2291666666666667,4.5609398073372605
M1@M5,near_miss,neutral,reversal,old,first_touch,7,377.85714285714283,1.5714285714285714,2.37388704069636
M1@M5,near_miss,neutral,reversal,old,retested_2plus,8,753.625,1.5,2.3254120068551702
M1@M5,near_miss,neutral,reversal,young,first_touch,1,33.0,1.0,6.735738132821299
M1@M5,near_miss,neutral,reversal,young,retested_2plus,193,26.875647668393782,1.2849740932642486,3.1776900960453043
M1@M5,near_miss,with_daily,continuation,fresh,first_touch,2401,3.814244064972928,2.227405247813411,2.1383004629273334
M1@M5,near_miss,with_daily,continuation,fresh,retested_1,1029,4.19533527696793,2.192419825072886,2.2198522917946284
M1@M5,near_miss,with_daily,continuation,fresh,retested_2plus,6474,5.832252085264133,2.2670682730923697,2.3444470596320994
M1@M5,near_miss,with_daily,continuation,mature,first_touch,87,113.14942528735632,1.8275862068965518,1.9173275198189665
M1@M5,near_miss,with_daily,continuation,mature,retested_1,36,88.36111111111111,2.111111111111111,2.5508033880565204
M1@M5,near_miss,with_daily,continuation,mature,retested_2plus,2515,100.8882703777336,2.2047713717693838,3.192929972884886
M1@M5,near_miss,with_daily,continuation,old,first_touch,70,499.72857142857146,2.4,2.1175691095123432
M1@M5,near_miss,with_daily,continuation,old,retested_1,31,755.0,2.5483870967741935,1.8137822616486459
M1@M5,near_miss,with_daily,continuation,old,retested_2plus,1666,661.3859543817528,2.189675870348139,2.985856036901788
M1@M5,near_miss,with_daily,continuation,young,first_touch,376,20.638297872340427,2.2925531914893615,2.1339003657891404
M1@M5,near_miss,with_daily,continuation,young,retested_1,161,22.316770186335404,2.2360248447204967,2.121877906073068
M1@M5,near_miss,with_daily,continuation,young,retested_2plus,4767,24.112859240612543,2.2133417243549403,2.5934478828349032
M1@M5,near_miss,with_daily,pullback,fresh,first_touch,305,2.7868852459016393,2.19672131147541,2.120126102802549
M1@M5,near_miss,with_daily,pullback,fresh,retested_1,15,8.933333333333334,1.5333333333333334,2.13830605816787
M1@M5,near_miss,with_daily,pullback,fresh,retested_2plus,912,8.12280701754386,2.3399122807017543,2.6941469457774976
M1@M5,near_miss,with_daily,pullback,mature,first_touch,25,112.92,1.84,1.787052090174142
M1@M5,near_miss,with_daily,pullback,mature,retested_1,8,77.5,2.75,1.9575789586145542
M1@M5,near_miss,with_daily,pullback,mature,retested_2plus,1695,105.83362831858408,2.1380530973451326,3.2098193348277833
M1@M5,near_miss,with_daily,pullback,old,first_touch,22,545.8181818181819,2.6363636363636362,1.8171340846537936
M1@M5,near_miss,with_daily,pullback,old,retested_1,7,1005.2857142857143,2.142857142857143,2.269415786809692
M1@M5,near_miss,with_daily,pullback,old,retested_2plus,1023,645.5757575757576,1.9882697947214076,2.927861987640219
M1@M5,near_miss,with_daily,pullback,young,first_touch,56,23.071428571428573,2.392857142857143,2.3315422185849584
M1@M5,near_miss,with_daily,pullback,young,retested_1,34,19.970588235294116,2.0588235294117645,2.3064977593950715
M1@M5,near_miss,with_daily,pullback,young,retested_2plus,3215,24.771073094867806,2.225505443234837,3.1080626563926272
M1@M5,near_miss,with_daily,push,fresh,first_touch,19,8.368421052631579,1.8421052631578947,2.46820970444973
M1@M5,near_miss,with_daily,push,fresh,retested_1,3,9.0,2.3333333333333335,2.668456293496606
M1@M5,near_miss,with_daily,push,fresh,retested_2plus,113,7.566371681415929,2.495575221238938,2.4110867587493465
M1@M5,near_miss,with_daily,push,mature,first_touch,14,101.78571428571429,2.4285714285714284,1.7882871756770489
M1@M5,near_miss,with_daily,push,mature,retested_1,7,110.85714285714286,3.0,1.791868137405983
M1@M5,near_miss,with_daily,push,mature,retested_2plus,236,100.71186440677967,2.809322033898305,3.1032863607058916
M1@M5,near_miss,with_daily,push,old,first_touch,8,377.125,2.75,1.921461254346081
M1@M5,near_miss,with_daily,push,old,retested_1,6,510.6666666666667,3.0,2.672385325272098
M1@M5,near_miss,with_daily,push,old,retested_2plus,167,613.2335329341317,2.6407185628742513,2.40652353812761
M1@M5,near_miss,with_daily,push,young,first_touch,29,29.24137931034483,2.3793103448275863,2.4904924201709346
M1@M5,near_miss,with_daily,push,young,retested_1,5,26.8,2.6,1.8964325851570245
M1@M5,near_miss,with_daily,push,young,retested_2plus,280,27.057142857142857,2.575,2.4540505346460875
M1@M5,near_miss,with_daily,reversal,fresh,first_touch,1,4.0,1.0,1.75
M1@M5,near_miss,with_daily,reversal,fresh,retested_1,2,4.0,3.0,2.147460498284607
M1@M5,near_miss,with_daily,reversal,fresh,retested_2plus,6,4.166666666666667,2.0,2.3469994855109255
M1@M5,near_miss,with_daily,reversal,mature,retested_2plus,25,151.64,3.0,6.9729635127056655
M1@M5,near_miss,with_daily,reversal,old,retested_2plus,16,208.4375,3.0,10.72267962467592
M1@M5,near_miss,with_daily,reversal,young,retested_2plus,7,17.142857142857142,1.5714285714285714,2.5906580242270545
M1@M5,wick_touch,against_daily,continuation,fresh,retested_1,920,3.7880434782608696,2.2010869565217392,1.712371872069734
M1@M5,wick_touch,against_daily,continuation,fresh,retested_2plus,7835,5.335290363752393,2.2303765156349713,1.9022719403940627
M1@M5,wick_touch,against_daily,continuation,mature,retested_1,40,99.45,2.075,1.777923845500554
M1@M5,wick_touch,against_daily,continuation,mature,retested_2plus,2092,99.57791586998088,2.148661567877629,2.3829686844958107
M1@M5,wick_touch,against_daily,continuation,old,retested_1,22,1093.1363636363637,2.409090909090909,2.2311911150671637
M1@M5,wick_touch,against_daily,continuation,old,retested_2plus,1119,1026.403038427167,1.8891867739052726,2.785444192217294
M1@M5,wick_touch,against_daily,continuation,young,retested_1,136,22.323529411764707,2.2058823529411766,1.6714901263564286
M1@M5,wick_touch,against_daily,continuation,young,retested_2plus,4675,23.3751871657754,2.2141176470588237,2.1258772087990487
M1@M5,wick_touch,against_daily,pullback,fresh,retested_1,270,2.6296296296296298,2.1185185185185187,1.8029373225283998
M1@M5,wick_touch,against_daily,pullback,fresh,retested_2plus,696,8.08764367816092,2.1724137931034484,2.287806936056049
M1@M5,wick_touch,against_daily,pullback,mature,retested_1,9,105.22222222222223,2.5555555555555554,2.290063391044205
M1@M5,wick_touch,against_daily,pullback,mature,retested_2plus,1171,98.65243381725021,2.251067463706234,2.5779320207021104
M1@M5,wick_touch,against_daily,pullback,old,retested_1,3,695.6666666666666,2.6666666666666665,1.8272563695400528
M1@M5,wick_touch,against_daily,pullback,old,retested_2plus,737,956.2971506105835,1.812754409769335,2.5790536564369506
M1@M5,wick_touch,against_daily,pullback,young,retested_1,26,22.26923076923077,2.1538461538461537,2.1295832418792813
M1@M5,wick_touch,against_daily,pullback,young,retested_2plus,2412,25.241293532338307,2.1355721393034828,2.3409323556765886
M1@M5,wick_touch,against_daily,push,fresh,retested_2plus,2,10.0,1.0,1.6983307250913673
M1@M5,wick_touch,against_daily,push,old,retested_2plus,61,1630.4262295081967,1.0,3.0193536371357834
M1@M5,wick_touch,against_daily,push,young,retested_2plus,12,15.583333333333334,1.0,1.9069066905017562
M1@M5,wick_touch,against_daily,reversal,fresh,retested_1,42,3.5952380952380953,2.4285714285714284,1.8071923894528974
M1@M5,wick_touch,against_daily,reversal,fresh,retested_2plus,408,5.791666666666667,2.411764705882353,2.100657997599081
M1@M5,wick_touch,against_daily,reversal,mature,retested_1,1,87.0,3.0,2.645389019225859
M1@M5,wick_touch,against_daily,reversal,mature,retested_2plus,436,99.58256880733946,2.7408256880733943,3.7892468950656917
M1@M5,wick_touch,against_daily,reversal,old,retested_1,5,894.8,1.8,2.7609869043990214
M1@M5,wick_touch,against_daily,reversal,old,retested_2plus,176,607.6363636363636,2.227272727272727,5.020143443232367
M1@M5,wick_touch,against_daily,reversal,young,retested_1,5,20.2,1.8,2.3960653619933288
M1@M5,wick_touch,against_daily,reversal,young,retested_2plus,434,24.30184331797235,2.576036866359447,3.0315894761654274
M1@M5,wick_touch,at_transition,continuation,mature,retested_2plus,5,73.6,2.0,2.977914374679446
M1@M5,wick_touch,at_transition,continuation,old,retested_1,3,832.3333333333334,1.6666666666666667,3.249500776291986
M1@M5,wick_touch,at_transition,continuation,old,retested_2plus,20,731.85,1.55,2.6694160832045934
M1@M5,wick_touch,at_transition,continuation,young,retested_1,6,22.666666666666668,1.3333333333333333,1.832381847680966
M1@M5,wick_touch,at_transition,continuation,young,retested_2plus,33,23.696969696969695,1.393939393939394,3.4995122134668595
M1@M5,wick_touch,at_transition,pullback,mature,retested_2plus,2,85.0,2.0,4.110553997805605
M1@M5,wick_touch,at_transition,pullback,old,retested_1,3,632.0,1.6666666666666667,3.0395320344180985
M1@M5,wick_touch,at_transition,pullback,old,retested_2plus,9,638.2222222222222,1.1111111111111112,2.9916944540314088
M1@M5,wick_touch,at_transition,pullback,young,retested_1,8,18.25,1.25,4.14186960910292
M1@M5,wick_touch,at_transition,pullback,young,retested_2plus,5,33.6,1.4,4.43775726478926
M1@M5,wick_touch,at_transition,push,old,retested_2plus,1,678.0,1.0,3.013809910641446
M1@M5,wick_touch,neutral,continuation,fresh,retested_1,515,3.588349514563107,1.4563106796116505,1.7214027487346575
M1@M5,wick_touch,neutral,continuation,fresh,retested_2plus,4626,5.245136186770428,1.4485516645049719,1.9304645206473052
M1@M5,wick_touch,neutral,continuation,mature,retested_1,25,101.08,1.52,1.8442529202815783
M1@M5,wick_touch,neutral,continuation,mature,retested_2plus,1228,102.54723127035831,1.5708469055374592,2.4909652669015045
M1@M5,wick_touch,neutral,continuation,old,retested_1,8,1147.5,1.625,1.6113722325527506
M1@M5,wick_touch,neutral,continuation,old,retested_2plus,746,759.6206434316354,1.532171581769437,2.6447564415837927
M1@M5,wick_touch,neutral,continuation,young,retested_1,68,18.88235294117647,1.4411764705882353,1.8796302246641041
M1@M5,wick_touch,neutral,continuation,young,retested_2plus,2712,23.68104719764012,1.4564896755162242,2.2615553264680766
M1@M5,wick_touch,neutral,pullback,fresh,retested_1,150,2.7133333333333334,1.48,1.83541218962992
M1@M5,wick_touch,neutral,pullback,fresh,retested_2plus,390,8.12051282051282,1.5333333333333334,2.388114777307558
M1@M5,wick_touch,neutral,pullback,mature,retested_1,8,88.125,1.75,1.8281380989086728
M1@M5,wick_touch,neutral,pullback,mature,retested_2plus,832,105.70192307692308,1.5552884615384615,2.537556408851247
M1@M5,wick_touch,neutral,pullback,old,retested_1,4,642.5,1.75,1.7476759998897187
M1@M5,wick_touch,neutral,pullback,old,retested_2plus,499,703.503006012024,1.5611222444889779,2.642545229485443
M1@M5,wick_touch,neutral,pullback,young,retested_1,7,26.714285714285715,1.7142857142857142,1.4462450666172002
M1@M5,wick_touch,neutral,pullback,young,retested_2plus,1379,24.08411892675852,1.4300217548948513,2.5063731482109133
M1@M5,wick_touch,neutral,push,fresh,retested_2plus,12,8.166666666666666,0.6666666666666666,1.8301694953471064
M1@M5,wick_touch,neutral,push,mature,retested_1,1,54.0,2.0,1.6221033868092742
M1@M5,wick_touch,neutral,push,mature,retested_2plus,35,101.77142857142857,0.9714285714285714,1.878163644142776
M1@M5,wick_touch,neutral,push,old,retested_2plus,1,582.0,1.0,0.7122589226335829
M1@M5,wick_touch,neutral,push,young,retested_1,7,26.714285714285715,1.2857142857142858,1.8039096185784231
M1@M5,wick_touch,neutral,push,young,retested_2plus,126,25.357142857142858,1.2936507936507937,1.951618374525698
M1@M5,wick_touch,neutral,reversal,fresh,retested_1,9,3.6666666666666665,1.3333333333333333,1.9260516679870898
M1@M5,wick_touch,neutral,reversal,fresh,retested_2plus,123,6.1138211382113825,1.170731707317073,2.12898510749673
M1@M5,wick_touch,neutral,reversal,mature,retested_2plus,34,61.85294117647059,1.2941176470588236,4.506835762414608
M1@M5,wick_touch,neutral,reversal,old,retested_1,1,317.0,2.0,1.9849765258215673
M1@M5,wick_touch,neutral,reversal,old,retested_2plus,7,804.2857142857143,1.1428571428571428,2.2929656047736997
M1@M5,wick_touch,neutral,reversal,young,retested_2plus,170,26.44705882352941,1.3235294117647058,2.7508159454402343
M1@M5,wick_touch,with_daily,continuation,fresh,retested_1,935,3.718716577540107,2.253475935828877,1.8280359005650344
M1@M5,wick_touch,with_daily,continuation,fresh,retested_2plus,8743,5.3016127187464255,2.25837813107629,2.0336930373956195
M1@M5,wick_touch,with_daily,continuation,mature,retested_1,37,93.54054054054055,2.3513513513513513,1.5217322112317369
M1@M5,wick_touch,with_daily,continuation,mature,retested_2plus,2559,100.73153575615474,2.234466588511137,2.8129487302463057
M1@M5,wick_touch,with_daily,continuation,old,retested_1,33,740.0909090909091,2.4545454545454546,1.3497810798202745
M1@M5,wick_touch,with_daily,continuation,old,retested_2plus,1681,671.2314098750744,2.2635336109458657,2.705505263603084
M1@M5,wick_touch,with_daily,continuation,young,retested_1,142,20.774647887323944,2.3380281690140845,1.8040230996320934
M1@M5,wick_touch,with_daily,continuation,young,retested_2plus,5089,23.898801336215367,2.2120259382982903,2.2776674614784764
M1@M5,wick_touch,with_daily,pullback,fresh,retested_1,299,2.6956521739130435,2.2240802675585285,1.8404480895030815
M1@M5,wick_touch,with_daily,pullback,fresh,retested_2plus,762,8.05511811023622,2.2375328083989503,2.451731660484597
M1@M5,wick_touch,with_daily,pullback,mature,retested_1,19,95.6842105263158,1.9473684210526316,1.3338634801195066
M1@M5,wick_touch,with_daily,pullback,mature,retested_2plus,1488,107.48252688172043,2.1713709677419355,2.92062082627536
M1@M5,wick_touch,with_daily,pullback,old,retested_1,15,753.3333333333334,2.2666666666666666,1.3557039839736045
M1@M5,wick_touch,with_daily,pullback,old,retested_2plus,904,615.2599557522124,2.0110619469026547,2.698145774073086
M1@M5,wick_touch,with_daily,pullback,young,retested_1,19,22.105263157894736,2.3684210526315788,2.0649261734940962
M1@M5,wick_touch,with_daily,pullback,young,retested_2plus,2815,24.029840142095914,2.197513321492007,2.7430814611634107
M1@M5,wick_touch,with_daily,push,fresh,retested_1,2,7.5,2.5,1.7316559889712255
M1@M5,wick_touch,with_daily,push,fresh,retested_2plus,140,7.85,2.392857142857143,1.871415229281984
M1@M5,wick_touch,with_daily,push,mature,retested_1,8,86.75,3.0,1.41461510267523
M1@M5,wick_touch,with_daily,push,mature,retested_2plus,291,100.67353951890034,2.7147766323024056,2.5929081916364556
M1@M5,wick_touch,with_daily,push,old,retested_1,6,584.6666666666666,3.0,1.2593751146959853
M1@M5,wick_touch,with_daily,push,old,retested_2plus,176,755.4545454545455,2.6818181818181817,2.192375596851068
M1@M5,wick_touch,with_daily,push,young,retested_1,11,24.545454545454547,2.3636363636363638,1.2914384041070366
M1@M5,wick_touch,with_daily,push,young,retested_2plus,269,26.855018587360593,2.6059479553903344,2.102187056285826
M1@M5,wick_touch,with_daily,reversal,fresh,retested_1,2,4.0,2.0,2.2600447560012746
M1@M5,wick_touch,with_daily,reversal,fresh,retested_2plus,8,4.875,2.5,2.7531501828505993
M1@M5,wick_touch,with_daily,reversal,mature,retested_2plus,20,141.55,3.0,6.684807953493964
M1@M5,wick_touch,with_daily,reversal,old,retested_2plus,12,212.33333333333334,3.0,10.522968453633045
M1@M5,wick_touch,with_daily,reversal,young,retested_2plus,9,19.555555555555557,2.111111111111111,2.9064125228758346
M5@H1,body_close,against_daily,continuation,fresh,retested_1,325,3.212307692307692,2.126153846153846,1.392355725599781
M5@H1,body_close,against_daily,continuation,fresh,retested_2plus,14961,5.147583717665931,2.225720205868592,1.5458525606571913
M5@H1,body_close,against_daily,continuation,mature,retested_1,20,97.85,1.95,0.7801666184548526
M5@H1,body_close,against_daily,continuation,mature,retested_2plus,5828,112.02213452299245,1.8821207961564859,2.083822991736518
M5@H1,body_close,against_daily,continuation,old,retested_1,3,288.0,2.0,1.241034777112528
M5@H1,body_close,against_daily,continuation,old,retested_2plus,4961,479.5525095746825,2.412416851441242,2.388080047937963
M5@H1,body_close,against_daily,continuation,young,retested_1,12,18.833333333333332,2.4166666666666665,1.2192870435374579
M5@H1,body_close,against_daily,continuation,young,retested_2plus,7802,18.968597795437066,2.0589592412202,1.7054474348834825
M5@H1,body_close,against_daily,pullback,fresh,retested_1,189,2.6560846560846563,2.238095238095238,1.3953854047149292
M5@H1,body_close,against_daily,pullback,fresh,retested_2plus,1073,8.305684995340167,2.217148182665424,2.9316819627109267
M5@H1,body_close,against_daily,pullback,mature,retested_1,5,51.6,2.0,0.75907940028625
M5@H1,body_close,against_daily,pullback,mature,retested_2plus,2017,115.79920674268716,1.674268715914725,2.8706215540930855
M5@H1,body_close,against_daily,pullback,old,retested_2plus,2200,477.1781818181818,2.433181818181818,2.6042360361316206
M5@H1,body_close,against_daily,pullback,young,retested_1,4,17.75,2.25,1.900990736651121
M5@H1,body_close,against_daily,pullback,young,retested_2plus,3314,19.622510561255282,2.1252263126131563,2.706747000417458
M5@H1,body_close,against_daily,push,fresh,retested_2plus,59,6.033898305084746,1.0,0.6950146588658801
M5@H1,body_close,against_daily,push,mature,retested_1,1,146.0,1.0,1.2577577577576626
M5@H1,body_close,against_daily,push,mature,retested_2plus,113,110.05309734513274,1.0,2.832000253707694
M5@H1,body_close,against_daily,push,old,retested_1,2,907.0,2.5,1.7765580183383949
M5@H1,body_close,against_daily,push,old,retested_2plus,464,674.885775862069,2.1702586206896552,1.7189422197662074
M5@H1,body_close,against_daily,reversal,fresh,retested_1,72,3.1944444444444446,2.5833333333333335,1.404361294269452
M5@H1,body_close,against_daily,reversal,fresh,retested_2plus,2880,5.7125,2.563888888888889,1.5863279582522574
M5@H1,body_close,against_daily,reversal,mature,retested_1,2,97.0,1.0,4.051786524064839
M5@H1,body_close,against_daily,reversal,mature,retested_2plus,1516,100.3377308707124,2.0184696569920844,3.2427052540783836
M5@H1,body_close,against_daily,reversal,old,retested_1,2,2288.0,2.0,1.5265354776270024
M5@H1,body_close,against_daily,reversal,old,retested_2plus,705,1351.109219858156,2.497872340425532,3.483474149568229
M5@H1,body_close,against_daily,reversal,young,retested_1,4,12.75,3.0,2.9109023042748636
M5@H1,body_close,against_daily,reversal,young,retested_2plus,2294,19.591543156059284,2.671316477768091,2.2917658068926485
M5@H1,body_close,at_transition,continuation,fresh,retested_1,15,4.066666666666666,1.2666666666666666,1.9834740862373923
M5@H1,body_close,at_transition,continuation,fresh,retested_2plus,101,7.237623762376238,1.3762376237623761,2.6413175151074855
M5@H1,body_close,at_transition,continuation,mature,retested_1,3,56.333333333333336,1.6666666666666667,1.3601828368197728
M5@H1,body_close,at_transition,continuation,mature,retested_2plus,66,84.66666666666667,1.4242424242424243,2.67363419943638
M5@H1,body_close,at_transition,continuation,old,retested_2plus,16,540.25,1.75,3.086605420270018
M5@H1,body_close,at_transition,continuation,young,retested_1,1,20.0,1.0,3.8873517786560696
M5@H1,body_close,at_transition,continuation,young,retested_2plus,50,22.58,1.5,2.4052106660154426
M5@H1,body_close,at_transition,pullback,fresh,retested_1,9,3.111111111111111,1.5555555555555556,1.3294578750644035
M5@H1,body_close,at_transition,pullback,fresh,retested_2plus,12,8.5,1.4166666666666667,4.040099055241245
M5@H1,body_close,at_transition,pullback,mature,retested_1,4,52.0,1.25,1.563721953782626
M5@H1,body_close,at_transition,pullback,mature,retested_2plus,14,105.28571428571429,1.2857142857142858,2.2446711874426053
M5@H1,body_close,at_transition,pullback,old,retested_2plus,8,336.75,1.75,4.96138347051528
M5@H1,body_close,at_transition,pullback,young,retested_2plus,19,27.05263157894737,1.3157894736842106,3.0544570294805107
M5@H1,body_close,at_transition,push,mature,retested_2plus,2,58.0,1.0,2.773891174410354
M5@H1,body_close,at_transition,push,old,retested_2plus,1,465.0,2.0,2.5588752196831868
M5@H1,body_close,at_transition,reversal,fresh,retested_2plus,5,8.2,2.0,2.529531550552625
M5@H1,body_close,at_transition,reversal,mature,retested_2plus,12,110.5,1.3333333333333333,3.8110508617230345
M5@H1,body_close,at_transition,reversal,old,retested_2plus,2,358.0,1.5,5.846272329647576
M5@H1,body_close,at_transition,reversal,young,retested_2plus,4,32.0,1.0,3.8480379182696764
M5@H1,body_close,neutral,continuation,fresh,retested_1,211,3.042654028436019,1.4265402843601895,1.4050714094090164
M5@H1,body_close,neutral,continuation,fresh,retested_2plus,10678,5.158737591309234,1.481457201723169,1.559994383625865
M5@H1,body_close,neutral,continuation,mature,retested_1,24,101.625,1.4166666666666667,1.2027416690649229
M5@H1,body_close,neutral,continuation,mature,retested_2plus,5358,98.7534527808884,1.3915640164240388,2.0597947897755122
M5@H1,body_close,neutral,continuation,old,retested_1,5,417.2,1.2,1.3306032875217528
M5@H1,body_close,neutral,continuation,old,retested_2plus,1455,390.68178694158075,1.5278350515463917,2.6805123807094264
M5@H1,body_close,neutral,continuation,young,retested_1,9,19.555555555555557,1.1111111111111112,1.145788565624555
M5@H1,body_close,neutral,continuation,young,retested_2plus,6628,22.099728424864214,1.5248943874471936,1.9295548814315633
M5@H1,body_close,neutral,pullback,fresh,retested_1,124,2.588709677419355,1.4193548387096775,1.2588485816833865
M5@H1,body_close,neutral,pullback,fresh,retested_2plus,903,8.096345514950166,1.584717607973422,2.107744095533555
M5@H1,body_close,neutral,pullback,mature,retested_1,2,121.5,1.0,0.5031225379186929
M5@H1,body_close,neutral,pullback,mature,retested_2plus,1842,107.16558089033659,1.4071661237785016,2.3058512533688664
M5@H1,body_close,neutral,pullback,old,retested_1,1,516.0,1.0,0.22652839443107664
M5@H1,body_close,neutral,pullback,old,retested_2plus,855,401.8093567251462,1.247953216374269,3.076582908910437
M5@H1,body_close,neutral,pullback,young,retested_1,2,19.0,1.0,2.807788651301811
M5@H1,body_close,neutral,pullback,young,retested_2plus,2558,24.679437060203284,1.5445660672400312,2.1904984876244744
M5@H1,body_close,neutral,push,fresh,retested_2plus,28,4.821428571428571,0.75,1.6096376176245832
M5@H1,body_close,neutral,push,mature,retested_2plus,52,110.76923076923077,1.4807692307692308,0.6762315509500022
M5@H1,body_close,neutral,push,old,retested_1,1,480.0,1.0,0.7963878428671378
M5@H1,body_close,neutral,push,old,retested_2plus,252,453.95238095238096,1.6587301587301588,2.3176902434827844
M5@H1,body_close,neutral,push,young,retested_2plus,88,17.431818181818183,0.4318181818181818,2.093845170186483
M5@H1,body_close,neutral,reversal,fresh,retested_1,16,3.5,1.0,1.5449162824901632
M5@H1,body_close,neutral,reversal,fresh,retested_2plus,489,5.110429447852761,0.9734151329243353,1.94305301173884
M5@H1,body_close,neutral,reversal,mature,retested_2plus,1050,123.56190476190476,1.18,3.257298483927843
M5@H1,body_close,neutral,reversal,old,retested_2plus,565,460.9238938053097,1.343362831858407,1.8549519369024543
M5@H1,body_close,neutral,reversal,young,retested_2plus,453,22.75496688741722,1.2781456953642385,3.713557239149042
M5@H1,body_close,with_daily,continuation,fresh,first_touch,1,2.0,1.0,1.3012358393408525
M5@H1,body_close,with_daily,continuation,fresh,retested_1,337,3.2255192878338277,2.2255192878338277,1.568870095999469
M5@H1,body_close,with_daily,continuation,fresh,retested_2plus,16811,5.259889358158349,2.166914520254595,1.647695348541273
M5@H1,body_close,with_daily,continuation,mature,retested_1,15,76.33333333333333,2.3333333333333335,1.3725916887496223
M5@H1,body_close,with_daily,continuation,mature,retested_2plus,3928,89.17133401221996,2.145621181262729,1.5759250463673669
M5@H1,body_close,with_daily,continuation,old,retested_1,5,1129.6,1.2,0.49416584423692916
M5@H1,body_close,with_daily,continuation,old,retested_2plus,728,893.6744505494505,1.5934065934065933,1.1474164333231034
M5@H1,body_close,with_daily,continuation,young,retested_1,28,21.285714285714285,2.3214285714285716,1.6462248036326057
M5@H1,body_close,with_daily,continuation,young,retested_2plus,9475,22.865224274406334,2.100791556728232,1.6254609726110751
M5@H1,body_close,with_daily,pullback,fresh,retested_1,193,2.694300518134715,2.290155440414508,1.4024621800657062
M5@H1,body_close,with_daily,pullback,fresh,retested_2plus,918,7.452069716775599,2.229847494553377,2.302490230539818
M5@H1,body_close,with_daily,pullback,mature,retested_1,7,82.0,2.5714285714285716,0.7009014622485654
M5@H1,body_close,with_daily,pullback,mature,retested_2plus,1626,96.32533825338254,2.2835178351783516,1.7655674997206505
M5@H1,body_close,with_daily,pullback,old,retested_1,1,234.0,3.0,1.3410404624276389
M5@H1,body_close,with_daily,pullback,old,retested_2plus,562,636.4181494661922,1.583629893238434,2.623558372090947
M5@H1,body_close,with_daily,pullback,young,retested_1,1,24.0,1.0,1.8958333333334927
M5@H1,body_close,with_daily,pullback,young,retested_2plus,3757,24.214799041788662,2.027681660899654,2.150334650673832
M5@H1,body_close,with_daily,push,fresh,retested_1,5,8.2,2.6,1.2120466264675112
M5@H1,body_close,with_daily,push,fresh,retested_2plus,308,6.87012987012987,2.7305194805194803,1.2886170428738706
M5@H1,body_close,with_daily,push,mature,retested_1,5,112.2,2.8,0.7660017470797676
M5@H1,body_close,with_daily,push,mature,retested_2plus,422,95.90758293838863,2.7369668246445498,1.5550919970922794
M5@H1,body_close,with_daily,push,old,retested_1,2,280.0,2.5,0.08738613893573856
M5@H1,body_close,with_daily,push,old,retested_2plus,38,1197.1315789473683,1.105263157894737,1.7940633131352925
M5@H1,body_close,with_daily,push,young,retested_1,7,23.857142857142858,2.7142857142857144,1.072328134001938
M5@H1,body_close,with_daily,push,young,retested_2plus,739,22.19215155615697,2.7658998646820026,1.2385641548575574
M5@H1,body_close,with_daily,reversal,fresh,retested_1,1,10.0,3.0,2.0236189732577325
M5@H1,body_close,with_daily,reversal,fresh,retested_2plus,10,10.0,3.0,2.2220117492029052
M5@H1,body_close,with_daily,reversal,mature,retested_2plus,516,74.26744186046511,1.9806201550387597,3.742705666289667
M5@H1,body_close,with_daily,reversal,old,retested_2plus,54,1505.7407407407406,1.6481481481481481,2.33786535879648
M5@H1,body_close,with_daily,reversal,young,retested_2plus,250,30.128,1.896,4.613443609011508
M5@H1,break_through,against_daily,continuation,fresh,first_touch,2,2.5,1.5,2.795288067101952
M5@H1,break_through,against_daily,pullback,fresh,first_touch,3,2.3333333333333335,2.3333333333333335,2.5766677598093204
M5@H1,break_through,against_daily,pullback,mature,first_touch,2,51.5,3.0,1.8534649939480539
M5@H1,break_through,at_transition,continuation,fresh,first_touch,1,3.0,2.0,2.131793121554374
M5@H1,break_through,at_transition,pullback,mature,first_touch,1,54.0,1.0,3.5551674709844616
M5@H1,break_through,neutral,continuation,fresh,first_touch,3,2.3333333333333335,1.3333333333333333,2.048772726974771
M5@H1,break_through,neutral,pullback,fresh,first_touch,5,2.2,1.2,2.4082142028555045
M5@H1,break_through,with_daily,continuation,fresh,first_touch,4,2.5,2.5,2.995146552078887
M5@H1,break_through,with_daily,continuation,mature,first_touch,1,51.0,3.0,2.412415269354343
M5@H1,break_through,with_daily,pullback,fresh,first_touch,6,2.8333333333333335,2.1666666666666665,2.1491261579409513
M5@H1,near_miss,against_daily,continuation,fresh,first_touch,443,3.595936794582393,2.1738148984198644,2.720795135196844
M5@H1,near_miss,against_daily,continuation,fresh,retested_1,168,4.273809523809524,2.0595238095238093,2.8737304033023015
M5@H1,near_miss,against_daily,continuation,fresh,retested_2plus,2150,5.352093023255814,2.1869767441860466,3.1740931978533924
M5@H1,near_miss,against_daily,continuation,mature,first_touch,43,87.65116279069767,2.1627906976744184,2.704408800185694
M5@H1,near_miss,against_daily,continuation,mature,retested_1,19,61.21052631578947,1.7894736842105263,2.1289874420885626
M5@H1,near_miss,against_daily,continuation,mature,retested_2plus,714,113.7156862745098,1.8823529411764706,3.8702659792426433
M5@H1,near_miss,against_daily,continuation,old,first_touch,15,603.8666666666667,2.2666666666666666,2.441214033981331
M5@H1,near_miss,against_daily,continuation,old,retested_1,16,789.1875,2.375,2.475868727813736
M5@H1,near_miss,against_daily,continuation,old,retested_2plus,549,465.0528233151184,2.4262295081967213,3.8697022125034537
M5@H1,near_miss,against_daily,continuation,young,first_touch,29,16.896551724137932,2.4827586206896552,3.0923364444513517
M5@H1,near_miss,against_daily,continuation,young,retested_1,22,17.318181818181817,2.590909090909091,2.12825899082014
M5@H1,near_miss,against_daily,continuation,young,retested_2plus,1069,19.086997193638915,2.095416276894294,3.5067294155026576
M5@H1,near_miss,against_daily,pullback,fresh,first_touch,61,2.8852459016393444,2.2131147540983607,2.600713177058733
M5@H1,near_miss,against_daily,pullback,fresh,retested_2plus,175,8.062857142857142,2.2057142857142855,4.308737376619512
M5@H1,near_miss,against_daily,pullback,mature,first_touch,6,154.83333333333334,2.1666666666666665,2.359058347668414
M5@H1,near_miss,against_daily,pullback,mature,retested_1,7,63.42857142857143,1.8571428571428572,2.8929166741534758
M5@H1,near_miss,against_daily,pullback,mature,retested_2plus,496,115.67137096774194,1.5423387096774193,3.8928637224421565
M5@H1,near_miss,against_daily,pullback,old,first_touch,2,245.0,2.0,1.4471300843335244
M5@H1,near_miss,against_daily,pullback,old,retested_1,8,661.125,2.5,2.7391260442158383
M5@H1,near_miss,against_daily,pullback,old,retested_2plus,456,589.8947368421053,2.462719298245614,3.852999746835499
M5@H1,near_miss,against_daily,pullback,young,first_touch,3,15.0,1.6666666666666667,2.5238244821086417
M5@H1,near_miss,against_daily,pullback,young,retested_2plus,699,19.896995708154506,2.0858369098712446,4.125416418104225
M5@H1,near_miss,against_daily,push,mature,retested_1,2,100.0,1.0,2.391861323683516
M5@H1,near_miss,against_daily,push,mature,retested_2plus,43,103.02325581395348,1.0930232558139534,2.7286125664800394
M5@H1,near_miss,against_daily,push,old,first_touch,6,517.3333333333334,2.6666666666666665,2.1208031620393597
M5@H1,near_miss,against_daily,push,old,retested_2plus,63,509.74603174603175,2.1904761904761907,3.273968294527455
M5@H1,near_miss,against_daily,reversal,fresh,first_touch,75,4.0,2.6666666666666665,2.569507588370284
M5@H1,near_miss,against_daily,reversal,fresh,retested_1,24,3.7916666666666665,2.5,2.4790694715445096
M5@H1,near_miss,against_daily,reversal,fresh,retested_2plus,275,5.941818181818181,2.669090909090909,3.1818376263351764
M5@H1,near_miss,against_daily,reversal,mature,first_touch,1,138.0,1.0,3.899135446685884
M5@H1,near_miss,against_daily,reversal,mature,retested_2plus,68,82.23529411764706,2.014705882352941,3.9234863280950845
M5@H1,near_miss,against_daily,reversal,old,first_touch,1,1266.0,3.0,3.4052992028741147
M5@H1,near_miss,against_daily,reversal,old,retested_2plus,153,1153.1503267973856,2.3594771241830066,4.766679780115192
M5@H1,near_miss,against_daily,reversal,young,first_touch,7,13.714285714285714,3.0,4.201566049152058
M5@H1,near_miss,against_daily,reversal,young,retested_1,4,16.25,2.5,2.6010994544291024
M5@H1,near_miss,against_daily,reversal,young,retested_2plus,268,19.794776119402986,2.888059701492537,4.34428952672556
M5@H1,near_miss,at_transition,continuation,fresh,first_touch,7,4.0,1.7142857142857142,3.2913851224038737
M5@H1,near_miss,at_transition,continuation,fresh,retested_1,1,4.0,1.0,3.6622729564296974
M5@H1,near_miss,at_transition,continuation,fresh,retested_2plus,10,7.3,1.3,6.499272063610168
M5@H1,near_miss,at_transition,continuation,mature,first_touch,4,60.0,1.25,4.70633010337502
M5@H1,near_miss,at_transition,continuation,mature,retested_1,1,55.0,1.0,5.984645490057673
M5@H1,near_miss,at_transition,continuation,mature,retested_2plus,8,100.75,1.25,5.860128119026848
M5@H1,near_miss,at_transition,continuation,old,retested_2plus,3,456.3333333333333,1.6666666666666667,5.863972086382456
M5@H1,near_miss,at_transition,continuation,young,first_touch,1,40.0,2.0,3.192668553001505
M5@H1,near_miss,at_transition,continuation,young,retested_2plus,8,23.875,1.5,4.347057155662492
M5@H1,near_miss,at_transition,pullback,fresh,first_touch,2,4.5,1.0,3.656267110194678
M5@H1,near_miss,at_transition,pullback,mature,retested_2plus,3,90.33333333333333,1.0,4.876937667609265
M5@H1,near_miss,at_transition,pullback,old,first_touch,1,336.0,1.0,4.733824185631457
M5@H1,near_miss,at_transition,pullback,old,retested_2plus,1,396.0,2.0,12.054478301015466
M5@H1,near_miss,at_transition,pullback,young,retested_2plus,6,31.666666666666668,1.5,8.071797945191486
M5@H1,near_miss,at_transition,reversal,old,retested_2plus,1,1584.0,1.0,12.161769198584233
M5@H1,near_miss,neutral,continuation,fresh,first_touch,327,3.3394495412844036,1.4342507645259939,2.7302836141994207
M5@H1,near_miss,neutral,continuation,fresh,retested_1,151,3.8410596026490067,1.6026490066225165,3.0045576976618817
M5@H1,near_miss,neutral,continuation,fresh,retested_2plus,1405,5.330960854092527,1.4903914590747331,3.100500468164265
M5@H1,near_miss,neutral,continuation,mature,first_touch,38,94.1842105263158,1.2894736842105263,2.8931087571506513
M5@H1,near_miss,neutral,continuation,mature,retested_1,10,77.0,1.3,3.4292050003588797
M5@H1,near_miss,neutral,continuation,mature,retested_2plus,616,102.37987012987013,1.3896103896103895,3.9088431691419054
M5@H1,near_miss,neutral,continuation,old,first_touch,8,444.0,1.75,2.544650869639966
M5@H1,near_miss,neutral,continuation,old,retested_1,1,300.0,2.0,2.186251189343502
M5@H1,near_miss,neutral,continuation,old,retested_2plus,243,430.9423868312757,1.5720164609053497,4.412362636077852
M5@H1,near_miss,neutral,continuation,young,first_touch,38,21.605263157894736,1.368421052631579,3.109475921902221
M5@H1,near_miss,neutral,continuation,young,retested_1,33,23.78787878787879,1.303030303030303,2.615974052853273
M5@H1,near_miss,neutral,continuation,young,retested_2plus,861,23.027874564459932,1.4529616724738676,3.3933722175461316
M5@H1,near_miss,neutral,pullback,fresh,first_touch,26,2.5384615384615383,1.4230769230769231,2.8025511003318817
M5@H1,near_miss,neutral,pullback,fresh,retested_2plus,169,8.195266272189349,1.331360946745562,3.2781553329095146
M5@H1,near_miss,neutral,pullback,mature,first_touch,7,157.14285714285714,1.8571428571428572,1.2452064435041947
M5@H1,near_miss,neutral,pullback,mature,retested_1,7,105.42857142857143,1.8571428571428572,3.1591513646047398
M5@H1,near_miss,neutral,pullback,mature,retested_2plus,303,105.86138613861387,1.2937293729372936,3.680858984675232
M5@H1,near_miss,neutral,pullback,old,first_touch,9,419.22222222222223,1.6666666666666667,2.286198937780971
M5@H1,near_miss,neutral,pullback,old,retested_1,1,703.0,1.0,1.4265898420827954
M5@H1,near_miss,neutral,pullback,old,retested_2plus,175,370.6,1.3542857142857143,4.295425319749823
M5@H1,near_miss,neutral,pullback,young,first_touch,3,21.666666666666668,1.0,1.7145231190112489
M5@H1,near_miss,neutral,pullback,young,retested_2plus,584,23.722602739726028,1.5907534246575343,3.8659866280311306
M5@H1,near_miss,neutral,push,fresh,retested_2plus,13,4.384615384615385,1.7692307692307692,2.7124837636747987
M5@H1,near_miss,neutral,push,mature,first_touch,2,102.5,1.0,2.5419708765083344
M5@H1,near_miss,neutral,push,mature,retested_2plus,12,135.0,1.25,2.0919976345475013
M5@H1,near_miss,neutral,push,old,first_touch,1,480.0,1.0,1.748960929887786
M5@H1,near_miss,neutral,push,old,retested_1,1,295.0,1.0,1.4918478260869372
M5@H1,near_miss,neutral,push,old,retested_2plus,34,460.4117647058824,1.6470588235294117,3.0376422996476706
M5@H1,near_miss,neutral,push,young,retested_2plus,22,13.272727272727273,1.1363636363636365,2.1717236004400786
M5@H1,near_miss,neutral,reversal,fresh,first_touch,13,5.0,0.46153846153846156,3.2636356834497025
M5@H1,near_miss,neutral,reversal,fresh,retested_1,1,10.0,0.0,2.6398440695135945
M5@H1,near_miss,neutral,reversal,fresh,retested_2plus,12,5.916666666666667,0.3333333333333333,4.349684467773273
M5@H1,near_miss,neutral,reversal,mature,first_touch,1,53.0,1.0,4.386503067484845
M5@H1,near_miss,neutral,reversal,mature,retested_2plus,65,102.56923076923077,1.2923076923076924,3.9698823441545317
M5@H1,near_miss,neutral,reversal,old,retested_2plus,80,330.875,1.425,3.961249919854719
M5@H1,near_miss,neutral,reversal,young,retested_2plus,9,21.444444444444443,1.3333333333333333,4.284515612682751
M5@H1,near_miss,with_daily,continuation,fresh,first_touch,614,3.529315960912052,2.066775244299674,2.9316536182454986
M5@H1,near_miss,with_daily,continuation,fresh,retested_1,207,4.140096618357488,2.0917874396135265,2.8903982571811953
M5@H1,near_miss,with_daily,continuation,fresh,retested_2plus,2380,5.262605042016807,2.2021008403361346,3.354610668599139
M5@H1,near_miss,with_daily,continuation,mature,first_touch,45,73.91111111111111,2.1333333333333333,2.335356258330532
M5@H1,near_miss,with_daily,continuation,mature,retested_1,21,72.76190476190476,2.0952380952380953,2.0395233690423047
M5@H1,near_miss,with_daily,continuation,mature,retested_2plus,704,89.44744318181819,2.3295454545454546,2.868621055792356
M5@H1,near_miss,with_daily,continuation,old,first_touch,16,594.3125,1.5,2.1535290256922504
M5@H1,near_miss,with_daily,continuation,old,retested_1,2,297.5,1.0,2.819340285183124
M5@H1,near_miss,with_daily,continuation,old,retested_2plus,153,585.0,1.8235294117647058,2.712390798428279
M5@H1,near_miss,with_daily,continuation,young,first_touch,75,20.706666666666667,2.1466666666666665,2.9293648595048136
M5@H1,near_miss,with_daily,continuation,young,retested_1,20,23.6,2.25,2.3129830499111264
M5@H1,near_miss,with_daily,continuation,young,retested_2plus,1334,22.95127436281859,2.0292353823088454,3.179997881926584
M5@H1,near_miss,with_daily,pullback,fresh,first_touch,50,2.66,2.28,3.185869459306899
M5@H1,near_miss,with_daily,pullback,fresh,retested_2plus,204,7.485294117647059,2.3676470588235294,4.029166526585616
M5@H1,near_miss,with_daily,pullback,mature,first_touch,8,104.25,1.875,2.376504032229671
M5@H1,near_miss,with_daily,pullback,mature,retested_1,4,133.5,3.0,2.62146707892769
M5@H1,near_miss,with_daily,pullback,mature,retested_2plus,490,96.81632653061224,2.273469387755102,3.4066020683807614
M5@H1,near_miss,with_daily,pullback,old,first_touch,4,233.75,3.0,1.8923046742213334
M5@H1,near_miss,with_daily,pullback,old,retested_2plus,129,792.2713178294574,1.821705426356589,3.500317408489916
M5@H1,near_miss,with_daily,pullback,young,first_touch,11,32.36363636363637,2.0,2.589352715118832
M5@H1,near_miss,with_daily,pullback,young,retested_1,1,34.0,3.0,1.8902269569245853
M5@H1,near_miss,with_daily,pullback,young,retested_2plus,873,26.812142038946163,2.0904925544100803,3.6992705180864407
M5@H1,near_miss,with_daily,push,fresh,first_touch,6,8.333333333333334,3.0,1.5419977554347841
M5@H1,near_miss,with_daily,push,fresh,retested_1,2,7.0,3.0,1.952320646442661
M5@H1,near_miss,with_daily,push,fresh,retested_2plus,93,8.021505376344086,2.6989247311827955,2.7390788250852376
M5@H1,near_miss,with_daily,push,mature,first_touch,5,107.6,2.8,2.5071330769138656
M5@H1,near_miss,with_daily,push,mature,retested_2plus,101,111.56435643564356,2.4356435643564356,3.248730205531453
M5@H1,near_miss,with_daily,push,old,retested_2plus,7,1250.5714285714287,1.0,4.192174870871569
M5@H1,near_miss,with_daily,push,young,first_touch,10,25.8,2.9,3.4055022471630165
M5@H1,near_miss,with_daily,push,young,retested_1,3,24.0,2.6666666666666665,1.5862132393651667
M5@H1,near_miss,with_daily,push,young,retested_2plus,179,23.94413407821229,2.8435754189944134,2.337643578951775
M5@H1,near_miss,with_daily,reversal,fresh,first_touch,1,3.0,1.0,3.930161189967594
M5@H1,near_miss,with_daily,reversal,mature,first_touch,2,74.0,3.0,2.00302157753564
M5@H1,near_miss,with_daily,reversal,mature,retested_2plus,30,92.7,1.9666666666666666,7.619873868418627
M5@H1,near_miss,with_daily,reversal,old,retested_2plus,34,1268.9411764705883,2.0294117647058822,3.9576423286040456
M5@H1,near_miss,with_daily,reversal,young,retested_2plus,19,44.05263157894737,1.0,6.085594337669749
M5@H1,wick_touch,against_daily,continuation,fresh,retested_1,196,3.688775510204082,2.193877551020408,2.3576079724499235
M5@H1,wick_touch,against_daily,continuation,fresh,retested_2plus,2531,5.084946661398656,2.187277755827736,2.8312333972866144
M5@H1,wick_touch,against_daily,continuation,mature,retested_1,8,59.125,2.5,2.313955644658638
M5@H1,wick_touch,against_daily,continuation,mature,retested_2plus,697,110.16786226685797,1.843615494978479,3.5236466238720188
M5@H1,wick_touch,against_daily,continuation,old,retested_1,12,737.0833333333334,2.5,2.2507911155572304
M5@H1,wick_touch,against_daily,continuation,old,retested_2plus,529,457.8109640831758,2.391304347826087,3.4685832883165766
M5@H1,wick_touch,against_daily,continuation,young,retested_1,14,18.428571428571427,2.5,1.8987488241422548
M5@H1,wick_touch,against_daily,continuation,young,retested_2plus,1061,19.176248821866164,2.131950989632422,3.169399530743657
M5@H1,wick_touch,against_daily,pullback,fresh,retested_1,31,3.064516129032258,2.193548387096774,2.84438651217715
M5@H1,wick_touch,against_daily,pullback,fresh,retested_2plus,163,7.92638036809816,2.1717791411042944,3.8413988210060905
M5@H1,wick_touch,against_daily,pullback,mature,retested_1,3,55.333333333333336,2.0,2.4183184180853132
M5@H1,wick_touch,against_daily,pullback,mature,retested_2plus,423,111.70685579196217,1.6501182033096926,3.8895500953095405
M5@H1,wick_touch,against_daily,pullback,old,retested_1,4,427.25,2.25,2.1983158575232493
M5@H1,wick_touch,against_daily,pullback,old,retested_2plus,431,525.9675174013921,2.37122969837587,3.768406723380428
M5@H1,wick_touch,against_daily,pullback,young,retested_1,1,13.0,2.0,2.992916330468301
M5@H1,wick_touch,against_daily,pullback,young,retested_2plus,609,19.745484400656814,2.1444991789819374,4.0607585207814205
M5@H1,wick_touch,against_daily,push,mature,retested_1,1,79.0,1.0,0.7189599133260618
M5@H1,wick_touch,against_daily,push,mature,retested_2plus,44,113.47727272727273,1.1363636363636365,2.2069806427344614
M5@H1,wick_touch,against_daily,push,old,retested_1,1,405.0,2.0,0.8520616519562848
M5@H1,wick_touch,against_daily,push,old,retested_2plus,64,532.921875,2.125,3.3297168883306747
M5@H1,wick_touch,against_daily,reversal,fresh,retested_1,23,4.173913043478261,2.5217391304347827,2.5420256043709384
M5@H1,wick_touch,against_daily,reversal,fresh,retested_2plus,336,5.744047619047619,2.613095238095238,3.1526107365022606
M5@H1,wick_touch,against_daily,reversal,mature,retested_2plus,95,88.7578947368421,2.042105263157895,4.019027794028187
M5@H1,wick_touch,against_daily,reversal,old,retested_2plus,106,1444.0566037735848,2.6792452830188678,4.641114875702971
M5@H1,wick_touch,against_daily,reversal,young,retested_1,2,28.5,3.0,2.7415535155245596
M5@H1,wick_touch,against_daily,reversal,young,retested_2plus,269,20.490706319702603,2.8104089219330857,3.9688070380007963
M5@H1,wick_touch,at_transition,continuation,fresh,retested_1,14,4.571428571428571,1.2857142857142858,3.358687482503219
M5@H1,wick_touch,at_transition,continuation,fresh,retested_2plus,28,5.964285714285714,1.3571428571428572,4.744203819257794
M5@H1,wick_touch,at_transition,continuation,mature,retested_1,4,55.75,1.5,4.660904854318922
M5@H1,wick_touch,at_transition,continuation,mature,retested_2plus,24,76.33333333333333,1.4166666666666667,5.360581726279608
M5@H1,wick_touch,at_transition,continuation,old,retested_1,1,238.0,2.0,3.008938981733386
M5@H1,wick_touch,at_transition,continuation,old,retested_2plus,7,418.2857142857143,1.7142857142857142,5.1182432866032554
M5@H1,wick_touch,at_transition,continuation,young,retested_2plus,12,19.75,1.3333333333333333,3.724424403134742
M5@H1,wick_touch,at_transition,pullback,fresh,retested_1,6,4.666666666666667,1.5,3.8088678285601465
M5@H1,wick_touch,at_transition,pullback,fresh,retested_2plus,6,9.0,1.5,7.293716541119338
M5@H1,wick_touch,at_transition,pullback,mature,retested_1,4,52.25,1.25,4.452968053351322
M5@H1,wick_touch,at_transition,pullback,mature,retested_2plus,8,97.625,1.375,5.092416173999119
M5@H1,wick_touch,at_transition,pullback,old,retested_2plus,7,311.14285714285717,1.5714285714285714,4.188240432692896
M5@H1,wick_touch,at_transition,pullback,young,retested_2plus,10,33.0,1.4,5.263151257145277
M5@H1,wick_touch,at_transition,push,old,retested_2plus,1,490.0,2.0,7.533698640391122
M5@H1,wick_touch,at_transition,reversal,mature,retested_1,1,54.0,1.0,1.3550937429409702
M5@H1,wick_touch,at_transition,reversal,young,retested_2plus,1,42.0,1.0,1.2623333845565616
M5@H1,wick_touch,neutral,continuation,fresh,retested_1,136,3.2941176470588234,1.4926470588235294,2.336594486124767
M5@H1,wick_touch,neutral,continuation,fresh,retested_2plus,1765,5.104815864022663,1.5116147308781869,2.7314823604812317
M5@H1,wick_touch,neutral,continuation,mature,retested_1,8,74.5,1.625,3.501091690017306
M5@H1,wick_touch,neutral,continuation,mature,retested_2plus,637,99.35949764521193,1.4411302982731553,3.4358397177895794
M5@H1,wick_touch,neutral,continuation,old,retested_1,7,425.85714285714283,1.5714285714285714,1.928125483542953
M5@H1,wick_touch,neutral,continuation,old,retested_2plus,241,416.1161825726141,1.5560165975103735,4.132585442881934
M5@H1,wick_touch,neutral,continuation,young,retested_1,13,18.76923076923077,1.3846153846153846,2.2201570220427658
M5@H1,wick_touch,neutral,continuation,young,retested_2plus,833,21.43097238895558,1.4597839135654262,3.3719497955840816
M5@H1,wick_touch,neutral,pullback,fresh,retested_1,23,3.0434782608695654,1.6521739130434783,2.616172420193283
M5@H1,wick_touch,neutral,pullback,fresh,retested_2plus,170,8.194117647058823,1.4294117647058824,3.5614271668656863
M5@H1,wick_touch,neutral,pullback,mature,retested_1,2,61.5,1.5,3.223535766491996
M5@H1,wick_touch,neutral,pullback,mature,retested_2plus,243,105.04526748971193,1.2839506172839505,3.694695220786839
M5@H1,wick_touch,neutral,pullback,old,retested_1,1,229.0,1.0,2.101482527356175
M5@H1,wick_touch,neutral,pullback,old,retested_2plus,162,327.77777777777777,1.3518518518518519,4.352310307883805
M5@H1,wick_touch,neutral,pullback,young,retested_1,1,37.0,1.0,0.8837620263106731
M5@H1,wick_touch,neutral,pullback,young,retested_2plus,485,24.709278350515465,1.5876288659793814,3.697739814423574
M5@H1,wick_touch,neutral,push,fresh,retested_2plus,14,5.785714285714286,1.4285714285714286,1.9301376135644492
M5@H1,wick_touch,neutral,push,mature,retested_1,1,158.0,1.0,0.6478931566415133
M5@H1,wick_touch,neutral,push,mature,retested_2plus,16,106.5,1.5,1.383621374866316
M5@H1,wick_touch,neutral,push,old,retested_1,1,295.0,1.0,1.0835312747426655
M5@H1,wick_touch,neutral,push,old,retested_2plus,38,440.10526315789474,1.5263157894736843,3.4772283797234413
M5@H1,wick_touch,neutral,push,young,retested_2plus,20,13.75,1.15,2.3020722980922703
M5@H1,wick_touch,neutral,reversal,fresh,retested_1,3,4.666666666666667,0.6666666666666666,2.6901673561584825
M5@H1,wick_touch,neutral,reversal,fresh,retested_2plus,22,5.545454545454546,0.7727272727272727,4.119678725475108
M5@H1,wick_touch,neutral,reversal,mature,retested_1,1,54.0,1.0,2.134510042605105
M5@H1,wick_touch,neutral,reversal,mature,retested_2plus,64,99.65625,1.375,4.348568778522637
M5@H1,wick_touch,neutral,reversal,old,retested_2plus,72,317.2638888888889,1.2916666666666667,3.2383171388583154
M5@H1,wick_touch,neutral,reversal,young,retested_1,1,11.0,1.0,14.366153846154807
M5@H1,wick_touch,neutral,reversal,young,retested_2plus,13,17.692307692307693,1.5384615384615385,5.746595059761377
M5@H1,wick_touch,with_daily,continuation,fresh,retested_1,231,3.6103896103896105,2.168831168831169,2.563730666889137
M5@H1,wick_touch,with_daily,continuation,fresh,retested_2plus,2992,5.127673796791444,2.212566844919786,3.0055817086926755
M5@H1,wick_touch,with_daily,continuation,mature,retested_1,18,74.0,2.2222222222222223,1.865223996635943
M5@H1,wick_touch,with_daily,continuation,mature,retested_2plus,729,89.89711934156378,2.392318244170096,2.592575690356631
M5@H1,wick_touch,with_daily,continuation,old,retested_1,1,686.0,1.0,1.201162595718541
M5@H1,wick_touch,with_daily,continuation,old,retested_2plus,143,592.4475524475524,1.8251748251748252,2.253977694984881
M5@H1,wick_touch,with_daily,continuation,young,retested_1,36,25.02777777777778,2.138888888888889,2.5149306013789348
M5@H1,wick_touch,with_daily,continuation,young,retested_2plus,1401,23.576017130620986,2.0292648108493934,2.919182944908537
M5@H1,wick_touch,with_daily,pullback,fresh,retested_1,47,2.7872340425531914,2.4893617021276597,2.583137966145339
M5@H1,wick_touch,with_daily,pullback,fresh,retested_2plus,177,7.378531073446328,2.1864406779661016,3.598876549002313
M5@H1,wick_touch,with_daily,pullback,mature,retested_1,1,71.0,3.0,2.9912382521623524
M5@H1,wick_touch,with_daily,pullback,mature,retested_2plus,452,98.29203539823008,2.349557522123894,3.0841211516416265
M5@H1,wick_touch,with_daily,pullback,old,retested_1,1,295.0,1.0,1.840340985539463
M5@H1,wick_touch,with_daily,pullback,old,retested_2plus,104,596.8942307692307,1.6923076923076923,3.4764472936206996
M5@H1,wick_touch,with_daily,pullback,young,retested_1,2,13.5,3.0,1.883982394891265
M5@H1,wick_touch,with_daily,pullback,young,retested_2plus,787,25.570520965692502,2.0838627700127064,3.592720273958527
M5@H1,wick_touch,with_daily,push,fresh,retested_1,1,6.0,3.0,2.3915607985481135
M5@H1,wick_touch,with_daily,push,fresh,retested_2plus,66,7.515151515151516,2.803030303030303,2.560576808001449
M5@H1,wick_touch,with_daily,push,mature,retested_1,1,60.0,2.0,8.352024922118622
M5@H1,wick_touch,with_daily,push,mature,retested_2plus,104,105.14423076923077,2.5961538461538463,2.7170482995554175
M5@H1,wick_touch,with_daily,push,old,retested_2plus,3,1250.3333333333333,1.0,3.314475686301094
M5@H1,wick_touch,with_daily,push,young,retested_1,3,23.333333333333332,3.0,1.4406282617824644
M5@H1,wick_touch,with_daily,push,young,retested_2plus,201,24.01492537313433,2.8407960199004973,2.0658533558584606
M5@H1,wick_touch,with_daily,reversal,mature,retested_2plus,35,91.88571428571429,1.7428571428571429,7.256194929463098
M5@H1,wick_touch,with_daily,reversal,old,retested_2plus,29,1412.0344827586207,2.0,4.348610699446388
M5@H1,wick_touch,with_daily,reversal,young,retested_2plus,23,42.52173913043478,1.173913043478261,7.765891997947032
M5@M15,body_close,against_daily,continuation,fresh,first_touch,3,2.6666666666666665,2.3333333333333335,0.952629959593727
M5@M15,body_close,against_daily,continuation,fresh,retested_1,1219,3.3970467596390486,2.187038556193601,0.5661118896319889
M5@M15,body_close,against_daily,continuation,fresh,retested_2plus,15869,5.687377906610372,2.2146953179154325,0.588842364482582
M5@M15,body_close,against_daily,continuation,mature,retested_1,19,84.26315789473684,2.4210526315789473,0.4746597200000958
M5@M15,body_close,against_daily,continuation,mature,retested_2plus,3045,81.60131362889983,2.019704433497537,1.0531325993286773
M5@M15,body_close,against_daily,continuation,old,retested_1,33,906.5151515151515,2.3636363636363638,0.7964940119223634
M5@M15,body_close,against_daily,continuation,old,retested_2plus,6187,908.2172296751253,2.099240342653952,1.3399031169482927
M5@M15,body_close,against_daily,continuation,young,retested_1,119,20.680672268907564,2.1848739495798317,0.7307697247351159
M5@M15,body_close,against_daily,continuation,young,retested_2plus,11171,23.26380807447856,2.1641750962313133,0.8366188764933878
M5@M15,body_close,against_daily,pullback,fresh,retested_1,754,2.702917771883289,2.286472148541114,0.5158853079073457
M5@M15,body_close,against_daily,pullback,fresh,retested_2plus,1304,7.963957055214724,2.228527607361963,0.7223401236427575
M5@M15,body_close,against_daily,pullback,mature,retested_1,8,92.625,2.375,0.4596269618010671
M5@M15,body_close,against_daily,pullback,mature,retested_2plus,1747,78.63423010875788,2.0549513451631367,1.1979906599259806
M5@M15,body_close,against_daily,pullback,old,retested_1,12,751.5833333333334,1.9166666666666667,0.696163783795637
M5@M15,body_close,against_daily,pullback,old,retested_2plus,3298,1010.1725288053366,2.080351728320194,1.651336267238005
M5@M15,body_close,against_daily,pullback,young,retested_1,21,21.095238095238095,2.0476190476190474,0.8014053448826337
M5@M15,body_close,against_daily,pullback,young,retested_2plus,4856,24.012355848434925,2.1630971993410215,1.0224598538014331
M5@M15,body_close,against_daily,push,mature,retested_2plus,2,104.5,1.0,0.05874602217152632
M5@M15,body_close,against_daily,push,old,retested_1,2,433.0,1.0,0.3408106308477966
M5@M15,body_close,against_daily,push,old,retested_2plus,360,878.6638888888889,1.875,4.825935865652696
M5@M15,body_close,against_daily,push,young,retested_1,1,12.0,1.0,1.2064496219719183
M5@M15,body_close,against_daily,push,young,retested_2plus,70,22.614285714285714,1.0,1.4162195390232528
M5@M15,body_close,against_daily,reversal,fresh,retested_1,133,3.2030075187969924,2.5413533834586466,0.6337707628410829
M5@M15,body_close,against_daily,reversal,fresh,retested_2plus,1282,6.12792511700468,2.468798751950078,0.631853604707422
M5@M15,body_close,against_daily,reversal,mature,retested_1,2,136.5,3.0,0.943321129450471
M5@M15,body_close,against_daily,reversal,mature,retested_2plus,711,75.0365682137834,2.718706047819972,1.1026464029405856
M5@M15,body_close,against_daily,reversal,old,retested_1,3,366.6666666666667,1.6666666666666667,1.1468630525626062
M5@M15,body_close,against_daily,reversal,old,retested_2plus,533,728.9924953095684,2.1125703564727956,1.2776031486732853
M5@M15,body_close,against_daily,reversal,young,retested_1,10,19.8,2.8,1.0169049945663655
M5@M15,body_close,against_daily,reversal,young,retested_2plus,2256,26.786347517730498,2.526595744680851,1.1963500453756597
M5@M15,body_close,at_transition,continuation,fresh,retested_1,16,7.25,1.25,0.5149900572318222
M5@M15,body_close,at_transition,continuation,fresh,retested_2plus,45,8.911111111111111,1.5333333333333334,0.5175051425798652
M5@M15,body_close,at_transition,continuation,mature,retested_1,3,198.0,1.3333333333333333,0.588093320613568
M5@M15,body_close,at_transition,continuation,mature,retested_2plus,21,109.33333333333333,1.5238095238095237,0.8900356767719637
M5@M15,body_close,at_transition,continuation,old,retested_1,4,210.0,1.5,0.5782888021233918
M5@M15,body_close,at_transition,continuation,old,retested_2plus,58,389.7931034482759,1.4137931034482758,1.4574814702764318
M5@M15,body_close,at_transition,continuation,young,retested_1,6,19.5,1.5,0.48978110416987614
M5@M15,body_close,at_transition,continuation,young,retested_2plus,140,22.135714285714286,1.4285714285714286,1.1001467394597584
M5@M15,body_close,at_transition,pullback,fresh,retested_1,6,6.833333333333333,1.8333333333333333,0.5104979610371111
M5@M15,body_close,at_transition,pullback,mature,retested_1,3,127.66666666666667,1.3333333333333333,0.7351013769260094
M5@M15,body_close,at_transition,pullback,mature,retested_2plus,13,114.15384615384616,1.6153846153846154,1.937434390261024
M5@M15,body_close,at_transition,pullback,old,retested_2plus,34,684.5294117647059,1.4411764705882353,1.9084107659422487
M5@M15,body_close,at_transition,pullback,young,retested_1,1,27.0,1.0,1.5096257102778032
M5@M15,body_close,at_transition,pullback,young,retested_2plus,59,26.559322033898304,1.3728813559322033,1.6798113126122718
M5@M15,body_close,at_transition,push,old,retested_2plus,5,673.8,1.4,5.727313283232473
M5@M15,body_close,at_transition,reversal,fresh,retested_1,1,9.0,2.0,0.8415428681002773
M5@M15,body_close,at_transition,reversal,mature,retested_2plus,1,110.0,1.0,3.0447976878613607
M5@M15,body_close,at_transition,reversal,old,retested_2plus,5,442.6,1.4,1.4979421857382778
M5@M15,body_close,at_transition,reversal,young,retested_2plus,7,25.571428571428573,1.8571428571428572,1.0057695299558815
M5@M15,body_close,neutral,continuation,fresh,retested_1,873,3.4009163802978235,1.4604810996563573,0.5818296738054441
M5@M15,body_close,neutral,continuation,fresh,retested_2plus,11211,5.701186334849702,1.4641869592364642,0.6022228745750424
M5@M15,body_close,neutral,continuation,mature,retested_1,20,98.55,1.45,0.6832623072137631
M5@M15,body_close,neutral,continuation,mature,retested_2plus,3223,94.05305615885821,1.4514427551970215,1.069975992880973
M5@M15,body_close,neutral,continuation,old,retested_1,27,346.7037037037037,1.4814814814814814,0.4667081785768248
M5@M15,body_close,neutral,continuation,old,retested_2plus,4206,621.8116975748931,1.4657631954350927,1.2223374535671707
M5@M15,body_close,neutral,continuation,young,retested_1,59,21.593220338983052,1.5593220338983051,0.7620763340630777
M5@M15,body_close,neutral,continuation,young,retested_2plus,8541,23.07856222924716,1.5006439526987472,0.931618242502008
M5@M15,body_close,neutral,pullback,fresh,retested_1,505,2.6613861386138615,1.4118811881188118,0.5268726441162837
M5@M15,body_close,neutral,pullback,fresh,retested_2plus,986,8.198782961460447,1.4087221095334685,0.8329708809492681
M5@M15,body_close,neutral,pullback,mature,retested_1,4,79.0,1.0,0.18849799307884102
M5@M15,body_close,neutral,pullback,mature,retested_2plus,1567,94.9100191448628,1.5788130185067006,1.3609551817997627
M5@M15,body_close,neutral,pullback,old,retested_1,4,652.75,1.25,0.34301904145037954
M5@M15,body_close,neutral,pullback,old,retested_2plus,2391,696.6432455039733,1.4504391468005018,1.6238716521542151
M5@M15,body_close,neutral,pullback,young,retested_1,12,23.75,1.3333333333333333,0.7698074646114136
M5@M15,body_close,neutral,pullback,young,retested_2plus,4118,24.53861097620204,1.5114133074307916,1.1000074853399142
M5@M15,body_close,neutral,push,fresh,retested_1,2,8.5,1.0,1.096107299645955
M5@M15,body_close,neutral,push,fresh,retested_2plus,27,7.222222222222222,1.4814814814814814,0.41890523054193496
M5@M15,body_close,neutral,push,mature,retested_2plus,37,61.32432432432432,0.1891891891891892,1.3467513358239698
M5@M15,body_close,neutral,push,old,retested_1,2,298.0,1.5,0.30773673565552245
M5@M15,body_close,neutral,push,old,retested_2plus,520,402.4596153846154,1.0480769230769231,2.5774506441964187
M5@M15,body_close,neutral,push,young,retested_1,2,30.0,1.0,0.28192906497516856
M5@M15,body_close,neutral,push,young,retested_2plus,54,23.833333333333332,1.3888888888888888,0.7299105316992359
M5@M15,body_close,neutral,reversal,fresh,retested_1,37,3.675675675675676,1.1891891891891893,0.4919713414256915
M5@M15,body_close,neutral,reversal,fresh,retested_2plus,405,6.338271604938272,1.237037037037037,0.7188169836168016
M5@M15,body_close,neutral,reversal,mature,retested_1,2,73.0,1.5,3.2646564714243542
M5@M15,body_close,neutral,reversal,mature,retested_2plus,396,103.10353535353535,1.1717171717171717,2.033865039242412
M5@M15,body_close,neutral,reversal,old,retested_1,2,1008.0,1.0,1.087232393635773
M5@M15,body_close,neutral,reversal,old,retested_2plus,417,729.4172661870504,1.2613908872901678,1.379108641414821
M5@M15,body_close,neutral,reversal,young,retested_1,1,23.0,2.0,4.243209876543132
M5@M15,body_close,neutral,reversal,young,retested_2plus,452,20.61725663716814,1.2433628318584071,1.0599405991173367
M5@M15,body_close,with_daily,continuation,fresh,retested_1,1279,3.4777169663799845,2.197810789679437,0.6039956092207327
M5@M15,body_close,with_daily,continuation,fresh,retested_2plus,16287,5.728679314790938,2.201633204396144,0.6394616279369584
M5@M15,body_close,with_daily,continuation,mature,retested_1,28,117.64285714285714,2.142857142857143,0.6123306307922736
M5@M15,body_close,with_daily,continuation,mature,retested_2plus,5950,98.09747899159665,2.1939495798319326,1.1868108300410085
M5@M15,body_close,with_daily,continuation,old,retested_1,29,507.55172413793105,2.1724137931034484,0.5446648390416788
M5@M15,body_close,with_daily,continuation,old,retested_2plus,3598,441.1964980544747,2.2390216787103947,1.1038173154560673
M5@M15,body_close,with_daily,continuation,young,retested_1,110,21.963636363636365,2.227272727272727,0.6773713593632822
M5@M15,body_close,with_daily,continuation,young,retested_2plus,12822,23.05896116050538,2.1579316799251287,0.943911502863275
M5@M15,body_close,with_daily,pullback,fresh,first_touch,1,2.0,2.0,1.0998102466793886
M5@M15,body_close,with_daily,pullback,fresh,retested_1,761,2.78580814717477,2.1734559789750327,0.5747237704442749
M5@M15,body_close,with_daily,pullback,fresh,retested_2plus,1304,7.982361963190184,2.1970858895705523,0.784200784067494
M5@M15,body_close,with_daily,pullback,mature,retested_1,16,137.25,2.0625,0.48851318267695726
M5@M15,body_close,with_daily,pullback,mature,retested_2plus,3515,101.06543385490754,2.2073968705547653,1.51975313056244
M5@M15,body_close,with_daily,pullback,old,retested_1,7,333.14285714285717,3.0,0.2681010686860117
M5@M15,body_close,with_daily,pullback,old,retested_2plus,1792,403.9135044642857,2.3816964285714284,1.141712609093269
M5@M15,body_close,with_daily,pullback,young,retested_1,15,21.933333333333334,2.1333333333333333,0.7805031893878377
M5@M15,body_close,with_daily,pullback,young,retested_2plus,6495,25.14041570438799,2.1867590454195533,1.2993935452120116
M5@M15,body_close,with_daily,push,fresh,retested_1,3,8.666666666666666,3.0,0.5711470671432198
M5@M15,body_close,with_daily,push,fresh,retested_2plus,171,7.625730994152047,2.736842105263158,0.43158553964467705
M5@M15,body_close,with_daily,push,mature,retested_1,8,109.0,2.75,0.6719399705512596
M5@M15,body_close,with_daily,push,mature,retested_2plus,377,87.50397877984085,2.870026525198939,0.8371810126981827
M5@M15,body_close,with_daily,push,old,retested_1,6,579.1666666666666,2.8333333333333335,0.4720035490977401
M5@M15,body_close,with_daily,push,old,retested_2plus,284,358.11971830985914,2.119718309859155,4.798398757868032
M5@M15,body_close,with_daily,push,young,retested_1,18,25.0,2.7777777777777777,0.5213522029190454
M5@M15,body_close,with_daily,push,young,retested_2plus,595,23.33781512605042,2.6252100840336134,0.6635287254857789
M5@M15,body_close,with_daily,reversal,fresh,retested_1,2,2.5,1.5,0.9869318324953011
M5@M15,body_close,with_daily,reversal,fresh,retested_2plus,55,6.581818181818182,1.2727272727272727,0.7257580434242593
M5@M15,body_close,with_daily,reversal,mature,retested_1,1,169.0,1.0,0.1551039119804216
M5@M15,body_close,with_daily,reversal,mature,retested_2plus,46,96.73913043478261,2.5652173913043477,2.3536283474745736
M5@M15,body_close,with_daily,reversal,old,retested_2plus,12,1147.8333333333333,1.25,1.6216279457129195
M5@M15,body_close,with_daily,reversal,young,retested_2plus,57,20.017543859649123,1.719298245614035,1.7447023495245721
M5@M15,break_through,against_daily,continuation,fresh,first_touch,71,2.6901408450704225,2.056338028169014,1.3991145551023196
M5@M15,break_through,against_daily,continuation,mature,first_touch,1,198.0,3.0,1.4138271704940066
M5@M15,break_through,against_daily,pullback,fresh,first_touch,74,2.72972972972973,2.3378378378378377,1.4225007606489264
M5@M15,break_through,against_daily,reversal,fresh,first_touch,7,2.5714285714285716,2.7142857142857144,1.601087904586145
M5@M15,break_through,at_transition,continuation,fresh,first_touch,3,6.666666666666667,1.3333333333333333,0.9454415096039231
M5@M15,break_through,at_transition,continuation,mature,first_touch,1,199.0,2.0,1.8839611178617062
M5@M15,break_through,at_transition,continuation,young,first_touch,1,11.0,1.0,2.224126565589902
M5@M15,break_through,neutral,continuation,fresh,first_touch,46,2.5217391304347827,1.434782608695652,1.385398310543346
M5@M15,break_through,neutral,continuation,mature,first_touch,1,198.0,2.0,3.2760995113283125
M5@M15,break_through,neutral,pullback,fresh,first_touch,41,2.1951219512195124,1.3902439024390243,1.6177210268973474
M5@M15,break_through,neutral,pullback,mature,first_touch,1,198.0,1.0,2.329166666666702
M5@M15,break_through,neutral,reversal,fresh,first_touch,1,2.0,2.0,1.116389968209084
M5@M15,break_through,with_daily,continuation,fresh,first_touch,62,2.6774193548387095,2.225806451612903,1.548660380480385
M5@M15,break_through,with_daily,continuation,mature,first_touch,1,198.0,1.0,0.9237616099070761
M5@M15,break_through,with_daily,continuation,old,first_touch,1,207.0,1.0,2.0676800191740594
M5@M15,break_through,with_daily,pullback,fresh,first_touch,72,2.4583333333333335,2.3055555555555554,1.5056943537893845
M5@M15,near_miss,against_daily,continuation,fresh,first_touch,1521,4.324128862590401,2.224852071005917,1.7045715044062404
M5@M15,near_miss,against_daily,continuation,fresh,retested_1,730,4.636986301369863,2.0931506849315067,1.7806339402498599
M5@M15,near_miss,against_daily,continuation,fresh,retested_2plus,3023,6.2050942772080715,2.198147535560701,1.8896715030719737
M5@M15,near_miss,against_daily,continuation,mature,first_touch,48,76.10416666666667,2.25,1.9133445379828737
M5@M15,near_miss,against_daily,continuation,mature,retested_1,37,71.86486486486487,2.189189189189189,2.092325864569895
M5@M15,near_miss,against_daily,continuation,mature,retested_2plus,830,83.30843373493975,2.102409638554217,2.424841279981891
M5@M15,near_miss,against_daily,continuation,old,first_touch,72,729.1944444444445,2.486111111111111,1.8366432855418138
M5@M15,near_miss,against_daily,continuation,old,retested_1,37,615.5675675675676,1.8918918918918919,2.050104310779586
M5@M15,near_miss,against_daily,continuation,old,retested_2plus,1479,885.868830290737,2.0608519269776875,2.493110391738074
M5@M15,near_miss,against_daily,continuation,young,first_touch,259,19.83783783783784,2.2316602316602316,1.8205790793054375
M5@M15,near_miss,against_daily,continuation,young,retested_1,144,22.28472222222222,2.125,1.9259923036354971
M5@M15,near_miss,against_daily,continuation,young,retested_2plus,2908,22.988995873452545,2.1619669876203575,2.0715414179414506
M5@M15,near_miss,against_daily,pullback,fresh,first_touch,240,2.7041666666666666,2.1125,1.6778560175006278
M5@M15,near_miss,against_daily,pullback,fresh,retested_1,2,8.5,2.0,1.2042659106239935
M5@M15,near_miss,against_daily,pullback,fresh,retested_2plus,428,8.149532710280374,2.203271028037383,2.0132269704085823
M5@M15,near_miss,against_daily,pullback,mature,first_touch,24,81.20833333333333,2.1666666666666665,2.2917238749271998
M5@M15,near_miss,against_daily,pullback,mature,retested_1,14,88.14285714285714,1.8571428571428572,2.4101895193832066
M5@M15,near_miss,against_daily,pullback,mature,retested_2plus,762,81.2217847769029,2.143044619422572,2.552208772018593
M5@M15,near_miss,against_daily,pullback,old,first_touch,16,1071.625,2.0625,1.6729069567382144
M5@M15,near_miss,against_daily,pullback,old,retested_1,11,838.3636363636364,1.9090909090909092,1.75481884905467
M5@M15,near_miss,against_daily,pullback,old,retested_2plus,991,930.7618567103935,2.029263370332997,2.6184442530532923
M5@M15,near_miss,against_daily,pullback,young,first_touch,48,24.0625,2.2291666666666665,1.7334613232233826
M5@M15,near_miss,against_daily,pullback,young,retested_1,33,21.818181818181817,2.121212121212121,1.9656833663026523
M5@M15,near_miss,against_daily,pullback,young,retested_2plus,1778,24.99775028121485,2.219347581552306,2.368174091083704
M5@M15,near_miss,against_daily,push,old,first_touch,1,275.0,1.0,0.8846039750816344
M5@M15,near_miss,against_daily,push,old,retested_1,3,585.0,1.0,1.334837457167307
M5@M15,near_miss,against_daily,push,old,retested_2plus,68,1206.2941176470588,1.6176470588235294,2.4077443784313703
M5@M15,near_miss,against_daily,push,young,first_touch,1,12.0,1.0,1.6135258120194125
M5@M15,near_miss,against_daily,push,young,retested_2plus,5,23.4,1.0,4.071111931865408
M5@M15,near_miss,against_daily,reversal,fresh,first_touch,118,4.8474576271186445,2.3220338983050848,1.8216385538866768
M5@M15,near_miss,against_daily,reversal,fresh,retested_1,34,5.5588235294117645,2.6470588235294117,1.8025460482036175
M5@M15,near_miss,against_daily,reversal,fresh,retested_2plus,224,6.522321428571429,2.53125,2.004777585970462
M5@M15,near_miss,against_daily,reversal,mature,first_touch,13,93.6923076923077,2.923076923076923,2.986606680390877
M5@M15,near_miss,against_daily,reversal,mature,retested_1,2,73.5,3.0,1.1393900621631474
M5@M15,near_miss,against_daily,reversal,mature,retested_2plus,148,90.43243243243244,2.7162162162162162,2.475725175850766
M5@M15,near_miss,against_daily,reversal,old,first_touch,8,449.875,1.25,3.261185003318331
M5@M15,near_miss,against_daily,reversal,old,retested_2plus,198,807.7929292929293,2.2222222222222223,2.9077250112581554
M5@M15,near_miss,against_daily,reversal,young,first_touch,16,22.125,2.4375,2.066593215950582
M5@M15,near_miss,against_daily,reversal,young,retested_1,9,17.77777777777778,2.2222222222222223,2.2403566599835574
M5@M15,near_miss,against_daily,reversal,young,retested_2plus,414,24.118357487922705,2.5144927536231885,2.4088968680084624
M5@M15,near_miss,at_transition,continuation,fresh,first_touch,5,8.4,1.4,2.184332313648651
M5@M15,near_miss,at_transition,continuation,fresh,retested_2plus,6,9.333333333333334,1.3333333333333333,1.9128356933216422
M5@M15,near_miss,at_transition,continuation,mature,first_touch,1,199.0,1.0,3.882234524408511
M5@M15,near_miss,at_transition,continuation,mature,retested_2plus,7,79.0,1.8571428571428572,3.3070113336961966
M5@M15,near_miss,at_transition,continuation,old,first_touch,4,215.75,1.5,3.069987489901705
M5@M15,near_miss,at_transition,continuation,old,retested_2plus,17,332.05882352941177,1.411764705882353,4.3934298602544475
M5@M15,near_miss,at_transition,continuation,young,first_touch,6,14.0,1.5,2.2797386447432166
M5@M15,near_miss,at_transition,continuation,young,retested_1,4,13.75,1.75,2.207168743029123
M5@M15,near_miss,at_transition,continuation,young,retested_2plus,23,22.956521739130434,1.391304347826087,2.838999717044021
M5@M15,near_miss,at_transition,pullback,fresh,first_touch,3,7.333333333333333,1.3333333333333333,1.9703090975697066
M5@M15,near_miss,at_transition,pullback,mature,first_touch,1,198.0,1.0,2.3313987309801463
M5@M15,near_miss,at_transition,pullback,mature,retested_2plus,4,75.0,1.0,2.80020983197063
M5@M15,near_miss,at_transition,pullback,old,first_touch,1,229.0,2.0,4.379373201139421
M5@M15,near_miss,at_transition,pullback,old,retested_2plus,4,310.5,1.5,3.3515723319416297
M5@M15,near_miss,at_transition,pullback,young,retested_2plus,11,27.818181818181817,1.2727272727272727,3.128383496456993
M5@M15,near_miss,at_transition,push,young,retested_2plus,1,18.0,2.0,2.281960227272664
M5@M15,near_miss,at_transition,reversal,old,retested_2plus,1,425.0,1.0,7.815629368988821
M5@M15,near_miss,at_transition,reversal,young,retested_2plus,2,24.5,2.0,3.974573649406282
M5@M15,near_miss,neutral,continuation,fresh,first_touch,1075,4.130232558139535,1.4344186046511629,1.712181925622276
M5@M15,near_miss,neutral,continuation,fresh,retested_1,507,4.603550295857988,1.4339250493096647,1.8068503932653817
M5@M15,near_miss,neutral,continuation,fresh,retested_2plus,2046,6.290322580645161,1.4633431085043989,1.9034783204752093
M5@M15,near_miss,neutral,continuation,mature,first_touch,33,100.06060606060606,1.393939393939394,2.1192234616009658
M5@M15,near_miss,neutral,continuation,mature,retested_1,27,107.22222222222223,1.4074074074074074,2.452771438034918
M5@M15,near_miss,neutral,continuation,mature,retested_2plus,830,96.68192771084337,1.4831325301204819,2.4334307512746998
M5@M15,near_miss,neutral,continuation,old,first_touch,47,548.7872340425532,1.5106382978723405,1.878278806646942
M5@M15,near_miss,neutral,continuation,old,retested_1,35,584.9714285714285,1.6857142857142857,1.982788499401873
M5@M15,near_miss,neutral,continuation,old,retested_2plus,977,663.2262026612078,1.4872057318321392,2.4899835134625414
M5@M15,near_miss,neutral,continuation,young,first_touch,177,18.338983050847457,1.502824858757062,1.9979590177705469
M5@M15,near_miss,neutral,continuation,young,retested_1,99,20.767676767676768,1.494949494949495,1.8681360877676336
M5@M15,near_miss,neutral,continuation,young,retested_2plus,1879,24.15167642362959,1.4827035657264502,2.099660755781435
M5@M15,near_miss,neutral,pullback,fresh,first_touch,176,2.6931818181818183,1.4886363636363635,1.7566558281411901
M5@M15,near_miss,neutral,pullback,fresh,retested_1,1,8.0,1.0,1.3035197382167536
M5@M15,near_miss,neutral,pullback,fresh,retested_2plus,289,8.034602076124568,1.4740484429065743,2.0280251807176235
M5@M15,near_miss,neutral,pullback,mature,first_touch,5,102.8,1.2,1.2192528188462433
M5@M15,near_miss,neutral,pullback,mature,retested_1,1,109.0,1.0,1.888704777685629
M5@M15,near_miss,neutral,pullback,mature,retested_2plus,703,98.44096728307255,1.5419630156472262,2.505711943331342
M5@M15,near_miss,neutral,pullback,old,first_touch,17,1024.1764705882354,1.3529411764705883,1.8514280805080485
M5@M15,near_miss,neutral,pullback,old,retested_1,5,455.2,2.0,1.390607886025804
M5@M15,near_miss,neutral,pullback,old,retested_2plus,743,629.4024226110363,1.4414535666218036,2.523822635248448
M5@M15,near_miss,neutral,pullback,young,first_touch,38,31.973684210526315,1.4473684210526316,1.7538104888560135
M5@M15,near_miss,neutral,pullback,young,retested_1,35,25.542857142857144,1.4285714285714286,1.7526579669935796
M5@M15,near_miss,neutral,pullback,young,retested_2plus,1324,24.459214501510573,1.513595166163142,2.3460315485724013
M5@M15,near_miss,neutral,push,fresh,first_touch,7,8.714285714285714,1.1428571428571428,2.0876962875660614
M5@M15,near_miss,neutral,push,fresh,retested_1,3,7.333333333333333,1.3333333333333333,2.7214470501185875
M5@M15,near_miss,neutral,push,fresh,retested_2plus,13,8.076923076923077,1.5384615384615385,1.9266820507508022
M5@M15,near_miss,neutral,push,mature,retested_2plus,7,56.714285714285715,1.4285714285714286,3.1522991327699996
M5@M15,near_miss,neutral,push,old,first_touch,1,263.0,2.0,1.326671906917476
M5@M15,near_miss,neutral,push,old,retested_1,1,211.0,1.0,1.899497487437395
M5@M15,near_miss,neutral,push,old,retested_2plus,42,1168.5714285714287,1.5,3.4131148868591197
M5@M15,near_miss,neutral,push,young,retested_1,4,29.5,1.0,3.5479330507286084
M5@M15,near_miss,neutral,push,young,retested_2plus,34,21.764705882352942,1.5,2.0502412194448083
M5@M15,near_miss,neutral,reversal,fresh,first_touch,37,5.216216216216216,1.162162162162162,2.0304360401083668
M5@M15,near_miss,neutral,reversal,fresh,retested_1,18,6.222222222222222,1.0555555555555556,1.9965143115391717
M5@M15,near_miss,neutral,reversal,fresh,retested_2plus,60,6.916666666666667,1.05,1.9346959469917875
M5@M15,near_miss,neutral,reversal,mature,first_touch,1,95.0,2.0,2.5650118203309855
M5@M15,near_miss,neutral,reversal,mature,retested_1,1,162.0,1.0,0.3483496882344733
M5@M15,near_miss,neutral,reversal,mature,retested_2plus,28,93.35714285714286,1.6071428571428572,3.087546958111734
M5@M15,near_miss,neutral,reversal,old,first_touch,5,979.2,1.4,1.4056562639724208
M5@M15,near_miss,neutral,reversal,old,retested_1,1,1236.0,1.0,1.8731571627259966
M5@M15,near_miss,neutral,reversal,old,retested_2plus,166,768.6024096385543,1.2349397590361446,2.4910401687900694
M5@M15,near_miss,neutral,reversal,young,first_touch,6,44.5,1.1666666666666667,5.38761437234177
M5@M15,near_miss,neutral,reversal,young,retested_2plus,62,15.725806451612904,0.9354838709677419,2.177066637534796
M5@M15,near_miss,with_daily,continuation,fresh,first_touch,1587,4.431001890359168,2.250787649653434,1.762608610927613
M5@M15,near_miss,with_daily,continuation,fresh,retested_1,794,4.5327455919395465,2.18639798488665,1.8500997492506532
M5@M15,near_miss,with_daily,continuation,fresh,retested_2plus,3111,6.19639987142398,2.2217936354869816,1.9774911569628058
M5@M15,near_miss,with_daily,continuation,mature,first_touch,61,117.95081967213115,2.2295081967213113,1.9671854145289733
M5@M15,near_miss,with_daily,continuation,mature,retested_1,48,95.0,2.1875,2.305250296698329
M5@M15,near_miss,with_daily,continuation,mature,retested_2plus,1504,102.22672872340425,2.1476063829787235,2.3384752975853242
M5@M15,near_miss,with_daily,continuation,old,first_touch,52,366.34615384615387,2.230769230769231,2.1026459614586956
M5@M15,near_miss,with_daily,continuation,old,retested_1,24,277.9583333333333,2.375,1.941661260531344
M5@M15,near_miss,with_daily,continuation,old,retested_2plus,1011,475.31454005934717,2.2373887240356085,2.172717087547762
M5@M15,near_miss,with_daily,continuation,young,first_touch,236,19.86864406779661,2.2203389830508473,1.8624711568731027
M5@M15,near_miss,with_daily,continuation,young,retested_1,143,22.13986013986014,2.230769230769231,2.0539951532723513
M5@M15,near_miss,with_daily,continuation,young,retested_2plus,3016,23.146551724137932,2.2095490716180373,2.1926003308026596
M5@M15,near_miss,with_daily,pullback,fresh,first_touch,275,3.0836363636363635,2.272727272727273,1.7237843484967101
M5@M15,near_miss,with_daily,pullback,fresh,retested_1,7,8.428571428571429,2.0,1.7192002918021714
M5@M15,near_miss,with_daily,pullback,fresh,retested_2plus,486,8.109053497942387,2.211934156378601,2.188821104065773
M5@M15,near_miss,with_daily,pullback,mature,first_touch,15,103.66666666666667,2.3333333333333335,1.7870846598110368
M5@M15,near_miss,with_daily,pullback,mature,retested_1,13,108.61538461538461,2.230769230769231,1.8513859745324164
M5@M15,near_miss,with_daily,pullback,mature,retested_2plus,1212,101.92821782178218,2.0082508250825084,2.4926830758512533
M5@M15,near_miss,with_daily,pullback,old,first_touch,27,397.9259259259259,2.5555555555555554,1.546980910509686
M5@M15,near_miss,with_daily,pullback,old,retested_1,11,409.90909090909093,2.6363636363636362,1.9003481518353693
M5@M15,near_miss,with_daily,pullback,old,retested_2plus,750,426.87466666666666,2.344,2.181478447391285
M5@M15,near_miss,with_daily,pullback,young,first_touch,34,27.91176470588235,2.4411764705882355,2.0070736135780827
M5@M15,near_miss,with_daily,pullback,young,retested_1,46,25.695652173913043,1.9130434782608696,1.9390552519971773
M5@M15,near_miss,with_daily,pullback,young,retested_2plus,2099,24.57503573130062,2.2158170557408288,2.4394093926841576
M5@M15,near_miss,with_daily,push,fresh,first_touch,8,8.375,2.75,1.9044260398075057
M5@M15,near_miss,with_daily,push,fresh,retested_1,5,9.0,1.0,1.6457089188191454
M5@M15,near_miss,with_daily,push,fresh,retested_2plus,47,8.042553191489361,2.8297872340425534,1.696190642096725
M5@M15,near_miss,with_daily,push,mature,first_touch,11,81.63636363636364,2.3636363636363638,2.0706485130967636
M5@M15,near_miss,with_daily,push,mature,retested_1,3,100.66666666666667,2.6666666666666665,1.4545185463881547
M5@M15,near_miss,with_daily,push,mature,retested_2plus,103,83.85436893203884,2.8737864077669903,1.673558719713859
M5@M15,near_miss,with_daily,push,old,first_touch,15,317.4,2.8,1.5965972252111884
M5@M15,near_miss,with_daily,push,old,retested_1,4,378.5,3.0,1.645032550469519
M5@M15,near_miss,with_daily,push,old,retested_2plus,139,345.41007194244605,2.273381294964029,2.306234626464492
M5@M15,near_miss,with_daily,push,young,first_touch,37,21.45945945945946,2.7027027027027026,1.8101894716964708
M5@M15,near_miss,with_daily,push,young,retested_1,17,21.705882352941178,2.9411764705882355,1.325534279170978
M5@M15,near_miss,with_daily,push,young,retested_2plus,254,27.519685039370078,2.748031496062992,1.949024359672383
M5@M15,near_miss,with_daily,reversal,fresh,first_touch,3,4.0,2.3333333333333335,2.303281996614331
M5@M15,near_miss,with_daily,reversal,fresh,retested_2plus,2,7.0,2.0,2.664090711786913
M5@M15,near_miss,with_daily,reversal,mature,retested_2plus,13,61.30769230769231,3.0,4.1215279205969475
M5@M15,near_miss,with_daily,reversal,old,retested_2plus,4,1793.25,1.5,2.949913747916675
M5@M15,near_miss,with_daily,reversal,young,first_touch,15,21.466666666666665,1.5333333333333334,3.3213248241516395
M5@M15,near_miss,with_daily,reversal,young,retested_2plus,13,29.53846153846154,2.6923076923076925,3.404043839925814
M5@M15,wick_touch,against_daily,continuation,fresh,retested_1,765,3.8823529411764706,2.122875816993464,1.3701514477891799
M5@M15,wick_touch,against_daily,continuation,fresh,retested_2plus,4887,5.631266625741764,2.1917331696337223,1.4987582786655367
M5@M15,wick_touch,against_daily,continuation,mature,retested_1,26,80.34615384615384,2.269230769230769,1.467099644621411
M5@M15,wick_touch,against_daily,continuation,mature,retested_2plus,863,80.928157589803,2.086906141367323,1.9995481774990211
M5@M15,wick_touch,against_daily,continuation,old,retested_1,36,748.0277777777778,2.111111111111111,1.346194750405549
M5@M15,wick_touch,against_daily,continuation,old,retested_2plus,1475,857.1315254237288,2.057627118644068,2.160264771713402
M5@M15,wick_touch,against_daily,continuation,young,retested_1,117,21.897435897435898,2.324786324786325,1.3510757727440217
M5@M15,wick_touch,against_daily,continuation,young,retested_2plus,3438,22.964223385689355,2.1465968586387434,1.726330193698395
M5@M15,wick_touch,against_daily,pullback,fresh,retested_1,296,2.804054054054054,2.2094594594594597,1.4279851945884203
M5@M15,wick_touch,against_daily,pullback,fresh,retested_2plus,427,7.913348946135831,2.19672131147541,1.6844046332546612
M5@M15,wick_touch,against_daily,pullback,mature,retested_1,9,113.11111111111111,2.0,2.082931927516756
M5@M15,wick_touch,against_daily,pullback,mature,retested_2plus,657,80.58599695585997,2.0624048706240488,2.083452603814991
M5@M15,wick_touch,against_daily,pullback,old,retested_1,8,1016.625,2.125,1.5275483833422978
M5@M15,wick_touch,against_daily,pullback,old,retested_2plus,876,941.8732876712329,1.9942922374429224,2.3219225067653766
M5@M15,wick_touch,against_daily,pullback,young,retested_1,28,24.857142857142858,2.142857142857143,1.6809132819395134
M5@M15,wick_touch,against_daily,pullback,young,retested_2plus,1608,24.79726368159204,2.21455223880597,1.9599363878810314
M5@M15,wick_touch,against_daily,push,mature,retested_2plus,1,104.0,1.0,0.3727904520923779
M5@M15,wick_touch,against_daily,push,old,retested_2plus,72,1099.7916666666667,1.5555555555555556,2.068101269218861
M5@M15,wick_touch,against_daily,push,young,retested_2plus,3,17.666666666666668,1.0,2.1245151245891027
M5@M15,wick_touch,against_daily,reversal,fresh,retested_1,51,4.764705882352941,2.607843137254902,1.4306757103236736
M5@M15,wick_touch,against_daily,reversal,fresh,retested_2plus,279,6.007168458781362,2.4229390681003586,1.6444954859381358
M5@M15,wick_touch,against_daily,reversal,mature,retested_1,2,103.5,2.5,2.769119489950043
M5@M15,wick_touch,against_daily,reversal,mature,retested_2plus,127,89.8740157480315,2.677165354330709,2.274063397045873
M5@M15,wick_touch,against_daily,reversal,old,retested_1,2,887.0,2.0,2.676177638436492
M5@M15,wick_touch,against_daily,reversal,old,retested_2plus,161,767.7577639751553,2.260869565217391,2.7842361745319177
M5@M15,wick_touch,against_daily,reversal,young,retested_1,8,18.75,2.375,1.3064448468672383
M5@M15,wick_touch,against_daily,reversal,young,retested_2plus,409,25.723716381418093,2.5354523227383865,2.129735723016273
M5@M15,wick_touch,at_transition,continuation,fresh,retested_1,22,7.636363636363637,1.5909090909090908,1.6430941132538595
M5@M15,wick_touch,at_transition,continuation,fresh,retested_2plus,27,8.703703703703704,1.3333333333333333,1.8361507618024089
M5@M15,wick_touch,at_transition,continuation,mature,retested_1,2,141.0,2.0,2.3973255876392168
M5@M15,wick_touch,at_transition,continuation,mature,retested_2plus,17,134.11764705882354,1.1764705882352942,2.1219866990684384
M5@M15,wick_touch,at_transition,continuation,old,retested_1,5,351.0,1.6,1.8624358445342744
M5@M15,wick_touch,at_transition,continuation,old,retested_2plus,45,440.4,1.511111111111111,3.1786621683415874
M5@M15,wick_touch,at_transition,continuation,young,retested_1,11,18.90909090909091,1.4545454545454546,2.2593036493711285
M5@M15,wick_touch,at_transition,continuation,young,retested_2plus,51,20.137254901960784,1.4313725490196079,2.673829785131952
M5@M15,wick_touch,at_transition,pullback,fresh,retested_1,3,7.0,1.3333333333333333,1.8177215449609594
M5@M15,wick_touch,at_transition,pullback,mature,retested_1,1,65.0,1.0,1.890645586297835
M5@M15,wick_touch,at_transition,pullback,mature,retested_2plus,6,111.16666666666667,1.3333333333333333,1.8775369489185145
M5@M15,wick_touch,at_transition,pullback,old,retested_1,2,212.0,2.0,3.2425241020875695
M5@M15,wick_touch,at_transition,pullback,old,retested_2plus,29,565.1379310344828,1.7241379310344827,3.6967043231278236
M5@M15,wick_touch,at_transition,pullback,young,retested_1,1,17.0,1.0,1.6730769230773548
M5@M15,wick_touch,at_transition,pullback,young,retested_2plus,29,24.17241379310345,1.3103448275862069,3.246241294767626
M5@M15,wick_touch,at_transition,push,old,retested_1,1,210.0,1.0,2.813641900121945
M5@M15,wick_touch,at_transition,push,old,retested_2plus,1,222.0,1.0,3.626323558883899
M5@M15,wick_touch,at_transition,reversal,mature,retested_2plus,2,147.0,1.0,2.539703264987434
M5@M15,wick_touch,at_transition,reversal,old,retested_2plus,3,391.3333333333333,1.3333333333333333,2.6675868883699465
M5@M15,wick_touch,neutral,continuation,fresh,retested_1,557,3.912028725314183,1.44524236983842,1.3649046317793914
M5@M15,wick_touch,neutral,continuation,fresh,retested_2plus,3245,5.53497688751926,1.4662557781201848,1.5083337899200369
M5@M15,wick_touch,neutral,continuation,mature,retested_1,13,105.84615384615384,1.4615384615384615,1.677353232237537
M5@M15,wick_touch,neutral,continuation,mature,retested_2plus,894,97.8165548098434,1.4306487695749441,2.1044693450083534
M5@M15,wick_touch,neutral,continuation,old,retested_1,34,801.7352941176471,1.5,1.4297347648021272
M5@M15,wick_touch,neutral,continuation,old,retested_2plus,1012,628.8725296442688,1.5375494071146245,2.112209211373528
M5@M15,wick_touch,neutral,continuation,young,retested_1,81,22.19753086419753,1.4814814814814814,1.678392231409921
M5@M15,wick_touch,neutral,continuation,young,retested_2plus,2287,23.732400524704854,1.4586794927853082,1.7875921062182945
M5@M15,wick_touch,neutral,pullback,fresh,retested_1,172,2.6569767441860463,1.505813953488372,1.3738264309288868
M5@M15,wick_touch,neutral,pullback,fresh,retested_2plus,310,8.203225806451613,1.4806451612903226,1.7088171166619839
M5@M15,wick_touch,neutral,pullback,mature,retested_1,6,121.33333333333333,1.3333333333333333,0.8375533092312435
M5@M15,wick_touch,neutral,pullback,mature,retested_2plus,626,94.96485623003196,1.5159744408945688,2.2118659439849506
M5@M15,wick_touch,neutral,pullback,old,retested_1,7,867.5714285714286,1.4285714285714286,1.216005398830024
M5@M15,wick_touch,neutral,pullback,old,retested_2plus,617,683.8346839546191,1.426256077795786,2.269464354489235
M5@M15,wick_touch,neutral,pullback,young,retested_1,17,25.88235294117647,1.5294117647058822,1.4808623798551488
M5@M15,wick_touch,neutral,pullback,young,retested_2plus,1259,24.57188244638602,1.511517077045274,2.0489173695044554
M5@M15,wick_touch,neutral,push,fresh,retested_2plus,21,7.571428571428571,1.2380952380952381,1.465567412443689
M5@M15,wick_touch,neutral,push,mature,retested_2plus,8,57.5,1.375,2.7303933674073395
M5@M15,wick_touch,neutral,push,old,retested_1,3,727.0,1.3333333333333333,0.8880437169952238
M5@M15,wick_touch,neutral,push,old,retested_2plus,51,1126.5294117647059,1.392156862745098,2.4285308348786403
M5@M15,wick_touch,neutral,push,young,retested_1,2,19.5,1.5,1.5581937057875963
M5@M15,wick_touch,neutral,push,young,retested_2plus,40,21.8,1.275,1.5690830169041472
M5@M15,wick_touch,neutral,reversal,fresh,retested_1,14,4.785714285714286,0.9285714285714286,1.580151134836737
M5@M15,wick_touch,neutral,reversal,fresh,retested_2plus,102,6.617647058823529,1.0784313725490196,1.4946675472543964
M5@M15,wick_touch,neutral,reversal,mature,retested_2plus,31,91.09677419354838,1.4516129032258065,3.1628898972648045
M5@M15,wick_touch,neutral,reversal,old,retested_1,1,550.0,1.0,0.8924999999998177
M5@M15,wick_touch,neutral,reversal,old,retested_2plus,100,789.08,1.21,2.4745030433857274
M5@M15,wick_touch,neutral,reversal,young,retested_2plus,48,16.708333333333332,1.0625,2.1922733376438703
M5@M15,wick_touch,with_daily,continuation,fresh,retested_1,827,4.03627569528416,2.2623941958887546,1.4169290540330612
M5@M15,wick_touch,with_daily,continuation,fresh,retested_2plus,5083,5.630139681290577,2.2250639386189257,1.5649760728644369
M5@M15,wick_touch,with_daily,continuation,mature,retested_1,38,107.42105263157895,2.0789473684210527,1.425331733860002
M5@M15,wick_touch,with_daily,continuation,mature,retested_2plus,1662,100.62274368231047,2.1498194945848375,2.023417172810144
M5@M15,wick_touch,with_daily,continuation,old,retested_1,27,384.3333333333333,2.1481481481481484,1.3942695630621023
M5@M15,wick_touch,with_daily,continuation,old,retested_2plus,1212,474.6237623762376,2.25,1.7645993587383617
M5@M15,wick_touch,with_daily,continuation,young,retested_1,107,20.345794392523363,2.177570093457944,1.5939008020611327
M5@M15,wick_touch,with_daily,continuation,young,retested_2plus,3684,22.820032573289904,2.195168295331162,1.7964637415771159
M5@M15,wick_touch,with_daily,pullback,fresh,retested_1,328,2.7621951219512195,2.326219512195122,1.3995255541264378
M5@M15,wick_touch,with_daily,pullback,fresh,retested_2plus,467,8.0813704496788,2.2569593147751608,1.8246907785660755
M5@M15,wick_touch,with_daily,pullback,mature,retested_1,10,129.6,1.8,1.3338183444570773
M5@M15,wick_touch,with_daily,pullback,mature,retested_2plus,1110,101.41351351351351,2.116216216216216,2.055382845277503
M5@M15,wick_touch,with_daily,pullback,old,retested_1,9,306.1111111111111,2.4444444444444446,1.7795009074696262
M5@M15,wick_touch,with_daily,pullback,old,retested_2plus,760,456.25,2.3131578947368423,1.8612139659414664
M5@M15,wick_touch,with_daily,pullback,young,retested_1,31,25.096774193548388,1.935483870967742,1.7553148423687748
M5@M15,wick_touch,with_daily,pullback,young,retested_2plus,2015,24.613399503722086,2.196029776674938,2.0872193677505932
M5@M15,wick_touch,with_daily,push,fresh,retested_1,5,7.6,2.0,1.298715828851574
M5@M15,wick_touch,with_daily,push,fresh,retested_2plus,86,8.046511627906977,2.697674418604651,1.3368460241277134
M5@M15,wick_touch,with_daily,push,mature,retested_1,13,86.92307692307692,2.769230769230769,0.9214112357843612
M5@M15,wick_touch,with_daily,push,mature,retested_2plus,158,89.63291139240506,2.8354430379746836,1.500264818165547
M5@M15,wick_touch,with_daily,push,old,retested_1,8,456.875,2.625,1.1059653283593207
M5@M15,wick_touch,with_daily,push,old,retested_2plus,155,345.9548387096774,2.445161290322581,1.890714971850368
M5@M15,wick_touch,with_daily,push,young,retested_1,28,21.857142857142858,2.75,1.3846095123377038
M5@M15,wick_touch,with_daily,push,young,retested_2plus,353,26.3314447592068,2.770538243626062,1.455779117913217
M5@M15,wick_touch,with_daily,reversal,fresh,retested_1,2,3.0,1.5,1.7669389474655683
M5@M15,wick_touch,with_daily,reversal,fresh,retested_2plus,7,4.571428571428571,1.4285714285714286,1.5230786385820883
M5@M15,wick_touch,with_daily,reversal,mature,retested_2plus,17,74.6470588235294,2.764705882352941,3.248653594946507
M5@M15,wick_touch,with_daily,reversal,old,retested_2plus,5,988.8,1.2,2.4864802324306226
M5@M15,wick_touch,with_daily,reversal,young,retested_1,2,24.5,2.0,3.1990672965358677
M5@M15,wick_touch,with_daily,reversal,young,retested_2plus,10,28.9,2.8,3.307821265638938
