symbol,tf_pair,ltf_nesting,entry_tf_override,trigger_window_bars,spread_pips,partial_tp,min_sl_pips,min_sl_spread_mult,require_ltf_push,total_trades,win_rate,sqn,pf,avg_r,total_r,max_dd_r,avg_sl_pips
GBPUSD,H1@H4,none,,48,0.0,False,0.0,0.0,False,1821,0.36188907193849534,2.5240455566698476,1.067353651657225,0.08526863363430662,155.27418184807235,52.0,0
GBPUSD,H1@H4,none,,48,0.0,True,0.0,0.0,False,3747,0.5457699492927676,30.743432396163307,3.249019874611986,0.8585078337421531,3216.828853031839,11.0,0
GBPUSD,H1@H4,none,,48,1.0,False,0.0,0.0,False,1821,0.36188907193849534,1.772972269240001,1.0393545107459843,0.058424643930236754,106.39127659696106,56.02967016399327,0
GBPUSD,H1@H4,none,,48,1.0,True,0.0,0.0,False,3747,0.5457699492927676,29.930041964248478,3.166914396378493,0.816152128452395,3058.1220253111233,11.0,0
GBPUSD,H1@H4,none,,48,1.5,False,0.0,0.0,False,1821,0.36188907193849534,1.4024698162752598,1.0257116108733777,0.045668027938958876,83.16147887684414,57.96259620602022,0
GBPUSD,H1@H4,none,,48,1.5,True,0.0,0.0,False,3747,0.5457699492927676,29.522788997573688,3.12698713301926,0.7959224245678943,2982.3213248559023,11.0,0
GBPUSD,H1@H4,none,,48,2.0,False,0.0,0.0,False,1821,0.36188907193849534,1.0351178095622056,1.0122984820867214,0.03331703499792397,60.67032073121951,59.84507370417719,0
GBPUSD,H1@H4,none,,48,2.0,True,0.0,0.0,False,3747,0.5457699492927676,29.11560273625913,3.0877830082450686,0.7762762793185717,2908.7072186066853,11.0,0
GBPUSD,H1@H4,static,M15,48,0.0,False,0.0,0.0,False,1556,0.42480719794344474,13.945107076534976,1.953064429208782,0.699228791773779,1088.0,16.0,0
GBPUSD,H1@H4,static,M15,48,0.0,True,0.0,0.0,False,1436,0.45264623955431754,14.471739292882676,2.3016708341920475,0.8092175514895869,1162.0364039390467,11.44117456537802,0
GBPUSD,H1@H4,static,M15,48,0.0,False,0.0,0.0,True,14,0.35714285714285715,0.8062257748298549,1.591647946424784,0.42857142857142855,6.0,4.0,0
GBPUSD,H1@H4,static,M15,48,0.0,True,0.0,0.0,True,14,0.42857142857142855,1.0974181752363608,2.789371722549609,0.6343359951042158,8.88070393145902,3.0,0
GBPUSD,H1@H4,static,M15,48,0.0,False,0.0,2.0,False,1556,0.42480719794344474,13.945107076534976,1.953064429208782,0.699228791773779,1088.0,16.0,0
GBPUSD,H1@H4,static,M15,48,0.0,True,0.0,2.0,False,1436,0.45264623955431754,14.471739292882676,2.3016708341920475,0.8092175514895869,1162.0364039390467,11.44117456537802,0
GBPUSD,H1@H4,static,M15,48,0.0,False,0.0,2.0,True,14,0.35714285714285715,0.8062257748298549,1.591647946424784,0.42857142857142855,6.0,4.0,0
GBPUSD,H1@H4,static,M15,48,0.0,True,0.0,2.0,True,14,0.42857142857142855,1.0974181752363608,2.789371722549609,0.6343359951042158,8.88070393145902,3.0,0
GBPUSD,H1@H4,static,M15,48,0.0,False,0.0,3.0,False,1556,0.42480719794344474,13.945107076534976,1.953064429208782,0.699228791773779,1088.0,16.0,0
GBPUSD,H1@H4,static,M15,48,0.0,True,0.0,3.0,False,1436,0.45264623955431754,14.471739292882676,2.3016708341920475,0.8092175514895869,1162.0364039390467,11.44117456537802,0
GBPUSD,H1@H4,static,M15,48,0.0,False,0.0,3.0,True,14,0.35714285714285715,0.8062257748298549,1.591647946424784,0.42857142857142855,6.0,4.0,0
GBPUSD,H1@H4,static,M15,48,0.0,True,0.0,3.0,True,14,0.42857142857142855,1.0974181752363608,2.789371722549609,0.6343359951042158,8.88070393145902,3.0,0
GBPUSD,H1@H4,static,M15,48,0.0,False,0.0,5.0,False,1556,0.42480719794344474,13.945107076534976,1.953064429208782,0.699228791773779,1088.0,16.0,0
GBPUSD,H1@H4,static,M15,48,0.0,True,0.0,5.0,False,1436,0.45264623955431754,14.471739292882676,2.3016708341920475,0.8092175514895869,1162.0364039390467,11.44117456537802,0
GBPUSD,H1@H4,static,M15,48,0.0,False,0.0,5.0,True,14,0.35714285714285715,0.8062257748298549,1.591647946424784,0.42857142857142855,6.0,4.0,0
GBPUSD,H1@H4,static,M15,48,0.0,True,0.0,5.0,True,14,0.42857142857142855,1.0974181752363608,2.789371722549609,0.6343359951042158,8.88070393145902,3.0,0
GBPUSD,H1@H4,static,M15,48,1.0,False,0.0,0.0,False,1556,0.42480719794344474,11.408208568272658,1.7502526008931278,0.5101016557712846,793.7181763801186,16.644396796570106,0
GBPUSD,H1@H4,static,M15,48,1.0,True,0.0,0.0,False,1436,0.45264623955431754,12.34997774543432,2.0636283231953354,0.611019135879383,877.4234791227947,11.742003622664328,0
GBPUSD,H1@H4,static,M15,48,1.0,False,0.0,0.0,True,14,0.35714285714285715,0.5579438131990795,1.4161477185744724,0.2630509007337864,3.6827126102730094,4.0,0
GBPUSD,H1@H4,static,M15,48,1.0,True,0.0,0.0,True,14,0.42857142857142855,0.8989497470657477,2.4503905799052172,0.4672170526146587,6.541038736605222,3.0,0
GBPUSD,H1@H4,static,M15,48,1.0,False,0.0,2.0,False,1556,0.42609254498714655,11.492429632522411,1.7520648654950692,0.5138154927523555,799.496906722665,16.644396796570106,0
GBPUSD,H1@H4,static,M15,48,1.0,True,0.0,2.0,False,1436,0.45403899721448465,12.419908064274576,2.0654979517223437,0.614207499321168,882.0019690251983,11.742003622664328,0
GBPUSD,H1@H4,static,M15,48,1.0,False,0.0,2.0,True,14,0.35714285714285715,0.5579438131990795,1.4161477185744724,0.2630509007337864,3.6827126102730094,4.0,0
GBPUSD,H1@H4,static,M15,48,1.0,True,0.0,2.0,True,14,0.42857142857142855,0.8989497470657477,2.4503905799052172,0.4672170526146587,6.541038736605222,3.0,0
GBPUSD,H1@H4,static,M15,48,1.0,False,0.0,3.0,False,1556,0.4254498714652956,11.47517404938602,1.7524915834092054,0.513387718078396,798.831289329984,16.644396796570106,0
GBPUSD,H1@H4,static,M15,48,1.0,True,0.0,3.0,False,1436,0.4533426183844011,12.407777010038947,2.0654667743568536,0.6136328086611691,881.1767132374397,11.742003622664328,0
GBPUSD,H1@H4,static,M15,48,1.0,False,0.0,3.0,True,14,0.35714285714285715,0.5579438131990795,1.4161477185744724,0.2630509007337864,3.6827126102730094,4.0,0
GBPUSD,H1@H4,static,M15,48,1.0,True,0.0,3.0,True,14,0.42857142857142855,0.8989497470657477,2.4503905799052172,0.4672170526146587,6.541038736605222,3.0,0
GBPUSD,H1@H4,static,M15,48,1.0,False,0.0,5.0,False,1546,0.42626131953428203,11.68249694203843,1.7714024198463414,0.5277585546586946,815.9147255023429,16.127203343630725,0
GBPUSD,H1@H4,static,M15,48,1.0,True,0.0,5.0,False,1428,0.45448179271708683,12.530189615523632,2.076729993791355,0.6187215636444564,883.5343928842847,11.742003622664328,0
GBPUSD,H1@H4,static,M15,48,1.0,False,0.0,5.0,True,14,0.35714285714285715,0.5703466537163092,1.4179841233810482,0.2702572413343338,3.7836013786806735,4.0,0
GBPUSD,H1@H4,static,M15,48,1.0,True,0.0,5.0,True,14,0.42857142857142855,0.9081282549026753,2.424708207120358,0.47280196658008283,6.61922753212116,3.0,0
GBPUSD,H1@H4,static,M15,48,1.5,False,0.0,0.0,False,1556,0.42480719794344474,10.18644164855548,1.6598919002506902,0.4337811979878852,674.9635440691493,18.04450026756507,0
GBPUSD,H1@H4,static,M15,48,1.5,True,0.0,0.0,False,1436,0.45264623955431754,11.300126335796033,1.9576928353360037,0.5311483084122015,762.7289708799217,11.883531118161955,0
GBPUSD,H1@H4,static,M15,48,1.5,False,0.0,0.0,True,14,0.35714285714285715,0.4390646568421491,1.3387335003551006,0.1967519512053054,2.754527316874274,4.0,0
GBPUSD,H1@H4,static,M15,48,1.5,True,0.0,0.0,True,14,0.42857142857142855,0.804145508012385,2.304136557818787,0.3989339497779361,5.585075296891105,3.0,0
GBPUSD,H1@H4,static,M15,48,1.5,False,0.0,2.0,False,1556,0.4254498714652956,10.25787645800269,1.6620804662416668,0.437047143445191,680.0453552007172,18.04450026756507,0
GBPUSD,H1@H4,static,M15,48,1.5,True,0.0,2.0,False,1436,0.4533426183844011,11.360864168135228,1.9595233326099337,0.5338528799337868,766.6127355849181,11.883531118161955,0
GBPUSD,H1@H4,static,M15,48,1.5,False,0.0,2.0,True,14,0.35714285714285715,0.4390646568421491,1.3387335003551006,0.1967519512053054,2.754527316874274,4.0,0
GBPUSD,H1@H4,static,M15,48,1.5,True,0.0,2.0,True,14,0.42857142857142855,0.804145508012385,2.304136557818787,0.3989339497779361,5.585075296891105,3.0,0
GBPUSD,H1@H4,static,M15,48,1.5,False,0.0,3.0,False,1549,0.4260813428018076,10.459750710550152,1.6746024524430256,0.44897322046856986,695.4595185058135,17.43779077311524,0
GBPUSD,H1@H4,static,M15,48,1.5,True,0.0,3.0,False,1432,0.45391061452513964,11.472414539055055,1.9671101138052156,0.5391698218596035,772.0911849029519,11.883531118161955,0
GBPUSD,H1@H4,static,M15,48,1.5,False,0.0,3.0,True,14,0.35714285714285715,0.44281239550292356,1.3334529747390147,0.19869543725150063,2.781736121521009,4.0,0
GBPUSD,H1@H4,static,M15,48,1.5,True,0.0,3.0,True,14,0.42857142857142855,0.8068342290905892,2.2867506215758797,0.4004401514637375,5.606162120492325,3.0,0
GBPUSD,H1@H4,static,M15,48,1.5,False,0.0,5.0,False,1510,0.41788079470198675,10.255633307318131,1.6871201645298506,0.4536699863421796,685.0416793766951,17.976023346736667,0
GBPUSD,H1@H4,static,M15,48,1.5,True,0.0,5.0,False,1412,0.4518413597733711,11.451263778760337,1.9772961434055938,0.5399768154065706,762.447263354077,11.883531118161955,0
GBPUSD,H1@H4,static,M15,48,1.5,False,0.0,5.0,True,13,0.38461538461538464,0.6906480949140864,1.5230642897380986,0.33809654368923725,4.395255067960084,4.0,0
GBPUSD,H1@H4,static,M15,48,1.5,True,0.0,5.0,True,13,0.46153846153846156,1.0302903466122215,2.5128124554230036,0.5447414849217389,7.081639303982605,3.0,0
GBPUSD,H1@H4,static,M15,48,2.0,False,0.0,0.0,False,1556,0.42480719794344474,8.994207664663696,1.575862760060327,0.366214403955353,569.8296125545294,19.259281026970882,0
GBPUSD,H1@H4,static,M15,48,2.0,True,0.0,0.0,False,1436,0.45264623955431754,10.26439961455075,1.859247548334013,0.46044746031929207,661.202553018504,12.019595602133052,0
GBPUSD,H1@H4,static,M15,48,2.0,False,0.0,0.0,True,14,0.35714285714285715,0.32354057775269507,1.267168591611838,0.13842745918102878,1.9379844285344028,4.0,0
GBPUSD,H1@H4,static,M15,48,2.0,True,0.0,0.0,True,14,0.42857142857142855,0.7117900038457343,2.1706656313527732,0.3382027826625235,4.734838957275329,3.0,0
GBPUSD,H1@H4,static,M15,48,2.0,False,0.0,2.0,False,1552,0.4252577319587629,9.179693493734717,1.5843367180531722,0.3756181118377343,582.959309572164,18.790879570989375,0
GBPUSD,H1@H4,static,M15,48,2.0,True,0.0,2.0,False,1435,0.4522648083623693,10.316115804828684,1.8598460076197405,0.4625632474328446,663.7782600661322,12.019595602133052,0
GBPUSD,H1@H4,static,M15,48,2.0,False,0.0,2.0,True,14,0.35714285714285715,0.32354057775269507,1.263864133880463,0.13842745918102878,1.9379844285344028,4.0,0
GBPUSD,H1@H4,static,M15,48,2.0,True,0.0,2.0,True,14,0.42857142857142855,0.7117900038457343,2.163305010596699,0.3382027826625235,4.734838957275329,3.0,0
GBPUSD,H1@H4,static,M15,48,2.0,False,0.0,3.0,False,1531,0.42586544741998694,9.57193191697981,1.615294731183258,0.39932052704166043,611.3597269007822,18.12421290432269,0
GBPUSD,H1@H4,static,M15,48,2.0,True,0.0,3.0,False,1424,0.4529494382022472,10.553036929883882,1.875603989033822,0.4759572436682964,677.7631149836544,12.019595602133052,0
GBPUSD,H1@H4,static,M15,48,2.0,False,0.0,3.0,True,14,0.35714285714285715,0.3870228206814748,1.2990217906963673,0.1692672425674826,2.3697413959447564,4.0,0
GBPUSD,H1@H4,static,M15,48,2.0,True,0.0,3.0,True,14,0.42857142857142855,0.7566436518130503,2.15089279680416,0.36210361478702524,5.069450607018354,3.0,0
GBPUSD,H1@H4,static,M15,48,2.0,False,0.0,5.0,False,1434,0.396792189679219,8.078522844086839,1.5632614501986586,0.35760716982115387,512.8086815235314,19.990119356242644,0
GBPUSD,H1@H4,static,M15,48,2.0,True,0.0,5.0,False,1358,0.44329896907216493,10.089781771139574,1.8549167911118334,0.46616516009862735,633.0522874139361,16.660252351183544,0
GBPUSD,H1@H4,static,M15,48,2.0,False,0.0,5.0,True,13,0.38461538461538464,0.6627258474421074,1.4887679976584935,0.319788746217252,4.157253700824276,4.0,0
GBPUSD,H1@H4,static,M15,48,2.0,True,0.0,5.0,True,13,0.46153846153846156,0.9707953986680222,2.261330556113287,0.4787890736771952,6.2242579578035375,3.0,0
GBPUSD,H1@H4,static,M5,48,0.0,False,0.0,0.0,False,589,0.5042444821731749,12.330646395407395,2.5137622331349783,1.0169779286926994,599.0,7.0,0
GBPUSD,H1@H4,static,M5,48,0.0,True,0.0,0.0,False,486,0.5061728395061729,10.794485787278708,2.853365369453616,1.2201976597485502,593.0160626377962,7.0,0
GBPUSD,H1@H4,static,M5,48,0.0,False,0.0,0.0,True,9,0.4444444444444444,1.1067971810589328,2.1076167994650437,0.7777777777777778,7.0,3.0,0
GBPUSD,H1@H4,static,M5,48,0.0,True,0.0,0.0,True,8,0.5,1.3157055343582305,3.3032087432177044,1.5261970828352482,12.209576662681986,3.0,0
GBPUSD,H1@H4,static,M5,48,0.0,False,0.0,2.0,False,589,0.5042444821731749,12.330646395407395,2.5137622331349783,1.0169779286926994,599.0,7.0,0
GBPUSD,H1@H4,static,M5,48,0.0,True,0.0,2.0,False,486,0.5061728395061729,10.794485787278708,2.853365369453616,1.2201976597485502,593.0160626377962,7.0,0
GBPUSD,H1@H4,static,M5,48,0.0,False,0.0,2.0,True,9,0.4444444444444444,1.1067971810589328,2.1076167994650437,0.7777777777777778,7.0,3.0,0
GBPUSD,H1@H4,static,M5,48,0.0,True,0.0,2.0,True,8,0.5,1.3157055343582305,3.3032087432177044,1.5261970828352482,12.209576662681986,3.0,0
GBPUSD,H1@H4,static,M5,48,0.0,False,0.0,3.0,False,589,0.5042444821731749,12.330646395407395,2.5137622331349783,1.0169779286926994,599.0,7.0,0
GBPUSD,H1@H4,static,M5,48,0.0,True,0.0,3.0,False,486,0.5061728395061729,10.794485787278708,2.853365369453616,1.2201976597485502,593.0160626377962,7.0,0
GBPUSD,H1@H4,static,M5,48,0.0,False,0.0,3.0,True,9,0.4444444444444444,1.1067971810589328,2.1076167994650437,0.7777777777777778,7.0,3.0,0
GBPUSD,H1@H4,static,M5,48,0.0,True,0.0,3.0,True,8,0.5,1.3157055343582305,3.3032087432177044,1.5261970828352482,12.209576662681986,3.0,0
GBPUSD,H1@H4,static,M5,48,0.0,False,0.0,5.0,False,589,0.5042444821731749,12.330646395407395,2.5137622331349783,1.0169779286926994,599.0,7.0,0
GBPUSD,H1@H4,static,M5,48,0.0,True,0.0,5.0,False,486,0.5061728395061729,10.794485787278708,2.853365369453616,1.2201976597485502,593.0160626377962,7.0,0
GBPUSD,H1@H4,static,M5,48,0.0,False,0.0,5.0,True,9,0.4444444444444444,1.1067971810589328,2.1076167994650437,0.7777777777777778,7.0,3.0,0
GBPUSD,H1@H4,static,M5,48,0.0,True,0.0,5.0,True,8,0.5,1.3157055343582305,3.3032087432177044,1.5261970828352482,12.209576662681986,3.0,0
GBPUSD,H1@H4,static,M5,48,1.0,False,0.0,0.0,False,589,0.5042444821731749,9.673473927510353,2.0724505032125053,0.6634631444653425,390.7797920900869,7.0,0
GBPUSD,H1@H4,static,M5,48,1.0,True,0.0,0.0,False,486,0.5061728395061729,8.969276377256715,2.374875783525674,0.8331717549887641,404.92147292453944,7.6671910906841845,0
GBPUSD,H1@H4,static,M5,48,1.0,False,0.0,0.0,True,9,0.4444444444444444,0.8198820610442512,1.6767199637302792,0.4798622920369109,4.318760628332198,3.0,0
GBPUSD,H1@H4,static,M5,48,1.0,True,0.0,0.0,True,8,0.5,1.1525038433706645,2.6680618528566913,1.080877414909483,8.647019319275865,3.0,0
GBPUSD,H1@H4,static,M5,48,1.0,False,0.0,2.0,False,589,0.5042444821731749,9.725486953504621,2.074700188591147,0.6678302326624718,393.35200703819606,7.0,0
GBPUSD,H1@H4,static,M5,48,1.0,True,0.0,2.0,False,486,0.5061728395061729,8.993454958040838,2.374282478896616,0.8347890516687382,405.7074791110068,7.6671910906841845,0
GBPUSD,H1@H4,static,M5,48,1.0,False,0.0,2.0,True,9,0.4444444444444444,0.8198820610442512,1.6767199637302792,0.4798622920369109,4.318760628332198,3.0,0
GBPUSD,H1@H4,static,M5,48,1.0,True,0.0,2.0,True,8,0.5,1.1525038433706645,2.6680618528566913,1.080877414909483,8.647019319275865,3.0,0
GBPUSD,H1@H4,static,M5,48,1.0,False,0.0,3.0,False,589,0.5008488964346349,9.721357020605273,2.0791484051816895,0.6721551481283261,395.89938224758436,7.0,0
GBPUSD,H1@H4,static,M5,48,1.0,True,0.0,3.0,False,485,0.5010309278350515,8.881411174481157,2.359339808005431,0.8246346450352132,399.9478028420783,7.6671910906841845,0
GBPUSD,H1@H4,static,M5,48,1.0,False,0.0,3.0,True,9,0.4444444444444444,0.8198820610442512,1.6767199637302792,0.4798622920369109,4.318760628332198,3.0,0
GBPUSD,H1@H4,static,M5,48,1.0,True,0.0,3.0,True,8,0.5,1.1525038433706645,2.6680618528566913,1.080877414909483,8.647019319275865,3.0,0
GBPUSD,H1@H4,static,M5,48,1.0,False,0.0,5.0,False,582,0.49828178694158076,9.957581348151258,2.1563744892499357,0.7095252004837568,412.94366668154595,7.666666666666686,0
GBPUSD,H1@H4,static,M5,48,1.0,True,0.0,5.0,False,480,0.5020833333333333,9.008849460575993,2.3850801371277517,0.8196390054906897,393.4267226355311,8.526827336178599,0
GBPUSD,H1@H4,static,M5,48,1.0,False,0.0,5.0,True,9,0.4444444444444444,0.8381489993690509,1.7050692741556126,0.4954973042116819,4.459475737905137,3.0,0
GBPUSD,H1@H4,static,M5,48,1.0,True,0.0,5.0,True,8,0.5,1.141115486357742,2.625535233123526,0.9896211535816077,7.916969228652862,3.0,0
GBPUSD,H1@H4,static,M5,48,1.5,False,0.0,0.0,False,589,0.5042444821731749,8.409593581234743,1.8907298430655084,0.535809175109554,315.5916041395272,7.321378008495316,0
GBPUSD,H1@H4,static,M5,48,1.5,True,0.0,0.0,False,486,0.5061728395061729,8.070036141754127,2.1773460509801694,0.6931002196261352,336.8467067383016,7.924067956583883,0
GBPUSD,H1@H4,static,M5,48,1.5,False,0.0,0.0,True,9,0.4444444444444444,0.676985629128714,1.505860452143412,0.36588344741961737,3.2929510267765565,3.1000523834470473,0
GBPUSD,H1@H4,static,M5,48,1.5,True,0.0,0.0,True,8,0.5,1.066197934280914,2.415966213578549,0.9131409544724587,7.3051276357796695,3.0,0
GBPUSD,H1@H4,static,M5,48,1.5,False,0.0,2.0,False,589,0.5008488964346349,8.528708987854491,1.8989075206722787,0.5480691658246043,322.81273867069183,7.321378008495316,0
GBPUSD,H1@H4,static,M5,48,1.5,True,0.0,2.0,False,485,0.5010309278350515,8.021683045596468,2.1648365959511264,0.6900420374472078,334.6703881618957,7.924067956583883,0
GBPUSD,H1@H4,static,M5,48,1.5,False,0.0,2.0,True,9,0.4444444444444444,0.676985629128714,1.505860452143412,0.36588344741961737,3.2929510267765565,3.1000523834470473,0
GBPUSD,H1@H4,static,M5,48,1.5,True,0.0,2.0,True,8,0.5,1.066197934280914,2.415966213578549,0.9131409544724587,7.3051276357796695,3.0,0
GBPUSD,H1@H4,static,M5,48,1.5,False,0.0,3.0,False,582,0.49828178694158076,8.810180686775125,1.9574284065028642,0.5823243216393853,338.9127551941218,8.00000000000037,0
GBPUSD,H1@H4,static,M5,48,1.5,True,0.0,3.0,False,481,0.498960498960499,8.090751222256367,2.170507373666315,0.692268168309952,332.9809889570867,8.879905653263933,0
GBPUSD,H1@H4,static,M5,48,1.5,False,0.0,3.0,True,9,0.4444444444444444,0.6923748900859934,1.5183998762725022,0.3770003789136926,3.3930034102232334,3.0000000000003704,0
GBPUSD,H1@H4,static,M5,48,1.5,True,0.0,3.0,True,8,0.5,1.0578223995068474,2.391624309287008,0.8731146411447065,6.984917129157652,3.0,0
GBPUSD,H1@H4,static,M5,48,1.5,False,0.0,5.0,False,545,0.46972477064220186,8.067165136437374,1.9738832965912518,0.5814288776837335,316.87873833763507,11.314670685182222,0
GBPUSD,H1@H4,static,M5,48,1.5,True,0.0,5.0,False,467,0.4817987152034261,7.786463017001125,2.171700395984472,0.661039436817472,308.7054169937598,7.204905653263637,0
GBPUSD,H1@H4,static,M5,48,1.5,False,0.0,5.0,True,9,0.4444444444444444,0.8221921916436102,1.8249879728530414,0.4814814814813353,4.333333333332018,3.0,0
GBPUSD,H1@H4,static,M5,48,1.5,True,0.0,5.0,True,8,0.5,1.0493098269031726,2.455086673767496,0.7625863095236083,6.100690476188866,3.0,0
GBPUSD,H1@H4,static,M5,48,2.0,False,0.0,0.0,False,589,0.5042444821731749,7.185830141155097,1.7291983764134369,0.4285355480030428,252.40743777379217,7.751449383220802,0
GBPUSD,H1@H4,static,M5,48,2.0,True,0.0,0.0,False,486,0.5041152263374485,7.1857071490682465,2.0013454208216355,0.5753245804355046,279.6077460916554,9.367004036840626,0
GBPUSD,H1@H4,static,M5,48,2.0,False,0.0,0.0,True,9,0.4444444444444444,0.5344690940812458,1.357053515727701,0.2683757038453687,2.415381334608318,3.343570057581156,0
GBPUSD,H1@H4,static,M5,48,2.0,True,0.0,0.0,True,8,0.5,0.9777771651065315,2.1962938692687093,0.7707537651112564,6.166030120890051,3.0,0
GBPUSD,H1@H4,static,M5,48,2.0,False,0.0,2.0,False,585,0.5008547008547009,7.702592454440122,1.781061469834284,0.47178800612146093,275.99598358105436,7.333333333333343,0
GBPUSD,H1@H4,static,M5,48,2.0,True,0.0,2.0,False,482,0.5020746887966805,7.32523529169911,2.0037447914597166,0.5883143032020243,283.56749414337577,8.96403586383147,0
GBPUSD,H1@H4,static,M5,48,2.0,False,0.0,2.0,True,9,0.4444444444444444,0.5363132674013726,1.3508671969983246,0.26951311765068225,2.425618058856141,3.333333333333333,0
GBPUSD,H1@H4,static,M5,48,2.0,True,0.0,2.0,True,8,0.5,0.9769158122245768,2.1800787180394146,0.7679302572053297,6.143442057642638,3.0,0
GBPUSD,H1@H4,static,M5,48,2.0,False,0.0,3.0,False,570,0.49298245614035086,8.035949156772382,1.8726710114312346,0.5205998860396546,296.7419350426031,9.0,0
GBPUSD,H1@H4,static,M5,48,2.0,True,0.0,3.0,False,475,0.4926315789473684,7.318873769577481,2.023576429342744,0.5888922930496265,279.7238391985724,9.70270851682153,0
GBPUSD,H1@H4,static,M5,48,2.0,False,0.0,3.0,True,9,0.4444444444444444,0.6324555320336758,1.5049014902723001,0.3333333333333333,3.0,3.0,0
GBPUSD,H1@H4,static,M5,48,2.0,True,0.0,3.0,True,8,0.5,0.9638575028092863,2.2099998834434107,0.6922845982143334,5.538276785714667,3.0,0
GBPUSD,H1@H4,static,M5,48,2.0,False,0.0,5.0,False,494,0.4251012145748988,5.664901237623421,1.6831601024459326,0.4219516218898784,208.4441012136002,20.66666666666663,0
GBPUSD,H1@H4,static,M5,48,2.0,True,0.0,5.0,False,440,0.4659090909090909,6.687226646847097,1.9976735550774696,0.5544513903778937,243.95861176627324,15.496197598997895,0
GBPUSD,H1@H4,static,M5,48,2.0,False,0.0,5.0,True,9,0.3333333333333333,0.20000000000000007,1.1666666666666667,0.11111111111111116,1.0000000000000004,3.0,0
GBPUSD,H1@H4,static,M5,48,2.0,True,0.0,5.0,True,8,0.375,0.479045121924186,1.5151035714286225,0.321939732142889,2.575517857143112,3.0,0
GBPUSD,H1@H4,dynamic,M15,24,0.0,False,0.0,0.0,False,1032,0.3236434108527132,5.054078466280274,1.4131690950594726,0.29457364341085274,304.0,26.0,0
GBPUSD,H1@H4,dynamic,M15,24,0.0,True,0.0,0.0,False,993,0.3504531722054381,6.194123206216018,1.5962223935623696,0.4012159321526919,398.4074206276237,17.986601894943135,0
GBPUSD,H1@H4,dynamic,M15,48,0.0,False,0.0,0.0,False,1115,0.32286995515695066,5.201651342835361,1.3698840167977697,0.2914798206278027,325.0,19.0,0
GBPUSD,H1@H4,dynamic,M15,48,0.0,True,0.0,0.0,False,1076,0.34572490706319703,6.146128072258221,1.5473376678937538,0.38148594881626197,410.478880926299,18.571349462883177,0
GBPUSD,H1@H4,dynamic,M15,24,0.0,False,0.0,0.0,True,0,0.0,0.0,0.0,0.0,0.0,0.0,0
GBPUSD,H1@H4,dynamic,M15,24,0.0,True,0.0,0.0,True,0,0.0,0.0,0.0,0.0,0.0,0.0,0
GBPUSD,H1@H4,dynamic,M15,48,0.0,False,0.0,0.0,True,0,0.0,0.0,0.0,0.0,0.0,0.0,0
GBPUSD,H1@H4,dynamic,M15,48,0.0,True,0.0,0.0,True,0,0.0,0.0,0.0,0.0,0.0,0.0,0
GBPUSD,H1@H4,dynamic,M15,24,0.0,False,0.0,2.0,False,1032,0.3236434108527132,5.054078466280274,1.4131690950594726,0.29457364341085274,304.0,26.0,0
GBPUSD,H1@H4,dynamic,M15,24,0.0,True,0.0,2.0,False,993,0.3504531722054381,6.194123206216018,1.5962223935623696,0.4012159321526919,398.4074206276237,17.986601894943135,0
GBPUSD,H1@H4,dynamic,M15,48,0.0,False,0.0,2.0,False,1115,0.32286995515695066,5.201651342835361,1.3698840167977697,0.2914798206278027,325.0,19.0,0
GBPUSD,H1@H4,dynamic,M15,48,0.0,True,0.0,2.0,False,1076,0.34572490706319703,6.146128072258221,1.5473376678937538,0.38148594881626197,410.478880926299,18.571349462883177,0
GBPUSD,H1@H4,dynamic,M15,24,0.0,False,0.0,2.0,True,0,0.0,0.0,0.0,0.0,0.0,0.0,0
GBPUSD,H1@H4,dynamic,M15,24,0.0,True,0.0,2.0,True,0,0.0,0.0,0.0,0.0,0.0,0.0,0
GBPUSD,H1@H4,dynamic,M15,48,0.0,False,0.0,2.0,True,0,0.0,0.0,0.0,0.0,0.0,0.0,0
GBPUSD,H1@H4,dynamic,M15,48,0.0,True,0.0,2.0,True,0,0.0,0.0,0.0,0.0,0.0,0.0,0
GBPUSD,H1@H4,dynamic,M15,24,0.0,False,0.0,3.0,False,1032,0.3236434108527132,5.054078466280274,1.4131690950594726,0.29457364341085274,304.0,26.0,0
GBPUSD,H1@H4,dynamic,M15,24,0.0,True,0.0,3.0,False,993,0.3504531722054381,6.194123206216018,1.5962223935623696,0.4012159321526919,398.4074206276237,17.986601894943135,0
GBPUSD,H1@H4,dynamic,M15,48,0.0,False,0.0,3.0,False,1115,0.32286995515695066,5.201651342835361,1.3698840167977697,0.2914798206278027,325.0,19.0,0
GBPUSD,H1@H4,dynamic,M15,48,0.0,True,0.0,3.0,False,1076,0.34572490706319703,6.146128072258221,1.5473376678937538,0.38148594881626197,410.478880926299,18.571349462883177,0
GBPUSD,H1@H4,dynamic,M15,24,0.0,False,0.0,3.0,True,0,0.0,0.0,0.0,0.0,0.0,0.0,0
GBPUSD,H1@H4,dynamic,M15,24,0.0,True,0.0,3.0,True,0,0.0,0.0,0.0,0.0,0.0,0.0,0
GBPUSD,H1@H4,dynamic,M15,48,0.0,False,0.0,3.0,True,0,0.0,0.0,0.0,0.0,0.0,0.0,0
GBPUSD,H1@H4,dynamic,M15,48,0.0,True,0.0,3.0,True,0,0.0,0.0,0.0,0.0,0.0,0.0,0
GBPUSD,H1@H4,dynamic,M15,24,0.0,False,0.0,5.0,False,1032,0.3236434108527132,5.054078466280274,1.4131690950594726,0.29457364341085274,304.0,26.0,0
GBPUSD,H1@H4,dynamic,M15,24,0.0,True,0.0,5.0,False,993,0.3504531722054381,6.194123206216018,1.5962223935623696,0.4012159321526919,398.4074206276237,17.986601894943135,0
GBPUSD,H1@H4,dynamic,M15,48,0.0,False,0.0,5.0,False,1115,0.32286995515695066,5.201651342835361,1.3698840167977697,0.2914798206278027,325.0,19.0,0
GBPUSD,H1@H4,dynamic,M15,48,0.0,True,0.0,5.0,False,1076,0.34572490706319703,6.146128072258221,1.5473376678937538,0.38148594881626197,410.478880926299,18.571349462883177,0
GBPUSD,H1@H4,dynamic,M15,24,0.0,False,0.0,5.0,True,0,0.0,0.0,0.0,0.0,0.0,0.0,0
GBPUSD,H1@H4,dynamic,M15,24,0.0,True,0.0,5.0,True,0,0.0,0.0,0.0,0.0,0.0,0.0,0
GBPUSD,H1@H4,dynamic,M15,48,0.0,False,0.0,5.0,True,0,0.0,0.0,0.0,0.0,0.0,0.0,0
GBPUSD,H1@H4,dynamic,M15,48,0.0,True,0.0,5.0,True,0,0.0,0.0,0.0,0.0,0.0,0.0,0
GBPUSD,H1@H4,dynamic,M15,24,1.0,False,0.0,0.0,False,1032,0.3236434108527132,2.9621978410853123,1.253004188936991,0.15433971851768846,159.27858951025436,37.00006777431403,0
GBPUSD,H1@H4,dynamic,M15,24,1.0,True,0.0,0.0,False,993,0.3504531722054381,4.360758307502475,1.414499622486516,0.2496780948160945,247.93034815238175,26.774952240932237,0
GBPUSD,H1@H4,dynamic,M15,48,1.0,False,0.0,0.0,False,1115,0.32286995515695066,2.987518607255992,1.2151538409336948,0.14938043518268065,166.5591852286888,30.468854929080464,0
GBPUSD,H1@H4,dynamic,M15,48,1.0,True,0.0,0.0,False,1076,0.34572490706319703,4.215356086841754,1.3719240925160416,0.23142378168263963,249.01198909052022,25.61965649646976,0
GBPUSD,H1@H4,dynamic,M15,24,1.0,False,0.0,0.0,True,0,0.0,0.0,0.0,0.0,0.0,0.0,0
GBPUSD,H1@H4,dynamic,M15,24,1.0,True,0.0,0.0,True,0,0.0,0.0,0.0,0.0,0.0,0.0,0
GBPUSD,H1@H4,dynamic,M15,48,1.0,False,0.0,0.0,True,0,0.0,0.0,0.0,0.0,0.0,0.0,0
GBPUSD,H1@H4,dynamic,M15,48,1.0,True,0.0,0.0,True,0,0.0,0.0,0.0,0.0,0.0,0.0,0
GBPUSD,H1@H4,dynamic,M15,24,1.0,False,0.0,2.0,False,1032,0.3236434108527132,2.963682122282395,1.2530651666011754,0.15442387383020176,159.36543779276812,37.00006777431403,0
GBPUSD,H1@H4,dynamic,M15,24,1.0,True,0.0,2.0,False,993,0.3504531722054381,4.360758307502475,1.4144925225261205,0.2496780948160945,247.93034815238175,26.774952240932237,0
GBPUSD,H1@H4,dynamic,M15,48,1.0,False,0.0,2.0,False,1115,0.32286995515695066,2.988953182734138,1.2152097882729582,0.14945832601901585,166.64603351120255,30.468854929080464,0
GBPUSD,H1@H4,dynamic,M15,48,1.0,True,0.0,2.0,False,1076,0.34572490706319703,4.215356086841754,1.3719178263514054,0.23142378168263963,249.01198909052022,25.61965649646976,0
GBPUSD,H1@H4,dynamic,M15,24,1.0,False,0.0,2.0,True,0,0.0,0.0,0.0,0.0,0.0,0.0,0
GBPUSD,H1@H4,dynamic,M15,24,1.0,True,0.0,2.0,True,0,0.0,0.0,0.0,0.0,0.0,0.0,0
GBPUSD,H1@H4,dynamic,M15,48,1.0,False,0.0,2.0,True,0,0.0,0.0,0.0,0.0,0.0,0.0,0
GBPUSD,H1@H4,dynamic,M15,48,1.0,True,0.0,2.0,True,0,0.0,0.0,0.0,0.0,0.0,0.0,0
GBPUSD,H1@H4,dynamic,M15,24,1.0,False,0.0,3.0,False,1032,0.3236434108527132,2.975869187692532,1.2533359846847423,0.15512610919495207,160.09014468919045,36.946346822202244,0
GBPUSD,H1@H4,dynamic,M15,24,1.0,True,0.0,3.0,False,993,0.3504531722054381,4.357257632773835,1.4143120543511196,0.24937757943417038,247.6319363781311,26.737648476269698,0
GBPUSD,H1@H4,dynamic,M15,48,1.0,False,0.0,3.0,False,1115,0.32286995515695066,3.0012248820539313,1.2156420753801787,0.15013531656599574,167.40087797108518,30.194957487155648,0
GBPUSD,H1@H4,dynamic,M15,48,1.0,True,0.0,3.0,False,1076,0.34572490706319703,4.211876084824714,1.3717785664052475,0.23114644731995318,248.71357731626955,25.57802275858313,0
GBPUSD,H1@H4,dynamic,M15,24,1.0,False,0.0,3.0,True,0,0.0,0.0,0.0,0.0,0.0,0.0,0
GBPUSD,H1@H4,dynamic,M15,24,1.0,True,0.0,3.0,True,0,0.0,0.0,0.0,0.0,0.0,0.0,0
GBPUSD,H1@H4,dynamic,M15,48,1.0,False,0.0,3.0,True,0,0.0,0.0,0.0,0.0,0.0,0.0,0
GBPUSD,H1@H4,dynamic,M15,48,1.0,True,0.0,3.0,True,0,0.0,0.0,0.0,0.0,0.0,0.0,0
GBPUSD,H1@H4,dynamic,M15,24,1.0,False,0.0,5.0,False,1028,0.31906614785992216,2.80112124393735,1.2442920807387496,0.14662166277140598,150.72706932900527,38.671565929091514,0
GBPUSD,H1@H4,dynamic,M15,24,1.0,True,0.0,5.0,False,992,0.3477822580645161,4.194398016642172,1.4046711260685716,0.23748580052556129,235.58591412135667,28.009293512477058,0
GBPUSD,H1@H4,dynamic,M15,48,1.0,False,0.0,5.0,False,1110,0.31981981981981983,2.9309583039478766,1.2144885898487843,0.14749727542592,163.72197572277108,32.34360521137346,0
GBPUSD,H1@H4,dynamic,M15,48,1.0,True,0.0,5.0,False,1074,0.3435754189944134,4.068134967191646,1.3654188991519467,0.22104528260356335,237.40263351622713,26.69000066506942,0
GBPUSD,H1@H4,dynamic,M15,24,1.0,False,0.0,5.0,True,0,0.0,0.0,0.0,0.0,0.0,0.0,0
GBPUSD,H1@H4,dynamic,M15,24,1.0,True,0.0,5.0,True,0,0.0,0.0,0.0,0.0,0.0,0.0,0
GBPUSD,H1@H4,dynamic,M15,48,1.0,False,0.0,5.0,True,0,0.0,0.0,0.0,0.0,0.0,0.0,0
GBPUSD,H1@H4,dynamic,M15,48,1.0,True,0.0,5.0,True,0,0.0,0.0,0.0,0.0,0.0,0.0,0
GBPUSD,H1@H4,dynamic,M15,24,1.5,False,0.0,0.0,False,1032,0.3236434108527132,1.9589547553791393,1.1826793039769095,0.0972439142435846,100.35571949937935,41.50590459950951,0
GBPUSD,H1@H4,dynamic,M15,24,1.5,True,0.0,0.0,False,993,0.3504531722054381,3.4606804349114464,1.3347615489726863,0.18803899357349982,186.72272061848548,31.39329189603913,0
GBPUSD,H1@H4,dynamic,M15,48,1.5,False,0.0,0.0,False,1115,0.32286995515695066,1.9265053814864281,1.1471210889989132,0.09171375275704642,102.26083432410681,36.026423690549,0
GBPUSD,H1@H4,dynamic,M15,48,1.5,True,0.0,0.0,False,1076,0.34572490706319703,3.27040700610117,1.2948842506727118,0.17042123550485566,183.37324940322478,30.069801311518972,0
GBPUSD,H1@H4,dynamic,M15,24,1.5,False,0.0,0.0,True,0,0.0,0.0,0.0,0.0,0.0,0.0,0
GBPUSD,H1@H4,dynamic,M15,24,1.5,True,0.0,0.0,True,0,0.0,0.0,0.0,0.0,0.0,0.0,0
GBPUSD,H1@H4,dynamic,M15,48,1.5,False,0.0,0.0,True,0,0.0,0.0,0.0,0.0,0.0,0.0,0
GBPUSD,H1@H4,dynamic,M15,48,1.5,True,0.0,0.0,True,0,0.0,0.0,0.0,0.0,0.0,0.0,0
GBPUSD,H1@H4,dynamic,M15,24,1.5,False,0.0,2.0,False,1032,0.3236434108527132,1.9761628963796558,1.183029776806377,0.09814714677152361,101.28785546821244,41.239289380543845,0
GBPUSD,H1@H4,dynamic,M15,24,1.5,True,0.0,2.0,False,993,0.3504531722054381,3.459467979775431,1.3346144465454188,0.18793489863055168,186.619354340138,31.33624985407036,0
GBPUSD,H1@H4,dynamic,M15,48,1.5,False,0.0,2.0,False,1115,0.32286995515695066,1.9437903976953503,1.1476112241447887,0.09258167684118693,103.2285696779235,35.70841373313588,0
GBPUSD,H1@H4,dynamic,M15,48,1.5,True,0.0,2.0,False,1076,0.34572490706319703,3.2691807770161767,1.2947730207765982,0.17032517019040636,183.26988312487723,30.0127592695502,0
GBPUSD,H1@H4,dynamic,M15,24,1.5,False,0.0,2.0,True,0,0.0,0.0,0.0,0.0,0.0,0.0,0
GBPUSD,H1@H4,dynamic,M15,24,1.5,True,0.0,2.0,True,0,0.0,0.0,0.0,0.0,0.0,0.0,0
GBPUSD,H1@H4,dynamic,M15,48,1.5,False,0.0,2.0,True,0,0.0,0.0,0.0,0.0,0.0,0.0,0
GBPUSD,H1@H4,dynamic,M15,48,1.5,True,0.0,2.0,True,0,0.0,0.0,0.0,0.0,0.0,0.0,0
GBPUSD,H1@H4,dynamic,M15,24,1.5,False,0.0,3.0,False,1031,0.3229873908826382,2.0410401904272817,1.1846251302812372,0.10178633946627184,104.94171598972633,40.26199254525137,0
GBPUSD,H1@H4,dynamic,M15,24,1.5,True,0.0,3.0,False,992,0.3497983870967742,3.426905009866896,1.3327308274317606,0.1853095577522236,183.82708129020602,32.13755803365453,0
GBPUSD,H1@H4,dynamic,M15,48,1.5,False,0.0,3.0,False,1114,0.3213644524236984,1.9709784175537106,1.1491449374848017,0.09426270568579191,105.00865413397224,34.29339229446004,0
GBPUSD,H1@H4,dynamic,M15,48,1.5,True,0.0,3.0,False,1075,0.34418604651162793,3.1998777482776437,1.2920990220568174,0.16596345483694933,178.41071394972064,30.7331642148458,0
GBPUSD,H1@H4,dynamic,M15,24,1.5,False,0.0,3.0,True,0,0.0,0.0,0.0,0.0,0.0,0.0,0
GBPUSD,H1@H4,dynamic,M15,24,1.5,True,0.0,3.0,True,0,0.0,0.0,0.0,0.0,0.0,0.0,0
GBPUSD,H1@H4,dynamic,M15,48,1.5,False,0.0,3.0,True,0,0.0,0.0,0.0,0.0,0.0,0.0,0
GBPUSD,H1@H4,dynamic,M15,48,1.5,True,0.0,3.0,True,0,0.0,0.0,0.0,0.0,0.0,0.0,0
GBPUSD,H1@H4,dynamic,M15,24,1.5,False,0.0,5.0,False,1019,0.3150147203140334,1.9103504835579987,1.1727903090315441,0.09697565487442696,98.81819231704085,40.095606689870024,0
GBPUSD,H1@H4,dynamic,M15,24,1.5,True,0.0,5.0,False,983,0.34994913530010174,3.5662084169905954,1.3385887999922566,0.19371160088874667,190.41850367363807,27.599053374425893,0
GBPUSD,H1@H4,dynamic,M15,48,1.5,False,0.0,5.0,False,1103,0.31640979147778786,2.050828487794996,1.153797203711355,0.10001434683658847,110.31582456075682,37.079026534627886,0
GBPUSD,H1@H4,dynamic,M15,48,1.5,True,0.0,5.0,False,1063,0.34619002822201317,3.418969185389501,1.3016459255443653,0.17805025131083313,189.26741714341568,31.64168874496407,0
GBPUSD,H1@H4,dynamic,M15,24,1.5,False,0.0,5.0,True,0,0.0,0.0,0.0,0.0,0.0,0.0,0
GBPUSD,H1@H4,dynamic,M15,24,1.5,True,0.0,5.0,True,0,0.0,0.0,0.0,0.0,0.0,0.0,0
GBPUSD,H1@H4,dynamic,M15,48,1.5,False,0.0,5.0,True,0,0.0,0.0,0.0,0.0,0.0,0.0,0
GBPUSD,H1@H4,dynamic,M15,48,1.5,True,0.0,5.0,True,0,0.0,0.0,0.0,0.0,0.0,0.0,0
GBPUSD,H1@H4,dynamic,M15,24,2.0,False,0.0,0.0,False,1032,0.3236434108527132,0.9794760342528988,1.1178439096576938,0.04649400783648492,47.98181608725242,45.699482484517084,0
GBPUSD,H1@H4,dynamic,M15,24,2.0,True,0.0,0.0,False,993,0.3504531722054381,2.5733561680570998,1.2612760529902995,0.133277957539759,132.3450118369807,35.41756749067208,0
GBPUSD,H1@H4,dynamic,M15,48,2.0,False,0.0,0.0,False,1115,0.32286995515695066,0.8911212218270983,1.0843479221360939,0.040543207324170175,45.205676166449784,45.401081275922046,0
GBPUSD,H1@H4,dynamic,M15,48,2.0,True,0.0,0.0,False,1076,0.34572490706319703,2.3400620358667057,1.2238474615217179,0.11624592624264435,125.08061663708528,34.29588251692323,0
GBPUSD,H1@H4,dynamic,M15,24,2.0,False,0.0,0.0,True,0,0.0,0.0,0.0,0.0,0.0,0.0,0
GBPUSD,H1@H4,dynamic,M15,24,2.0,True,0.0,0.0,True,0,0.0,0.0,0.0,0.0,0.0,0.0,0
GBPUSD,H1@H4,dynamic,M15,48,2.0,False,0.0,0.0,True,0,0.0,0.0,0.0,0.0,0.0,0.0,0
GBPUSD,H1@H4,dynamic,M15,48,2.0,True,0.0,0.0,True,0,0.0,0.0,0.0,0.0,0.0,0.0,0
GBPUSD,H1@H4,dynamic,M15,24,2.0,False,0.0,2.0,False,1031,0.32492725509214354,1.1410629719077765,1.122713910053631,0.054364430262766404,56.049727600912135,44.418220302144476,0
GBPUSD,H1@H4,dynamic,M15,24,2.0,True,0.0,2.0,False,993,0.351460221550856,2.6202084301191655,1.2628623045169791,0.1354512445326089,134.50308582088067,34.90993949933118,0
GBPUSD,H1@H4,dynamic,M15,48,2.0,False,0.0,2.0,False,1114,0.3231597845601436,1.0096889955425876,1.0883004465285795,0.04610313990217221,51.35889785101987,39.53157120267157,0
GBPUSD,H1@H4,dynamic,M15,48,2.0,True,0.0,2.0,False,1076,0.34572490706319703,2.3494680767645284,1.2240949452673726,0.11651963836330555,125.3751308789167,33.776560168090114,0
GBPUSD,H1@H4,dynamic,M15,24,2.0,False,0.0,2.0,True,0,0.0,0.0,0.0,0.0,0.0,0.0,0
GBPUSD,H1@H4,dynamic,M15,24,2.0,True,0.0,2.0,True,0,0.0,0.0,0.0,0.0,0.0,0.0,0
GBPUSD,H1@H4,dynamic,M15,48,2.0,False,0.0,2.0,True,0,0.0,0.0,0.0,0.0,0.0,0.0,0
GBPUSD,H1@H4,dynamic,M15,48,2.0,True,0.0,2.0,True,0,0.0,0.0,0.0,0.0,0.0,0.0,0
GBPUSD,H1@H4,dynamic,M15,24,2.0,False,0.0,3.0,False,1025,0.3151219512195122,0.8137582293221955,1.1032504646211756,0.03909046050734619,40.06772202002987,46.70661227126273,0
GBPUSD,H1@H4,dynamic,M15,24,2.0,True,0.0,3.0,False,989,0.3468149646107179,2.5128286093840146,1.2553797081818727,0.12997218725508206,128.5424931952762,33.985894298193266,0
GBPUSD,H1@H4,dynamic,M15,48,2.0,False,0.0,3.0,False,1107,0.31616982836495033,0.8648243084608881,1.0802256538849857,0.03990964578203831,44.17997788071643,49.52130669714134,0
GBPUSD,H1@H4,dynamic,M15,48,2.0,True,0.0,3.0,False,1070,0.3429906542056075,2.289393717314345,1.21933829370061,0.11336333437460518,121.29876778082756,37.69911360819701,0
GBPUSD,H1@H4,dynamic,M15,24,2.0,False,0.0,3.0,True,0,0.0,0.0,0.0,0.0,0.0,0.0,0
GBPUSD,H1@H4,dynamic,M15,24,2.0,True,0.0,3.0,True,0,0.0,0.0,0.0,0.0,0.0,0.0,0
GBPUSD,H1@H4,dynamic,M15,48,2.0,False,0.0,3.0,True,0,0.0,0.0,0.0,0.0,0.0,0.0,0
GBPUSD,H1@H4,dynamic,M15,48,2.0,True,0.0,3.0,True,0,0.0,0.0,0.0,0.0,0.0,0.0,0
GBPUSD,H1@H4,dynamic,M15,24,2.0,False,0.0,5.0,False,984,0.3160569105691057,1.5751580883323915,1.1388570360212427,0.07987661717289751,78.598591298131,44.99252927264677,0
GBPUSD,H1@H4,dynamic,M15,24,2.0,True,0.0,5.0,False,961,0.36420395421436,3.8327492748639433,1.3449412901109905,0.20396313912171196,196.00857669596508,23.815261926052045,0
GBPUSD,H1@H4,dynamic,M15,48,2.0,False,0.0,5.0,False,1063,0.31326434619002824,1.4362313536869507,1.1134765557839155,0.0698707590062999,74.27261682369695,39.00873656659908,0
GBPUSD,H1@H4,dynamic,M15,48,2.0,True,0.0,5.0,False,1036,0.35135135135135137,3.2197757367627955,1.2768874582678067,0.1646056367551536,170.53143967833896,27.835961291527113,0
GBPUSD,H1@H4,dynamic,M15,24,2.0,False,0.0,5.0,True,0,0.0,0.0,0.0,0.0,0.0,0.0,0
GBPUSD,H1@H4,dynamic,M15,24,2.0,True,0.0,5.0,True,0,0.0,0.0,0.0,0.0,0.0,0.0,0
GBPUSD,H1@H4,dynamic,M15,48,2.0,False,0.0,5.0,True,0,0.0,0.0,0.0,0.0,0.0,0.0,0
GBPUSD,H1@H4,dynamic,M15,48,2.0,True,0.0,5.0,True,0,0.0,0.0,0.0,0.0,0.0,0.0,0
GBPUSD,H1@H4,dynamic,M5,24,0.0,False,0.0,0.0,False,417,0.37410071942446044,5.230876500694435,1.6172889732964255,0.49640287769784175,207.0,14.0,0
GBPUSD,H1@H4,dynamic,M5,24,0.0,True,0.0,0.0,False,374,0.37433155080213903,5.45783648879665,1.8940202238238253,0.7146022661353549,267.26124753462267,12.090321273095824,0
GBPUSD,H1@H4,dynamic,M5,48,0.0,False,0.0,0.0,False,477,0.37735849056603776,5.732384082798995,1.670129162888429,0.5094339622641509,243.0,12.0,0
GBPUSD,H1@H4,dynamic,M5,48,0.0,True,0.0,0.0,False,436,0.37844036697247707,5.7663228714032,1.9386592669707328,0.6606773338402561,288.05531755435175,12.0,0
GBPUSD,H1@H4,dynamic,M5,24,0.0,False,0.0,0.0,True,0,0.0,0.0,0.0,0.0,0.0,0.0,0
GBPUSD,H1@H4,dynamic,M5,24,0.0,True,0.0,0.0,True,0,0.0,0.0,0.0,0.0,0.0,0.0,0
GBPUSD,H1@H4,dynamic,M5,48,0.0,False,0.0,0.0,True,0,0.0,0.0,0.0,0.0,0.0,0.0,0
GBPUSD,H1@H4,dynamic,M5,48,0.0,True,0.0,0.0,True,0,0.0,0.0,0.0,0.0,0.0,0.0,0
GBPUSD,H1@H4,dynamic,M5,24,0.0,False,0.0,2.0,False,417,0.37410071942446044,5.230876500694435,1.6172889732964255,0.49640287769784175,207.0,14.0,0
GBPUSD,H1@H4,dynamic,M5,24,0.0,True,0.0,2.0,False,374,0.37433155080213903,5.45783648879665,1.8940202238238253,0.7146022661353549,267.26124753462267,12.090321273095824,0
GBPUSD,H1@H4,dynamic,M5,48,0.0,False,0.0,2.0,False,477,0.37735849056603776,5.732384082798995,1.670129162888429,0.5094339622641509,243.0,12.0,0
GBPUSD,H1@H4,dynamic,M5,48,0.0,True,0.0,2.0,False,436,0.37844036697247707,5.7663228714032,1.9386592669707328,0.6606773338402561,288.05531755435175,12.0,0
GBPUSD,H1@H4,dynamic,M5,24,0.0,False,0.0,2.0,True,0,0.0,0.0,0.0,0.0,0.0,0.0,0
GBPUSD,H1@H4,dynamic,M5,24,0.0,True,0.0,2.0,True,0,0.0,0.0,0.0,0.0,0.0,0.0,0
GBPUSD,H1@H4,dynamic,M5,48,0.0,False,0.0,2.0,True,0,0.0,0.0,0.0,0.0,0.0,0.0,0
GBPUSD,H1@H4,dynamic,M5,48,0.0,True,0.0,2.0,True,0,0.0,0.0,0.0,0.0,0.0,0.0,0
GBPUSD,H1@H4,dynamic,M5,24,0.0,False,0.0,3.0,False,417,0.37410071942446044,5.230876500694435,1.6172889732964255,0.49640287769784175,207.0,14.0,0
GBPUSD,H1@H4,dynamic,M5,24,0.0,True,0.0,3.0,False,374,0.37433155080213903,5.45783648879665,1.8940202238238253,0.7146022661353549,267.26124753462267,12.090321273095824,0
GBPUSD,H1@H4,dynamic,M5,48,0.0,False,0.0,3.0,False,477,0.37735849056603776,5.732384082798995,1.670129162888429,0.5094339622641509,243.0,12.0,0
GBPUSD,H1@H4,dynamic,M5,48,0.0,True,0.0,3.0,False,436,0.37844036697247707,5.7663228714032,1.9386592669707328,0.6606773338402561,288.05531755435175,12.0,0
GBPUSD,H1@H4,dynamic,M5,24,0.0,False,0.0,3.0,True,0,0.0,0.0,0.0,0.0,0.0,0.0,0
GBPUSD,H1@H4,dynamic,M5,24,0.0,True,0.0,3.0,True,0,0.0,0.0,0.0,0.0,0.0,0.0,0
GBPUSD,H1@H4,dynamic,M5,48,0.0,False,0.0,3.0,True,0,0.0,0.0,0.0,0.0,0.0,0.0,0
GBPUSD,H1@H4,dynamic,M5,48,0.0,True,0.0,3.0,True,0,0.0,0.0,0.0,0.0,0.0,0.0,0
GBPUSD,H1@H4,dynamic,M5,24,0.0,False,0.0,5.0,False,417,0.37410071942446044,5.230876500694435,1.6172889732964255,0.49640287769784175,207.0,14.0,0
GBPUSD,H1@H4,dynamic,M5,24,0.0,True,0.0,5.0,False,374,0.37433155080213903,5.45783648879665,1.8940202238238253,0.7146022661353549,267.26124753462267,12.090321273095824,0
GBPUSD,H1@H4,dynamic,M5,48,0.0,False,0.0,5.0,False,477,0.37735849056603776,5.732384082798995,1.670129162888429,0.5094339622641509,243.0,12.0,0
GBPUSD,H1@H4,dynamic,M5,48,0.0,True,0.0,5.0,False,436,0.37844036697247707,5.7663228714032,1.9386592669707328,0.6606773338402561,288.05531755435175,12.0,0
GBPUSD,H1@H4,dynamic,M5,24,0.0,False,0.0,5.0,True,0,0.0,0.0,0.0,0.0,0.0,0.0,0
GBPUSD,H1@H4,dynamic,M5,24,0.0,True,0.0,5.0,True,0,0.0,0.0,0.0,0.0,0.0,0.0,0
GBPUSD,H1@H4,dynamic,M5,48,0.0,False,0.0,5.0,True,0,0.0,0.0,0.0,0.0,0.0,0.0,0
GBPUSD,H1@H4,dynamic,M5,48,0.0,True,0.0,5.0,True,0,0.0,0.0,0.0,0.0,0.0,0.0,0
GBPUSD,H1@H4,dynamic,M5,24,1.0,False,0.0,0.0,False,417,0.37410071942446044,2.8422460280031996,1.3024008478826528,0.22183650949591618,92.50582445979703,15.275086401151977,0
GBPUSD,H1@H4,dynamic,M5,24,1.0,True,0.0,0.0,False,374,0.37433155080213903,3.8102466553253596,1.544752910196101,0.40321833271286484,150.80365643461147,13.601342130092675,0
GBPUSD,H1@H4,dynamic,M5,48,1.0,False,0.0,0.0,False,477,0.37735849056603776,3.18584479915169,1.342672533480404,0.23293104495763012,111.10810844478951,17.090180547073416,0
GBPUSD,H1@H4,dynamic,M5,48,1.0,True,0.0,0.0,False,436,0.37844036697247707,3.913987852879374,1.5715948487520313,0.365507852039727,159.36142348932103,12.981076036130943,0
GBPUSD,H1@H4,dynamic,M5,24,1.0,False,0.0,0.0,True,0,0.0,0.0,0.0,0.0,0.0,0.0,0
GBPUSD,H1@H4,dynamic,M5,24,1.0,True,0.0,0.0,True,0,0.0,0.0,0.0,0.0,0.0,0.0,0
GBPUSD,H1@H4,dynamic,M5,48,1.0,False,0.0,0.0,True,0,0.0,0.0,0.0,0.0,0.0,0.0,0
GBPUSD,H1@H4,dynamic,M5,48,1.0,True,0.0,0.0,True,0,0.0,0.0,0.0,0.0,0.0,0.0,0
GBPUSD,H1@H4,dynamic,M5,24,1.0,False,0.0,2.0,False,417,0.37410071942446044,2.897049441932135,1.3065359081104544,0.22662177752458607,94.50128122775234,15.275086401151977,0
GBPUSD,H1@H4,dynamic,M5,24,1.0,True,0.0,2.0,False,374,0.37433155080213903,3.8389690993416576,1.547415010418623,0.40590244736556996,151.8075153147232,13.601342130092668,0
GBPUSD,H1@H4,dynamic,M5,48,1.0,False,0.0,2.0,False,477,0.37735849056603776,3.2378483645230878,1.3460865030138747,0.23720373137564943,113.1461798661848,15.511316236275576,0
GBPUSD,H1@H4,dynamic,M5,48,1.0,True,0.0,2.0,False,436,0.37844036697247707,3.9382308249709657,1.5731732490717405,0.3674496819971273,160.20806135074753,12.981076036130943,0
GBPUSD,H1@H4,dynamic,M5,24,1.0,False,0.0,2.0,True,0,0.0,0.0,0.0,0.0,0.0,0.0,0
GBPUSD,H1@H4,dynamic,M5,24,1.0,True,0.0,2.0,True,0,0.0,0.0,0.0,0.0,0.0,0.0,0
GBPUSD,H1@H4,dynamic,M5,48,1.0,False,0.0,2.0,True,0,0.0,0.0,0.0,0.0,0.0,0.0,0
GBPUSD,H1@H4,dynamic,M5,48,1.0,True,0.0,2.0,True,0,0.0,0.0,0.0,0.0,0.0,0.0,0
GBPUSD,H1@H4,dynamic,M5,24,1.0,False,0.0,3.0,False,415,0.3686746987951807,2.8280752566360587,1.3019206574698907,0.22323089766888093,92.64082253258556,15.217420065720102,0
GBPUSD,H1@H4,dynamic,M5,24,1.0,True,0.0,3.0,False,373,0.3726541554959786,3.819030568129124,1.5422861179805514,0.40184515133308013,149.88824144723893,13.601342130092668,0
GBPUSD,H1@H4,dynamic,M5,48,1.0,False,0.0,3.0,False,475,0.3726315789473684,3.1898640199632355,1.3442846395286725,0.23576089186078183,111.98642363387138,16.431798163986812,0
GBPUSD,H1@H4,dynamic,M5,48,1.0,True,0.0,3.0,False,435,0.37471264367816093,3.870797419026945,1.560163522182204,0.36100212051308744,157.03592242319306,12.981076036130943,0
GBPUSD,H1@H4,dynamic,M5,24,1.0,False,0.0,3.0,True,0,0.0,0.0,0.0,0.0,0.0,0.0,0
GBPUSD,H1@H4,dynamic,M5,24,1.0,True,0.0,3.0,True,0,0.0,0.0,0.0,0.0,0.0,0.0,0
GBPUSD,H1@H4,dynamic,M5,48,1.0,False,0.0,3.0,True,0,0.0,0.0,0.0,0.0,0.0,0.0,0
GBPUSD,H1@H4,dynamic,M5,48,1.0,True,0.0,3.0,True,0,0.0,0.0,0.0,0.0,0.0,0.0,0
GBPUSD,H1@H4,dynamic,M5,24,1.0,False,0.0,5.0,False,411,0.35279805352798055,2.5664307391672465,1.270950337777152,0.2074752952417363,85.27234634435362,18.35069432008021,0
GBPUSD,H1@H4,dynamic,M5,24,1.0,True,0.0,5.0,False,370,0.3567567567567568,3.358673012818858,1.45878171062799,0.34184963901338483,126.48436643495239,14.0,0
GBPUSD,H1@H4,dynamic,M5,48,1.0,False,0.0,5.0,False,470,0.3553191489361702,2.8665465714851144,1.3105740292206354,0.2172209615165372,102.09385191277245,19.088825276724137,0
GBPUSD,H1@H4,dynamic,M5,48,1.0,True,0.0,5.0,False,433,0.3579676674364896,3.426346327928328,1.4746335277306986,0.311315345746595,134.79954470827556,14.832364483615095,0
GBPUSD,H1@H4,dynamic,M5,24,1.0,False,0.0,5.0,True,0,0.0,0.0,0.0,0.0,0.0,0.0,0
GBPUSD,H1@H4,dynamic,M5,24,1.0,True,0.0,5.0,True,0,0.0,0.0,0.0,0.0,0.0,0.0,0
GBPUSD,H1@H4,dynamic,M5,48,1.0,False,0.0,5.0,True,0,0.0,0.0,0.0,0.0,0.0,0.0,0
GBPUSD,H1@H4,dynamic,M5,48,1.0,True,0.0,5.0,True,0,0.0,0.0,0.0,0.0,0.0,0.0,0
GBPUSD,H1@H4,dynamic,M5,24,1.5,False,0.0,0.0,False,417,0.37410071942446044,1.7205828816666755,1.1763026067378912,0.1242115413758591,51.79621275373325,18.112833950517548,0
GBPUSD,H1@H4,dynamic,M5,24,1.5,True,0.0,0.0,False,374,0.37433155080213903,3.0031171137256805,1.4044247078071972,0.29199244789187795,109.20517551156226,14.955404821922755,0
GBPUSD,H1@H4,dynamic,M5,48,1.5,False,0.0,0.0,False,477,0.37735849056603776,1.989081694774078,1.2119047036572537,0.13453618545804083,64.17376046348545,21.57571837599093,0
GBPUSD,H1@H4,dynamic,M5,48,1.5,True,0.0,0.0,False,436,0.37844036697247707,3.0126972190447923,1.4250639048894582,0.2591507312961994,112.98971884514286,15.222613659561901,0
GBPUSD,H1@H4,dynamic,M5,24,1.5,False,0.0,0.0,True,0,0.0,0.0,0.0,0.0,0.0,0.0,0
GBPUSD,H1@H4,dynamic,M5,24,1.5,True,0.0,0.0,True,0,0.0,0.0,0.0,0.0,0.0,0.0,0
GBPUSD,H1@H4,dynamic,M5,48,1.5,False,0.0,0.0,True,0,0.0,0.0,0.0,0.0,0.0,0.0,0
GBPUSD,H1@H4,dynamic,M5,48,1.5,True,0.0,0.0,True,0,0.0,0.0,0.0,0.0,0.0,0.0,0
GBPUSD,H1@H4,dynamic,M5,24,1.5,False,0.0,2.0,False,415,0.3686746987951807,1.773267249271766,1.178066830504281,0.1296539685876484,53.80639696387408,16.839655309276974,0
GBPUSD,H1@H4,dynamic,M5,24,1.5,True,0.0,2.0,False,373,0.3726541554959786,3.04213445431313,1.4040045678852764,0.295099327090414,110.0720490047243,15.030620962918086,0
GBPUSD,H1@H4,dynamic,M5,48,1.5,False,0.0,2.0,False,475,0.3726315789473684,2.0614098215967247,1.2155068188407543,0.14114001013986982,67.04150481643818,20.166335745347368,0
GBPUSD,H1@H4,dynamic,M5,48,1.5,True,0.0,2.0,False,435,0.37471264367816093,3.002882952062132,1.4165479544145156,0.25853338769643264,112.46202364794807,15.222613659561901,0
GBPUSD,H1@H4,dynamic,M5,24,1.5,False,0.0,2.0,True,0,0.0,0.0,0.0,0.0,0.0,0.0,0
GBPUSD,H1@H4,dynamic,M5,24,1.5,True,0.0,2.0,True,0,0.0,0.0,0.0,0.0,0.0,0.0,0
GBPUSD,H1@H4,dynamic,M5,48,1.5,False,0.0,2.0,True,0,0.0,0.0,0.0,0.0,0.0,0.0,0
GBPUSD,H1@H4,dynamic,M5,48,1.5,True,0.0,2.0,True,0,0.0,0.0,0.0,0.0,0.0,0.0,0
GBPUSD,H1@H4,dynamic,M5,24,1.5,False,0.0,3.0,False,412,0.35436893203883496,1.5974112595776697,1.153114560961342,0.11936057791144754,49.17655809951642,22.440675492537974,0
GBPUSD,H1@H4,dynamic,M5,24,1.5,True,0.0,3.0,False,370,0.3621621621621622,2.790438471834744,1.3567411108390186,0.2668481901987192,98.73383037352612,14.31105959522488,0
GBPUSD,H1@H4,dynamic,M5,48,1.5,False,0.0,3.0,False,471,0.35456475583864117,1.743288394564477,1.1814665832015658,0.12205333148471666,57.48711912930156,26.622554737700277,0
GBPUSD,H1@H4,dynamic,M5,48,1.5,True,0.0,3.0,False,433,0.3625866050808314,2.7291643355654647,1.3650702625481306,0.23224981258335928,100.56416884859462,15.211873733061111,0
GBPUSD,H1@H4,dynamic,M5,24,1.5,False,0.0,3.0,True,0,0.0,0.0,0.0,0.0,0.0,0.0,0
GBPUSD,H1@H4,dynamic,M5,24,1.5,True,0.0,3.0,True,0,0.0,0.0,0.0,0.0,0.0,0.0,0
GBPUSD,H1@H4,dynamic,M5,48,1.5,False,0.0,3.0,True,0,0.0,0.0,0.0,0.0,0.0,0.0,0
GBPUSD,H1@H4,dynamic,M5,48,1.5,True,0.0,3.0,True,0,0.0,0.0,0.0,0.0,0.0,0.0,0
GBPUSD,H1@H4,dynamic,M5,24,1.5,False,0.0,5.0,False,396,0.33080808080808083,1.410570859568405,1.1356040462616703,0.11231502046092483,44.476748102526265,26.956802493879625,0
GBPUSD,H1@H4,dynamic,M5,24,1.5,True,0.0,5.0,False,364,0.35714285714285715,2.743984770556101,1.3362485601367415,0.2576617141614371,93.78886395476303,19.833333333333844,0
GBPUSD,H1@H4,dynamic,M5,48,1.5,False,0.0,5.0,False,449,0.33853006681514475,1.8398651951379397,1.1859408688450814,0.13836096665399733,62.12407402764479,23.614800300553952,0
GBPUSD,H1@H4,dynamic,M5,48,1.5,True,0.0,5.0,False,421,0.3681710213776722,3.2064990340783717,1.3961793953200725,0.27540427652524263,115.94520041712705,16.590641808972624,0
GBPUSD,H1@H4,dynamic,M5,24,1.5,False,0.0,5.0,True,0,0.0,0.0,0.0,0.0,0.0,0.0,0
GBPUSD,H1@H4,dynamic,M5,24,1.5,True,0.0,5.0,True,0,0.0,0.0,0.0,0.0,0.0,0.0,0
GBPUSD,H1@H4,dynamic,M5,48,1.5,False,0.0,5.0,True,0,0.0,0.0,0.0,0.0,0.0,0.0,0
GBPUSD,H1@H4,dynamic,M5,48,1.5,True,0.0,5.0,True,0,0.0,0.0,0.0,0.0,0.0,0.0,0
GBPUSD,H1@H4,dynamic,M5,24,2.0,False,0.0,0.0,False,417,0.37410071942446044,0.6344310652486098,1.0658995235725905,0.04270502673300099,17.80799614766142,27.082838881634643,0
GBPUSD,H1@H4,dynamic,M5,24,2.0,True,0.0,0.0,False,374,0.3716577540106952,2.2072661440773302,1.2813271015665093,0.19897849685361366,74.41795782325154,17.664684914485775,0
GBPUSD,H1@H4,dynamic,M5,48,2.0,False,0.0,0.0,False,477,0.37735849056603776,0.830535323004382,1.0975833439912002,0.052388531775570985,24.98932965694736,28.688901394345145,0
GBPUSD,H1@H4,dynamic,M5,48,2.0,True,0.0,0.0,False,436,0.3761467889908257,2.126229803832968,1.296970757593043,0.16991844027852715,74.08443996143784,17.130543609965194,0
GBPUSD,H1@H4,dynamic,M5,24,2.0,False,0.0,0.0,True,0,0.0,0.0,0.0,0.0,0.0,0.0,0
GBPUSD,H1@H4,dynamic,M5,24,2.0,True,0.0,0.0,True,0,0.0,0.0,0.0,0.0,0.0,0.0,0
GBPUSD,H1@H4,dynamic,M5,48,2.0,False,0.0,0.0,True,0,0.0,0.0,0.0,0.0,0.0,0.0,0
GBPUSD,H1@H4,dynamic,M5,48,2.0,True,0.0,0.0,True,0,0.0,0.0,0.0,0.0,0.0,0.0,0
GBPUSD,H1@H4,dynamic,M5,24,2.0,False,0.0,2.0,False,412,0.35194174757281554,0.3955126745049854,1.032822534940611,0.027352034949568654,11.269038399222275,28.668664624364332,0
GBPUSD,H1@H4,dynamic,M5,24,2.0,True,0.0,2.0,False,371,0.3611859838274933,2.0385736459412107,1.2455942563792963,0.18295412634382224,67.87598087355808,16.878929590774945,0
GBPUSD,H1@H4,dynamic,M5,48,2.0,False,0.0,2.0,False,471,0.3524416135881104,0.48257615425421085,1.0599267500877545,0.03129519436835995,14.740036547497537,31.81141646011426,0
GBPUSD,H1@H4,dynamic,M5,48,2.0,True,0.0,2.0,False,433,0.3579676674364896,1.7627507958356294,1.239834760799372,0.1408091721871626,60.97037155704142,16.519573963251545,0
GBPUSD,H1@H4,dynamic,M5,24,2.0,False,0.0,2.0,True,0,0.0,0.0,0.0,0.0,0.0,0.0,0
GBPUSD,H1@H4,dynamic,M5,24,2.0,True,0.0,2.0,True,0,0.0,0.0,0.0,0.0,0.0,0.0,0
GBPUSD,H1@H4,dynamic,M5,48,2.0,False,0.0,2.0,True,0,0.0,0.0,0.0,0.0,0.0,0.0,0
GBPUSD,H1@H4,dynamic,M5,48,2.0,True,0.0,2.0,True,0,0.0,0.0,0.0,0.0,0.0,0.0,0
GBPUSD,H1@H4,dynamic,M5,24,2.0,False,0.0,3.0,False,403,0.36476426799007444,1.6415819949001096,1.1477459145790432,0.12133308468542911,48.89723312822793,20.687275520843087,0
GBPUSD,H1@H4,dynamic,M5,24,2.0,True,0.0,3.0,False,365,0.3726027397260274,2.5412048235208746,1.296760369670528,0.23084205462806948,84.25734993924543,20.35,0
GBPUSD,H1@H4,dynamic,M5,48,2.0,False,0.0,3.0,False,463,0.3693304535637149,1.9647278072953185,1.1859211130298812,0.1358779460218317,62.911489008108056,22.760050090597183,0
GBPUSD,H1@H4,dynamic,M5,48,2.0,True,0.0,3.0,False,428,0.37616822429906543,2.728323410275688,1.3250103185349211,0.22333408712229574,95.58698928834264,17.275872567948866,0
GBPUSD,H1@H4,dynamic,M5,24,2.0,False,0.0,3.0,True,0,0.0,0.0,0.0,0.0,0.0,0.0,0
GBPUSD,H1@H4,dynamic,M5,24,2.0,True,0.0,3.0,True,0,0.0,0.0,0.0,0.0,0.0,0.0,0
GBPUSD,H1@H4,dynamic,M5,48,2.0,False,0.0,3.0,True,0,0.0,0.0,0.0,0.0,0.0,0.0,0
GBPUSD,H1@H4,dynamic,M5,48,2.0,True,0.0,3.0,True,0,0.0,0.0,0.0,0.0,0.0,0.0,0
GBPUSD,H1@H4,dynamic,M5,24,2.0,False,0.0,5.0,False,380,0.3105263157894737,0.4741421259735333,1.0364242581727217,0.037660154946351526,14.310858879613559,27.175143393067415,0
GBPUSD,H1@H4,dynamic,M5,24,2.0,True,0.0,5.0,False,357,0.3641456582633053,2.4923192891237966,1.308586701293793,0.2215809541180336,79.10440062013802,16.833333333333336,0
GBPUSD,H1@H4,dynamic,M5,48,2.0,False,0.0,5.0,False,426,0.3192488262910798,0.8867397869200548,1.0831634129137653,0.06702486014797268,28.552590423036342,40.180871867034654,0
GBPUSD,H1@H4,dynamic,M5,48,2.0,True,0.0,5.0,False,401,0.36658354114713215,2.712300505672252,1.3310847693756556,0.2263410941124596,90.7627787390963,16.64539997995007,0
GBPUSD,H1@H4,dynamic,M5,24,2.0,False,0.0,5.0,True,0,0.0,0.0,0.0,0.0,0.0,0.0,0
GBPUSD,H1@H4,dynamic,M5,24,2.0,True,0.0,5.0,True,0,0.0,0.0,0.0,0.0,0.0,0.0,0
GBPUSD,H1@H4,dynamic,M5,48,2.0,False,0.0,5.0,True,0,0.0,0.0,0.0,0.0,0.0,0.0,0
GBPUSD,H1@H4,dynamic,M5,48,2.0,True,0.0,5.0,True,0,0.0,0.0,0.0,0.0,0.0,0.0,0
GBPUSD,M5@M15,none,,48,0.0,False,0.0,0.0,False,2126,0.264346190028222,1.480162187758831,1.0029489046822087,0.05660874926604162,120.35020093960448,38.0,0
GBPUSD,M5@M15,none,,48,0.0,True,0.0,0.0,False,2032,0.2854330708661417,3.1114950739780003,1.1329310075187762,0.13029466611269894,264.7587615410044,40.140797932321476,0
GBPUSD,M5@M15,none,,48,0.0,False,0.0,2.0,False,2126,0.264346190028222,1.480162187758831,1.0029489046822087,0.05660874926604162,120.35020093960448,38.0,0
GBPUSD,M5@M15,none,,48,0.0,True,0.0,2.0,False,2032,0.2854330708661417,3.1114950739780003,1.1329310075187762,0.13029466611269894,264.7587615410044,40.140797932321476,0
GBPUSD,M5@M15,none,,48,0.0,False,0.0,3.0,False,2126,0.264346190028222,1.480162187758831,1.0029489046822087,0.05660874926604162,120.35020093960448,38.0,0
GBPUSD,M5@M15,none,,48,0.0,True,0.0,3.0,False,2032,0.2854330708661417,3.1114950739780003,1.1329310075187762,0.13029466611269894,264.7587615410044,40.140797932321476,0
GBPUSD,M5@M15,none,,48,0.0,False,0.0,5.0,False,2126,0.264346190028222,1.480162187758831,1.0029489046822087,0.05660874926604162,120.35020093960448,38.0,0
GBPUSD,M5@M15,none,,48,0.0,True,0.0,5.0,False,2032,0.2854330708661417,3.1114950739780003,1.1329310075187762,0.13029466611269894,264.7587615410044,40.140797932321476,0
GBPUSD,M5@M15,none,,48,1.0,False,0.0,0.0,False,2126,0.264346190028222,-1.5284065041847175,0.899219570359483,-0.052522766620648226,-111.66340183549812,138.2151289533839,0
GBPUSD,M5@M15,none,,48,1.0,True,0.0,0.0,False,2032,0.2854330708661417,0.333181349094187,1.015228517769427,0.012358369798461269,25.112207430473248,84.24571405897458,0
GBPUSD,M5@M15,none,,48,1.0,False,0.0,2.0,False,2126,0.264346190028222,-1.5266497150223486,0.8992445614349435,-0.05246441705246551,-111.53935065354165,138.2151289533839,0
GBPUSD,M5@M15,none,,48,1.0,True,0.0,2.0,False,2032,0.2854330708661417,0.3260020456134142,1.015235502420876,0.012082020368184468,24.550665388150833,84.24571405897458,0
GBPUSD,M5@M15,none,,48,1.0,False,0.0,3.0,False,2125,0.2644705882352941,-1.498202798917517,0.9007998837924845,-0.051527429864810466,-109.49578846272226,138.7291776033388,0
GBPUSD,M5@M15,none,,48,1.0,True,0.0,3.0,False,2032,0.2854330708661417,0.2940624650233296,1.0160102347591011,0.010867179214612844,22.082108164093313,85.63550447953598,0
GBPUSD,M5@M15,none,,48,1.0,False,0.0,5.0,False,2095,0.26348448687350834,-1.4442056969740777,0.9018806408091685,-0.050191951888749566,-105.15213920693026,142.10889672015054,0
GBPUSD,M5@M15,none,,48,1.0,True,0.0,5.0,False,2021,0.2855022266204849,0.30321945359209,1.0176722275082746,0.011197732459381231,22.630617300409533,88.04399081441841,0
GBPUSD,M5@M15,none,,48,1.5,False,0.0,0.0,False,2126,0.264346190028222,-2.970863835450112,0.853061397579893,-0.0974371038925762,-207.15128287561683,223.70357948288918,0
GBPUSD,M5@M15,none,,48,1.5,True,0.0,0.0,False,2032,0.2854330708661417,-1.0129146387746393,0.9629059339743854,-0.035718784643237654,-72.58057039505891,116.62186975276762,0
GBPUSD,M5@M15,none,,48,1.5,False,0.0,2.0,False,2125,0.2644705882352941,-2.935550002709934,0.8545902680827644,-0.09636418134413652,-204.77388535628998,221.32618196356233,0
GBPUSD,M5@M15,none,,48,1.5,True,0.0,2.0,False,2032,0.2854330708661417,-1.0416155957178312,0.9636736112301817,-0.03664516959225899,-74.46298461147028,117.86399775990117,0
GBPUSD,M5@M15,none,,48,1.5,False,0.0,3.0,False,2115,0.26430260047281323,-2.833356920450522,0.8546130270022436,-0.09349359332975372,-197.73894989242888,217.37173412858573,0
GBPUSD,M5@M15,none,,48,1.5,True,0.0,3.0,False,2032,0.2854330708661417,-1.022748181725541,0.9625735900654189,-0.03592836981324498,-73.00644746051384,116.64274677041652,0
GBPUSD,M5@M15,none,,48,1.5,False,0.0,5.0,False,1981,0.270570418980313,-1.6021816673678104,0.8892643101628555,-0.055900917145661824,-110.7397168655564,143.14582826744356,0
GBPUSD,M5@M15,none,,48,1.5,True,0.0,5.0,False,1914,0.29258098223615464,-0.18084142876257073,0.9921640886187691,-0.006579700027357158,-12.593545852361554,70.88368449858022,0
GBPUSD,M5@M15,none,,48,2.0,False,0.0,0.0,False,2126,0.264346190028222,-4.379913840262994,0.8101691955866356,-0.13756313207294657,-292.45921878708396,303.55507859513125,0
GBPUSD,M5@M15,none,,48,2.0,True,0.0,0.0,False,2032,0.2854330708661417,-2.3322094426066178,0.9143149641897576,-0.07852869495550131,-159.5703081495787,176.03594852693925,0
GBPUSD,M5@M15,none,,48,2.0,False,0.0,2.0,False,2118,0.26392823418319167,-4.3040226165779485,0.8127402798838815,-0.13574025807371856,-287.4978666001356,298.8887814817438,0
GBPUSD,M5@M15,none,,48,2.0,True,0.0,2.0,False,2035,0.285995085995086,-2.2995824380312024,0.9169591309122451,-0.07723030531377188,-157.16367131352573,172.0598958319642,0
GBPUSD,M5@M15,none,,48,2.0,False,0.0,3.0,False,2062,0.2652764306498545,-3.7778884177635423,0.8183933134882656,-0.12202711917148326,-251.61991973159837,266.7278501159261,0
GBPUSD,M5@M15,none,,48,2.0,True,0.0,3.0,False,1988,0.2892354124748491,-1.8460605047500411,0.9276644632583285,-0.06293180495924988,-125.1084282589887,150.58901931139232,0
GBPUSD,M5@M15,none,,48,2.0,False,0.0,5.0,False,1757,0.27091633466135456,-1.9349425424884146,0.8811183502242085,-0.07049812090240454,-123.865198425525,161.95990311528746,0
GBPUSD,M5@M15,none,,48,2.0,True,0.0,5.0,False,1713,0.29305312317571514,-0.6739069988807184,0.9768303398234739,-0.0252413025342975,-43.23835124125164,89.15158019668377,0
GBPUSD,M1@M5,none,,48,0.0,False,0.0,0.0,False,2425,0.28,3.277616300793013,1.1114644444606547,0.11952232050995244,289.8416272366347,43.0,0
GBPUSD,M1@M5,none,,48,0.0,True,0.0,0.0,False,2425,0.2795876288659794,3.257405922847493,1.1062065257278377,0.11876288659793814,288.0,43.0,0
GBPUSD,M1@M5,none,,48,0.0,False,0.0,2.0,False,2425,0.28,3.277616300793013,1.1114644444606547,0.11952232050995244,289.8416272366347,43.0,0
GBPUSD,M1@M5,none,,48,0.0,True,0.0,2.0,False,2425,0.2795876288659794,3.257405922847493,1.1062065257278377,0.11876288659793814,288.0,43.0,0
GBPUSD,M1@M5,none,,48,0.0,False,0.0,3.0,False,2425,0.28,3.277616300793013,1.1114644444606547,0.11952232050995244,289.8416272366347,43.0,0
GBPUSD,M1@M5,none,,48,0.0,True,0.0,3.0,False,2425,0.2795876288659794,3.257405922847493,1.1062065257278377,0.11876288659793814,288.0,43.0,0
GBPUSD,M1@M5,none,,48,0.0,False,0.0,5.0,False,2425,0.28,3.277616300793013,1.1114644444606547,0.11952232050995244,289.8416272366347,43.0,0
GBPUSD,M1@M5,none,,48,0.0,True,0.0,5.0,False,2425,0.2795876288659794,3.257405922847493,1.1062065257278377,0.11876288659793814,288.0,43.0,0
GBPUSD,M1@M5,none,,48,1.0,False,0.0,0.0,False,2425,0.28,-2.7063374485084215,0.9137028915554117,-0.0816320217656504,-197.95765278170236,234.1819886310586,0
GBPUSD,M1@M5,none,,48,1.0,True,0.0,0.0,False,2425,0.2795876288659794,-2.7312292298672385,0.9092135115675954,-0.08235682165508701,-199.71529251358615,234.1819886310586,0
GBPUSD,M1@M5,none,,48,1.0,False,0.0,2.0,False,2404,0.2795341098169717,-2.50997718713233,0.9155618261655211,-0.07637831179536571,-183.61346155605932,223.54552483934805,0
GBPUSD,M1@M5,none,,48,1.0,True,0.0,2.0,False,2404,0.27911813643926786,-2.5347999411616637,0.9110714703555678,-0.07710944313142386,-185.3711012879431,223.54552483934805,0
GBPUSD,M1@M5,none,,48,1.0,False,0.0,3.0,False,2339,0.2778965369816161,-2.2386670437851857,0.9161168048415196,-0.06968654809388103,-162.99683599158783,201.6236573684164,0
GBPUSD,M1@M5,none,,48,1.0,True,0.0,3.0,False,2339,0.2774690038477982,-2.2635197332216803,0.9116162698087888,-0.0704379973165761,-164.75447572347161,201.6236573684164,0
GBPUSD,M1@M5,none,,48,1.0,False,0.0,5.0,False,2078,0.26371511068334935,-2.6117650660264196,0.9058787649357682,-0.08749295927400207,-181.8103693713755,214.87927324064833,0
GBPUSD,M1@M5,none,,48,1.0,True,0.0,5.0,False,2078,0.2632338787295476,-2.637939722247783,0.9013175241816689,-0.08833879167625605,-183.56800910325927,214.87927324064833,0
GBPUSD,M1@M5,none,,48,1.5,False,0.0,0.0,False,2425,0.28,-5.436483718932847,0.8331635347083165,-0.1522629012175691,-369.23753545260524,388.82308155690447,0
GBPUSD,M1@M5,none,,48,1.5,True,0.0,0.0,False,2425,0.2795876288659794,-5.4638297477915705,0.8289871458723449,-0.15297114065105477,-370.955016078808,388.82308155690447,0
GBPUSD,M1@M5,none,,48,1.5,False,0.0,2.0,False,2339,0.2778965369816161,-4.737315829949458,0.8379648635474032,-0.1372181873832765,-320.95334028948423,337.43525385413074,0
GBPUSD,M1@M5,none,,48,1.5,True,0.0,2.0,False,2339,0.2774690038477982,-4.764443350279805,0.8337702539156469,-0.13795246725766844,-322.670820915687,337.43525385413074,0
GBPUSD,M1@M5,none,,48,1.5,False,0.0,3.0,False,2155,0.2700696055684455,-4.3241810997281345,0.8439743036689693,-0.13320886873834537,-287.06511213113487,307.35815016664196,0
GBPUSD,M1@M5,none,,48,1.5,True,0.0,3.0,False,2155,0.2696055684454756,-4.3517362580456975,0.839721006160193,-0.13400584350688494,-288.7825927573376,307.35815016664196,0
GBPUSD,M1@M5,none,,48,1.5,False,0.0,5.0,False,1599,0.2707942464040025,-2.1636167157959343,0.9060914244753329,-0.08163321001856186,-130.53150281968098,140.43218770570698,0
GBPUSD,M1@M5,none,,48,1.5,True,0.0,5.0,False,1599,0.2701688555347092,-2.1930592233469643,0.9013029635629775,-0.08270730672037721,-132.24898344588374,140.43218770570698,0
GBPUSD,M1@M5,none,,48,2.0,False,0.0,0.0,False,2425,0.27876288659793813,-8.05334670033644,0.7620193950690091,-0.2111400949432227,-512.014730237315,520.1356373723037,0
GBPUSD,M1@M5,none,,48,2.0,True,0.0,0.0,False,2425,0.27835051546391754,-8.083275993650705,0.7581198029922906,-0.21183224933242165,-513.6932046311225,520.1356373723037,0
GBPUSD,M1@M5,none,,48,2.0,False,0.0,2.0,False,2227,0.2694207453973956,-7.0022355804616225,0.7682935138651107,-0.19745200540233396,-439.72561603099626,447.1998610466133,0
GBPUSD,M1@M5,none,,48,2.0,True,0.0,2.0,False,2227,0.26897171082173327,-7.03206980475299,0.764339610478193,-0.19820569843951738,-441.4040904248037,447.1998610466133,0
GBPUSD,M1@M5,none,,48,2.0,False,0.0,3.0,False,1892,0.2616279069767442,-5.664091140462298,0.7912013425555662,-0.17991375834642748,-340.39683079144083,358.23569295530956,0
GBPUSD,M1@M5,none,,48,2.0,True,0.0,3.0,False,1892,0.26109936575052856,-5.694720854937422,0.7870431635379027,-0.18080090126070206,-342.0753051852483,358.23569295530956,0
GBPUSD,M1@M5,none,,48,2.0,False,0.0,5.0,False,1143,0.27121609798775154,-1.9510447708954484,0.9065244846949001,-0.08650608849978034,-98.87645915524914,103.57659255486892,0
GBPUSD,M1@M5,none,,48,2.0,True,0.0,5.0,False,1143,0.27034120734908135,-1.9853681873083595,0.9011581313205091,-0.08797457003417007,-100.5549335490566,103.57659255486892,0
GBPUSD,M1@M15,none,,48,0.0,False,0.0,0.0,False,927,0.25026968716289105,-0.02979764243308858,0.9590360880953348,-0.0016939633781072497,-1.5703040515054196,73.0,0
GBPUSD,M1@M15,none,,48,0.0,True,0.0,0.0,False,847,0.2396694214876033,-0.7786733479616558,0.9454951271910009,-0.047708467655455486,-40.40907210417072,74.40409682083538,0
GBPUSD,M1@M15,none,,48,0.0,False,0.0,2.0,False,927,0.25026968716289105,-0.02979764243308858,0.9590360880953348,-0.0016939633781072497,-1.5703040515054196,73.0,0
GBPUSD,M1@M15,none,,48,0.0,True,0.0,2.0,False,847,0.2396694214876033,-0.7786733479616558,0.9454951271910009,-0.047708467655455486,-40.40907210417072,74.40409682083538,0
GBPUSD,M1@M15,none,,48,0.0,False,0.0,3.0,False,927,0.25026968716289105,-0.02979764243308858,0.9590360880953348,-0.0016939633781072497,-1.5703040515054196,73.0,0
GBPUSD,M1@M15,none,,48,0.0,True,0.0,3.0,False,847,0.2396694214876033,-0.7786733479616558,0.9454951271910009,-0.047708467655455486,-40.40907210417072,74.40409682083538,0
GBPUSD,M1@M15,none,,48,0.0,False,0.0,5.0,False,927,0.25026968716289105,-0.02979764243308858,0.9590360880953348,-0.0016939633781072497,-1.5703040515054196,73.0,0
GBPUSD,M1@M15,none,,48,0.0,True,0.0,5.0,False,847,0.2396694214876033,-0.7786733479616558,0.9454951271910009,-0.047708467655455486,-40.40907210417072,74.40409682083538,0
GBPUSD,M1@M15,none,,48,1.0,False,0.0,0.0,False,927,0.25026968716289105,-2.1442671879251236,0.8505907953382079,-0.10898358295527867,-101.02778139954337,114.63550150307458,0
GBPUSD,M1@M15,none,,48,1.0,True,0.0,0.0,False,847,0.2396694214876033,-2.6965927272499024,0.8419171432890745,-0.14665833534525471,-124.21961003743068,129.1297971503914,0
GBPUSD,M1@M15,none,,48,1.0,False,0.0,2.0,False,927,0.25026968716289105,-2.1442671879251236,0.8505782197464354,-0.10898358295527867,-101.02778139954337,114.63550150307458,0
GBPUSD,M1@M15,none,,48,1.0,True,0.0,2.0,False,847,0.2396694214876033,-2.6965927272499024,0.8419138789133802,-0.14665833534525471,-124.21961003743068,129.1297971503914,0
GBPUSD,M1@M15,none,,48,1.0,False,0.0,3.0,False,925,0.2508108108108108,-2.097388478272991,0.8505201259751412,-0.10681517127105264,-98.80403342572374,112.41175352925495,0
GBPUSD,M1@M15,none,,48,1.0,True,0.0,3.0,False,847,0.2396694214876033,-2.7168161191405726,0.8419043034949568,-0.14743400394086303,-124.87660133791087,129.78678845087157,0
GBPUSD,M1@M15,none,,48,1.0,False,0.0,5.0,False,910,0.25164835164835164,-1.9520947126851047,0.8440633345524162,-0.10065651652203982,-91.59743003505632,103.17746737934789,0
GBPUSD,M1@M15,none,,48,1.0,True,0.0,5.0,False,838,0.2398568019093079,-2.746565995903211,0.8298796748527408,-0.14870874223605576,-124.6179259938147,129.5281131067754,0
GBPUSD,M1@M15,none,,48,1.5,False,0.0,0.0,False,927,0.25026968716289105,-3.163706391964313,0.8029158971194221,-0.15309197865033186,-141.91626420885754,148.1360880504579,0
GBPUSD,M1@M15,none,,48,1.5,True,0.0,0.0,False,847,0.2396694214876033,-3.62101061337632,0.7962563689183534,-0.18722046149454755,-158.5757308858817,163.1809376524899,0
GBPUSD,M1@M15,none,,48,1.5,False,0.0,2.0,False,925,0.2508108108108108,-3.1137095064099665,0.8029600906530788,-0.15097860367209737,-139.65520839669003,145.87503223829037,0
GBPUSD,M1@M15,none,,48,1.5,True,0.0,2.0,False,847,0.2396694214876033,-3.6364524574276382,0.7962556926705157,-0.18774181568637724,-159.01731788636155,163.62252465296973,0
GBPUSD,M1@M15,none,,48,1.5,False,0.0,3.0,False,915,0.25245901639344265,-2.922874335437979,0.8017668193266932,-0.14311792114886907,-130.9528978512151,137.3982984609643,0
GBPUSD,M1@M15,none,,48,1.5,True,0.0,3.0,False,842,0.23990498812351543,-3.6821801070534566,0.7894614058161595,-0.18953668438336116,-159.58988825079015,164.19509501739833,0
GBPUSD,M1@M15,none,,48,1.5,False,0.0,5.0,False,844,0.245260663507109,-2.9055275642240126,0.8026068002802833,-0.14964728850192588,-126.30231149562556,129.67771757943544,0
GBPUSD,M1@M15,none,,48,1.5,True,0.0,5.0,False,790,0.2417721518987342,-3.2162165207948665,0.8013346005192692,-0.17226420155489441,-136.08871922836667,140.69392599497485,0
GBPUSD,M1@M15,none,,48,2.0,False,0.0,0.0,False,927,0.25026968716289105,-4.162193165259015,0.7589305294883739,-0.19242805600856916,-178.38080791994358,181.45635970572167,0
GBPUSD,M1@M15,none,,48,2.0,True,0.0,0.0,False,847,0.2396694214876033,-4.525916383434762,0.7540609504420961,-0.22339488386825498,-189.2154666364121,193.53877599370574,0
GBPUSD,M1@M15,none,,48,2.0,False,0.0,2.0,False,916,0.25327510917030566,-3.888417387548353,0.7616006901362626,-0.1817133813145386,-166.44945728411736,169.52500906989545,0
GBPUSD,M1@M15,none,,48,2.0,True,0.0,2.0,False,845,0.24023668639053256,-4.57211471523694,0.747676703774748,-0.22484799553143553,-189.99655622406317,194.31986558135682,0
GBPUSD,M1@M15,none,,48,2.0,False,0.0,3.0,False,904,0.2488938053097345,-3.9347528209345155,0.7489898940164432,-0.18596253009035982,-168.1101272016853,171.18567898746338,0
GBPUSD,M1@M15,none,,48,2.0,True,0.0,3.0,False,831,0.23706377858002406,-4.601858818854956,0.7395647645757065,-0.2278907912315907,-189.377247513452,193.70055687074566,0
GBPUSD,M1@M15,none,,48,2.0,False,0.0,5.0,False,740,0.2445945945945946,-3.0848742397391775,0.7857883779333852,-0.16659939106150076,-123.28354938551092,126.53599170718489,0
GBPUSD,M1@M15,none,,48,2.0,True,0.0,5.0,False,696,0.25287356321839083,-2.5975666565479254,0.8336379743753558,-0.14723393811973634,-102.4748209313365,106.79270398392529,0
EURUSD,H1@H4,none,,48,0.0,False,0.0,0.0,False,2297,0.35959947757945143,2.6374935768461905,0.9682589470273202,0.07923357745043054,181.99952740363895,33.0,0
EURUSD,H1@H4,none,,48,0.0,True,0.0,0.0,False,3830,0.5295039164490861,29.12342227135252,2.7720044845442504,0.8100447194671495,3102.4712755591836,14.765752639947095,0
EURUSD,H1@H4,none,,48,1.0,False,0.0,0.0,False,2297,0.35959947757945143,1.5380775357115342,0.9375800446592653,0.044744211281553176,102.77745331372775,39.25916074586639,0
EURUSD,H1@H4,none,,48,1.0,True,0.0,0.0,False,3830,0.5295039164490861,28.086528518230914,2.6869826072906013,0.7578427982736735,2902.537917388171,15.068782738204618,0
EURUSD,H1@H4,none,,48,1.5,False,0.0,0.0,False,2297,0.35959947757945143,0.9989929619796318,0.9226974484460314,0.02862391219020422,65.74912630089909,60.20924824813538,0
EURUSD,H1@H4,none,,48,1.5,True,0.0,0.0,False,3830,0.5295039164490861,27.56791477751436,2.645847499639094,0.7332489349957396,2808.3434210336854,15.21056615264979,0
EURUSD,H1@H4,none,,48,2.0,False,0.0,0.0,False,2297,0.35959947757945143,0.46634076066778324,0.9081074464255471,0.01316736683587191,30.24544162199781,80.95373080962327,0
EURUSD,H1@H4,none,,48,2.0,True,0.0,0.0,False,3830,0.5295039164490861,27.050020488171953,2.605590454967462,0.709558570511292,2717.6093250582476,15.346426044676718,0
EURUSD,H1@H4,static,M15,48,0.0,False,0.0,0.0,False,1460,0.42191780821917807,13.296575014112738,1.845607945350896,0.6876712328767123,1004.0,13.0,0
EURUSD,H1@H4,static,M15,48,0.0,True,0.0,0.0,False,1341,0.4645786726323639,14.89617888454978,2.3154782903542985,0.906076597067343,1215.0487166673067,12.0,0
EURUSD,H1@H4,static,M15,48,0.0,False,0.0,0.0,True,22,0.4090909090909091,1.4828074550385664,2.1586681997092874,0.6363636363636364,14.0,4.0,0
EURUSD,H1@H4,static,M15,48,0.0,True,0.0,0.0,True,21,0.42857142857142855,1.5514259738132596,2.3921452369809817,0.8750726881423143,18.376526450988596,3.0,0
EURUSD,H1@H4,static,M15,48,0.0,False,0.0,2.0,False,1460,0.42191780821917807,13.296575014112738,1.845607945350896,0.6876712328767123,1004.0,13.0,0
EURUSD,H1@H4,static,M15,48,0.0,True,0.0,2.0,False,1341,0.4645786726323639,14.89617888454978,2.3154782903542985,0.906076597067343,1215.0487166673067,12.0,0
EURUSD,H1@H4,static,M15,48,0.0,False,0.0,2.0,True,22,0.4090909090909091,1.4828074550385664,2.1586681997092874,0.6363636363636364,14.0,4.0,0
EURUSD,H1@H4,static,M15,48,0.0,True,0.0,2.0,True,21,0.42857142857142855,1.5514259738132596,2.3921452369809817,0.8750726881423143,18.376526450988596,3.0,0
EURUSD,H1@H4,static,M15,48,0.0,False,0.0,3.0,False,1460,0.42191780821917807,13.296575014112738,1.845607945350896,0.6876712328767123,1004.0,13.0,0
EURUSD,H1@H4,static,M15,48,0.0,True,0.0,3.0,False,1341,0.4645786726323639,14.89617888454978,2.3154782903542985,0.906076597067343,1215.0487166673067,12.0,0
EURUSD,H1@H4,static,M15,48,0.0,False,0.0,3.0,True,22,0.4090909090909091,1.4828074550385664,2.1586681997092874,0.6363636363636364,14.0,4.0,0
EURUSD,H1@H4,static,M15,48,0.0,True,0.0,3.0,True,21,0.42857142857142855,1.5514259738132596,2.3921452369809817,0.8750726881423143,18.376526450988596,3.0,0
EURUSD,H1@H4,static,M15,48,0.0,False,0.0,5.0,False,1460,0.42191780821917807,13.296575014112738,1.845607945350896,0.6876712328767123,1004.0,13.0,0
EURUSD,H1@H4,static,M15,48,0.0,True,0.0,5.0,False,1341,0.4645786726323639,14.89617888454978,2.3154782903542985,0.906076597067343,1215.0487166673067,12.0,0
EURUSD,H1@H4,static,M15,48,0.0,False,0.0,5.0,True,22,0.4090909090909091,1.4828074550385664,2.1586681997092874,0.6363636363636364,14.0,4.0,0
EURUSD,H1@H4,static,M15,48,0.0,True,0.0,5.0,True,21,0.42857142857142855,1.5514259738132596,2.3921452369809817,0.8750726881423143,18.376526450988596,3.0,0
EURUSD,H1@H4,static,M15,48,1.0,False,0.0,0.0,False,1460,0.42191780821917807,10.274155856170221,1.6237960134465224,0.4627486512337282,675.6130308012431,13.0,0
EURUSD,H1@H4,static,M15,48,1.0,True,0.0,0.0,False,1341,0.4645786726323639,12.535698775311618,2.041462681075913,0.6568556866825361,880.8434758412824,12.640242046928279,0
EURUSD,H1@H4,static,M15,48,1.0,False,0.0,0.0,True,22,0.4090909090909091,1.1981485868315949,1.9040883360893872,0.46031102281345543,10.12684250189602,4.0,0
EURUSD,H1@H4,static,M15,48,1.0,True,0.0,0.0,True,21,0.42857142857142855,1.3444862956799972,2.1241961497246793,0.6635846764901682,13.935278206293534,3.0,0
EURUSD,H1@H4,static,M15,48,1.0,False,0.0,2.0,False,1460,0.42191780821917807,10.2778487360794,1.6236470990515524,0.4629518069739755,675.9096381820041,13.0,0
EURUSD,H1@H4,static,M15,48,1.0,True,0.0,2.0,False,1341,0.4645786726323639,12.53597189749167,2.0412195073855703,0.6567408787422121,880.6895183933079,12.640242046928279,0
EURUSD,H1@H4,static,M15,48,1.0,False,0.0,2.0,True,22,0.4090909090909091,1.1981485868315949,1.9040883360893872,0.46031102281345543,10.12684250189602,4.0,0
EURUSD,H1@H4,static,M15,48,1.0,True,0.0,2.0,True,21,0.42857142857142855,1.3444862956799972,2.1241961497246793,0.6635846764901682,13.935278206293534,3.0,0
EURUSD,H1@H4,static,M15,48,1.0,False,0.0,3.0,False,1457,0.42141386410432397,10.29053302337901,1.6252104379056378,0.46475725250102,677.151316893986,13.0,0
EURUSD,H1@H4,static,M15,48,1.0,True,0.0,3.0,False,1339,0.4652725914861837,12.5899524018497,2.04473111794888,0.6585241543552353,881.7638426816616,12.640242046928279,0
EURUSD,H1@H4,static,M15,48,1.0,False,0.0,3.0,True,22,0.4090909090909091,1.1981485868315949,1.9040883360893872,0.46031102281345543,10.12684250189602,4.0,0
EURUSD,H1@H4,static,M15,48,1.0,True,0.0,3.0,True,21,0.42857142857142855,1.3444862956799972,2.1241961497246793,0.6635846764901682,13.935278206293534,3.0,0
EURUSD,H1@H4,static,M15,48,1.0,False,0.0,5.0,False,1431,0.41579315164220826,10.144127832872227,1.6388226766285867,0.46759844643683207,669.1333768511065,15.43347344830795,0
EURUSD,H1@H4,static,M15,48,1.0,True,0.0,5.0,False,1322,0.4568835098335855,12.193845460637718,2.0272259825327463,0.6405676933628734,846.8304906257202,14.970192366304104,0
EURUSD,H1@H4,static,M15,48,1.0,False,0.0,5.0,True,22,0.45454545454545453,1.604862778776373,2.1058310910269773,0.6246194866785201,13.741628706927438,2.0,0
EURUSD,H1@H4,static,M15,48,1.0,True,0.0,5.0,True,21,0.47619047619047616,1.7446217446889245,2.3958496500715816,0.8725149910724717,18.322814812521905,2.0,0
EURUSD,H1@H4,static,M15,48,1.5,False,0.0,0.0,False,1460,0.42191780821917807,8.830585868429447,1.5266261955568492,0.37563696508255107,548.4299690205246,13.354644264422063,0
EURUSD,H1@H4,static,M15,48,1.5,True,0.0,0.0,False,1341,0.4645786726323639,11.359702656670835,1.9214158590858812,0.5601390703370228,751.1464933219464,13.29098538432254,0
EURUSD,H1@H4,static,M15,48,1.5,False,0.0,0.0,True,22,0.4090909090909091,1.061031120781495,1.793119371948295,0.3887846970798174,8.553263335755982,4.0,0
EURUSD,H1@H4,static,M15,48,1.5,True,0.0,0.0,True,21,0.42857142857142855,1.2412386726545372,2.0066579816341794,0.5783794205155024,12.14596783082555,3.0,0
EURUSD,H1@H4,static,M15,48,1.5,False,0.0,2.0,False,1457,0.42141386410432397,8.869470394782073,1.5282347961979637,0.37839647922923036,551.3236702369888,13.354644264422063,0
EURUSD,H1@H4,static,M15,48,1.5,True,0.0,2.0,False,1339,0.4652725914861837,11.422474214423103,1.9247963859450743,0.5628724458003586,753.686204926679,13.29098538432254,0
EURUSD,H1@H4,static,M15,48,1.5,False,0.0,2.0,True,22,0.4090909090909091,1.061031120781495,1.793119371948295,0.3887846970798174,8.553263335755982,4.0,0
EURUSD,H1@H4,static,M15,48,1.5,True,0.0,2.0,True,21,0.42857142857142855,1.2412386726545372,2.0066579816341794,0.5783794205155024,12.14596783082555,3.0,0
EURUSD,H1@H4,static,M15,48,1.5,False,0.0,3.0,False,1441,0.4170714781401804,8.8567625747877,1.5353868902124035,0.3836983241579931,552.9092851116665,16.028886688664443,0
EURUSD,H1@H4,static,M15,48,1.5,True,0.0,3.0,False,1328,0.46009036144578314,11.292346295419671,1.9196452423925392,0.5600736292973425,743.7777797068695,15.363523263110324,0
EURUSD,H1@H4,static,M15,48,1.5,False,0.0,3.0,True,22,0.45454545454545453,1.4484026845980948,1.96215186243457,0.5342251004594248,11.752952210107344,2.0,0
EURUSD,H1@H4,static,M15,48,1.5,True,0.0,3.0,True,21,0.47619047619047616,1.6505487122143274,2.2445487811261127,0.7839498206451132,16.462946233547378,2.0,0
EURUSD,H1@H4,static,M15,48,1.5,False,0.0,5.0,False,1353,0.3998521803399852,8.224061628284208,1.5605767888338953,0.37820763224865056,511.71492643242834,15.978548412918201,0
EURUSD,H1@H4,static,M15,48,1.5,True,0.0,5.0,False,1282,0.4469578783151326,10.631146234941703,1.9135616734158922,0.5313476588356356,681.1876986272846,15.332428580771762,0
EURUSD,H1@H4,static,M15,48,1.5,False,0.0,5.0,True,22,0.45454545454545453,1.534591453340061,2.0509051387008874,0.5806603666816664,12.774528066996659,2.0,0
EURUSD,H1@H4,static,M15,48,1.5,True,0.0,5.0,True,21,0.47619047619047616,1.6193827414231985,2.3134454402102924,0.7436945025208344,15.617584552937522,2.0,0
EURUSD,H1@H4,static,M15,48,2.0,False,0.0,0.0,False,1460,0.42191780821917807,7.429819579697372,1.4371615207968171,0.3001110854549345,438.16218476420363,14.152527721984995,0
EURUSD,H1@H4,static,M15,48,2.0,True,0.0,0.0,False,1341,0.4645786726323639,10.199684515215138,1.8108839263363115,0.4761419808191142,638.5063962784313,13.848769446019674,0
EURUSD,H1@H4,static,M15,48,2.0,False,0.0,0.0,True,22,0.4090909090909091,0.9272337196782685,1.6912471576262993,0.32526991693787627,7.155938172633277,4.0,0
EURUSD,H1@H4,static,M15,48,2.0,True,0.0,0.0,True,21,0.42857142857142855,1.1383856103321432,1.8983554070095765,0.5031147889529939,10.565410568012872,3.0,0
EURUSD,H1@H4,static,M15,48,2.0,False,0.0,2.0,False,1446,0.4197786998616874,7.613248055716657,1.4477761998907028,0.3117621088312163,450.80800936993893,16.56071419157064,0
EURUSD,H1@H4,static,M15,48,2.0,True,0.0,2.0,False,1330,0.462406015037594,10.231833650346049,1.8161338388912793,0.480121527026377,638.5616309450812,15.715113959948553,0
EURUSD,H1@H4,static,M15,48,2.0,False,0.0,2.0,True,22,0.4090909090909091,0.9342423743032326,1.6965102627851685,0.3282168067207891,7.2207697478573625,4.0,0
EURUSD,H1@H4,static,M15,48,2.0,True,0.0,2.0,True,21,0.42857142857142855,1.1434231060814561,1.9021810405391384,0.5055073828005493,10.615655038811536,3.0,0
EURUSD,H1@H4,static,M15,48,2.0,False,0.0,3.0,False,1403,0.406272273699216,7.289873614004907,1.4508938024127844,0.3095794166785239,434.33992159996825,16.56071419157064,0
EURUSD,H1@H4,static,M15,48,2.0,True,0.0,3.0,False,1303,0.4474290099769762,9.676348692787887,1.787094395743921,0.46113896131996013,600.8640665999086,15.715113959948553,0
EURUSD,H1@H4,static,M15,48,2.0,False,0.0,3.0,True,22,0.45454545454545453,1.3751181796674297,1.9095943259909154,0.49282725856527176,10.842199688435981,2.0,0
EURUSD,H1@H4,static,M15,48,2.0,True,0.0,3.0,True,21,0.47619047619047616,1.5380937416266645,2.1759395306225953,0.6836460945675223,14.35656798591797,2.0,0
EURUSD,H1@H4,static,M15,48,2.0,False,0.0,5.0,False,1245,0.3815261044176707,6.37646251264281,1.4599881197983573,0.29938686654531854,372.7366488489199,19.000000000000114,0
EURUSD,H1@H4,static,M15,48,2.0,True,0.0,5.0,False,1227,0.4392828035859821,9.326881488334177,1.8000692322531717,0.4546583643037104,557.8658130006521,14.51431395064418,0
EURUSD,H1@H4,static,M15,48,2.0,False,0.0,5.0,True,21,0.42857142857142855,1.2254017994206003,1.8039437059175463,0.46338972702679077,9.731184267562607,2.0,0
EURUSD,H1@H4,static,M15,48,2.0,True,0.0,5.0,True,21,0.42857142857142855,1.2021957886415053,1.9177273178611958,0.5019984713000041,10.541967897300085,2.0,0
EURUSD,H1@H4,static,M5,48,0.0,False,0.0,0.0,False,613,0.5024469820554649,12.490536443191928,2.367894646922222,1.0097879282218598,619.0,12.0,0
EURUSD,H1@H4,static,M5,48,0.0,True,0.0,0.0,False,501,0.5069860279441117,10.91945059085433,2.659589509037601,1.2342264742012277,618.3474635748163,11.459999999999525,0
EURUSD,H1@H4,static,M5,48,0.0,False,0.0,0.0,True,7,0.5714285714285714,1.5909902576697323,2.497283555382359,1.2857142857142858,9.0,2.0,0
EURUSD,H1@H4,static,M5,48,0.0,True,0.0,0.0,True,5,0.8,2.3233982216955353,4.287015417471966,1.844473644347462,9.22236822173731,1.0,0
EURUSD,H1@H4,static,M5,48,0.0,False,0.0,2.0,False,613,0.5024469820554649,12.490536443191928,2.367894646922222,1.0097879282218598,619.0,12.0,0
EURUSD,H1@H4,static,M5,48,0.0,True,0.0,2.0,False,501,0.5069860279441117,10.91945059085433,2.659589509037601,1.2342264742012277,618.3474635748163,11.459999999999525,0
EURUSD,H1@H4,static,M5,48,0.0,False,0.0,2.0,True,7,0.5714285714285714,1.5909902576697323,2.497283555382359,1.2857142857142858,9.0,2.0,0
EURUSD,H1@H4,static,M5,48,0.0,True,0.0,2.0,True,5,0.8,2.3233982216955353,4.287015417471966,1.844473644347462,9.22236822173731,1.0,0
EURUSD,H1@H4,static,M5,48,0.0,False,0.0,3.0,False,613,0.5024469820554649,12.490536443191928,2.367894646922222,1.0097879282218598,619.0,12.0,0
EURUSD,H1@H4,static,M5,48,0.0,True,0.0,3.0,False,501,0.5069860279441117,10.91945059085433,2.659589509037601,1.2342264742012277,618.3474635748163,11.459999999999525,0
EURUSD,H1@H4,static,M5,48,0.0,False,0.0,3.0,True,7,0.5714285714285714,1.5909902576697323,2.497283555382359,1.2857142857142858,9.0,2.0,0
EURUSD,H1@H4,static,M5,48,0.0,True,0.0,3.0,True,5,0.8,2.3233982216955353,4.287015417471966,1.844473644347462,9.22236822173731,1.0,0
EURUSD,H1@H4,static,M5,48,0.0,False,0.0,5.0,False,613,0.5024469820554649,12.490536443191928,2.367894646922222,1.0097879282218598,619.0,12.0,0
EURUSD,H1@H4,static,M5,48,0.0,True,0.0,5.0,False,501,0.5069860279441117,10.91945059085433,2.659589509037601,1.2342264742012277,618.3474635748163,11.459999999999525,0
EURUSD,H1@H4,static,M5,48,0.0,False,0.0,5.0,True,7,0.5714285714285714,1.5909902576697323,2.497283555382359,1.2857142857142858,9.0,2.0,0
EURUSD,H1@H4,static,M5,48,0.0,True,0.0,5.0,True,5,0.8,2.3233982216955353,4.287015417471966,1.844473644347462,9.22236822173731,1.0,0
EURUSD,H1@H4,static,M5,48,1.0,False,0.0,0.0,False,613,0.5024469820554649,9.037973612153056,1.8762379713809691,0.5817724995574827,356.6265422287367,13.056603773585039,0
EURUSD,H1@H4,static,M5,48,1.0,True,0.0,0.0,False,501,0.5069860279441117,8.56593721251735,2.1323433647840355,0.7520754205426697,376.7897856918778,13.287738778612379,0
EURUSD,H1@H4,static,M5,48,1.0,False,0.0,0.0,True,7,0.5714285714285714,1.2153997292935614,1.9583146079555618,0.7681803059359644,5.377262141551751,2.0,0
EURUSD,H1@H4,static,M5,48,1.0,True,0.0,0.0,True,5,0.8,1.8853697903683175,3.47824430666956,1.2124360476617693,6.062180238308846,1.0,0
EURUSD,H1@H4,static,M5,48,1.0,False,0.0,2.0,False,613,0.5040783034257749,9.230479961580393,1.8907688883312843,0.595972278071223,365.33100645765967,13.056603773585039,0
EURUSD,H1@H4,static,M5,48,1.0,True,0.0,2.0,False,500,0.508,8.635528019150717,2.141779630226139,0.7567899364009636,378.39496820048197,13.287738778612379,0
EURUSD,H1@H4,static,M5,48,1.0,False,0.0,2.0,True,7,0.5714285714285714,1.2301317390427762,1.9849494242484147,0.7810089618698688,5.467062733089081,2.0,0
EURUSD,H1@H4,static,M5,48,1.0,True,0.0,2.0,True,5,0.8,1.9100306295724847,3.5170416026902416,1.2263551393500554,6.131775696750277,1.0,0
EURUSD,H1@H4,static,M5,48,1.0,False,0.0,3.0,False,605,0.4991735537190083,9.297727103873166,1.9285204510686447,0.6145625624354681,371.8103502734581,13.0,0
EURUSD,H1@H4,static,M5,48,1.0,True,0.0,3.0,False,491,0.5030549898167006,8.51810138688502,2.153032182413428,0.7504100126021549,368.451316187658,13.300636352736433,0
EURUSD,H1@H4,static,M5,48,1.0,False,0.0,3.0,True,7,0.5714285714285714,1.2794816242344598,2.125649724770376,0.8286280094889164,5.800396066422414,2.0,0
EURUSD,H1@H4,static,M5,48,1.0,True,0.0,3.0,True,5,0.8,1.9940248126970446,3.721991062432308,1.278021806016722,6.39010903008361,1.0,0
EURUSD,H1@H4,static,M5,48,1.0,False,0.0,5.0,False,578,0.47923875432525953,8.85870669200338,1.98671891893462,0.6253933410020284,361.47735109917136,12.000000000000057,0
EURUSD,H1@H4,static,M5,48,1.0,True,0.0,5.0,False,473,0.492600422832981,8.261225785319125,2.160374631712531,0.7186183844219728,339.90649583159274,14.384154761904597,0
EURUSD,H1@H4,static,M5,48,1.0,False,0.0,5.0,True,7,0.5714285714285714,1.3436703643403622,2.5190881361371833,0.9049768381042628,6.334837866729839,2.0,0
EURUSD,H1@H4,static,M5,48,1.0,True,0.0,5.0,True,5,0.8,2.095800568346444,4.457193812957305,1.321627137125948,6.60813568562974,1.0,0
EURUSD,H1@H4,static,M5,48,1.5,False,0.0,0.0,False,613,0.5024469820554649,7.414992282417176,1.6804418567469848,0.43742490168450404,268.1414647326009,16.987935060526638,0
EURUSD,H1@H4,static,M5,48,1.5,True,0.0,0.0,False,501,0.5069860279441117,7.398543133260933,1.9214821790085939,0.5908458509570816,296.0137713294978,13.926844536238349,0
EURUSD,H1@H4,static,M5,48,1.5,False,0.0,0.0,True,7,0.5714285714285714,1.036212666666111,1.7419667826948855,0.5951855094672283,4.166298566270598,2.0,0
EURUSD,H1@H4,static,M5,48,1.5,True,0.0,0.0,True,5,0.8,1.6923607525098567,3.1303033950923136,0.9988084485163851,4.9940422425819255,1.0,0
EURUSD,H1@H4,static,M5,48,1.5,False,0.0,2.0,False,605,0.4991735537190083,7.856149882462569,1.733690162884386,0.47693552858493826,288.5459947938873,15.383121990379124,0
EURUSD,H1@H4,static,M5,48,1.5,True,0.0,2.0,False,491,0.5030549898167006,7.458829236319582,1.946099246875022,0.6019305401269197,295.5478952023174,13.919749298143074,0
EURUSD,H1@H4,static,M5,48,1.5,False,0.0,2.0,True,7,0.5714285714285714,1.1247394013499992,1.8983035821749328,0.6636102511408187,4.645271757985731,2.0,0
EURUSD,H1@H4,static,M5,48,1.5,True,0.0,2.0,True,5,0.8,1.8333445108937543,3.362709324731148,1.0730492932322309,5.365246466161154,1.0,0
EURUSD,H1@H4,static,M5,48,1.5,False,0.0,3.0,False,587,0.4906303236797274,8.137236029049248,1.8247406974902995,0.5229723851695909,306.98479009454934,13.00000000000037,0
EURUSD,H1@H4,static,M5,48,1.5,True,0.0,3.0,False,479,0.49478079331941544,7.405398735910767,1.9645417383474026,0.5986096525774774,286.73402358461135,13.006428571428984,0
EURUSD,H1@H4,static,M5,48,1.5,False,0.0,3.0,True,7,0.5714285714285714,1.1891040348754371,2.1364938545419276,0.7255494806758735,5.078846364731115,2.0,0
EURUSD,H1@H4,static,M5,48,1.5,True,0.0,3.0,True,5,0.8,1.9276914252597026,3.770584596003355,1.1269484543160515,5.634742271580258,1.0,0
EURUSD,H1@H4,static,M5,48,1.5,False,0.0,5.0,False,511,0.436399217221135,6.2845258851581285,1.7252898506119936,0.46272335253243607,236.45163314407438,17.0,0
EURUSD,H1@H4,static,M5,48,1.5,True,0.0,5.0,False,445,0.47415730337078654,7.116525603615254,2.0067595983608846,0.5967119474086982,265.53681659687095,14.147904761905075,0
EURUSD,H1@H4,static,M5,48,1.5,False,0.0,5.0,True,6,0.5,0.8944271909997833,2.191576593365428,0.6666666666665022,3.9999999999990132,2.0,0
EURUSD,H1@H4,static,M5,48,1.5,True,0.0,5.0,True,5,0.6,1.00110572344958,2.5519459304348353,0.7198181785216871,3.599090892608435,2.0,0
EURUSD,H1@H4,static,M5,48,2.0,False,0.0,0.0,False,613,0.5024469820554649,5.85471116400517,1.5095242195446972,0.3197971535509616,196.03565512673956,21.0548494217731,0
EURUSD,H1@H4,static,M5,48,2.0,True,0.0,0.0,False,501,0.5069860279441117,6.255531002264104,1.736996108811989,0.4598434746303329,230.38158078979677,16.46342903295755,0
EURUSD,H1@H4,static,M5,48,2.0,False,0.0,0.0,True,7,0.5714285714285714,0.8626450068599237,1.5523044979030614,0.45500275369105914,3.185019275837414,2.0,0
EURUSD,H1@H4,static,M5,48,2.0,True,0.0,0.0,True,5,0.8,1.51148042106598,2.8133003861019397,0.8249848430303011,4.1249242151515055,1.0,0
EURUSD,H1@H4,static,M5,48,2.0,False,0.0,2.0,False,591,0.5008460236886633,7.152876960216047,1.6655267012597141,0.4200299288312386,248.2376879392613,13.333333333333343,0
EURUSD,H1@H4,static,M5,48,2.0,True,0.0,2.0,False,482,0.5020746887966805,6.608608003508647,1.8128914179692273,0.49694868496447586,239.52926615287703,13.329385753974549,0
EURUSD,H1@H4,static,M5,48,2.0,False,0.0,2.0,True,7,0.5714285714285714,1.019632866759714,1.8223451187355657,0.564434106309436,3.951038744166052,2.0,0
EURUSD,H1@H4,static,M5,48,2.0,True,0.0,2.0,True,5,0.8,1.7490875987821208,3.222099827919441,0.9437178606212399,4.718589303106199,1.0,0
EURUSD,H1@H4,static,M5,48,2.0,False,0.0,3.0,False,554,0.4602888086642599,6.2357921133326215,1.632265233892598,0.40354767185359725,223.56541020689295,12.0,0
EURUSD,H1@H4,static,M5,48,2.0,True,0.0,3.0,False,467,0.47751605995717344,6.230679881984434,1.7792685328319402,0.47617067546511566,222.37170544220862,15.263116071428442,0
EURUSD,H1@H4,static,M5,48,2.0,False,0.0,3.0,True,7,0.5714285714285714,1.1785113019775795,2.3489317079564636,0.7142857142857143,5.0,2.0,0
EURUSD,H1@H4,static,M5,48,2.0,True,0.0,3.0,True,5,0.8,1.9281458905603517,4.449574166203697,1.051045450837117,5.255227254185585,1.0,0
EURUSD,H1@H4,static,M5,48,2.0,False,0.0,5.0,False,435,0.3793103448275862,3.4384518980791556,1.3960489153448161,0.26769035034607164,116.4453024005407,20.000000000000014,0
EURUSD,H1@H4,static,M5,48,2.0,True,0.0,5.0,False,416,0.4423076923076923,5.431791552972146,1.7453955112433936,0.44622538207772156,185.62975894433225,12.856324333300222,0
EURUSD,H1@H4,static,M5,48,2.0,False,0.0,5.0,True,5,0.2,-0.49999999999999994,0.5833333333333334,-0.3333333333333333,-1.6666666666666665,2.0,0
EURUSD,H1@H4,static,M5,48,2.0,True,0.0,5.0,True,5,0.4,0.22385080286723089,1.267828278707908,0.16069696722474475,0.8034848361237237,3.0,0
EURUSD,H1@H4,dynamic,M15,24,0.0,False,0.0,0.0,False,1039,0.32820019249278154,5.3655858200601765,1.457240705755131,0.31280076997112616,325.00000000000006,22.999999999999957,0
EURUSD,H1@H4,dynamic,M15,24,0.0,True,0.0,0.0,False,989,0.3609706774519717,6.3450914981388165,1.5904212920167147,0.39397051585799775,389.6368401835604,14.771990676564243,0
EURUSD,H1@H4,dynamic,M15,48,0.0,False,0.0,0.0,False,1109,0.327321911632101,5.485058737743337,1.4194682641783984,0.3092876465284041,343.00000000000017,22.99999999999983,0
EURUSD,H1@H4,dynamic,M15,48,0.0,True,0.0,0.0,False,1044,0.36973180076628354,6.861306435984885,1.66055868653538,0.41089686024053323,428.9763220911174,20.61243921070738,0
EURUSD,H1@H4,dynamic,M15,24,0.0,False,0.0,0.0,True,0,0.0,0.0,0.0,0.0,0.0,0.0,0
EURUSD,H1@H4,dynamic,M15,24,0.0,True,0.0,0.0,True,0,0.0,0.0,0.0,0.0,0.0,0.0,0
EURUSD,H1@H4,dynamic,M15,48,0.0,False,0.0,0.0,True,0,0.0,0.0,0.0,0.0,0.0,0.0,0
EURUSD,H1@H4,dynamic,M15,48,0.0,True,0.0,0.0,True,0,0.0,0.0,0.0,0.0,0.0,0.0,0
EURUSD,H1@H4,dynamic,M15,24,0.0,False,0.0,2.0,False,1039,0.32820019249278154,5.3655858200601765,1.457240705755131,0.31280076997112616,325.00000000000006,22.999999999999957,0
EURUSD,H1@H4,dynamic,M15,24,0.0,True,0.0,2.0,False,989,0.3609706774519717,6.3450914981388165,1.5904212920167147,0.39397051585799775,389.6368401835604,14.771990676564243,0
EURUSD,H1@H4,dynamic,M15,48,0.0,False,0.0,2.0,False,1109,0.327321911632101,5.485058737743337,1.4194682641783984,0.3092876465284041,343.00000000000017,22.99999999999983,0
EURUSD,H1@H4,dynamic,M15,48,0.0,True,0.0,2.0,False,1044,0.36973180076628354,6.861306435984885,1.66055868653538,0.41089686024053323,428.9763220911174,20.61243921070738,0
EURUSD,H1@H4,dynamic,M15,24,0.0,False,0.0,2.0,True,0,0.0,0.0,0.0,0.0,0.0,0.0,0
EURUSD,H1@H4,dynamic,M15,24,0.0,True,0.0,2.0,True,0,0.0,0.0,0.0,0.0,0.0,0.0,0
EURUSD,H1@H4,dynamic,M15,48,0.0,False,0.0,2.0,True,0,0.0,0.0,0.0,0.0,0.0,0.0,0
EURUSD,H1@H4,dynamic,M15,48,0.0,True,0.0,2.0,True,0,0.0,0.0,0.0,0.0,0.0,0.0,0
EURUSD,H1@H4,dynamic,M15,24,0.0,False,0.0,3.0,False,1039,0.32820019249278154,5.3655858200601765,1.457240705755131,0.31280076997112616,325.00000000000006,22.999999999999957,0
EURUSD,H1@H4,dynamic,M15,24,0.0,True,0.0,3.0,False,989,0.3609706774519717,6.3450914981388165,1.5904212920167147,0.39397051585799775,389.6368401835604,14.771990676564243,0
EURUSD,H1@H4,dynamic,M15,48,0.0,False,0.0,3.0,False,1109,0.327321911632101,5.485058737743337,1.4194682641783984,0.3092876465284041,343.00000000000017,22.99999999999983,0
EURUSD,H1@H4,dynamic,M15,48,0.0,True,0.0,3.0,False,1044,0.36973180076628354,6.861306435984885,1.66055868653538,0.41089686024053323,428.9763220911174,20.61243921070738,0
EURUSD,H1@H4,dynamic,M15,24,0.0,False,0.0,3.0,True,0,0.0,0.0,0.0,0.0,0.0,0.0,0
EURUSD,H1@H4,dynamic,M15,24,0.0,True,0.0,3.0,True,0,0.0,0.0,0.0,0.0,0.0,0.0,0
EURUSD,H1@H4,dynamic,M15,48,0.0,False,0.0,3.0,True,0,0.0,0.0,0.0,0.0,0.0,0.0,0
EURUSD,H1@H4,dynamic,M15,48,0.0,True,0.0,3.0,True,0,0.0,0.0,0.0,0.0,0.0,0.0,0
EURUSD,H1@H4,dynamic,M15,24,0.0,False,0.0,5.0,False,1039,0.32820019249278154,5.3655858200601765,1.457240705755131,0.31280076997112616,325.00000000000006,22.999999999999957,0
EURUSD,H1@H4,dynamic,M15,24,0.0,True,0.0,5.0,False,989,0.3609706774519717,6.3450914981388165,1.5904212920167147,0.39397051585799775,389.6368401835604,14.771990676564243,0
EURUSD,H1@H4,dynamic,M15,48,0.0,False,0.0,5.0,False,1109,0.327321911632101,5.485058737743337,1.4194682641783984,0.3092876465284041,343.00000000000017,22.99999999999983,0
EURUSD,H1@H4,dynamic,M15,48,0.0,True,0.0,5.0,False,1044,0.36973180076628354,6.861306435984885,1.66055868653538,0.41089686024053323,428.9763220911174,20.61243921070738,0
EURUSD,H1@H4,dynamic,M15,24,0.0,False,0.0,5.0,True,0,0.0,0.0,0.0,0.0,0.0,0.0,0
EURUSD,H1@H4,dynamic,M15,24,0.0,True,0.0,5.0,True,0,0.0,0.0,0.0,0.0,0.0,0.0,0
EURUSD,H1@H4,dynamic,M15,48,0.0,False,0.0,5.0,True,0,0.0,0.0,0.0,0.0,0.0,0.0,0
EURUSD,H1@H4,dynamic,M15,48,0.0,True,0.0,5.0,True,0,0.0,0.0,0.0,0.0,0.0,0.0,0
EURUSD,H1@H4,dynamic,M15,24,1.0,False,0.0,0.0,False,1039,0.32820019249278154,2.636571211805968,1.2594729235200435,0.13328250476628983,138.48052245217508,33.0052240891173,0
EURUSD,H1@H4,dynamic,M15,24,1.0,True,0.0,0.0,False,989,0.3609706774519717,3.8345587423550924,1.3666192322121065,0.20520674221765636,202.9494680532622,18.915782553009237,0
EURUSD,H1@H4,dynamic,M15,48,1.0,False,0.0,0.0,False,1109,0.327321911632101,2.6653317200189486,1.2251903994534,0.13030263719652707,144.50562465094845,28.72440680800195,0
EURUSD,H1@H4,dynamic,M15,48,1.0,True,0.0,0.0,False,1044,0.36973180076628354,4.3260848548421995,1.4278699032196962,0.22415602954751862,234.0188948476094,26.27961619392542,0
EURUSD,H1@H4,dynamic,M15,24,1.0,False,0.0,0.0,True,0,0.0,0.0,0.0,0.0,0.0,0.0,0
EURUSD,H1@H4,dynamic,M15,24,1.0,True,0.0,0.0,True,0,0.0,0.0,0.0,0.0,0.0,0.0,0
EURUSD,H1@H4,dynamic,M15,48,1.0,False,0.0,0.0,True,0,0.0,0.0,0.0,0.0,0.0,0.0,0
EURUSD,H1@H4,dynamic,M15,48,1.0,True,0.0,0.0,True,0,0.0,0.0,0.0,0.0,0.0,0.0,0
EURUSD,H1@H4,dynamic,M15,24,1.0,False,0.0,2.0,False,1039,0.32820019249278154,2.6418295107138214,1.259572409106195,0.13356977589111443,138.77899715086784,33.0052240891173,0
EURUSD,H1@H4,dynamic,M15,24,1.0,True,0.0,2.0,False,989,0.3609706774519717,3.833567739682073,1.3665137905822908,0.20514068066634178,202.88413317901205,18.915782553009237,0
EURUSD,H1@H4,dynamic,M15,48,1.0,False,0.0,2.0,False,1109,0.327321911632101,2.6704334882605556,1.2252992446722686,0.13057177578867565,144.8040993496412,28.72440680800195,0
EURUSD,H1@H4,dynamic,M15,48,1.0,True,0.0,2.0,False,1044,0.36973180076628354,4.325138148813849,1.4277508791368174,0.22409344825034416,233.95355997335932,26.27961619392542,0
EURUSD,H1@H4,dynamic,M15,24,1.0,False,0.0,2.0,True,0,0.0,0.0,0.0,0.0,0.0,0.0,0
EURUSD,H1@H4,dynamic,M15,24,1.0,True,0.0,2.0,True,0,0.0,0.0,0.0,0.0,0.0,0.0,0
EURUSD,H1@H4,dynamic,M15,48,1.0,False,0.0,2.0,True,0,0.0,0.0,0.0,0.0,0.0,0.0,0
EURUSD,H1@H4,dynamic,M15,48,1.0,True,0.0,2.0,True,0,0.0,0.0,0.0,0.0,0.0,0.0,0
EURUSD,H1@H4,dynamic,M15,24,1.0,False,0.0,3.0,False,1038,0.3285163776493256,2.7228988756022026,1.2622489774583672,0.13807755465245147,143.3245017292446,32.85296071463264,0
EURUSD,H1@H4,dynamic,M15,24,1.0,True,0.0,3.0,False,989,0.3619817997977755,3.9330868083510673,1.3676481255113826,0.21079103581672412,208.47233442274015,17.499907893601133,0
EURUSD,H1@H4,dynamic,M15,48,1.0,False,0.0,3.0,False,1108,0.3285198555956679,2.80518934588463,1.2296037641043704,0.1376027217790424,152.46381573117893,28.72440680800195,0
EURUSD,H1@H4,dynamic,M15,48,1.0,True,0.0,3.0,False,1041,0.37271853986551395,4.588701801125687,1.4374388747011992,0.24024490887628472,250.0949501402123,26.27961619392542,0
EURUSD,H1@H4,dynamic,M15,24,1.0,False,0.0,3.0,True,0,0.0,0.0,0.0,0.0,0.0,0.0,0
EURUSD,H1@H4,dynamic,M15,24,1.0,True,0.0,3.0,True,0,0.0,0.0,0.0,0.0,0.0,0.0,0
EURUSD,H1@H4,dynamic,M15,48,1.0,False,0.0,3.0,True,0,0.0,0.0,0.0,0.0,0.0,0.0,0
EURUSD,H1@H4,dynamic,M15,48,1.0,True,0.0,3.0,True,0,0.0,0.0,0.0,0.0,0.0,0.0,0
EURUSD,H1@H4,dynamic,M15,24,1.0,False,0.0,5.0,False,1025,0.32878048780487806,3.026252680613691,1.2812944957294046,0.15655103560483966,160.46481149496054,34.47615874228896,0
EURUSD,H1@H4,dynamic,M15,24,1.0,True,0.0,5.0,False,976,0.3668032786885246,4.407307642716867,1.3943932964598205,0.2392824910187716,233.53971123432126,18.224485095328987,0
EURUSD,H1@H4,dynamic,M15,48,1.0,False,0.0,5.0,False,1095,0.32968036529680367,3.1705120418362025,1.2528393056269487,0.15863232121923893,173.70239173506656,28.36407327115689,0
EURUSD,H1@H4,dynamic,M15,48,1.0,True,0.0,5.0,False,1030,0.3757281553398058,4.9412461952035205,1.457795488157783,0.26065076720209557,268.4702902181586,27.030969244933736,0
EURUSD,H1@H4,dynamic,M15,24,1.0,False,0.0,5.0,True,0,0.0,0.0,0.0,0.0,0.0,0.0,0
EURUSD,H1@H4,dynamic,M15,24,1.0,True,0.0,5.0,True,0,0.0,0.0,0.0,0.0,0.0,0.0,0
EURUSD,H1@H4,dynamic,M15,48,1.0,False,0.0,5.0,True,0,0.0,0.0,0.0,0.0,0.0,0.0,0
EURUSD,H1@H4,dynamic,M15,48,1.0,True,0.0,5.0,True,0,0.0,0.0,0.0,0.0,0.0,0.0,0
EURUSD,H1@H4,dynamic,M15,24,1.5,False,0.0,0.0,False,1039,0.32820019249278154,1.349388831436217,1.1749356840351357,0.06431228744181061,66.82046665204122,39.12189859978165,0
EURUSD,H1@H4,dynamic,M15,24,1.5,True,0.0,0.0,False,989,0.3609706774519717,2.627217142928039,1.2712873590095723,0.13218469521687043,130.73066356948485,22.03224119609341,0
EURUSD,H1@H4,dynamic,M15,48,1.5,False,0.0,0.0,False,1109,0.327321911632101,1.3321853006982536,1.1421827984799933,0.06138506674171636,68.07603901656348,35.10929883870644,0
EURUSD,H1@H4,dynamic,M15,48,1.5,True,0.0,0.0,False,1044,0.36973180076628354,3.1051147570414677,1.3287066202618365,0.15147558533385455,158.140511088544,28.5412323151365,0
EURUSD,H1@H4,dynamic,M15,24,1.5,False,0.0,0.0,True,0,0.0,0.0,0.0,0.0,0.0,0.0,0
EURUSD,H1@H4,dynamic,M15,24,1.5,True,0.0,0.0,True,0,0.0,0.0,0.0,0.0,0.0,0.0,0
EURUSD,H1@H4,dynamic,M15,48,1.5,False,0.0,0.0,True,0,0.0,0.0,0.0,0.0,0.0,0.0,0
EURUSD,H1@H4,dynamic,M15,48,1.5,True,0.0,0.0,True,0,0.0,0.0,0.0,0.0,0.0,0.0,0
EURUSD,H1@H4,dynamic,M15,24,1.5,False,0.0,2.0,False,1038,0.3285163776493256,1.4553524598801892,1.177818991988441,0.06959316714808932,72.23770749971673,38.94444056620954,0
EURUSD,H1@H4,dynamic,M15,24,1.5,True,0.0,2.0,False,989,0.3619817997977755,2.7355037799848736,1.2725721759927746,0.1378511406358263,136.33477808883217,20.623364766615772,0
EURUSD,H1@H4,dynamic,M15,48,1.5,False,0.0,2.0,False,1108,0.3285198555956679,1.489053722775818,1.1465784195883033,0.06885056507637694,76.2864261046257,34.47182321692655,0
EURUSD,H1@H4,dynamic,M15,48,1.5,True,0.0,2.0,False,1041,0.37271853986551395,3.383397188099346,1.3381401139683378,0.16664285181447433,173.47520873886756,28.541232315136508,0
EURUSD,H1@H4,dynamic,M15,24,1.5,False,0.0,2.0,True,0,0.0,0.0,0.0,0.0,0.0,0.0,0
EURUSD,H1@H4,dynamic,M15,24,1.5,True,0.0,2.0,True,0,0.0,0.0,0.0,0.0,0.0,0.0,0
EURUSD,H1@H4,dynamic,M15,48,1.5,False,0.0,2.0,True,0,0.0,0.0,0.0,0.0,0.0,0.0,0
EURUSD,H1@H4,dynamic,M15,48,1.5,True,0.0,2.0,True,0,0.0,0.0,0.0,0.0,0.0,0.0,0
EURUSD,H1@H4,dynamic,M15,24,1.5,False,0.0,3.0,False,1027,0.3281402142161636,1.7276778940366178,1.1888369307613058,0.08402166742841809,86.2902524489854,40.314741868033046,0
EURUSD,H1@H4,dynamic,M15,24,1.5,True,0.0,3.0,False,979,0.36465781409601633,3.1274998856770027,1.2894054386931457,0.15973066085869053,156.37631698065795,20.336914114789124,0
EURUSD,H1@H4,dynamic,M15,48,1.5,False,0.0,3.0,False,1098,0.32604735883424407,1.6293836907153592,1.1528289963212635,0.07644801115007982,83.93991624278776,34.986988202096605,0
EURUSD,H1@H4,dynamic,M15,48,1.5,True,0.0,3.0,False,1034,0.3723404255319149,3.556993709618183,1.3433960864157193,0.17637082548735303,182.3674335539228,28.86786159910641,0
EURUSD,H1@H4,dynamic,M15,24,1.5,False,0.0,3.0,True,0,0.0,0.0,0.0,0.0,0.0,0.0,0
EURUSD,H1@H4,dynamic,M15,24,1.5,True,0.0,3.0,True,0,0.0,0.0,0.0,0.0,0.0,0.0,0
EURUSD,H1@H4,dynamic,M15,48,1.5,False,0.0,3.0,True,0,0.0,0.0,0.0,0.0,0.0,0.0,0
EURUSD,H1@H4,dynamic,M15,48,1.5,True,0.0,3.0,True,0,0.0,0.0,0.0,0.0,0.0,0.0,0
EURUSD,H1@H4,dynamic,M15,24,1.5,False,0.0,5.0,False,989,0.32861476238624876,2.4850456248510246,1.2482322210588084,0.12758466067410584,126.18122940669033,33.08045863007503,0
EURUSD,H1@H4,dynamic,M15,24,1.5,True,0.0,5.0,False,937,0.37566702241195304,4.313715679006365,1.390761310266578,0.23069336682689048,216.15968471679653,20.812299208984278,0
EURUSD,H1@H4,dynamic,M15,48,1.5,False,0.0,5.0,False,1058,0.32986767485822305,2.6270223206521925,1.2260142399122074,0.13033541302640345,137.8948669819345,29.77780713297713,0
EURUSD,H1@H4,dynamic,M15,48,1.5,True,0.0,5.0,False,999,0.3813813813813814,4.6106477544597375,1.4330194318176295,0.23690682336760896,236.66991654424152,29.51045410180308,0
EURUSD,H1@H4,dynamic,M15,24,1.5,False,0.0,5.0,True,0,0.0,0.0,0.0,0.0,0.0,0.0,0
EURUSD,H1@H4,dynamic,M15,24,1.5,True,0.0,5.0,True,0,0.0,0.0,0.0,0.0,0.0,0.0,0
EURUSD,H1@H4,dynamic,M15,48,1.5,False,0.0,5.0,True,0,0.0,0.0,0.0,0.0,0.0,0.0,0
EURUSD,H1@H4,dynamic,M15,48,1.5,True,0.0,5.0,True,0,0.0,0.0,0.0,0.0,0.0,0.0,0
EURUSD,H1@H4,dynamic,M15,24,2.0,False,0.0,0.0,False,1039,0.32820019249278154,0.10432721574632116,1.098198012763314,0.004713995607892237,4.89784143660004,63.48747761552261,0
EURUSD,H1@H4,dynamic,M15,24,2.0,True,0.0,0.0,False,989,0.3609706774519717,1.4487121079054872,1.1849233722174457,0.06892531971571306,68.1671411988401,24.73750857686253,0
EURUSD,H1@H4,dynamic,M15,48,2.0,False,0.0,0.0,False,1109,0.327321911632101,0.04074355193490189,1.0668532541392974,0.001779238940486814,1.9731759849998949,51.04851589763382,0
EURUSD,H1@H4,dynamic,M15,48,2.0,True,0.0,0.0,False,1044,0.36973180076628354,1.9124785536749664,1.2388479178164808,0.08832299089363087,92.20920249295055,31.512350189296683,0
EURUSD,H1@H4,dynamic,M15,24,2.0,False,0.0,0.0,True,0,0.0,0.0,0.0,0.0,0.0,0.0,0
EURUSD,H1@H4,dynamic,M15,24,2.0,True,0.0,0.0,True,0,0.0,0.0,0.0,0.0,0.0,0.0,0
EURUSD,H1@H4,dynamic,M15,48,2.0,False,0.0,0.0,True,0,0.0,0.0,0.0,0.0,0.0,0.0,0
EURUSD,H1@H4,dynamic,M15,48,2.0,True,0.0,0.0,True,0,0.0,0.0,0.0,0.0,0.0,0.0,0
EURUSD,H1@H4,dynamic,M15,24,2.0,False,0.0,2.0,False,1033,0.33010648596321396,0.5422479636703889,1.1116612018323473,0.024844986342785945,25.66487089209789,51.487095166309274,0
EURUSD,H1@H4,dynamic,M15,24,2.0,True,0.0,2.0,False,982,0.3665987780040733,1.9326574889067083,1.2003707101159953,0.09279870367216436,91.12832700606535,22.30444146240726,0
EURUSD,H1@H4,dynamic,M15,48,2.0,False,0.0,2.0,False,1103,0.329102447869447,0.47164987958200844,1.0801672534124416,0.020872130339056324,23.021959763979126,43.899783442505694,0
EURUSD,H1@H4,dynamic,M15,48,2.0,True,0.0,2.0,False,1035,0.37584541062801935,2.510723939915082,1.2594871270591474,0.11777764835572023,121.89986604817045,30.6148765127347,0
EURUSD,H1@H4,dynamic,M15,24,2.0,False,0.0,2.0,True,0,0.0,0.0,0.0,0.0,0.0,0.0,0
EURUSD,H1@H4,dynamic,M15,24,2.0,True,0.0,2.0,True,0,0.0,0.0,0.0,0.0,0.0,0.0,0
EURUSD,H1@H4,dynamic,M15,48,2.0,False,0.0,2.0,True,0,0.0,0.0,0.0,0.0,0.0,0.0,0
EURUSD,H1@H4,dynamic,M15,48,2.0,True,0.0,2.0,True,0,0.0,0.0,0.0,0.0,0.0,0.0,0
EURUSD,H1@H4,dynamic,M15,24,2.0,False,0.0,3.0,False,1013,0.32773938795656465,1.0319538450826484,1.1381152656116822,0.048922374090262274,49.5583649534357,44.652450645594016,0
EURUSD,H1@H4,dynamic,M15,24,2.0,True,0.0,3.0,False,957,0.36886102403343785,2.628688584491508,1.2411076768998308,0.1305280269172952,124.91532175985161,22.58046029529308,0
EURUSD,H1@H4,dynamic,M15,48,2.0,False,0.0,3.0,False,1083,0.32779316712834716,1.0395760615762462,1.11101618240986,0.04758752132271205,51.537285592497156,38.67337201887882,0
EURUSD,H1@H4,dynamic,M15,48,2.0,True,0.0,3.0,False,1020,0.3764705882352941,3.005994145099799,1.289046505453861,0.1436792651996071,146.5528505035994,31.01101988155669,0
EURUSD,H1@H4,dynamic,M15,24,2.0,False,0.0,3.0,True,0,0.0,0.0,0.0,0.0,0.0,0.0,0
EURUSD,H1@H4,dynamic,M15,24,2.0,True,0.0,3.0,True,0,0.0,0.0,0.0,0.0,0.0,0.0,0
EURUSD,H1@H4,dynamic,M15,48,2.0,False,0.0,3.0,True,0,0.0,0.0,0.0,0.0,0.0,0.0,0
EURUSD,H1@H4,dynamic,M15,48,2.0,True,0.0,3.0,True,0,0.0,0.0,0.0,0.0,0.0,0.0,0
EURUSD,H1@H4,dynamic,M15,24,2.0,False,0.0,5.0,False,932,0.31223175965665234,1.1578318069808435,1.1474817440939744,0.05973296563021669,55.67112396736207,33.06048459088216,0
EURUSD,H1@H4,dynamic,M15,24,2.0,True,0.0,5.0,False,903,0.37763012181616834,3.8707234009385334,1.3435083764023334,0.20353892961279899,183.7956534403577,20.84140890681946,0
EURUSD,H1@H4,dynamic,M15,48,2.0,False,0.0,5.0,False,992,0.3074596774193548,0.8531942633743138,1.1039403931950502,0.04243452142570753,42.095045254301866,32.20606410535222,0
EURUSD,H1@H4,dynamic,M15,48,2.0,True,0.0,5.0,False,958,0.3778705636743215,3.7907832945742994,1.3439052741777422,0.19138007216195133,183.3421091311496,28.01449801470456,0
EURUSD,H1@H4,dynamic,M15,24,2.0,False,0.0,5.0,True,0,0.0,0.0,0.0,0.0,0.0,0.0,0
EURUSD,H1@H4,dynamic,M15,24,2.0,True,0.0,5.0,True,0,0.0,0.0,0.0,0.0,0.0,0.0,0
EURUSD,H1@H4,dynamic,M15,48,2.0,False,0.0,5.0,True,0,0.0,0.0,0.0,0.0,0.0,0.0,0
EURUSD,H1@H4,dynamic,M15,48,2.0,True,0.0,5.0,True,0,0.0,0.0,0.0,0.0,0.0,0.0,0
EURUSD,H1@H4,dynamic,M5,24,0.0,False,0.0,0.0,False,451,0.35920177383592017,4.828431372549021,1.425049362289828,0.43680709534368073,197.0,14.0,0
EURUSD,H1@H4,dynamic,M5,24,0.0,True,0.0,0.0,False,413,0.36803874092009686,4.48242223720215,1.5136741298751355,0.4703487658239921,194.25404028530852,13.059951663735148,0
EURUSD,H1@H4,dynamic,M5,48,0.0,False,0.0,0.0,False,482,0.36099585062240663,5.068463669225974,1.4097075814842124,0.44398340248962653,214.0,14.0,0
EURUSD,H1@H4,dynamic,M5,48,0.0,True,0.0,0.0,False,448,0.36607142857142855,4.547791791933147,1.5356896336674526,0.48016496273565334,215.1139033055724,13.0,0
EURUSD,H1@H4,dynamic,M5,24,0.0,False,0.0,0.0,True,0,0.0,0.0,0.0,0.0,0.0,0.0,0
EURUSD,H1@H4,dynamic,M5,24,0.0,True,0.0,0.0,True,0,0.0,0.0,0.0,0.0,0.0,0.0,0
EURUSD,H1@H4,dynamic,M5,48,0.0,False,0.0,0.0,True,0,0.0,0.0,0.0,0.0,0.0,0.0,0
EURUSD,H1@H4,dynamic,M5,48,0.0,True,0.0,0.0,True,0,0.0,0.0,0.0,0.0,0.0,0.0,0
EURUSD,H1@H4,dynamic,M5,24,0.0,False,0.0,2.0,False,451,0.35920177383592017,4.828431372549021,1.425049362289828,0.43680709534368073,197.0,14.0,0
EURUSD,H1@H4,dynamic,M5,24,0.0,True,0.0,2.0,False,413,0.36803874092009686,4.48242223720215,1.5136741298751355,0.4703487658239921,194.25404028530852,13.059951663735148,0
EURUSD,H1@H4,dynamic,M5,48,0.0,False,0.0,2.0,False,482,0.36099585062240663,5.068463669225974,1.4097075814842124,0.44398340248962653,214.0,14.0,0
EURUSD,H1@H4,dynamic,M5,48,0.0,True,0.0,2.0,False,448,0.36607142857142855,4.547791791933147,1.5356896336674526,0.48016496273565334,215.1139033055724,13.0,0
EURUSD,H1@H4,dynamic,M5,24,0.0,False,0.0,2.0,True,0,0.0,0.0,0.0,0.0,0.0,0.0,0
EURUSD,H1@H4,dynamic,M5,24,0.0,True,0.0,2.0,True,0,0.0,0.0,0.0,0.0,0.0,0.0,0
EURUSD,H1@H4,dynamic,M5,48,0.0,False,0.0,2.0,True,0,0.0,0.0,0.0,0.0,0.0,0.0,0
EURUSD,H1@H4,dynamic,M5,48,0.0,True,0.0,2.0,True,0,0.0,0.0,0.0,0.0,0.0,0.0,0
EURUSD,H1@H4,dynamic,M5,24,0.0,False,0.0,3.0,False,451,0.35920177383592017,4.828431372549021,1.425049362289828,0.43680709534368073,197.0,14.0,0
EURUSD,H1@H4,dynamic,M5,24,0.0,True,0.0,3.0,False,413,0.36803874092009686,4.48242223720215,1.5136741298751355,0.4703487658239921,194.25404028530852,13.059951663735148,0
EURUSD,H1@H4,dynamic,M5,48,0.0,False,0.0,3.0,False,482,0.36099585062240663,5.068463669225974,1.4097075814842124,0.44398340248962653,214.0,14.0,0
EURUSD,H1@H4,dynamic,M5,48,0.0,True,0.0,3.0,False,448,0.36607142857142855,4.547791791933147,1.5356896336674526,0.48016496273565334,215.1139033055724,13.0,0
EURUSD,H1@H4,dynamic,M5,24,0.0,False,0.0,3.0,True,0,0.0,0.0,0.0,0.0,0.0,0.0,0
EURUSD,H1@H4,dynamic,M5,24,0.0,True,0.0,3.0,True,0,0.0,0.0,0.0,0.0,0.0,0.0,0
EURUSD,H1@H4,dynamic,M5,48,0.0,False,0.0,3.0,True,0,0.0,0.0,0.0,0.0,0.0,0.0,0
EURUSD,H1@H4,dynamic,M5,48,0.0,True,0.0,3.0,True,0,0.0,0.0,0.0,0.0,0.0,0.0,0
EURUSD,H1@H4,dynamic,M5,24,0.0,False,0.0,5.0,False,451,0.35920177383592017,4.828431372549021,1.425049362289828,0.43680709534368073,197.0,14.0,0
EURUSD,H1@H4,dynamic,M5,24,0.0,True,0.0,5.0,False,413,0.36803874092009686,4.48242223720215,1.5136741298751355,0.4703487658239921,194.25404028530852,13.059951663735148,0
EURUSD,H1@H4,dynamic,M5,48,0.0,False,0.0,5.0,False,482,0.36099585062240663,5.068463669225974,1.4097075814842124,0.44398340248962653,214.0,14.0,0
EURUSD,H1@H4,dynamic,M5,48,0.0,True,0.0,5.0,False,448,0.36607142857142855,4.547791791933147,1.5356896336674526,0.48016496273565334,215.1139033055724,13.0,0
EURUSD,H1@H4,dynamic,M5,24,0.0,False,0.0,5.0,True,0,0.0,0.0,0.0,0.0,0.0,0.0,0
EURUSD,H1@H4,dynamic,M5,24,0.0,True,0.0,5.0,True,0,0.0,0.0,0.0,0.0,0.0,0.0,0
EURUSD,H1@H4,dynamic,M5,48,0.0,False,0.0,5.0,True,0,0.0,0.0,0.0,0.0,0.0,0.0,0
EURUSD,H1@H4,dynamic,M5,48,0.0,True,0.0,5.0,True,0,0.0,0.0,0.0,0.0,0.0,0.0,0
EURUSD,H1@H4,dynamic,M5,24,1.0,False,0.0,0.0,False,451,0.35920177383592017,1.8255692194919064,1.113890107768667,0.13108959347848562,59.12140665879704,17.464645393563615,0
EURUSD,H1@H4,dynamic,M5,24,1.0,True,0.0,0.0,False,413,0.36803874092009686,1.9709369614510934,1.1813086684920262,0.16405316957579938,67.75395903480515,15.415723570072359,0
EURUSD,H1@H4,dynamic,M5,48,1.0,False,0.0,0.0,False,482,0.36099585062240663,2.033788911221724,1.1035390613014897,0.14189988066621947,68.3957424811178,18.529581742766883,0
EURUSD,H1@H4,dynamic,M5,48,1.0,True,0.0,0.0,False,448,0.36607142857142855,2.086783515938491,1.1974674798277836,0.17278965985134662,77.40976761340332,18.006681535001846,0
EURUSD,H1@H4,dynamic,M5,24,1.0,False,0.0,0.0,True,0,0.0,0.0,0.0,0.0,0.0,0.0,0
EURUSD,H1@H4,dynamic,M5,24,1.0,True,0.0,0.0,True,0,0.0,0.0,0.0,0.0,0.0,0.0,0
EURUSD,H1@H4,dynamic,M5,48,1.0,False,0.0,0.0,True,0,0.0,0.0,0.0,0.0,0.0,0.0,0
EURUSD,H1@H4,dynamic,M5,48,1.0,True,0.0,0.0,True,0,0.0,0.0,0.0,0.0,0.0,0.0,0
EURUSD,H1@H4,dynamic,M5,24,1.0,False,0.0,2.0,False,451,0.35698447893569846,1.8101240908661376,1.111792905393259,0.13031371098773578,58.77148365546884,17.314390826958604,0
EURUSD,H1@H4,dynamic,M5,24,1.0,True,0.0,2.0,False,413,0.36561743341404357,1.935961157313357,1.1752095662767932,0.16127142548649365,66.60509872592188,15.415723570072359,0
EURUSD,H1@H4,dynamic,M5,48,1.0,False,0.0,2.0,False,482,0.36099585062240663,2.0854100809932863,1.1041612685707087,0.14583517043315783,70.29255214878211,18.485740332616448,0
EURUSD,H1@H4,dynamic,M5,48,1.0,True,0.0,2.0,False,448,0.36607142857142855,2.1016045363797504,1.1945905057231534,0.1738400501686031,77.88034247553422,18.006681535001846,0
EURUSD,H1@H4,dynamic,M5,24,1.0,False,0.0,2.0,True,0,0.0,0.0,0.0,0.0,0.0,0.0,0
EURUSD,H1@H4,dynamic,M5,24,1.0,True,0.0,2.0,True,0,0.0,0.0,0.0,0.0,0.0,0.0,0
EURUSD,H1@H4,dynamic,M5,48,1.0,False,0.0,2.0,True,0,0.0,0.0,0.0,0.0,0.0,0.0,0
EURUSD,H1@H4,dynamic,M5,48,1.0,True,0.0,2.0,True,0,0.0,0.0,0.0,0.0,0.0,0.0,0
EURUSD,H1@H4,dynamic,M5,24,1.0,False,0.0,3.0,False,451,0.34146341463414637,1.4561455571159894,1.0885666648344632,0.1057588093382785,47.69722301156362,18.364929500793522,0
EURUSD,H1@H4,dynamic,M5,24,1.0,True,0.0,3.0,False,412,0.35436893203883496,1.700475568673796,1.1542613479069854,0.14144970644436003,58.27727905507636,17.52173613309992,0
EURUSD,H1@H4,dynamic,M5,48,1.0,False,0.0,3.0,False,482,0.34854771784232363,1.8113669442167826,1.0872248262361268,0.12773530454343532,61.56841678993587,18.152406999283116,0
EURUSD,H1@H4,dynamic,M5,48,1.0,True,0.0,3.0,False,447,0.3579418344519016,1.9176752185684773,1.178720147154511,0.15692268270773738,70.14443917035865,19.365703096888154,0
EURUSD,H1@H4,dynamic,M5,24,1.0,False,0.0,3.0,True,0,0.0,0.0,0.0,0.0,0.0,0.0,0
EURUSD,H1@H4,dynamic,M5,24,1.0,True,0.0,3.0,True,0,0.0,0.0,0.0,0.0,0.0,0.0,0
EURUSD,H1@H4,dynamic,M5,48,1.0,False,0.0,3.0,True,0,0.0,0.0,0.0,0.0,0.0,0.0,0
EURUSD,H1@H4,dynamic,M5,48,1.0,True,0.0,3.0,True,0,0.0,0.0,0.0,0.0,0.0,0.0,0
EURUSD,H1@H4,dynamic,M5,24,1.0,False,0.0,5.0,False,441,0.3219954648526077,1.2117023088138967,1.0738970998148927,0.09155971892099354,40.377836044158244,25.777410113997462,0
EURUSD,H1@H4,dynamic,M5,24,1.0,True,0.0,5.0,False,405,0.34814814814814815,1.717747784146593,1.1528757220947847,0.14249822805228254,57.71178236117445,19.215038815562806,0
EURUSD,H1@H4,dynamic,M5,48,1.0,False,0.0,5.0,False,472,0.336864406779661,1.897896699075619,1.1118198469269196,0.13995241301878233,66.05753894486513,21.892226009704473,0
EURUSD,H1@H4,dynamic,M5,48,1.0,True,0.0,5.0,False,439,0.357630979498861,2.2195909096481756,1.2096179072239712,0.18106366619695466,79.4869494604631,21.215038815562806,0
EURUSD,H1@H4,dynamic,M5,24,1.0,False,0.0,5.0,True,0,0.0,0.0,0.0,0.0,0.0,0.0,0
EURUSD,H1@H4,dynamic,M5,24,1.0,True,0.0,5.0,True,0,0.0,0.0,0.0,0.0,0.0,0.0,0
EURUSD,H1@H4,dynamic,M5,48,1.0,False,0.0,5.0,True,0,0.0,0.0,0.0,0.0,0.0,0.0,0
EURUSD,H1@H4,dynamic,M5,48,1.0,True,0.0,5.0,True,0,0.0,0.0,0.0,0.0,0.0,0.0,0
EURUSD,H1@H4,dynamic,M5,24,1.5,False,0.0,0.0,False,451,0.35920177383592017,0.419122583426664,0.9922240105745694,0.02751192165717781,12.407876667387185,23.52730364579537,0
EURUSD,H1@H4,dynamic,M5,24,1.5,True,0.0,0.0,False,413,0.36803874092009686,0.7774039189290738,1.051749099132449,0.05905920322841134,24.391450933333914,19.83830704310714,0
EURUSD,H1@H4,dynamic,M5,48,1.5,False,0.0,0.0,False,482,0.36099585062240663,0.600973004591125,0.9834968104301595,0.03833698634408643,18.47842741784966,22.405088601255233,0
EURUSD,H1@H4,dynamic,M5,48,1.5,True,0.0,0.0,False,448,0.36607142857142855,0.8912973016972399,1.0659487290575214,0.06712792935158643,30.073312349510715,22.361584665564177,0
EURUSD,H1@H4,dynamic,M5,24,1.5,False,0.0,0.0,True,0,0.0,0.0,0.0,0.0,0.0,0.0,0
EURUSD,H1@H4,dynamic,M5,24,1.5,True,0.0,0.0,True,0,0.0,0.0,0.0,0.0,0.0,0.0,0
EURUSD,H1@H4,dynamic,M5,48,1.5,False,0.0,0.0,True,0,0.0,0.0,0.0,0.0,0.0,0.0,0
EURUSD,H1@H4,dynamic,M5,48,1.5,True,0.0,0.0,True,0,0.0,0.0,0.0,0.0,0.0,0.0,0
EURUSD,H1@H4,dynamic,M5,24,1.5,False,0.0,2.0,False,451,0.34146341463414637,0.17845515943687004,0.9737572830205651,0.011896777546136534,5.365446673307586,30.06903347221111,0
EURUSD,H1@H4,dynamic,M5,24,1.5,True,0.0,2.0,False,412,0.35436893203883496,0.5932101902616226,1.0315822159603325,0.0452476522596143,18.642032730961105,21.570502404578992,0
EURUSD,H1@H4,dynamic,M5,48,1.5,False,0.0,2.0,False,482,0.34854771784232363,0.4873277839178942,0.9725419819025103,0.0315231101516041,15.19413909307319,25.67636424331895,0
EURUSD,H1@H4,dynamic,M5,48,1.5,True,0.0,2.0,False,447,0.3579418344519016,0.7887155465213825,1.0529005636490751,0.05910405745529252,26.419513682515777,23.654749458999895,0
EURUSD,H1@H4,dynamic,M5,24,1.5,False,0.0,2.0,True,0,0.0,0.0,0.0,0.0,0.0,0.0,0
EURUSD,H1@H4,dynamic,M5,24,1.5,True,0.0,2.0,True,0,0.0,0.0,0.0,0.0,0.0,0.0,0
EURUSD,H1@H4,dynamic,M5,48,1.5,False,0.0,2.0,True,0,0.0,0.0,0.0,0.0,0.0,0.0,0
EURUSD,H1@H4,dynamic,M5,48,1.5,True,0.0,2.0,True,0,0.0,0.0,0.0,0.0,0.0,0.0,0
EURUSD,H1@H4,dynamic,M5,24,1.5,False,0.0,3.0,False,442,0.33710407239819007,0.6501451748615585,1.0102426784933423,0.04548113119227537,20.102659986985746,30.783864975323304,0
EURUSD,H1@H4,dynamic,M5,24,1.5,True,0.0,3.0,False,406,0.35714285714285715,1.028312201642316,1.066108153963047,0.07953229467361754,32.29011163748867,20.159105717860584,0
EURUSD,H1@H4,dynamic,M5,48,1.5,False,0.0,3.0,False,473,0.34460887949260044,0.9839816983550669,1.015612768931228,0.06675046544875331,31.572970157260343,24.68973016086416,0
EURUSD,H1@H4,dynamic,M5,48,1.5,True,0.0,3.0,False,442,0.36199095022624433,1.3163582127711861,1.0972197803200567,0.09950610226648973,43.98169720178837,20.256246010586274,0
EURUSD,H1@H4,dynamic,M5,24,1.5,False,0.0,3.0,True,0,0.0,0.0,0.0,0.0,0.0,0.0,0
EURUSD,H1@H4,dynamic,M5,24,1.5,True,0.0,3.0,True,0,0.0,0.0,0.0,0.0,0.0,0.0,0
EURUSD,H1@H4,dynamic,M5,48,1.5,False,0.0,3.0,True,0,0.0,0.0,0.0,0.0,0.0,0.0,0
EURUSD,H1@H4,dynamic,M5,48,1.5,True,0.0,3.0,True,0,0.0,0.0,0.0,0.0,0.0,0.0,0
EURUSD,H1@H4,dynamic,M5,24,1.5,False,0.0,5.0,False,407,0.29238329238329236,-0.2615285458430352,0.9487299781255392,-0.019797026272093104,-8.057389692741857,34.070835420477266,0
EURUSD,H1@H4,dynamic,M5,24,1.5,True,0.0,5.0,False,381,0.32545931758530183,0.5123210262112821,1.0287263764207093,0.04095118869785849,15.602402893884097,23.66372424474023,0
EURUSD,H1@H4,dynamic,M5,48,1.5,False,0.0,5.0,False,436,0.29357798165137616,-0.23029985449531845,0.9392294452570114,-0.01684303343165925,-7.343562576203423,24.333333333334977,0
EURUSD,H1@H4,dynamic,M5,48,1.5,True,0.0,5.0,False,408,0.3235294117647059,0.5362079234805176,1.0382902077969174,0.0417912043300066,17.050811366642698,26.74981769970043,0
EURUSD,H1@H4,dynamic,M5,24,1.5,False,0.0,5.0,True,0,0.0,0.0,0.0,0.0,0.0,0.0,0
EURUSD,H1@H4,dynamic,M5,24,1.5,True,0.0,5.0,True,0,0.0,0.0,0.0,0.0,0.0,0.0,0
EURUSD,H1@H4,dynamic,M5,48,1.5,False,0.0,5.0,True,0,0.0,0.0,0.0,0.0,0.0,0.0,0
EURUSD,H1@H4,dynamic,M5,48,1.5,True,0.0,5.0,True,0,0.0,0.0,0.0,0.0,0.0,0.0,0
EURUSD,H1@H4,dynamic,M5,24,2.0,False,0.0,0.0,False,451,0.35920177383592017,-0.9389886547150776,0.887040913353155,-0.056932317837822155,-25.676475344857785,35.520163270364876,0
EURUSD,H1@H4,dynamic,M5,24,2.0,True,0.0,0.0,False,413,0.36803874092009686,-0.3837577237417282,0.9399217233244096,-0.026883546195138303,-11.10290457859212,25.782905745151744,0
EURUSD,H1@H4,dynamic,M5,48,2.0,False,0.0,0.0,False,482,0.36099585062240663,-0.7885058210024052,0.8795686328534136,-0.04645080260136197,-22.38928685385647,30.360746874482736,0
EURUSD,H1@H4,dynamic,M5,48,2.0,True,0.0,0.0,False,448,0.36607142857142855,-0.2806994529081831,0.9525759276237301,-0.019442699303373084,-8.710329287911144,27.729186927169444,0
EURUSD,H1@H4,dynamic,M5,24,2.0,False,0.0,0.0,True,0,0.0,0.0,0.0,0.0,0.0,0.0,0
EURUSD,H1@H4,dynamic,M5,24,2.0,True,0.0,0.0,True,0,0.0,0.0,0.0,0.0,0.0,0.0,0
EURUSD,H1@H4,dynamic,M5,48,2.0,False,0.0,0.0,True,0,0.0,0.0,0.0,0.0,0.0,0.0,0
EURUSD,H1@H4,dynamic,M5,48,2.0,True,0.0,0.0,True,0,0.0,0.0,0.0,0.0,0.0,0.0,0
EURUSD,H1@H4,dynamic,M5,24,2.0,False,0.0,2.0,False,446,0.33856502242152464,-0.6294608255614997,0.9006461238679266,-0.04021865144788642,-17.93751854575734,43.408610356364925,0
EURUSD,H1@H4,dynamic,M5,24,2.0,True,0.0,2.0,False,408,0.35784313725490197,-0.02704597813911476,0.9569597340464137,-0.001944524201871503,-0.7933658743635768,29.533111191064762,0
EURUSD,H1@H4,dynamic,M5,48,2.0,False,0.0,2.0,False,476,0.3487394957983193,-0.2276496633573045,0.9117453577222543,-0.014133122423489618,-6.727366273581067,33.91493103340618,0
EURUSD,H1@H4,dynamic,M5,48,2.0,True,0.0,2.0,False,442,0.36425339366515835,0.2955226736149134,0.9898037851639301,0.02085231980944765,9.216725355775868,28.53082648247038,0
EURUSD,H1@H4,dynamic,M5,24,2.0,False,0.0,2.0,True,0,0.0,0.0,0.0,0.0,0.0,0.0,0
EURUSD,H1@H4,dynamic,M5,24,2.0,True,0.0,2.0,True,0,0.0,0.0,0.0,0.0,0.0,0.0,0
EURUSD,H1@H4,dynamic,M5,48,2.0,False,0.0,2.0,True,0,0.0,0.0,0.0,0.0,0.0,0.0,0
EURUSD,H1@H4,dynamic,M5,48,2.0,True,0.0,2.0,True,0,0.0,0.0,0.0,0.0,0.0,0.0,0
EURUSD,H1@H4,dynamic,M5,24,2.0,False,0.0,3.0,False,431,0.3062645011600928,-0.968596852360774,0.8784812681540329,-0.06574907284456404,-28.337850396007106,42.59647421279526,0
EURUSD,H1@H4,dynamic,M5,24,2.0,True,0.0,3.0,False,396,0.33585858585858586,-0.17294546367240898,0.9482186711001123,-0.012727095671056536,-5.039929885738402,28.866729580963806,0
EURUSD,H1@H4,dynamic,M5,48,2.0,False,0.0,3.0,False,461,0.31453362255965295,-0.6466492414819284,0.8921068534674426,-0.04264858413961353,-19.66099728836185,37.60124260281519,0
EURUSD,H1@H4,dynamic,M5,48,2.0,True,0.0,3.0,False,430,0.3395348837209302,0.07689641592025159,0.9798536062826592,0.005523178769189936,2.3749668707516536,31.17565152721461,0
EURUSD,H1@H4,dynamic,M5,24,2.0,False,0.0,3.0,True,0,0.0,0.0,0.0,0.0,0.0,0.0,0
EURUSD,H1@H4,dynamic,M5,24,2.0,True,0.0,3.0,True,0,0.0,0.0,0.0,0.0,0.0,0.0,0
EURUSD,H1@H4,dynamic,M5,48,2.0,False,0.0,3.0,True,0,0.0,0.0,0.0,0.0,0.0,0.0,0
EURUSD,H1@H4,dynamic,M5,48,2.0,True,0.0,3.0,True,0,0.0,0.0,0.0,0.0,0.0,0.0,0
EURUSD,H1@H4,dynamic,M5,24,2.0,False,0.0,5.0,False,369,0.2845528455284553,-0.6264799306187271,0.9173708677900361,-0.04923856851481391,-18.169031781966332,36.33333333333332,0
EURUSD,H1@H4,dynamic,M5,24,2.0,True,0.0,5.0,False,364,0.31868131868131866,-0.08867737087949325,0.9700167335802804,-0.006921366919365788,-2.519377558649153,31.573876042324855,0
EURUSD,H1@H4,dynamic,M5,48,2.0,False,0.0,5.0,False,394,0.2817258883248731,-0.7837829825249633,0.8966558491283363,-0.059384400444331575,-23.397453775066626,43.81186347913441,0
EURUSD,H1@H4,dynamic,M5,48,2.0,True,0.0,5.0,False,390,0.3282051282051282,0.42182553614464957,1.0323838619902135,0.03243750624775349,12.65062743662385,26.93323961389248,0
EURUSD,H1@H4,dynamic,M5,24,2.0,False,0.0,5.0,True,0,0.0,0.0,0.0,0.0,0.0,0.0,0
EURUSD,H1@H4,dynamic,M5,24,2.0,True,0.0,5.0,True,0,0.0,0.0,0.0,0.0,0.0,0.0,0
EURUSD,H1@H4,dynamic,M5,48,2.0,False,0.0,5.0,True,0,0.0,0.0,0.0,0.0,0.0,0.0,0
EURUSD,H1@H4,dynamic,M5,48,2.0,True,0.0,5.0,True,0,0.0,0.0,0.0,0.0,0.0,0.0,0
EURUSD,M5@M15,none,,48,0.0,False,0.0,0.0,False,1834,0.2829880043620502,3.1308073656851776,1.041520896691388,0.13173623113861901,241.60424790822725,42.0,0
EURUSD,M5@M15,none,,48,0.0,True,0.0,0.0,False,1838,0.30522306855277476,3.7745738419315935,1.1577746069799308,0.1596097421396363,293.3627060526521,46.3842111858352,0
EURUSD,M5@M15,none,,48,0.0,False,0.0,2.0,False,1834,0.2829880043620502,3.1308073656851776,1.041520896691388,0.13173623113861901,241.60424790822725,42.0,0
EURUSD,M5@M15,none,,48,0.0,True,0.0,2.0,False,1838,0.30522306855277476,3.7745738419315935,1.1577746069799308,0.1596097421396363,293.3627060526521,46.3842111858352,0
EURUSD,M5@M15,none,,48,0.0,False,0.0,3.0,False,1834,0.2829880043620502,3.1308073656851776,1.041520896691388,0.13173623113861901,241.60424790822725,42.0,0
EURUSD,M5@M15,none,,48,0.0,True,0.0,3.0,False,1838,0.30522306855277476,3.7745738419315935,1.1577746069799308,0.1596097421396363,293.3627060526521,46.3842111858352,0
EURUSD,M5@M15,none,,48,0.0,False,0.0,5.0,False,1834,0.2829880043620502,3.1308073656851776,1.041520896691388,0.13173623113861901,241.60424790822725,42.0,0
EURUSD,M5@M15,none,,48,0.0,True,0.0,5.0,False,1838,0.30522306855277476,3.7745738419315935,1.1577746069799308,0.1596097421396363,293.3627060526521,46.3842111858352,0
EURUSD,M5@M15,none,,48,1.0,False,0.0,0.0,False,1834,0.2829880043620502,-0.29363986295639366,0.9212542469414307,-0.010849550831718567,-19.898076225371874,79.19624643068394,0
EURUSD,M5@M15,none,,48,1.0,True,0.0,0.0,False,1838,0.30522306855277476,0.5702065321513037,1.0242871632345094,0.021221804421696036,39.00567652707733,66.90988633816923,0
EURUSD,M5@M15,none,,48,1.0,False,0.0,2.0,False,1831,0.2812670671764063,-0.36751943801601983,0.9195302285873342,-0.013595180014087839,-24.892774605794877,86.6855680713995,0
EURUSD,M5@M15,none,,48,1.0,True,0.0,2.0,False,1837,0.30484485574305936,0.5722178669820744,1.0242565346447368,0.021310974106501148,39.14825943364261,66.90988633816923,0
EURUSD,M5@M15,none,,48,1.0,False,0.0,3.0,False,1821,0.28171334431630973,-0.24619128107333943,0.9221075773874995,-0.009156887529905284,-16.674692191957533,82.44617742131784,0
EURUSD,M5@M15,none,,48,1.0,True,0.0,3.0,False,1832,0.30458515283842796,0.5905362078303803,1.0238665824817705,0.022036857271351355,40.371522521115736,66.89459096304891,0
EURUSD,M5@M15,none,,48,1.0,False,0.0,5.0,False,1738,0.2848101265822785,0.35983382315880375,0.9406936889030453,0.013892465446126113,24.145104945367173,62.88693732979697,0
EURUSD,M5@M15,none,,48,1.0,True,0.0,5.0,False,1741,0.3067202757036186,1.1641513001379862,1.0357981648044556,0.04528539056618255,78.84186497572374,62.73799896856342,0
EURUSD,M5@M15,none,,48,1.5,False,0.0,0.0,False,1834,0.2829880043620502,-1.8857716065925056,0.8683706883821499,-0.06602411552800481,-121.08822787836083,155.00226381613604,0
EURUSD,M5@M15,none,,48,1.5,True,0.0,0.0,False,1838,0.30522306855277476,-0.9481564048109454,0.9655739581425833,-0.03344360356574007,-61.46934335383022,87.76359460472933,0
EURUSD,M5@M15,none,,48,1.5,False,0.0,2.0,False,1821,0.28171334431630973,-1.7928435456664114,0.8695362369558564,-0.06321456880312216,-115.11372979048556,148.75396673478517,0
EURUSD,M5@M15,none,,48,1.5,True,0.0,2.0,False,1832,0.30458515283842796,-0.9032541653570341,0.9654217079418408,-0.031957251009380475,-58.54568384918502,90.14717780043476,0
EURUSD,M5@M15,none,,48,1.5,False,0.0,3.0,False,1772,0.2849887133182844,-1.1634845417140145,0.8868858989827054,-0.04210028402448414,-74.60170329138585,109.50046667007989,0
EURUSD,M5@M15,none,,48,1.5,True,0.0,3.0,False,1766,0.30804077010192527,-0.21103407930505727,0.9798249797602904,-0.007727755630079847,-13.647216442720984,78.59689641676758,0
EURUSD,M5@M15,none,,48,1.5,False,0.0,5.0,False,1557,0.2774566473988439,-0.9828689485939969,0.8903634876608391,-0.038706020371850204,-60.2652737189709,139.6514090670205,0
EURUSD,M5@M15,none,,48,1.5,True,0.0,5.0,False,1608,0.3009950248756219,-0.12277944668009796,0.9933267555062409,-0.004750698080741329,-7.639122513832035,74.05457587923979,0
EURUSD,M5@M15,none,,48,2.0,False,0.0,0.0,False,1834,0.2829880043620502,-3.4233973095156522,0.8195733964982347,-0.11411352031769091,-209.28419626264514,231.18933175148865,0
EURUSD,M5@M15,none,,48,2.0,True,0.0,0.0,False,1838,0.30467899891186073,-2.424017349074463,0.911390782395389,-0.0814052836660595,-149.62291137821722,156.0738839477474,0
EURUSD,M5@M15,none,,48,2.0,False,0.0,2.0,False,1798,0.2853170189098999,-2.7218326910850807,0.8377256044781323,-0.09280893437677544,-166.8704640094423,190.3622785617034,0
EURUSD,M5@M15,none,,48,2.0,True,0.0,2.0,False,1803,0.30782029950083195,-1.8041032501673482,0.9220900628839888,-0.06195020769879984,-111.69622448093608,120.90690177022714,0
EURUSD,M5@M15,none,,48,2.0,False,0.0,3.0,False,1677,0.28205128205128205,-2.2748982230611148,0.8391429521039625,-0.08169961867049004,-137.01026051041188,163.94418020507445,0
EURUSD,M5@M15,none,,48,2.0,True,0.0,3.0,False,1700,0.31,-0.9887272203439292,0.9412180655905996,-0.03553453684430449,-60.40871263531764,93.97243798616827,0
EURUSD,M5@M15,none,,48,2.0,False,0.0,5.0,False,1358,0.27466863033873345,-1.5246701976278616,0.8676103574202002,-0.06308370097297936,-85.6676659213061,119.11131617777473,0
EURUSD,M5@M15,none,,48,2.0,True,0.0,5.0,False,1415,0.303886925795053,-0.38470773376558465,0.9838872051519605,-0.01552392068207089,-21.966347765130262,85.51938511652196,0
EURUSD,M1@M5,none,,48,0.0,False,0.0,0.0,False,2419,0.2769739561802398,2.955032731382975,1.0388338981841894,0.10754047212089524,260.1404020604456,50.0,0
EURUSD,M1@M5,none,,48,0.0,True,0.0,0.0,False,2419,0.27656056221579167,2.9314992957381447,1.0370768791123213,0.10665564282761472,258.0,50.0,0
EURUSD,M1@M5,none,,48,0.0,False,0.0,2.0,False,2419,0.2769739561802398,2.955032731382975,1.0388338981841894,0.10754047212089524,260.1404020604456,50.0,0
EURUSD,M1@M5,none,,48,0.0,True,0.0,2.0,False,2419,0.27656056221579167,2.9314992957381447,1.0370768791123213,0.10665564282761472,258.0,50.0,0
EURUSD,M1@M5,none,,48,0.0,False,0.0,3.0,False,2419,0.2769739561802398,2.955032731382975,1.0388338981841894,0.10754047212089524,260.1404020604456,50.0,0
EURUSD,M1@M5,none,,48,0.0,True,0.0,3.0,False,2419,0.27656056221579167,2.9314992957381447,1.0370768791123213,0.10665564282761472,258.0,50.0,0
EURUSD,M1@M5,none,,48,0.0,False,0.0,5.0,False,2419,0.2769739561802398,2.955032731382975,1.0388338981841894,0.10754047212089524,260.1404020604456,50.0,0
EURUSD,M1@M5,none,,48,0.0,True,0.0,5.0,False,2419,0.27656056221579167,2.9314992957381447,1.0370768791123213,0.10665564282761472,258.0,50.0,0
EURUSD,M1@M5,none,,48,1.0,False,0.0,0.0,False,2419,0.2769739561802398,-4.2937260451801444,0.8186193026334903,-0.12474979099479432,-301.7697444164077,339.3864530060062,0
EURUSD,M1@M5,none,,48,1.0,True,0.0,0.0,False,2419,0.27656056221579167,-4.320712743872404,0.8172229464200298,-0.12548767340196743,-303.5546819593594,339.3864530060062,0
EURUSD,M1@M5,none,,48,1.0,False,0.0,2.0,False,2391,0.27519866164784607,-4.054555553856251,0.8214276235883378,-0.11928666858213094,-285.21442457987524,323.67034482790183,0
EURUSD,M1@M5,none,,48,1.0,True,0.0,2.0,False,2391,0.27478042659974905,-4.08142088599831,0.8200309947086957,-0.1200331920212575,-286.99936212282694,323.67034482790183,0
EURUSD,M1@M5,none,,48,1.0,False,0.0,3.0,False,2305,0.27765726681127983,-3.060243026917938,0.8396529980414844,-0.09352607795230855,-215.57760968007125,256.6233667793188,0
EURUSD,M1@M5,none,,48,1.0,True,0.0,3.0,False,2305,0.2772234273318872,-3.0866769947846477,0.8382526059309614,-0.09430045432669107,-217.36254722302294,256.6233667793188,0
EURUSD,M1@M5,none,,48,1.0,False,0.0,5.0,False,1845,0.25040650406504067,-4.203531045578267,0.7909236470390634,-0.14494781521060796,-267.4287190635712,293.60335667045655,0
EURUSD,M1@M5,none,,48,1.0,True,0.0,5.0,False,1845,0.24986449864498644,-4.233526496301234,0.7894442920424865,-0.145915261033346,-269.2136566065229,293.60335667045655,0
EURUSD,M1@M5,none,,48,1.5,False,0.0,0.0,False,2419,0.27656056221579167,-7.589369070033377,0.732253372832587,-0.20232197320131184,-489.416853173974,509.53630027206356,0
EURUSD,M1@M5,none,,48,1.5,True,0.0,0.0,False,2419,0.27614716825134356,-7.617794685248172,0.7309984704394664,-0.20299818874081563,-491.05261856403365,509.53630027206356,0
EURUSD,M1@M5,none,,48,1.5,False,0.0,2.0,False,2305,0.27765726681127983,-5.956215772261026,0.7553893024794888,-0.1676524685838629,-386.4389400858048,409.4274683121257,0
EURUSD,M1@M5,none,,48,1.5,True,0.0,2.0,False,2305,0.2772234273318872,-5.983721846404642,0.7541266602800819,-0.16836212818909485,-388.07470547586445,409.4274683121257,0
EURUSD,M1@M5,none,,48,1.5,False,0.0,3.0,False,1980,0.26515151515151514,-5.346407642542636,0.7641609497662898,-0.16706436230232466,-330.7874373586047,350.8974395202468,0
EURUSD,M1@M5,none,,48,1.5,True,0.0,3.0,False,1980,0.26464646464646463,-5.3751108312746565,0.7628369343588547,-0.16789050643871842,-332.4232027486643,350.8974395202468,0
EURUSD,M1@M5,none,,48,1.5,False,0.0,5.0,False,1282,0.24726989079563183,-4.114420392291332,0.7683143237894086,-0.16703030010479686,-214.1328447343502,223.8021989355976,0
EURUSD,M1@M5,none,,48,1.5,True,0.0,5.0,False,1282,0.24726989079563183,-4.1060011948151205,0.7686521069398132,-0.16668707133504093,-213.6928254515231,223.36217965277052,0
EURUSD,M1@M5,none,,48,2.0,False,0.0,0.0,False,2419,0.27532038032244727,-10.750073469498654,0.6575029448510499,-0.26560100871018577,-642.48884006994,649.4853477388103,0
EURUSD,M1@M5,none,,48,2.0,True,0.0,0.0,False,2419,0.27490698635799915,-10.779811963394721,0.6563706354421515,-0.26622182775386466,-643.9906013365993,649.4853477388103,0
EURUSD,M1@M5,none,,48,2.0,False,0.0,2.0,False,2110,0.2677725118483412,-8.155493263523894,0.6872969933638673,-0.22793347679280299,-480.9396360328131,488.47814267220326,0
EURUSD,M1@M5,none,,48,2.0,True,0.0,2.0,False,2110,0.2672985781990521,-8.184422346055873,0.686125814528419,-0.22864521199027185,-482.4413972994724,488.47814267220326,0
EURUSD,M1@M5,none,,48,2.0,False,0.0,3.0,False,1599,0.24702939337085678,-7.188390237339405,0.6812685725866868,-0.23924440483581563,-382.5518033324694,394.0544412827989,0
EURUSD,M1@M5,none,,48,2.0,True,0.0,3.0,False,1599,0.24640400250156347,-7.220405288751337,0.6799593163335119,-0.2401835926198427,-384.05356459912866,394.0544412827989,0
EURUSD,M1@M5,none,,48,2.0,False,0.0,5.0,False,856,0.2441588785046729,-3.680483375014939,0.7527339815027516,-0.18119017056239986,-155.0987860014139,162.35532317494167,0
EURUSD,M1@M5,none,,48,2.0,True,0.0,5.0,False,856,0.2441588785046729,-3.6711277331124035,0.7531678316038767,-0.18072893057575107,-154.70396457284255,162.35532317494167,0
EURUSD,M1@M15,none,,48,0.0,False,0.0,0.0,False,871,0.2629161882893226,0.845287027684748,0.9020474236429118,0.05041386935675348,43.91048020973228,53.0,0
EURUSD,M1@M15,none,,48,0.0,True,0.0,0.0,False,842,0.25771971496437057,-0.4942536477767823,0.9050120589495705,-0.02881252901762338,-24.260149432838798,70.70727353875122,0
EURUSD,M1@M15,none,,48,0.0,False,0.0,2.0,False,871,0.2629161882893226,0.845287027684748,0.9020474236429118,0.05041386935675348,43.91048020973228,53.0,0
EURUSD,M1@M15,none,,48,0.0,True,0.0,2.0,False,842,0.25771971496437057,-0.4942536477767823,0.9050120589495705,-0.02881252901762338,-24.260149432838798,70.70727353875122,0
EURUSD,M1@M15,none,,48,0.0,False,0.0,3.0,False,871,0.2629161882893226,0.845287027684748,0.9020474236429118,0.05041386935675348,43.91048020973228,53.0,0
EURUSD,M1@M15,none,,48,0.0,True,0.0,3.0,False,842,0.25771971496437057,-0.4942536477767823,0.9050120589495705,-0.02881252901762338,-24.260149432838798,70.70727353875122,0
EURUSD,M1@M15,none,,48,0.0,False,0.0,5.0,False,871,0.2629161882893226,0.845287027684748,0.9020474236429118,0.05041386935675348,43.91048020973228,53.0,0
EURUSD,M1@M15,none,,48,0.0,True,0.0,5.0,False,842,0.25771971496437057,-0.4942536477767823,0.9050120589495705,-0.02881252901762338,-24.260149432838798,70.70727353875122,0
EURUSD,M1@M15,none,,48,1.0,False,0.0,0.0,False,871,0.2629161882893226,-1.7546343587937425,0.7848151643545253,-0.09095310068594951,-79.220150697462,125.886007923982,0
EURUSD,M1@M15,none,,48,1.0,True,0.0,0.0,False,842,0.25771971496437057,-2.8910571570509473,0.7874837182054422,-0.14802453395863627,-124.6366575931717,139.468286688028,0
EURUSD,M1@M15,none,,48,1.0,False,0.0,2.0,False,870,0.2620689655172414,-1.7477022863203096,0.7852620965328514,-0.09075458982804038,-78.9564931503951,125.87227969554709,0
EURUSD,M1@M15,none,,48,1.0,True,0.0,2.0,False,841,0.25802615933412604,-2.8580907606896035,0.7880304732218786,-0.1465216289020507,-123.22468990662456,138.05631900148086,0
EURUSD,M1@M15,none,,48,1.0,False,0.0,3.0,False,866,0.26212471131639725,-1.6729615741330361,0.7910060902507162,-0.08732990194171913,-75.6276950815288,120.87681496001412,0
EURUSD,M1@M15,none,,48,1.0,True,0.0,3.0,False,835,0.26107784431137726,-2.616227046353059,0.7979783897926026,-0.13522866094163688,-112.91593188626676,127.74756098112307,0
EURUSD,M1@M15,none,,48,1.0,False,0.0,5.0,False,834,0.2673860911270983,-1.0824132617674849,0.8249127160557269,-0.05852899049402631,-48.81317807201795,95.0893289877891,0
EURUSD,M1@M15,none,,48,1.0,True,0.0,5.0,False,772,0.2694300518134715,-1.5832926165678087,0.8273822367546915,-0.08821201444614298,-68.09967515242236,86.87068467826188,0
EURUSD,M1@M15,none,,48,1.5,False,0.0,0.0,False,871,0.2629161882893226,-2.972657263809551,0.7340234268457226,-0.14533149481060909,-126.58373198004045,158.88915363214488,0
EURUSD,M1@M15,none,,48,1.5,True,0.0,0.0,False,842,0.25771971496437057,-4.0315974397651155,0.7366184615514098,-0.19528896432561488,-164.43330796216787,175.0869600898281,0
EURUSD,M1@M15,none,,48,1.5,False,0.0,2.0,False,866,0.26212471131639725,-2.8553663852243036,0.740133856640658,-0.14065766809618763,-121.80954057129848,153.09749703577126,0
EURUSD,M1@M15,none,,48,1.5,True,0.0,2.0,False,835,0.26107784431137726,-3.7367561682858126,0.7467251036242699,-0.18276333022900793,-152.60738074122176,163.26103286888198,0
EURUSD,M1@M15,none,,48,1.5,False,0.0,3.0,False,848,0.26297169811320753,-2.56568320388318,0.756604379531846,-0.12897208898911974,-109.36833146277353,136.22336349241382,0
EURUSD,M1@M15,none,,48,1.5,True,0.0,3.0,False,790,0.26582278481012656,-2.911075231893937,0.7665161142078242,-0.1509739727390901,-119.26943846388114,130.45778136904417,0
EURUSD,M1@M15,none,,48,1.5,False,0.0,5.0,False,719,0.24617524339360222,-2.829976966685263,0.7250168573660714,-0.15612619726519117,-112.25473583367263,155.42381361244057,0
EURUSD,M1@M15,none,,48,1.5,True,0.0,5.0,False,680,0.25882352941176473,-2.6083527357320215,0.7622624277914154,-0.14713859390440864,-100.05424385499789,118.6935156226026,0
EURUSD,M1@M15,none,,48,2.0,False,0.0,0.0,False,871,0.2629161882893226,-4.155147081176642,0.687559107577338,-0.19254847800433858,-167.7097243417788,187.5265218275118,0
EURUSD,M1@M15,none,,48,2.0,True,0.0,0.0,False,842,0.25771971496437057,-5.144013879496169,0.6901158431031639,-0.23677902382779395,-199.36793806300258,206.3056258255174,0
EURUSD,M1@M15,none,,48,2.0,False,0.0,2.0,False,849,0.2591283863368669,-4.039240737574157,0.6938535289318825,-0.19089683340440988,-162.07141156034393,179.6477795058036,0
EURUSD,M1@M15,none,,48,2.0,True,0.0,2.0,False,824,0.2633495145631068,-4.52390158758508,0.7085748489253673,-0.21321966563805445,-175.69300448575697,181.1131267645684,0
EURUSD,M1@M15,none,,48,2.0,False,0.0,3.0,False,788,0.24873096446700507,-4.0118430566201155,0.6968509314834143,-0.19949813743718817,-157.20453230050424,177.24649159242045,0
EURUSD,M1@M15,none,,48,2.0,True,0.0,3.0,False,736,0.266304347826087,-3.380680925938734,0.7395017915088137,-0.17507263878084642,-128.85346214270308,143.5977696307647,0
EURUSD,M1@M15,none,,48,2.0,False,0.0,5.0,False,605,0.2413223140495868,-3.14811036277626,0.7047029790371372,-0.18520988001685204,-112.05197741019585,122.0544083946357,0
EURUSD,M1@M15,none,,48,2.0,True,0.0,5.0,False,601,0.2579034941763727,-2.96161279199196,0.7329533710457552,-0.17199851736811508,-103.37110893823727,116.96587334014244,0
USDJPY,H1@H4,none,,48,0.0,False,0.0,0.0,False,1739,0.36687751581368605,2.894103895381703,1.0107393521394161,0.10035010602152099,174.508834371425,29.0,0
USDJPY,H1@H4,none,,48,0.0,True,0.0,0.0,False,3556,0.5480877390326209,30.13744925415634,3.1017602893617853,0.8684716229746968,3088.2850912980184,11.0,0
USDJPY,H1@H4,none,,48,1.5,False,0.0,0.0,False,1739,0.36687751581368605,1.6361917921398774,0.9679285173806386,0.0543884603067613,94.58153247345791,41.749704901983705,0
USDJPY,H1@H4,none,,48,1.5,True,0.0,0.0,False,3556,0.5480877390326209,28.716551535353283,2.9669071780871485,0.7930929564819489,2820.238553249814,11.0,0
USDJPY,H1@H4,none,,48,2.25,False,0.0,0.0,False,1739,0.36687751581368605,1.019686994726561,0.9473760165734589,0.033231973073461644,57.79040117474981,48.90968437914132,0
USDJPY,H1@H4,none,,48,2.25,True,0.0,0.0,False,3556,0.5480877390326209,28.005218914598622,2.9025925925972627,0.7583203506843619,2696.587167033594,11.0,0
USDJPY,H1@H4,none,,48,3.0,False,0.0,0.0,False,1739,0.36687751581368605,0.4108361011767828,0.9273623137526791,0.013137304144918082,22.84577190801252,55.66037341851405,0
USDJPY,H1@H4,none,,48,3.0,True,0.0,0.0,False,3556,0.5480877390326209,27.295209878506178,2.8402269186887166,0.7252493121811406,2578.98655411614,11.0,0
USDJPY,H1@H4,static,M15,48,0.0,False,0.0,0.0,False,1436,0.4101671309192201,12.313545274480878,1.8024703867234007,0.6392154933177725,917.9134484043213,15.0,0
USDJPY,H1@H4,static,M15,48,0.0,True,0.0,0.0,False,1296,0.44290123456790126,12.844203050140827,2.131931200358413,0.7392122196686062,958.0190366905158,12.077296311078271,0
USDJPY,H1@H4,static,M15,48,0.0,False,0.0,0.0,True,29,0.5517241379310345,3.210372312460883,3.431752805736769,1.2068965517241443,35.000000000000185,5.0,0
USDJPY,H1@H4,static,M15,48,0.0,True,0.0,0.0,True,28,0.6071428571428571,3.4867200157315033,4.356237748547031,1.345648293978624,37.67815223140148,2.0,0
USDJPY,H1@H4,static,M15,48,0.0,False,0.0,2.0,False,1436,0.4101671309192201,12.313545274480878,1.8024703867234007,0.6392154933177725,917.9134484043213,15.0,0
USDJPY,H1@H4,static,M15,48,0.0,True,0.0,2.0,False,1296,0.44290123456790126,12.844203050140827,2.131931200358413,0.7392122196686062,958.0190366905158,12.077296311078271,0
USDJPY,H1@H4,static,M15,48,0.0,False,0.0,2.0,True,29,0.5517241379310345,3.210372312460883,3.431752805736769,1.2068965517241443,35.000000000000185,5.0,0
USDJPY,H1@H4,static,M15,48,0.0,True,0.0,2.0,True,28,0.6071428571428571,3.4867200157315033,4.356237748547031,1.345648293978624,37.67815223140148,2.0,0
USDJPY,H1@H4,static,M15,48,0.0,False,0.0,3.0,False,1436,0.4101671309192201,12.313545274480878,1.8024703867234007,0.6392154933177725,917.9134484043213,15.0,0
USDJPY,H1@H4,static,M15,48,0.0,True,0.0,3.0,False,1296,0.44290123456790126,12.844203050140827,2.131931200358413,0.7392122196686062,958.0190366905158,12.077296311078271,0
USDJPY,H1@H4,static,M15,48,0.0,False,0.0,3.0,True,29,0.5517241379310345,3.210372312460883,3.431752805736769,1.2068965517241443,35.000000000000185,5.0,0
USDJPY,H1@H4,static,M15,48,0.0,True,0.0,3.0,True,28,0.6071428571428571,3.4867200157315033,4.356237748547031,1.345648293978624,37.67815223140148,2.0,0
USDJPY,H1@H4,static,M15,48,0.0,False,0.0,5.0,False,1436,0.4101671309192201,12.313545274480878,1.8024703867234007,0.6392154933177725,917.9134484043213,15.0,0
USDJPY,H1@H4,static,M15,48,0.0,True,0.0,5.0,False,1296,0.44290123456790126,12.844203050140827,2.131931200358413,0.7392122196686062,958.0190366905158,12.077296311078271,0
USDJPY,H1@H4,static,M15,48,0.0,False,0.0,5.0,True,29,0.5517241379310345,3.210372312460883,3.431752805736769,1.2068965517241443,35.000000000000185,5.0,0
USDJPY,H1@H4,static,M15,48,0.0,True,0.0,5.0,True,28,0.6071428571428571,3.4867200157315033,4.356237748547031,1.345648293978624,37.67815223140148,2.0,0
USDJPY,H1@H4,static,M15,48,1.5,False,0.0,0.0,False,1436,0.4101671309192201,9.577308309272647,1.589218007294172,0.4377963950113454,628.6756232362924,15.0,0
USDJPY,H1@H4,static,M15,48,1.5,True,0.0,0.0,False,1296,0.44290123456790126,10.516038075850593,1.8813170087512388,0.5267855915392831,682.7141266349108,12.298870299639475,0
USDJPY,H1@H4,static,M15,48,1.5,False,0.0,0.0,True,29,0.5517241379310345,2.868533998668541,3.0214606254525425,0.9599076732716514,27.83732252487789,5.0,0
USDJPY,H1@H4,static,M15,48,1.5,True,0.0,0.0,True,28,0.6071428571428571,3.1629974943298254,3.809737993466186,1.0894869403523901,30.505634329866922,2.0,0
USDJPY,H1@H4,static,M15,48,1.5,False,0.0,2.0,False,1436,0.4101671309192201,9.591165029990856,1.5895782030984333,0.4385289058985265,629.7275088702843,15.0,0
USDJPY,H1@H4,static,M15,48,1.5,True,0.0,2.0,False,1296,0.44290123456790126,10.517258077666664,1.8815522406983012,0.5268305635155205,682.7724103161146,12.298870299639475,0
USDJPY,H1@H4,static,M15,48,1.5,False,0.0,2.0,True,29,0.5517241379310345,2.868533998668541,3.0214606254525425,0.9599076732716514,27.83732252487789,5.0,0
USDJPY,H1@H4,static,M15,48,1.5,True,0.0,2.0,True,28,0.6071428571428571,3.1629974943298254,3.809737993466186,1.0894869403523901,30.505634329866922,2.0,0
USDJPY,H1@H4,static,M15,48,1.5,False,0.0,3.0,False,1434,0.41143654114365413,9.710086010980795,1.5933876333412091,0.4448622146185349,637.9324157629792,15.0,0
USDJPY,H1@H4,static,M15,48,1.5,True,0.0,3.0,False,1290,0.44263565891472867,10.52058055857009,1.8828576924916576,0.5283917361607168,681.6253396473246,12.298870299639475,0
USDJPY,H1@H4,static,M15,48,1.5,False,0.0,3.0,True,29,0.5517241379310345,2.868533998668541,3.0214606254525425,0.9599076732716514,27.83732252487789,5.0,0
USDJPY,H1@H4,static,M15,48,1.5,True,0.0,3.0,True,28,0.6071428571428571,3.1629974943298254,3.809737993466186,1.0894869403523901,30.505634329866922,2.0,0
USDJPY,H1@H4,static,M15,48,1.5,False,0.0,5.0,False,1418,0.40620592383638926,9.527090706112858,1.5914293654450427,0.44221447028158256,627.0601188592839,15.0,0
USDJPY,H1@H4,static,M15,48,1.5,True,0.0,5.0,False,1281,0.44340359094457454,10.6078998384464,1.8892422786102252,0.5302224013281355,679.2148961013418,12.556375235359507,0
USDJPY,H1@H4,static,M15,48,1.5,False,0.0,5.0,True,29,0.5517241379310345,2.876968445154705,3.0347978956156356,0.9646907474035223,27.97603167470215,5.0,0
USDJPY,H1@H4,static,M15,48,1.5,True,0.0,5.0,True,28,0.6071428571428571,3.1698445301877385,3.8189743407466676,1.0931384407233091,30.607876340252652,2.0,0
USDJPY,H1@H4,static,M15,48,2.25,False,0.0,0.0,False,1436,0.4101671309192201,8.266443902350845,1.4956874353889444,0.35812071190000466,514.2613422884067,15.0,0
USDJPY,H1@H4,static,M15,48,2.25,True,0.0,0.0,False,1296,0.44290123456790126,9.367937294094949,1.7714374042956833,0.44352689464640516,574.8108554617412,13.418970003644741,0
USDJPY,H1@H4,static,M15,48,2.25,False,0.0,0.0,True,29,0.5517241379310345,2.6989597574438657,2.8422519557784303,0.8583391709711095,24.891835958162176,5.0,0
USDJPY,H1@H4,static,M15,48,2.25,True,0.0,0.0,True,28,0.6071428571428571,3.0027461988207986,3.5727631903314627,0.9835882073953556,27.540469807069957,2.0,0
USDJPY,H1@H4,static,M15,48,2.25,False,0.0,2.0,False,1434,0.41143654114365413,8.41176621996576,1.499869317641567,0.3652100720302969,523.711243291446,15.0,0
USDJPY,H1@H4,static,M15,48,2.25,True,0.0,2.0,False,1290,0.44263565891472867,9.399756333605856,1.7734170002394039,0.44658442179650154,576.0939041174869,12.400528408496541,0
USDJPY,H1@H4,static,M15,48,2.25,False,0.0,2.0,True,29,0.5517241379310345,2.6989597574438657,2.8422519557784303,0.8583391709711095,24.891835958162176,5.0,0
USDJPY,H1@H4,static,M15,48,2.25,True,0.0,2.0,True,28,0.6071428571428571,3.0027461988207986,3.5727631903314627,0.9835882073953556,27.540469807069957,2.0,0
USDJPY,H1@H4,static,M15,48,2.25,False,0.0,3.0,False,1424,0.40941011235955055,8.474883506284181,1.5044674100003728,0.3717758697908149,529.40883858212,15.0,0
USDJPY,H1@H4,static,M15,48,2.25,True,0.0,3.0,False,1282,0.44383775351014043,9.534414822801109,1.780999898633966,0.4529523991602329,580.6849757234187,13.809216661493377,0
USDJPY,H1@H4,static,M15,48,2.25,False,0.0,3.0,True,29,0.5517241379310345,2.700525891189175,2.844795107409498,0.8590988743655726,24.913867356601607,5.0,0
USDJPY,H1@H4,static,M15,48,2.25,True,0.0,3.0,True,28,0.6071428571428571,3.0041081394968376,3.575470608682062,0.9842156811694656,27.55803907274504,2.0,0
USDJPY,H1@H4,static,M15,48,2.25,False,0.0,5.0,False,1348,0.39465875370919884,7.836583703930926,1.4874712719906167,0.3603660421497508,485.7734248178652,14.508385215077737,0
USDJPY,H1@H4,static,M15,48,2.25,True,0.0,5.0,False,1244,0.4429260450160772,9.655247757633608,1.7865900105828472,0.46549792177005067,579.0794146819426,12.783115422973594,0
USDJPY,H1@H4,static,M15,48,2.25,False,0.0,5.0,True,29,0.5517241379310345,2.7734394290238074,2.92345050407269,0.8984987790198531,26.05646459157574,5.0,0
USDJPY,H1@H4,static,M15,48,2.25,True,0.0,5.0,True,28,0.6071428571428571,3.06612276717808,3.561098436744033,1.0068129503910117,28.190762610948333,2.0,0
USDJPY,H1@H4,static,M15,48,3.0,False,0.0,0.0,False,1436,0.4101671309192201,6.988926980181713,1.4095138339110334,0.28824017455701756,413.91289066387753,15.217879465289798,0
USDJPY,H1@H4,static,M15,48,3.0,True,0.0,0.0,False,1296,0.44290123456790126,8.238774833116356,1.6702210012562138,0.37068357049861184,480.40590736620095,14.987835012492505,0
USDJPY,H1@H4,static,M15,48,3.0,False,0.0,0.0,True,29,0.5517241379310345,2.531091334146518,2.677537788103859,0.7678755800459762,22.26839182133331,5.0,0
USDJPY,H1@H4,static,M15,48,3.0,True,0.0,0.0,True,28,0.6071428571428571,2.8440866732737544,3.355872570622355,0.8889933286263462,24.8918132015377,2.0,0
USDJPY,H1@H4,static,M15,48,3.0,False,0.0,2.0,False,1428,0.4103641456582633,7.226151764908011,1.416847122476665,0.3005649285292838,429.20671793981734,15.217879465289798,0
USDJPY,H1@H4,static,M15,48,3.0,True,0.0,2.0,False,1285,0.44202334630350193,8.322599664339293,1.67352299108789,0.3764013313607492,483.6757107985624,15.015941602644462,0
USDJPY,H1@H4,static,M15,48,3.0,False,0.0,2.0,True,29,0.5517241379310345,2.531091334146518,2.677537788103859,0.7678755800459762,22.26839182133331,5.0,0
USDJPY,H1@H4,static,M15,48,3.0,True,0.0,2.0,True,28,0.6071428571428571,2.8440866732737544,3.355872570622355,0.8889933286263462,24.8918132015377,2.0,0
USDJPY,H1@H4,static,M15,48,3.0,False,0.0,3.0,False,1402,0.4044222539229672,7.26346050997521,1.4240178897381883,0.30969482376691443,434.19214292121404,15.217879465289798,0
USDJPY,H1@H4,static,M15,48,3.0,True,0.0,3.0,False,1271,0.44531864673485444,8.713101712814442,1.6933070307980826,0.3965609744157454,504.0289984824121,12.660642999660169,0
USDJPY,H1@H4,static,M15,48,3.0,False,0.0,3.0,True,29,0.5517241379310345,2.5705207722444383,2.69948156737823,0.7858399258130475,22.789357848578383,5.0,0
USDJPY,H1@H4,static,M15,48,3.0,True,0.0,3.0,True,28,0.6071428571428571,2.879557721869645,3.349485755713419,0.9040545247310526,25.313526692469477,2.0,0
USDJPY,H1@H4,static,M15,48,3.0,False,0.0,5.0,False,1241,0.38920225624496374,6.812535785549271,1.4424450405250338,0.32048485524930787,397.72170536439006,14.666666666666666,0
USDJPY,H1@H4,static,M15,48,3.0,True,0.0,5.0,False,1174,0.43270868824531517,8.297960718633364,1.6721337008397439,0.3983161084102164,467.6231112735931,14.591559523809543,0
USDJPY,H1@H4,static,M15,48,3.0,False,0.0,5.0,True,28,0.5714285714285714,2.8962090401282503,3.1533182230983186,0.9350577389554091,26.181616690751447,4.0,0
USDJPY,H1@H4,static,M15,48,3.0,True,0.0,5.0,True,28,0.6428571428571429,3.4394323160588223,3.9500475634614736,1.0680546484532027,29.905530156689675,2.0,0
USDJPY,H1@H4,static,M5,48,0.0,False,0.0,0.0,False,596,0.5,12.196310917650466,2.5070616406451034,1.0,596.0,11.0,0
USDJPY,H1@H4,static,M5,48,0.0,True,0.0,0.0,False,512,0.50390625,10.955693735832291,2.878282802624856,1.2303476996784313,629.938022235358,11.0,0
USDJPY,H1@H4,static,M5,48,0.0,False,0.0,0.0,True,2,1.0,0.0,inf,3.0,6.0,0.0,0
USDJPY,H1@H4,static,M5,48,0.0,True,0.0,0.0,True,1,1.0,0.0,inf,2.1,2.1,0.0,0
USDJPY,H1@H4,static,M5,48,0.0,False,0.0,2.0,False,596,0.5,12.196310917650466,2.5070616406451034,1.0,596.0,11.0,0
USDJPY,H1@H4,static,M5,48,0.0,True,0.0,2.0,False,512,0.50390625,10.955693735832291,2.878282802624856,1.2303476996784313,629.938022235358,11.0,0
USDJPY,H1@H4,static,M5,48,0.0,False,0.0,2.0,True,2,1.0,0.0,inf,3.0,6.0,0.0,0
USDJPY,H1@H4,static,M5,48,0.0,True,0.0,2.0,True,1,1.0,0.0,inf,2.1,2.1,0.0,0
USDJPY,H1@H4,static,M5,48,0.0,False,0.0,3.0,False,596,0.5,12.196310917650466,2.5070616406451034,1.0,596.0,11.0,0
USDJPY,H1@H4,static,M5,48,0.0,True,0.0,3.0,False,512,0.50390625,10.955693735832291,2.878282802624856,1.2303476996784313,629.938022235358,11.0,0
USDJPY,H1@H4,static,M5,48,0.0,False,0.0,3.0,True,2,1.0,0.0,inf,3.0,6.0,0.0,0
USDJPY,H1@H4,static,M5,48,0.0,True,0.0,3.0,True,1,1.0,0.0,inf,2.1,2.1,0.0,0
USDJPY,H1@H4,static,M5,48,0.0,False,0.0,5.0,False,596,0.5,12.196310917650466,2.5070616406451034,1.0,596.0,11.0,0
USDJPY,H1@H4,static,M5,48,0.0,True,0.0,5.0,False,512,0.50390625,10.955693735832291,2.878282802624856,1.2303476996784313,629.938022235358,11.0,0
USDJPY,H1@H4,static,M5,48,0.0,False,0.0,5.0,True,2,1.0,0.0,inf,3.0,6.0,0.0,0
USDJPY,H1@H4,static,M5,48,0.0,True,0.0,5.0,True,1,1.0,0.0,inf,2.1,2.1,0.0,0
USDJPY,H1@H4,static,M5,48,1.5,False,0.0,0.0,False,596,0.5,9.585991792441634,2.0689528519577487,0.6546080995259771,390.1464273174822,11.0,0
USDJPY,H1@H4,static,M5,48,1.5,True,0.0,0.0,False,512,0.50390625,9.210358916483848,2.398552210084099,0.8489779907739776,434.6767312762764,11.0,0
USDJPY,H1@H4,static,M5,48,1.5,False,0.0,0.0,True,2,1.0,517.5434196058172,inf,2.5796572031568985,5.159314406313797,0.0,0
USDJPY,H1@H4,static,M5,48,1.5,True,0.0,0.0,True,1,1.0,0.0,inf,1.7780972630852843,1.7780972630852843,0.0,0
USDJPY,H1@H4,static,M5,48,1.5,False,0.0,2.0,False,596,0.5,9.612322438343025,2.070387780858845,0.6569141164877166,391.52081342667896,11.0,0
USDJPY,H1@H4,static,M5,48,1.5,True,0.0,2.0,False,512,0.50390625,9.214274927584931,2.3981009044234445,0.848974489728328,434.67493874090394,11.0,0
USDJPY,H1@H4,static,M5,48,1.5,False,0.0,2.0,True,2,1.0,517.5434196058172,inf,2.5796572031568985,5.159314406313797,0.0,0
USDJPY,H1@H4,static,M5,48,1.5,True,0.0,2.0,True,1,1.0,0.0,inf,1.7780972630852843,1.7780972630852843,0.0,0
USDJPY,H1@H4,static,M5,48,1.5,False,0.0,3.0,False,594,0.5016835016835017,9.791250900540783,2.0882584469459626,0.6734383590831267,400.022385295377,11.0,0
USDJPY,H1@H4,static,M5,48,1.5,True,0.0,3.0,False,510,0.5058823529411764,9.307366600196374,2.4036038088220124,0.8534459317629528,435.25742519910597,11.0,0
USDJPY,H1@H4,static,M5,48,1.5,False,0.0,3.0,True,2,1.0,517.5434196058172,inf,2.5796572031568985,5.159314406313797,0.0,0
USDJPY,H1@H4,static,M5,48,1.5,True,0.0,3.0,True,1,1.0,0.0,inf,1.7780972630852843,1.7780972630852843,0.0,0
USDJPY,H1@H4,static,M5,48,1.5,False,0.0,5.0,False,579,0.4835924006908463,9.227087837581404,2.0641748088118383,0.6587334622997831,381.4066746715749,11.0,0
USDJPY,H1@H4,static,M5,48,1.5,True,0.0,5.0,False,503,0.5069582504970179,9.420998375004205,2.4399726322162993,0.8513107745544841,428.2093196009054,11.0,0
USDJPY,H1@H4,static,M5,48,1.5,False,0.0,5.0,True,2,1.0,517.5434196058172,inf,2.5796572031568985,5.159314406313797,0.0,0
USDJPY,H1@H4,static,M5,48,1.5,True,0.0,5.0,True,1,1.0,0.0,inf,1.7780972630852843,1.7780972630852843,0.0,0
USDJPY,H1@H4,static,M5,48,2.25,False,0.0,0.0,False,596,0.5,8.331402596506221,1.8885323814343908,0.5283726381384541,314.9100923305185,11.0,0
USDJPY,H1@H4,static,M5,48,2.25,True,0.0,0.0,False,512,0.50390625,8.326786757573133,2.200440764326013,0.7089659596915856,362.9905713620918,11.0,0
USDJPY,H1@H4,static,M5,48,2.25,False,0.0,0.0,True,2,1.0,355.76136553145574,inf,2.400965014740575,4.80193002948115,0.0,0
USDJPY,H1@H4,static,M5,48,2.25,True,0.0,0.0,True,1,1.0,0.0,inf,1.6409782123297514,1.6409782123297514,0.0,0
USDJPY,H1@H4,static,M5,48,2.25,False,0.0,2.0,False,594,0.5016835016835017,8.586127322778486,1.9082808306458439,0.5486279618913403,325.88500936345633,11.0,0
USDJPY,H1@H4,static,M5,48,2.25,True,0.0,2.0,False,510,0.5058823529411764,8.435296512606103,2.206958355055776,0.7163102890583811,365.31824741977425,11.0,0
USDJPY,H1@H4,static,M5,48,2.25,False,0.0,2.0,True,2,1.0,355.76136553145574,inf,2.400965014740575,4.80193002948115,0.0,0
USDJPY,H1@H4,static,M5,48,2.25,True,0.0,2.0,True,1,1.0,0.0,inf,1.6409782123297514,1.6409782123297514,0.0,0
USDJPY,H1@H4,static,M5,48,2.25,False,0.0,3.0,False,587,0.49233390119250425,8.529719030719084,1.921638391361613,0.5603610576230558,328.9319408247329,11.000000000000341,0
USDJPY,H1@H4,static,M5,48,2.25,True,0.0,3.0,False,506,0.5098814229249012,8.712890763938802,2.2518099020908426,0.735493751124699,372.15983806909776,11.0,0
USDJPY,H1@H4,static,M5,48,2.25,False,0.0,3.0,True,2,1.0,355.76136553145574,inf,2.400965014740575,4.80193002948115,0.0,0
USDJPY,H1@H4,static,M5,48,2.25,True,0.0,3.0,True,1,1.0,0.0,inf,1.6409782123297514,1.6409782123297514,0.0,0
USDJPY,H1@H4,static,M5,48,2.25,False,0.0,5.0,False,532,0.48120300751879697,8.499755479952864,2.053610962685724,0.6213605104964716,330.56379158412363,8.6666666666668,0
USDJPY,H1@H4,static,M5,48,2.25,True,0.0,5.0,False,479,0.49478079331941544,8.292690653093308,2.2428123128409614,0.6988241867516095,334.7367854540206,8.669333333333725,0
USDJPY,H1@H4,static,M5,48,2.25,False,0.0,5.0,True,2,1.0,355.76136553145574,inf,2.400965014740575,4.80193002948115,0.0,0
USDJPY,H1@H4,static,M5,48,2.25,True,0.0,5.0,True,1,1.0,0.0,inf,1.6409782123297514,1.6409782123297514,0.0,0
USDJPY,H1@H4,static,M5,48,3.0,False,0.0,0.0,False,596,0.5,7.111184868054515,1.7281474949786386,0.42198444705514726,251.50273044486775,11.0,0
USDJPY,H1@H4,static,M5,48,3.0,True,0.0,0.0,False,512,0.50390625,7.4495549464828255,2.024058926563089,0.5907807135858331,302.4797253559465,11.0,0
USDJPY,H1@H4,static,M5,48,3.0,False,0.0,0.0,True,2,1.0,274.31654102631194,inf,2.239266762547075,4.47853352509415,0.0,0
USDJPY,H1@H4,static,M5,48,3.0,True,0.0,0.0,True,1,1.0,0.0,inf,1.5167581248459914,1.5167581248459914,0.0,0
USDJPY,H1@H4,static,M5,48,3.0,False,0.0,2.0,False,590,0.5016949152542373,7.718924429533047,1.7846187131819582,0.46946523553484215,276.98448896555664,11.0,0
USDJPY,H1@H4,static,M5,48,3.0,True,0.0,2.0,False,506,0.5138339920948617,7.915858195985192,2.078301760042586,0.6252298746209932,316.3663165582226,11.0,0
USDJPY,H1@H4,static,M5,48,3.0,False,0.0,2.0,True,2,1.0,274.31654102631194,inf,2.239266762547075,4.47853352509415,0.0,0
USDJPY,H1@H4,static,M5,48,3.0,True,0.0,2.0,True,1,1.0,0.0,inf,1.5167581248459914,1.5167581248459914,0.0,0
USDJPY,H1@H4,static,M5,48,3.0,False,0.0,3.0,False,565,0.479646017699115,7.381068801694842,1.7937797843206233,0.48040436743494463,271.4284676007438,11.0,0
USDJPY,H1@H4,static,M5,48,3.0,True,0.0,3.0,False,494,0.5040485829959515,7.885250930669889,2.106450977583167,0.6305581129580313,311.4957078012672,11.0,0
USDJPY,H1@H4,static,M5,48,3.0,False,0.0,3.0,True,2,1.0,274.31654102631194,inf,2.239266762547075,4.47853352509415,0.0,0
USDJPY,H1@H4,static,M5,48,3.0,True,0.0,3.0,True,1,1.0,0.0,inf,1.5167581248459914,1.5167581248459914,0.0,0
USDJPY,H1@H4,static,M5,48,3.0,False,0.0,5.0,False,471,0.4585987261146497,6.9710164987419345,1.9121479142056708,0.5372017980555506,253.02204688416515,11.666666666666671,0
USDJPY,H1@H4,static,M5,48,3.0,True,0.0,5.0,False,458,0.4890829694323144,7.605910918336263,2.1292898470730934,0.6154809945335067,281.89029549634625,11.54366666666671,0
USDJPY,H1@H4,static,M5,48,3.0,False,0.0,5.0,True,2,1.0,0.0,inf,2.3333333333333335,4.666666666666667,0.0,0
USDJPY,H1@H4,static,M5,48,3.0,True,0.0,5.0,True,1,1.0,0.0,inf,1.5833333333333333,1.5833333333333333,0.0,0
USDJPY,H1@H4,dynamic,M15,24,0.0,False,0.0,0.0,False,969,0.3157894736842105,4.3718318214384775,1.3238702873288575,0.26098716245737735,252.89656042119867,44.0,0
USDJPY,H1@H4,dynamic,M15,24,0.0,True,0.0,0.0,False,919,0.35690968443960824,5.950752405078033,1.5245098314395364,0.3793973709053415,348.66618386200895,27.30910395101617,0
USDJPY,H1@H4,dynamic,M15,48,0.0,False,0.0,0.0,False,1025,0.2975609756097561,3.2966101197015556,1.1954450360845887,0.18819176626458406,192.89656042119867,47.0,0
USDJPY,H1@H4,dynamic,M15,48,0.0,True,0.0,0.0,False,979,0.3350357507660878,4.810533515214139,1.3635046975574932,0.2904370707564853,284.3378922705988,26.256828917975568,0
USDJPY,H1@H4,dynamic,M15,24,0.0,False,0.0,0.0,True,0,0.0,0.0,0.0,0.0,0.0,0.0,0
USDJPY,H1@H4,dynamic,M15,24,0.0,True,0.0,0.0,True,0,0.0,0.0,0.0,0.0,0.0,0.0,0
USDJPY,H1@H4,dynamic,M15,48,0.0,False,0.0,0.0,True,0,0.0,0.0,0.0,0.0,0.0,0.0,0
USDJPY,H1@H4,dynamic,M15,48,0.0,True,0.0,0.0,True,0,0.0,0.0,0.0,0.0,0.0,0.0,0
USDJPY,H1@H4,dynamic,M15,24,0.0,False,0.0,2.0,False,969,0.3157894736842105,4.3718318214384775,1.3238702873288575,0.26098716245737735,252.89656042119867,44.0,0
USDJPY,H1@H4,dynamic,M15,24,0.0,True,0.0,2.0,False,919,0.35690968443960824,5.950752405078033,1.5245098314395364,0.3793973709053415,348.66618386200895,27.30910395101617,0
USDJPY,H1@H4,dynamic,M15,48,0.0,False,0.0,2.0,False,1025,0.2975609756097561,3.2966101197015556,1.1954450360845887,0.18819176626458406,192.89656042119867,47.0,0
USDJPY,H1@H4,dynamic,M15,48,0.0,True,0.0,2.0,False,979,0.3350357507660878,4.810533515214139,1.3635046975574932,0.2904370707564853,284.3378922705988,26.256828917975568,0
USDJPY,H1@H4,dynamic,M15,24,0.0,False,0.0,2.0,True,0,0.0,0.0,0.0,0.0,0.0,0.0,0
USDJPY,H1@H4,dynamic,M15,24,0.0,True,0.0,2.0,True,0,0.0,0.0,0.0,0.0,0.0,0.0,0
USDJPY,H1@H4,dynamic,M15,48,0.0,False,0.0,2.0,True,0,0.0,0.0,0.0,0.0,0.0,0.0,0
USDJPY,H1@H4,dynamic,M15,48,0.0,True,0.0,2.0,True,0,0.0,0.0,0.0,0.0,0.0,0.0,0
USDJPY,H1@H4,dynamic,M15,24,0.0,False,0.0,3.0,False,969,0.3157894736842105,4.3718318214384775,1.3238702873288575,0.26098716245737735,252.89656042119867,44.0,0
USDJPY,H1@H4,dynamic,M15,24,0.0,True,0.0,3.0,False,919,0.35690968443960824,5.950752405078033,1.5245098314395364,0.3793973709053415,348.66618386200895,27.30910395101617,0
USDJPY,H1@H4,dynamic,M15,48,0.0,False,0.0,3.0,False,1025,0.2975609756097561,3.2966101197015556,1.1954450360845887,0.18819176626458406,192.89656042119867,47.0,0
USDJPY,H1@H4,dynamic,M15,48,0.0,True,0.0,3.0,False,979,0.3350357507660878,4.810533515214139,1.3635046975574932,0.2904370707564853,284.3378922705988,26.256828917975568,0
USDJPY,H1@H4,dynamic,M15,24,0.0,False,0.0,3.0,True,0,0.0,0.0,0.0,0.0,0.0,0.0,0
USDJPY,H1@H4,dynamic,M15,24,0.0,True,0.0,3.0,True,0,0.0,0.0,0.0,0.0,0.0,0.0,0
USDJPY,H1@H4,dynamic,M15,48,0.0,False,0.0,3.0,True,0,0.0,0.0,0.0,0.0,0.0,0.0,0
USDJPY,H1@H4,dynamic,M15,48,0.0,True,0.0,3.0,True,0,0.0,0.0,0.0,0.0,0.0,0.0,0
USDJPY,H1@H4,dynamic,M15,24,0.0,False,0.0,5.0,False,969,0.3157894736842105,4.3718318214384775,1.3238702873288575,0.26098716245737735,252.89656042119867,44.0,0
USDJPY,H1@H4,dynamic,M15,24,0.0,True,0.0,5.0,False,919,0.35690968443960824,5.950752405078033,1.5245098314395364,0.3793973709053415,348.66618386200895,27.30910395101617,0
USDJPY,H1@H4,dynamic,M15,48,0.0,False,0.0,5.0,False,1025,0.2975609756097561,3.2966101197015556,1.1954450360845887,0.18819176626458406,192.89656042119867,47.0,0
USDJPY,H1@H4,dynamic,M15,48,0.0,True,0.0,5.0,False,979,0.3350357507660878,4.810533515214139,1.3635046975574932,0.2904370707564853,284.3378922705988,26.256828917975568,0
USDJPY,H1@H4,dynamic,M15,24,0.0,False,0.0,5.0,True,0,0.0,0.0,0.0,0.0,0.0,0.0,0
USDJPY,H1@H4,dynamic,M15,24,0.0,True,0.0,5.0,True,0,0.0,0.0,0.0,0.0,0.0,0.0,0
USDJPY,H1@H4,dynamic,M15,48,0.0,False,0.0,5.0,True,0,0.0,0.0,0.0,0.0,0.0,0.0,0
USDJPY,H1@H4,dynamic,M15,48,0.0,True,0.0,5.0,True,0,0.0,0.0,0.0,0.0,0.0,0.0,0
USDJPY,H1@H4,dynamic,M15,24,1.5,False,0.0,0.0,False,969,0.3157894736842105,1.8225378990489605,1.1430225430927299,0.09485546436557045,91.91494497023774,61.32453422961247,0
USDJPY,H1@H4,dynamic,M15,24,1.5,True,0.0,0.0,False,919,0.35690968443960824,3.5620594296243353,1.3143185623629092,0.19604561250097435,180.16591788839537,39.476558551142915,0
USDJPY,H1@H4,dynamic,M15,48,1.5,False,0.0,0.0,False,1025,0.2975609756097561,0.6221963573953375,1.0338314696300028,0.030944156587838573,31.717760502534514,74.20852125022219,0
USDJPY,H1@H4,dynamic,M15,48,1.5,True,0.0,0.0,False,979,0.3350357507660878,2.2575466543450156,1.175798381975522,0.11771252932518768,115.24056620935876,43.822304549864285,0
USDJPY,H1@H4,dynamic,M15,24,1.5,False,0.0,0.0,True,0,0.0,0.0,0.0,0.0,0.0,0.0,0
USDJPY,H1@H4,dynamic,M15,24,1.5,True,0.0,0.0,True,0,0.0,0.0,0.0,0.0,0.0,0.0,0
USDJPY,H1@H4,dynamic,M15,48,1.5,False,0.0,0.0,True,0,0.0,0.0,0.0,0.0,0.0,0.0,0
USDJPY,H1@H4,dynamic,M15,48,1.5,True,0.0,0.0,True,0,0.0,0.0,0.0,0.0,0.0,0.0,0
USDJPY,H1@H4,dynamic,M15,24,1.5,False,0.0,2.0,False,969,0.3157894736842105,1.8277758320169806,1.142972327263696,0.095144202204643,92.19473193629906,61.32453422961246,0
USDJPY,H1@H4,dynamic,M15,24,1.5,True,0.0,2.0,False,919,0.3558215451577802,3.530525531360661,1.313449922710319,0.1943714000873941,178.6273166803151,39.476558551142915,0
USDJPY,H1@H4,dynamic,M15,48,1.5,False,0.0,2.0,False,1025,0.2975609756097561,0.6275764044352876,1.0338408967374273,0.031217119481556917,31.997547468595815,74.20852125022219,0
USDJPY,H1@H4,dynamic,M15,48,1.5,True,0.0,2.0,False,979,0.33401430030643514,2.2268187605365806,1.175121779596432,0.11614092441397186,113.70196500127848,43.822304549864285,0
USDJPY,H1@H4,dynamic,M15,24,1.5,False,0.0,2.0,True,0,0.0,0.0,0.0,0.0,0.0,0.0,0
USDJPY,H1@H4,dynamic,M15,24,1.5,True,0.0,2.0,True,0,0.0,0.0,0.0,0.0,0.0,0.0,0
USDJPY,H1@H4,dynamic,M15,48,1.5,False,0.0,2.0,True,0,0.0,0.0,0.0,0.0,0.0,0.0,0
USDJPY,H1@H4,dynamic,M15,48,1.5,True,0.0,2.0,True,0,0.0,0.0,0.0,0.0,0.0,0.0,0
USDJPY,H1@H4,dynamic,M15,24,1.5,False,0.0,3.0,False,968,0.3130165289256198,1.739213159113475,1.1397453900518486,0.09070313145734564,87.80063125071055,63.90172126031364,0
USDJPY,H1@H4,dynamic,M15,24,1.5,True,0.0,3.0,False,918,0.355119825708061,3.5157843316527115,1.313037583891214,0.1936234591925454,177.74633553875663,41.70826483860887,0
USDJPY,H1@H4,dynamic,M15,48,1.5,False,0.0,3.0,False,1024,0.2939453125,0.4801179031699268,1.0294691654509838,0.023907300908450196,24.481076130252966,79.14519492254529,0
USDJPY,H1@H4,dynamic,M15,48,1.5,True,0.0,3.0,False,978,0.3312883435582822,2.1271204066977125,1.172001641704896,0.11098987767394934,108.54810036512245,46.48658904532906,0
USDJPY,H1@H4,dynamic,M15,24,1.5,False,0.0,3.0,True,0,0.0,0.0,0.0,0.0,0.0,0.0,0
USDJPY,H1@H4,dynamic,M15,24,1.5,True,0.0,3.0,True,0,0.0,0.0,0.0,0.0,0.0,0.0,0
USDJPY,H1@H4,dynamic,M15,48,1.5,False,0.0,3.0,True,0,0.0,0.0,0.0,0.0,0.0,0.0,0
USDJPY,H1@H4,dynamic,M15,48,1.5,True,0.0,3.0,True,0,0.0,0.0,0.0,0.0,0.0,0.0,0
USDJPY,H1@H4,dynamic,M15,24,1.5,False,0.0,5.0,False,956,0.30857740585774057,1.7087350593908457,1.1347454226098648,0.09043343723330442,86.45436599503904,66.56635464488451,0
USDJPY,H1@H4,dynamic,M15,24,1.5,True,0.0,5.0,False,912,0.3519736842105263,3.406383670953788,1.305183848016798,0.18717035183513106,170.69936087363953,41.79645641578963,0
USDJPY,H1@H4,dynamic,M15,48,1.5,False,0.0,5.0,False,1010,0.2891089108910891,0.43243573384371864,1.0264524583081425,0.021857215225120134,22.075787377371313,81.52956268463774,0
USDJPY,H1@H4,dynamic,M15,48,1.5,True,0.0,5.0,False,966,0.3302277432712215,2.121854440765784,1.1732501402736513,0.11095470305156059,107.1822431478075,46.980723571671014,0
USDJPY,H1@H4,dynamic,M15,24,1.5,False,0.0,5.0,True,0,0.0,0.0,0.0,0.0,0.0,0.0,0
USDJPY,H1@H4,dynamic,M15,24,1.5,True,0.0,5.0,True,0,0.0,0.0,0.0,0.0,0.0,0.0,0
USDJPY,H1@H4,dynamic,M15,48,1.5,False,0.0,5.0,True,0,0.0,0.0,0.0,0.0,0.0,0.0,0
USDJPY,H1@H4,dynamic,M15,48,1.5,True,0.0,5.0,True,0,0.0,0.0,0.0,0.0,0.0,0.0,0
USDJPY,H1@H4,dynamic,M15,24,2.25,False,0.0,0.0,False,969,0.3157894736842105,0.6188178815050653,1.0656752267779954,0.030415585200887493,29.472702059660005,75.48967533281011,0
USDJPY,H1@H4,dynamic,M15,24,2.25,True,0.0,0.0,False,919,0.35690968443960824,2.4200498751817294,1.2243840836631985,0.12541634411579622,115.2576202424168,44.31721111140184,0
USDJPY,H1@H4,dynamic,M15,48,2.25,False,0.0,0.0,False,1025,0.2975609756097561,-0.637787252221965,0.9645486794821905,-0.02994837957149355,-30.697089060780904,92.12337483833466,0
USDJPY,H1@H4,dynamic,M15,48,2.25,True,0.0,0.0,False,979,0.3350357507660878,1.045673897340354,1.095413932698631,0.05134775372883511,50.269450900529556,53.45583525910838,0
USDJPY,H1@H4,dynamic,M15,24,2.25,False,0.0,0.0,True,0,0.0,0.0,0.0,0.0,0.0,0.0,0
USDJPY,H1@H4,dynamic,M15,24,2.25,True,0.0,0.0,True,0,0.0,0.0,0.0,0.0,0.0,0.0,0
USDJPY,H1@H4,dynamic,M15,48,2.25,False,0.0,0.0,True,0,0.0,0.0,0.0,0.0,0.0,0.0,0
USDJPY,H1@H4,dynamic,M15,48,2.25,True,0.0,0.0,True,0,0.0,0.0,0.0,0.0,0.0,0.0,0
USDJPY,H1@H4,dynamic,M15,24,2.25,False,0.0,2.0,False,968,0.3130165289256198,0.5644518775229685,1.0629457611441262,0.027815516796114326,26.925420258638685,76.92964525542084,0
USDJPY,H1@H4,dynamic,M15,24,2.25,True,0.0,2.0,False,918,0.355119825708061,2.4023775871400095,1.223525217705147,0.12469669783822847,114.47156861549381,46.27476685894334,0
USDJPY,H1@H4,dynamic,M15,48,2.25,False,0.0,2.0,False,1024,0.2939453125,-0.7483217928582885,0.960768817192346,-0.03520642675595988,-36.051380998102935,96.06584060121124,0
USDJPY,H1@H4,dynamic,M15,48,2.25,True,0.0,2.0,False,978,0.3312883435582822,0.950300848034676,1.0922025337358248,0.04674449876028209,45.71611978755586,55.65448253777284,0
USDJPY,H1@H4,dynamic,M15,24,2.25,False,0.0,2.0,True,0,0.0,0.0,0.0,0.0,0.0,0.0,0
USDJPY,H1@H4,dynamic,M15,24,2.25,True,0.0,2.0,True,0,0.0,0.0,0.0,0.0,0.0,0.0,0
USDJPY,H1@H4,dynamic,M15,48,2.25,False,0.0,2.0,True,0,0.0,0.0,0.0,0.0,0.0,0.0,0
USDJPY,H1@H4,dynamic,M15,48,2.25,True,0.0,2.0,True,0,0.0,0.0,0.0,0.0,0.0,0.0,0
USDJPY,H1@H4,dynamic,M15,24,2.25,False,0.0,3.0,False,956,0.3064853556485356,0.4311270259065382,1.053724096807509,0.021520670119634704,20.57376063437085,85.31887172855562,0
USDJPY,H1@H4,dynamic,M15,24,2.25,True,0.0,3.0,False,916,0.35262008733624456,2.3858017305150216,1.2211828539376663,0.12388959104803776,113.48286540000265,45.83644658681139,0
USDJPY,H1@H4,dynamic,M15,48,2.25,False,0.0,3.0,False,1012,0.2885375494071146,-0.8142465231361361,0.9557706008168966,-0.038802137993202174,-39.26776364912057,103.83672073135966,0
USDJPY,H1@H4,dynamic,M15,48,2.25,True,0.0,3.0,False,973,0.328879753340185,0.9335060824980537,1.0908994221055797,0.04602123728674786,44.77866388000566,55.399786655440295,0
USDJPY,H1@H4,dynamic,M15,24,2.25,False,0.0,3.0,True,0,0.0,0.0,0.0,0.0,0.0,0.0,0
USDJPY,H1@H4,dynamic,M15,24,2.25,True,0.0,3.0,True,0,0.0,0.0,0.0,0.0,0.0,0.0,0
USDJPY,H1@H4,dynamic,M15,48,2.25,False,0.0,3.0,True,0,0.0,0.0,0.0,0.0,0.0,0.0,0
USDJPY,H1@H4,dynamic,M15,48,2.25,True,0.0,3.0,True,0,0.0,0.0,0.0,0.0,0.0,0.0,0
USDJPY,H1@H4,dynamic,M15,24,2.25,False,0.0,5.0,False,930,0.3064516129032258,0.9596608630756202,1.0604333378821231,0.04980923514606535,46.32258868584081,60.17223748826798,0
USDJPY,H1@H4,dynamic,M15,24,2.25,True,0.0,5.0,False,902,0.352549889135255,2.5537374151857035,1.2100534543674821,0.1337336195620895,120.6277248450048,34.071318106539835,0
USDJPY,H1@H4,dynamic,M15,48,2.25,False,0.0,5.0,False,991,0.289606458123108,-0.15873065977480275,0.9733617534859266,-0.007851994967263982,-7.781327012558559,80.42763154988549,0
USDJPY,H1@H4,dynamic,M15,48,2.25,True,0.0,5.0,False,953,0.3315844700944386,1.3286906304363362,1.0967863276672822,0.0665827892815597,63.45339818532641,43.522264029821535,0
USDJPY,H1@H4,dynamic,M15,24,2.25,False,0.0,5.0,True,0,0.0,0.0,0.0,0.0,0.0,0.0,0
USDJPY,H1@H4,dynamic,M15,24,2.25,True,0.0,5.0,True,0,0.0,0.0,0.0,0.0,0.0,0.0,0
USDJPY,H1@H4,dynamic,M15,48,2.25,False,0.0,5.0,True,0,0.0,0.0,0.0,0.0,0.0,0.0,0
USDJPY,H1@H4,dynamic,M15,48,2.25,True,0.0,5.0,True,0,0.0,0.0,0.0,0.0,0.0,0.0,0
USDJPY,H1@H4,dynamic,M15,24,3.0,False,0.0,0.0,False,969,0.3157894736842105,-0.5486580534567502,0.9954419811492361,-0.02559521391247308,-24.801762281186438,95.61977551644175,0
USDJPY,H1@H4,dynamic,M15,24,3.0,True,0.0,0.0,False,919,0.35690968443960824,1.3073704729715159,1.142702100978465,0.06416327774814849,58.96605225054848,48.50159828620541,0
USDJPY,H1@H4,dynamic,M15,48,3.0,False,0.0,0.0,False,1025,0.2975609756097561,-1.85885344279411,0.9015539947164442,-0.08283075833576627,-84.90152729416042,115.60888786522871,0
USDJPY,H1@H4,dynamic,M15,48,3.0,True,0.0,0.0,False,979,0.3350357507660878,-0.1319830282389315,1.0223689498381794,-0.006138412609579829,-6.009505944778654,61.84607464556384,0
USDJPY,H1@H4,dynamic,M15,24,3.0,False,0.0,0.0,True,0,0.0,0.0,0.0,0.0,0.0,0.0,0
USDJPY,H1@H4,dynamic,M15,24,3.0,True,0.0,0.0,True,0,0.0,0.0,0.0,0.0,0.0,0.0,0
USDJPY,H1@H4,dynamic,M15,48,3.0,False,0.0,0.0,True,0,0.0,0.0,0.0,0.0,0.0,0.0,0
USDJPY,H1@H4,dynamic,M15,48,3.0,True,0.0,0.0,True,0,0.0,0.0,0.0,0.0,0.0,0.0,0
USDJPY,H1@H4,dynamic,M15,24,3.0,False,0.0,2.0,False,962,0.3087318087318087,-0.6258739760250241,0.9894016005597047,-0.029520175049548025,-28.398408397665108,98.67829811237463,0
USDJPY,H1@H4,dynamic,M15,24,3.0,True,0.0,2.0,False,919,0.35473340587595215,1.391447864729811,1.1449207238544794,0.06845846116048485,62.91332580648561,50.50922436588167,0
USDJPY,H1@H4,dynamic,M15,48,3.0,False,0.0,2.0,False,1017,0.29006882989183874,-1.9646972432189684,0.8958683201145174,-0.08849873694126967,-90.0032154692712,121.59506209218527,0
USDJPY,H1@H4,dynamic,M15,48,3.0,True,0.0,2.0,False,976,0.32991803278688525,-0.1623804761488517,1.0204882719179083,-0.007586774444284685,-7.404691857621817,65.50397507632059,0
USDJPY,H1@H4,dynamic,M15,24,3.0,False,0.0,2.0,True,0,0.0,0.0,0.0,0.0,0.0,0.0,0
USDJPY,H1@H4,dynamic,M15,24,3.0,True,0.0,2.0,True,0,0.0,0.0,0.0,0.0,0.0,0.0,0
USDJPY,H1@H4,dynamic,M15,48,3.0,False,0.0,2.0,True,0,0.0,0.0,0.0,0.0,0.0,0.0,0
USDJPY,H1@H4,dynamic,M15,48,3.0,True,0.0,2.0,True,0,0.0,0.0,0.0,0.0,0.0,0.0,0
USDJPY,H1@H4,dynamic,M15,24,3.0,False,0.0,3.0,False,953,0.29800629590766003,-0.8457673078574041,0.9657091976103895,-0.040510058938826976,-38.60608616870209,99.62359973842408,0
USDJPY,H1@H4,dynamic,M15,24,3.0,True,0.0,3.0,False,911,0.34796926454445665,1.2601794297468694,1.12541615977438,0.06244824783805389,56.890353780467116,49.87575226847345,0
USDJPY,H1@H4,dynamic,M15,48,3.0,False,0.0,3.0,False,1010,0.28217821782178215,-2.00000121427341,0.8860270659691498,-0.09154804388114686,-92.4635243199584,117.358234145459,0
USDJPY,H1@H4,dynamic,M15,48,3.0,True,0.0,3.0,False,964,0.32676348547717843,-0.07953501300764419,1.0162948610882878,-0.0037578210530905343,-3.622539495179226,60.85643972299665,0
USDJPY,H1@H4,dynamic,M15,24,3.0,False,0.0,3.0,True,0,0.0,0.0,0.0,0.0,0.0,0.0,0
USDJPY,H1@H4,dynamic,M15,24,3.0,True,0.0,3.0,True,0,0.0,0.0,0.0,0.0,0.0,0.0,0
USDJPY,H1@H4,dynamic,M15,48,3.0,False,0.0,3.0,True,0,0.0,0.0,0.0,0.0,0.0,0.0,0
USDJPY,H1@H4,dynamic,M15,48,3.0,True,0.0,3.0,True,0,0.0,0.0,0.0,0.0,0.0,0.0,0
USDJPY,H1@H4,dynamic,M15,24,3.0,False,0.0,5.0,False,882,0.29138321995464855,-0.3049366042277237,0.9757279903235381,-0.015791900159958794,-13.928455941083598,67.69530260138299,0
USDJPY,H1@H4,dynamic,M15,24,3.0,True,0.0,5.0,False,872,0.36123853211009177,2.452407060492154,1.1906766814265404,0.12664661369330477,110.43584714056168,30.966481838015948,0
USDJPY,H1@H4,dynamic,M15,48,3.0,False,0.0,5.0,False,938,0.2857142857142857,-0.7056541094485226,0.9401898921021752,-0.03521661695894085,-33.03318670748628,62.07382110662288,0
USDJPY,H1@H4,dynamic,M15,48,3.0,True,0.0,5.0,False,919,0.34276387377584333,1.3888805333513736,1.0911101014955624,0.0689222624800232,63.339559219141364,45.13539861929798,0
USDJPY,H1@H4,dynamic,M15,24,3.0,False,0.0,5.0,True,0,0.0,0.0,0.0,0.0,0.0,0.0,0
USDJPY,H1@H4,dynamic,M15,24,3.0,True,0.0,5.0,True,0,0.0,0.0,0.0,0.0,0.0,0.0,0
USDJPY,H1@H4,dynamic,M15,48,3.0,False,0.0,5.0,True,0,0.0,0.0,0.0,0.0,0.0,0.0,0
USDJPY,H1@H4,dynamic,M15,48,3.0,True,0.0,5.0,True,0,0.0,0.0,0.0,0.0,0.0,0.0,0
USDJPY,H1@H4,dynamic,M5,24,0.0,False,0.0,0.0,False,406,0.3669950738916256,4.884964650698738,1.656473024810141,0.46798029556650245,190.0,14.0,0
USDJPY,H1@H4,dynamic,M5,24,0.0,True,0.0,0.0,False,379,0.39050131926121373,5.357630499890027,1.8357239965343188,0.5978097948371759,226.56991224328945,12.8931462083365,0
USDJPY,H1@H4,dynamic,M5,48,0.0,False,0.0,0.0,False,447,0.36017897091722595,4.8470523423702865,1.6021528609613334,0.4407158836689038,197.0,13.0,0
USDJPY,H1@H4,dynamic,M5,48,0.0,True,0.0,0.0,False,414,0.3888888888888889,5.559748302794415,1.8331499541866272,0.5929410173645346,245.47758118891713,12.800000000000011,0
USDJPY,H1@H4,dynamic,M5,24,0.0,False,0.0,0.0,True,0,0.0,0.0,0.0,0.0,0.0,0.0,0
USDJPY,H1@H4,dynamic,M5,24,0.0,True,0.0,0.0,True,0,0.0,0.0,0.0,0.0,0.0,0.0,0
USDJPY,H1@H4,dynamic,M5,48,0.0,False,0.0,0.0,True,0,0.0,0.0,0.0,0.0,0.0,0.0,0
USDJPY,H1@H4,dynamic,M5,48,0.0,True,0.0,0.0,True,0,0.0,0.0,0.0,0.0,0.0,0.0,0
USDJPY,H1@H4,dynamic,M5,24,0.0,False,0.0,2.0,False,406,0.3669950738916256,4.884964650698738,1.656473024810141,0.46798029556650245,190.0,14.0,0
USDJPY,H1@H4,dynamic,M5,24,0.0,True,0.0,2.0,False,379,0.39050131926121373,5.357630499890027,1.8357239965343188,0.5978097948371759,226.56991224328945,12.8931462083365,0
USDJPY,H1@H4,dynamic,M5,48,0.0,False,0.0,2.0,False,447,0.36017897091722595,4.8470523423702865,1.6021528609613334,0.4407158836689038,197.0,13.0,0
USDJPY,H1@H4,dynamic,M5,48,0.0,True,0.0,2.0,False,414,0.3888888888888889,5.559748302794415,1.8331499541866272,0.5929410173645346,245.47758118891713,12.800000000000011,0
USDJPY,H1@H4,dynamic,M5,24,0.0,False,0.0,2.0,True,0,0.0,0.0,0.0,0.0,0.0,0.0,0
USDJPY,H1@H4,dynamic,M5,24,0.0,True,0.0,2.0,True,0,0.0,0.0,0.0,0.0,0.0,0.0,0
USDJPY,H1@H4,dynamic,M5,48,0.0,False,0.0,2.0,True,0,0.0,0.0,0.0,0.0,0.0,0.0,0
USDJPY,H1@H4,dynamic,M5,48,0.0,True,0.0,2.0,True,0,0.0,0.0,0.0,0.0,0.0,0.0,0
USDJPY,H1@H4,dynamic,M5,24,0.0,False,0.0,3.0,False,406,0.3669950738916256,4.884964650698738,1.656473024810141,0.46798029556650245,190.0,14.0,0
USDJPY,H1@H4,dynamic,M5,24,0.0,True,0.0,3.0,False,379,0.39050131926121373,5.357630499890027,1.8357239965343188,0.5978097948371759,226.56991224328945,12.8931462083365,0
USDJPY,H1@H4,dynamic,M5,48,0.0,False,0.0,3.0,False,447,0.36017897091722595,4.8470523423702865,1.6021528609613334,0.4407158836689038,197.0,13.0,0
USDJPY,H1@H4,dynamic,M5,48,0.0,True,0.0,3.0,False,414,0.3888888888888889,5.559748302794415,1.8331499541866272,0.5929410173645346,245.47758118891713,12.800000000000011,0
USDJPY,H1@H4,dynamic,M5,24,0.0,False,0.0,3.0,True,0,0.0,0.0,0.0,0.0,0.0,0.0,0
USDJPY,H1@H4,dynamic,M5,24,0.0,True,0.0,3.0,True,0,0.0,0.0,0.0,0.0,0.0,0.0,0
USDJPY,H1@H4,dynamic,M5,48,0.0,False,0.0,3.0,True,0,0.0,0.0,0.0,0.0,0.0,0.0,0
USDJPY,H1@H4,dynamic,M5,48,0.0,True,0.0,3.0,True,0,0.0,0.0,0.0,0.0,0.0,0.0,0
USDJPY,H1@H4,dynamic,M5,24,0.0,False,0.0,5.0,False,406,0.3669950738916256,4.884964650698738,1.656473024810141,0.46798029556650245,190.0,14.0,0
USDJPY,H1@H4,dynamic,M5,24,0.0,True,0.0,5.0,False,379,0.39050131926121373,5.357630499890027,1.8357239965343188,0.5978097948371759,226.56991224328945,12.8931462083365,0
USDJPY,H1@H4,dynamic,M5,48,0.0,False,0.0,5.0,False,447,0.36017897091722595,4.8470523423702865,1.6021528609613334,0.4407158836689038,197.0,13.0,0
USDJPY,H1@H4,dynamic,M5,48,0.0,True,0.0,5.0,False,414,0.3888888888888889,5.559748302794415,1.8331499541866272,0.5929410173645346,245.47758118891713,12.800000000000011,0
USDJPY,H1@H4,dynamic,M5,24,0.0,False,0.0,5.0,True,0,0.0,0.0,0.0,0.0,0.0,0.0,0
USDJPY,H1@H4,dynamic,M5,24,0.0,True,0.0,5.0,True,0,0.0,0.0,0.0,0.0,0.0,0.0,0
USDJPY,H1@H4,dynamic,M5,48,0.0,False,0.0,5.0,True,0,0.0,0.0,0.0,0.0,0.0,0.0,0
USDJPY,H1@H4,dynamic,M5,48,0.0,True,0.0,5.0,True,0,0.0,0.0,0.0,0.0,0.0,0.0,0
USDJPY,H1@H4,dynamic,M5,24,1.5,False,0.0,0.0,False,406,0.3669950738916256,2.5481696353200465,1.328040811356769,0.2009179873030094,81.57270284502184,14.685965566922565,0
USDJPY,H1@H4,dynamic,M5,24,1.5,True,0.0,0.0,False,379,0.39050131926121373,3.378464881393044,1.4769870947487762,0.3094950076284161,117.29860789116967,15.384759250435796,0
USDJPY,H1@H4,dynamic,M5,48,1.5,False,0.0,0.0,False,447,0.36017897091722595,2.363857078675659,1.2832429402024375,0.17663670917262098,78.9566090001616,14.660443525158826,0
USDJPY,H1@H4,dynamic,M5,48,1.5,True,0.0,0.0,False,414,0.3888888888888889,3.490717569572215,1.475786865189561,0.30575876862123175,126.58413020918991,14.030882652083271,0
USDJPY,H1@H4,dynamic,M5,24,1.5,False,0.0,0.0,True,0,0.0,0.0,0.0,0.0,0.0,0.0,0
USDJPY,H1@H4,dynamic,M5,24,1.5,True,0.0,0.0,True,0,0.0,0.0,0.0,0.0,0.0,0.0,0
USDJPY,H1@H4,dynamic,M5,48,1.5,False,0.0,0.0,True,0,0.0,0.0,0.0,0.0,0.0,0.0,0
USDJPY,H1@H4,dynamic,M5,48,1.5,True,0.0,0.0,True,0,0.0,0.0,0.0,0.0,0.0,0.0,0
USDJPY,H1@H4,dynamic,M5,24,1.5,False,0.0,2.0,False,406,0.3669950738916256,2.5757738493646456,1.3284583046016536,0.2033504897574919,82.56029884154174,14.685965566922565,0
USDJPY,H1@H4,dynamic,M5,24,1.5,True,0.0,2.0,False,379,0.39050131926121373,3.3898703794236353,1.476298766990888,0.31061335123372746,117.72246011758266,15.384759250435796,0
USDJPY,H1@H4,dynamic,M5,48,1.5,False,0.0,2.0,False,447,0.36017897091722595,2.398962889118651,1.2851059526708484,0.179541314221966,80.25496745721883,14.660443525158826,0
USDJPY,H1@H4,dynamic,M5,48,1.5,True,0.0,2.0,False,414,0.3888888888888889,3.5078363170068148,1.4762388152954866,0.3073643075906265,127.24882334251933,14.030882652083271,0
USDJPY,H1@H4,dynamic,M5,24,1.5,False,0.0,2.0,True,0,0.0,0.0,0.0,0.0,0.0,0.0,0
USDJPY,H1@H4,dynamic,M5,24,1.5,True,0.0,2.0,True,0,0.0,0.0,0.0,0.0,0.0,0.0,0
USDJPY,H1@H4,dynamic,M5,48,1.5,False,0.0,2.0,True,0,0.0,0.0,0.0,0.0,0.0,0.0,0
USDJPY,H1@H4,dynamic,M5,48,1.5,True,0.0,2.0,True,0,0.0,0.0,0.0,0.0,0.0,0.0,0
USDJPY,H1@H4,dynamic,M5,24,1.5,False,0.0,3.0,False,405,0.37037037037037035,2.8005053365376673,1.3424203964984311,0.22300594121813308,90.31740619334384,14.685965566922565,0
USDJPY,H1@H4,dynamic,M5,24,1.5,True,0.0,3.0,False,379,0.39050131926121373,3.41277271972517,1.4725017768911164,0.31228029375187777,118.3542313319617,15.384759250435796,0
USDJPY,H1@H4,dynamic,M5,48,1.5,False,0.0,3.0,False,446,0.3609865470852018,2.5424338683780867,1.2938323605043431,0.19181543613776517,85.54968451744324,14.660443525158826,0
USDJPY,H1@H4,dynamic,M5,48,1.5,True,0.0,3.0,False,414,0.3864734299516908,3.5505944245903933,1.4754274109847973,0.31276471112054277,129.4845904039047,14.024182363898987,0
USDJPY,H1@H4,dynamic,M5,24,1.5,False,0.0,3.0,True,0,0.0,0.0,0.0,0.0,0.0,0.0,0
USDJPY,H1@H4,dynamic,M5,24,1.5,True,0.0,3.0,True,0,0.0,0.0,0.0,0.0,0.0,0.0,0
USDJPY,H1@H4,dynamic,M5,48,1.5,False,0.0,3.0,True,0,0.0,0.0,0.0,0.0,0.0,0.0,0
USDJPY,H1@H4,dynamic,M5,48,1.5,True,0.0,3.0,True,0,0.0,0.0,0.0,0.0,0.0,0.0,0
USDJPY,H1@H4,dynamic,M5,24,1.5,False,0.0,5.0,False,401,0.3566084788029925,2.6727635072153446,1.3324295271099875,0.21904118158033312,87.83551381371362,14.685965566922565,0
USDJPY,H1@H4,dynamic,M5,24,1.5,True,0.0,5.0,False,374,0.38235294117647056,3.2615851899042307,1.4432617914356607,0.29868355866522833,111.70765094079529,15.384759250435796,0
USDJPY,H1@H4,dynamic,M5,48,1.5,False,0.0,5.0,False,442,0.3552036199095023,2.7390716182284205,1.3199890992104264,0.2134542033110464,94.34675786348254,14.35263223358881,0
USDJPY,H1@H4,dynamic,M5,48,1.5,True,0.0,5.0,False,409,0.38141809290953543,3.4796533865479606,1.4603304719110148,0.30518728217608904,124.82159841002029,16.133569541658886,0
USDJPY,H1@H4,dynamic,M5,24,1.5,False,0.0,5.0,True,0,0.0,0.0,0.0,0.0,0.0,0.0,0
USDJPY,H1@H4,dynamic,M5,24,1.5,True,0.0,5.0,True,0,0.0,0.0,0.0,0.0,0.0,0.0,0
USDJPY,H1@H4,dynamic,M5,48,1.5,False,0.0,5.0,True,0,0.0,0.0,0.0,0.0,0.0,0.0,0
USDJPY,H1@H4,dynamic,M5,48,1.5,True,0.0,5.0,True,0,0.0,0.0,0.0,0.0,0.0,0.0,0
USDJPY,H1@H4,dynamic,M5,24,2.25,False,0.0,0.0,False,406,0.3669950738916256,1.4412579742147562,1.1975269679902714,0.10507459672658687,42.66028627099428,15.760310523239864,0
USDJPY,H1@H4,dynamic,M5,24,2.25,True,0.0,0.0,False,379,0.39050131926121373,2.4281626604109627,1.333961616017961,0.20526799167486476,77.79656884477372,16.44457872058134,0
USDJPY,H1@H4,dynamic,M5,48,2.25,False,0.0,0.0,False,447,0.36017897091722595,1.1903561679001753,1.1566019958842415,0.08221285942347602,36.749148162293785,16.063309489114335,0
USDJPY,H1@H4,dynamic,M5,48,2.25,True,0.0,0.0,False,414,0.3888888888888889,2.499062460947366,1.3332738347722402,0.20200755882087432,83.63112935184196,14.581979262953581,0
USDJPY,H1@H4,dynamic,M5,24,2.25,False,0.0,0.0,True,0,0.0,0.0,0.0,0.0,0.0,0.0,0
USDJPY,H1@H4,dynamic,M5,24,2.25,True,0.0,0.0,True,0,0.0,0.0,0.0,0.0,0.0,0.0,0
USDJPY,H1@H4,dynamic,M5,48,2.25,False,0.0,0.0,True,0,0.0,0.0,0.0,0.0,0.0,0.0,0
USDJPY,H1@H4,dynamic,M5,48,2.25,True,0.0,0.0,True,0,0.0,0.0,0.0,0.0,0.0,0.0,0
USDJPY,H1@H4,dynamic,M5,24,2.25,False,0.0,2.0,False,405,0.37037037037037035,1.7328993004487738,1.2125459601452562,0.12766821927630226,51.70562880690239,15.760310523239864,0
USDJPY,H1@H4,dynamic,M5,24,2.25,True,0.0,2.0,False,379,0.39050131926121373,2.4881926341818223,1.3315894246427333,0.21042740337414634,79.75198587880145,16.44457872058134,0
USDJPY,H1@H4,dynamic,M5,48,2.25,False,0.0,2.0,False,446,0.3609865470852018,1.4161614983935542,1.168035488762398,0.09883833300034844,44.08189651815536,16.063309489114335,0
USDJPY,H1@H4,dynamic,M5,48,2.25,True,0.0,2.0,False,414,0.3864734299516908,2.5924083629149495,1.3347265414547926,0.21087943299756795,87.30408526099313,14.461590426559045,0
USDJPY,H1@H4,dynamic,M5,24,2.25,False,0.0,2.0,True,0,0.0,0.0,0.0,0.0,0.0,0.0,0
USDJPY,H1@H4,dynamic,M5,24,2.25,True,0.0,2.0,True,0,0.0,0.0,0.0,0.0,0.0,0.0,0
USDJPY,H1@H4,dynamic,M5,48,2.25,False,0.0,2.0,True,0,0.0,0.0,0.0,0.0,0.0,0.0,0
USDJPY,H1@H4,dynamic,M5,48,2.25,True,0.0,2.0,True,0,0.0,0.0,0.0,0.0,0.0,0.0,0
USDJPY,H1@H4,dynamic,M5,24,2.25,False,0.0,3.0,False,402,0.36318407960199006,1.8943079885548058,1.2246185258921536,0.14366845135736478,57.754717445660795,15.760310523239864,0
USDJPY,H1@H4,dynamic,M5,24,2.25,True,0.0,3.0,False,375,0.3893333333333333,2.614257583770368,1.3353690045502493,0.22296415162642666,83.61155685991002,16.44457872058134,0
USDJPY,H1@H4,dynamic,M5,48,2.25,False,0.0,3.0,False,443,0.35891647855530473,1.7983401039921323,1.2004809429777121,0.1294823988227816,57.360702678492395,15.76031052324018,0
USDJPY,H1@H4,dynamic,M5,48,2.25,True,0.0,3.0,False,410,0.3878048780487805,2.774251111152488,1.3471397057574264,0.22656414515764234,92.89129951463343,16.597555931909802,0
USDJPY,H1@H4,dynamic,M5,24,2.25,False,0.0,3.0,True,0,0.0,0.0,0.0,0.0,0.0,0.0,0
USDJPY,H1@H4,dynamic,M5,24,2.25,True,0.0,3.0,True,0,0.0,0.0,0.0,0.0,0.0,0.0,0
USDJPY,H1@H4,dynamic,M5,48,2.25,False,0.0,3.0,True,0,0.0,0.0,0.0,0.0,0.0,0.0,0
USDJPY,H1@H4,dynamic,M5,48,2.25,True,0.0,3.0,True,0,0.0,0.0,0.0,0.0,0.0,0.0,0
USDJPY,H1@H4,dynamic,M5,24,2.25,False,0.0,5.0,False,386,0.33678756476683935,1.6450013407974944,1.2086890156834815,0.13339978727491755,51.492317888118215,15.055447560863378,0
USDJPY,H1@H4,dynamic,M5,24,2.25,True,0.0,5.0,False,364,0.3598901098901099,2.0485425597895266,1.270610809151174,0.17837648246861296,64.92903961857509,18.254310267737658,0
USDJPY,H1@H4,dynamic,M5,48,2.25,False,0.0,5.0,False,420,0.3357142857142857,1.6675744831028585,1.200338996280608,0.12948834966579692,54.38510685963474,15.284633195914672,0
USDJPY,H1@H4,dynamic,M5,48,2.25,True,0.0,5.0,False,391,0.36828644501278773,2.47378488281988,1.3221810538032643,0.20844831607207454,81.50329158418113,17.42863293069278,0
USDJPY,H1@H4,dynamic,M5,24,2.25,False,0.0,5.0,True,0,0.0,0.0,0.0,0.0,0.0,0.0,0
USDJPY,H1@H4,dynamic,M5,24,2.25,True,0.0,5.0,True,0,0.0,0.0,0.0,0.0,0.0,0.0,0
USDJPY,H1@H4,dynamic,M5,48,2.25,False,0.0,5.0,True,0,0.0,0.0,0.0,0.0,0.0,0.0,0
USDJPY,H1@H4,dynamic,M5,48,2.25,True,0.0,5.0,True,0,0.0,0.0,0.0,0.0,0.0,0.0,0
USDJPY,H1@H4,dynamic,M5,24,3.0,False,0.0,0.0,False,406,0.3669950738916256,0.36709477325783146,1.0837267450091832,0.02494764815455849,10.12874515075075,16.70164616411892,0
USDJPY,H1@H4,dynamic,M5,24,3.0,True,0.0,0.0,False,379,0.39050131926121373,1.4998534690027523,1.2090333995382712,0.11795428858640736,44.70467537424838,17.644662534540036,0
USDJPY,H1@H4,dynamic,M5,48,3.0,False,0.0,0.0,False,447,0.36017897091722595,0.05246554357459268,1.0462199308108733,0.0033768258944021816,1.509441174797774,17.268810343223784,0
USDJPY,H1@H4,dynamic,M5,48,3.0,True,0.0,0.0,False,414,0.3888888888888889,1.5305497785135176,1.2087767642098926,0.11509808539877413,47.65060735509245,16.025486850061625,0
USDJPY,H1@H4,dynamic,M5,24,3.0,False,0.0,0.0,True,0,0.0,0.0,0.0,0.0,0.0,0.0,0
USDJPY,H1@H4,dynamic,M5,24,3.0,True,0.0,0.0,True,0,0.0,0.0,0.0,0.0,0.0,0.0,0
USDJPY,H1@H4,dynamic,M5,48,3.0,False,0.0,0.0,True,0,0.0,0.0,0.0,0.0,0.0,0.0,0
USDJPY,H1@H4,dynamic,M5,48,3.0,True,0.0,0.0,True,0,0.0,0.0,0.0,0.0,0.0,0.0,0
USDJPY,H1@H4,dynamic,M5,24,3.0,False,0.0,2.0,False,403,0.369727047146402,1.0285844125218522,1.123453337979916,0.07226879971499137,29.124326285141557,16.70164616411892,0
USDJPY,H1@H4,dynamic,M5,24,3.0,True,0.0,2.0,False,376,0.39361702127659576,1.829636535759358,1.2255055634438625,0.14549803742019043,54.70726206999166,17.568604574093605,0
USDJPY,H1@H4,dynamic,M5,48,3.0,False,0.0,2.0,False,443,0.3656884875846501,0.8913013085586775,1.1010123482141354,0.0595208892960405,26.367753958145975,17.03497949745225,0
USDJPY,H1@H4,dynamic,M5,48,3.0,True,0.0,2.0,False,410,0.3926829268292683,1.9833910940540116,1.2391703434047743,0.15140286780931334,62.07517580181852,16.080972644288053,0
USDJPY,H1@H4,dynamic,M5,24,3.0,False,0.0,2.0,True,0,0.0,0.0,0.0,0.0,0.0,0.0,0
USDJPY,H1@H4,dynamic,M5,24,3.0,True,0.0,2.0,True,0,0.0,0.0,0.0,0.0,0.0,0.0,0
USDJPY,H1@H4,dynamic,M5,48,3.0,False,0.0,2.0,True,0,0.0,0.0,0.0,0.0,0.0,0.0,0
USDJPY,H1@H4,dynamic,M5,48,3.0,True,0.0,2.0,True,0,0.0,0.0,0.0,0.0,0.0,0.0,0
USDJPY,H1@H4,dynamic,M5,24,3.0,False,0.0,3.0,False,393,0.34096692111959287,0.6714419868333584,1.086345162884126,0.04957374802785525,19.482482974947118,20.10167530478442,0
USDJPY,H1@H4,dynamic,M5,24,3.0,True,0.0,3.0,False,370,0.37027027027027026,1.6847332313895689,1.2096772433216283,0.13992726061644134,51.77308642808332,17.360035929167275,0
USDJPY,H1@H4,dynamic,M5,48,3.0,False,0.0,3.0,False,429,0.34265734265734266,0.7646329403563668,1.090100078400516,0.0540516183404259,23.188144268042706,23.101675304784422,0
USDJPY,H1@H4,dynamic,M5,48,3.0,True,0.0,3.0,False,401,0.3740648379052369,1.8690051984050642,1.2287919262787739,0.14829334312893983,59.46563059470488,18.472729642321717,0
USDJPY,H1@H4,dynamic,M5,24,3.0,False,0.0,3.0,True,0,0.0,0.0,0.0,0.0,0.0,0.0,0
USDJPY,H1@H4,dynamic,M5,24,3.0,True,0.0,3.0,True,0,0.0,0.0,0.0,0.0,0.0,0.0,0
USDJPY,H1@H4,dynamic,M5,48,3.0,False,0.0,3.0,True,0,0.0,0.0,0.0,0.0,0.0,0.0,0
USDJPY,H1@H4,dynamic,M5,48,3.0,True,0.0,3.0,True,0,0.0,0.0,0.0,0.0,0.0,0.0,0
USDJPY,H1@H4,dynamic,M5,24,3.0,False,0.0,5.0,False,368,0.3342391304347826,1.4446013534889772,1.1834028734253572,0.1191212072639384,43.836604273129396,20.60955642756524,0
USDJPY,H1@H4,dynamic,M5,24,3.0,True,0.0,5.0,False,358,0.38268156424581007,2.6996943073559163,1.3693535016458982,0.23196187670089355,83.04235185891984,21.82783298345553,0
USDJPY,H1@H4,dynamic,M5,48,3.0,False,0.0,5.0,False,402,0.3283582089552239,1.2629552379396232,1.1509938367018884,0.09915938661783899,39.86207342037128,22.26982787069081,0
USDJPY,H1@H4,dynamic,M5,48,3.0,True,0.0,5.0,False,382,0.3717277486910995,2.404669787705041,1.3140971318461676,0.1987753650077989,75.93218943297916,19.014261554884143,0
USDJPY,H1@H4,dynamic,M5,24,3.0,False,0.0,5.0,True,0,0.0,0.0,0.0,0.0,0.0,0.0,0
USDJPY,H1@H4,dynamic,M5,24,3.0,True,0.0,5.0,True,0,0.0,0.0,0.0,0.0,0.0,0.0,0
USDJPY,H1@H4,dynamic,M5,48,3.0,False,0.0,5.0,True,0,0.0,0.0,0.0,0.0,0.0,0.0,0
USDJPY,H1@H4,dynamic,M5,48,3.0,True,0.0,5.0,True,0,0.0,0.0,0.0,0.0,0.0,0.0,0
USDJPY,M5@M15,none,,48,0.0,False,0.0,0.0,False,2439,0.26691266912669126,1.8928600483109999,0.9685346577962312,0.06782709707906269,165.4302897758339,50.0,0
USDJPY,M5@M15,none,,48,0.0,True,0.0,0.0,False,2154,0.2864438254410399,2.7765055132099303,1.1124234617602553,0.11158664123463363,240.35762521940018,46.726336189339975,0
USDJPY,M5@M15,none,,48,0.0,False,0.0,2.0,False,2439,0.26691266912669126,1.8928600483109999,0.9685346577962312,0.06782709707906269,165.4302897758339,50.0,0
USDJPY,M5@M15,none,,48,0.0,True,0.0,2.0,False,2154,0.2864438254410399,2.7765055132099303,1.1124234617602553,0.11158664123463363,240.35762521940018,46.726336189339975,0
USDJPY,M5@M15,none,,48,0.0,False,0.0,3.0,False,2439,0.26691266912669126,1.8928600483109999,0.9685346577962312,0.06782709707906269,165.4302897758339,50.0,0
USDJPY,M5@M15,none,,48,0.0,True,0.0,3.0,False,2154,0.2864438254410399,2.7765055132099303,1.1124234617602553,0.11158664123463363,240.35762521940018,46.726336189339975,0
USDJPY,M5@M15,none,,48,0.0,False,0.0,5.0,False,2439,0.26691266912669126,1.8928600483109999,0.9685346577962312,0.06782709707906269,165.4302897758339,50.0,0
USDJPY,M5@M15,none,,48,0.0,True,0.0,5.0,False,2154,0.2864438254410399,2.7765055132099303,1.1124234617602553,0.11158664123463363,240.35762521940018,46.726336189339975,0
USDJPY,M5@M15,none,,48,1.5,False,0.0,0.0,False,2439,0.26691266912669126,-1.5145642580772531,0.8686565765280345,-0.048481469218554986,-118.2463034240556,123.88393099316642,0
USDJPY,M5@M15,none,,48,1.5,True,0.0,0.0,False,2154,0.2864438254410399,-0.1429077889501804,0.9966114987116726,-0.005100167440530254,-10.985760666902143,73.87013996559718,0
USDJPY,M5@M15,none,,48,1.5,False,0.0,2.0,False,2440,0.2668032786885246,-1.525452105364881,0.8684502129096381,-0.048815356177071265,-119.1094690720539,124.74709664116472,0
USDJPY,M5@M15,none,,48,1.5,True,0.0,2.0,False,2154,0.2864438254410399,-0.1429077889501804,0.9965837549327193,-0.005100167440530254,-10.985760666902143,73.87013996559718,0
USDJPY,M5@M15,none,,48,1.5,False,0.0,3.0,False,2437,0.2667213787443578,-1.509555243501836,0.8687792260680309,-0.048361467118878634,-117.85689536870727,123.49452293781809,0
USDJPY,M5@M15,none,,48,1.5,True,0.0,3.0,False,2154,0.2864438254410399,-0.14788176305048825,0.996569871901741,-0.005275104489988855,-11.362575071435957,73.87013996559718,0
USDJPY,M5@M15,none,,48,1.5,False,0.0,5.0,False,2394,0.2652464494569758,-1.4349895004444275,0.8763063314309092,-0.04660520057997201,-111.57285018845302,117.56897675741703,0
USDJPY,M5@M15,none,,48,1.5,True,0.0,5.0,False,2124,0.2838983050847458,-0.215961479793134,0.9985861321683065,-0.0077427833281656765,-16.445671789023823,71.76847467617785,0
USDJPY,M5@M15,none,,48,2.25,False,0.0,0.0,False,2439,0.26691266912669126,-3.137895963180913,0.824129005845493,-0.09568195096066846,-233.36827839307034,238.11731992171025,0
USDJPY,M5@M15,none,,48,2.25,True,0.0,0.0,False,2154,0.2864438254410399,-1.551560764097584,0.9451044779642548,-0.0526509523270076,-113.41015131237437,125.15507208376322,0
USDJPY,M5@M15,none,,48,2.25,False,0.0,2.0,False,2437,0.2667213787443578,-3.1251087731206013,0.824288345502312,-0.09538016004364307,-232.44145002635796,237.19049155499786,0
USDJPY,M5@M15,none,,48,2.25,True,0.0,2.0,False,2154,0.2864438254410399,-1.5518593667515699,0.9450835584759832,-0.05264843521365327,-113.40472945020913,125.14965022159797,0
USDJPY,M5@M15,none,,48,2.25,False,0.0,3.0,False,2422,0.26548307184145337,-3.08012064701685,0.8242779920015048,-0.0945804157759166,-229.07376700926974,234.87245865453647,0
USDJPY,M5@M15,none,,48,2.25,True,0.0,3.0,False,2136,0.28558052434456926,-1.520972741802958,0.946927011263242,-0.05173684995601259,-110.50991150604277,122.49678293289,0
USDJPY,M5@M15,none,,48,2.25,False,0.0,5.0,False,2239,0.2550245645377401,-3.3756312562212845,0.8176093631348565,-0.1087965661410771,-243.59551158987165,252.93412094205152,0
USDJPY,M5@M15,none,,48,2.25,True,0.0,5.0,False,2018,0.2814667988107037,-1.3817590781726337,0.9502485291591402,-0.0484509674047086,-97.77405222270184,108.58526055876655,0
USDJPY,M5@M15,none,,48,3.0,False,0.0,0.0,False,2439,0.26691266912669126,-4.718162861450387,0.7827060128429562,-0.13756374928474197,-335.5179845054856,339.7087762142732,0
USDJPY,M5@M15,none,,48,3.0,True,0.0,0.0,False,2154,0.2864438254410399,-2.930328797315971,0.8972572070319095,-0.09494948564758225,-204.52119208489242,214.18978921108288,0
USDJPY,M5@M15,none,,48,3.0,False,0.0,2.0,False,2424,0.2669141914191419,-4.548341533640766,0.7840694616631297,-0.13347168442204488,-323.53536303903667,327.7261547478243,0
USDJPY,M5@M15,none,,48,3.0,True,0.0,2.0,False,2147,0.2855146716348393,-2.9475840786136884,0.8953631374770422,-0.09560108508297745,-205.2555296731529,215.0570344531663,0
USDJPY,M5@M15,none,,48,3.0,False,0.0,3.0,False,2342,0.26216908625106744,-4.431875296380295,0.7866548867728452,-0.1335714353361793,-312.82430155733175,322.217985767858,0
USDJPY,M5@M15,none,,48,3.0,True,0.0,3.0,False,2096,0.2833969465648855,-2.75532954084511,0.9041595950872456,-0.0907021168276244,-190.11163687070086,201.4738494371238,0
USDJPY,M5@M15,none,,48,3.0,False,0.0,5.0,False,2043,0.2373959862946647,-5.722144973990415,0.7336427702459819,-0.1850610200581648,-378.07966397883126,386.33587741416284,0
USDJPY,M5@M15,none,,48,3.0,True,0.0,5.0,False,1867,0.2774504552758436,-2.460558658524976,0.8923506783982703,-0.08615195038257271,-160.84569136426353,171.41641150920566,0
USDJPY,M1@M5,none,,48,0.0,False,0.0,0.0,False,2423,0.29508873297565,4.872364926712253,1.118816742023645,0.18060413865742017,437.6038279669291,59.0,0
USDJPY,M1@M5,none,,48,0.0,True,0.0,0.0,False,2423,0.29508873297565,4.876866743905632,1.1189975083535002,0.18076764341725135,438.0,59.0,0
USDJPY,M1@M5,none,,48,0.0,False,0.0,2.0,False,2423,0.29508873297565,4.872364926712253,1.118816742023645,0.18060413865742017,437.6038279669291,59.0,0
USDJPY,M1@M5,none,,48,0.0,True,0.0,2.0,False,2423,0.29508873297565,4.876866743905632,1.1189975083535002,0.18076764341725135,438.0,59.0,0
USDJPY,M1@M5,none,,48,0.0,False,0.0,3.0,False,2423,0.29508873297565,4.872364926712253,1.118816742023645,0.18060413865742017,437.6038279669291,59.0,0
USDJPY,M1@M5,none,,48,0.0,True,0.0,3.0,False,2423,0.29508873297565,4.876866743905632,1.1189975083535002,0.18076764341725135,438.0,59.0,0
USDJPY,M1@M5,none,,48,0.0,False,0.0,5.0,False,2423,0.29508873297565,4.872364926712253,1.118816742023645,0.18060413865742017,437.6038279669291,59.0,0
USDJPY,M1@M5,none,,48,0.0,True,0.0,5.0,False,2423,0.29508873297565,4.876866743905632,1.1189975083535002,0.18076764341725135,438.0,59.0,0
USDJPY,M1@M5,none,,48,1.5,False,0.0,0.0,False,2423,0.29508873297565,-1.7909167648684499,0.8911821826337878,-0.05361214994437983,-129.90223931523215,178.93646179376302,0
USDJPY,M1@M5,none,,48,1.5,True,0.0,0.0,False,2423,0.29508873297565,-1.7838282882162682,0.8913821301163216,-0.053398877188724644,-129.3854794282796,178.93646179376302,0
USDJPY,M1@M5,none,,48,1.5,False,0.0,2.0,False,2410,0.2929460580912863,-1.797888837891476,0.8887982959216618,-0.0541133098977199,-130.41307685350475,179.88335637504176,0
USDJPY,M1@M5,none,,48,1.5,True,0.0,2.0,False,2410,0.2929460580912863,-1.790800690780583,0.8889973255603044,-0.053898886708113034,-129.8963169665522,179.88335637504176,0
USDJPY,M1@M5,none,,48,1.5,False,0.0,3.0,False,2345,0.28827292110874203,-1.7447909731583526,0.889268426987174,-0.05374019357704501,-126.02075393817064,163.90580718099162,0
USDJPY,M1@M5,none,,48,1.5,True,0.0,3.0,False,2345,0.28827292110874203,-1.7376715538095162,0.8894666649646266,-0.053519826887513014,-125.50399405121811,163.90580718099162,0
USDJPY,M1@M5,none,,48,1.5,False,0.0,5.0,False,1931,0.2801657172449508,-1.270810138403581,0.8813663230434896,-0.044332623138629804,-85.60629528069398,133.3998729355166,0
USDJPY,M1@M5,none,,48,1.5,True,0.0,5.0,False,1931,0.2801657172449508,-1.2644286519061718,0.8815727791018123,-0.044109283952948525,-85.17502731314343,133.3998729355166,0
USDJPY,M1@M5,none,,48,2.25,False,0.0,0.0,False,2423,0.29508873297565,-4.890231039575522,0.8009004460759952,-0.13460544922498116,-326.1490034721291,348.47548775677905,0
USDJPY,M1@M5,none,,48,2.25,True,0.0,0.0,False,2423,0.29508873297565,-4.881914770442283,0.8011000852693013,-0.13437406993485523,-325.588371452154,348.47548775677905,0
USDJPY,M1@M5,none,,48,2.25,False,0.0,2.0,False,2345,0.28827292110874203,-4.561527127874191,0.8024771937589914,-0.12961370873945968,-303.94414699403177,318.86314554238857,0
USDJPY,M1@M5,none,,48,2.25,True,0.0,2.0,False,2345,0.28827292110874203,-4.553200037758352,0.8026763421018043,-0.1293746332511974,-303.38351497405665,318.86314554238857,0
USDJPY,M1@M5,none,,48,2.25,False,0.0,3.0,False,2045,0.2841075794621027,-3.483342962200436,0.8069190349008576,-0.10917732114755505,-223.2676217467491,247.62214397028134,0
USDJPY,M1@M5,none,,48,2.25,True,0.0,3.0,False,2045,0.2841075794621027,-3.475378902367206,0.8071279747149677,-0.10892568236961668,-222.75302044586513,247.62214397028134,0
USDJPY,M1@M5,none,,48,2.25,False,0.0,5.0,False,1317,0.2627182991647684,-2.830650525676064,0.8132259582479286,-0.11566957625497001,-152.33683192779617,170.901994714875,0
USDJPY,M1@M5,none,,48,2.25,True,0.0,5.0,False,1317,0.2619589977220957,-2.8596714419278046,0.811891058587093,-0.11680342623468165,-153.83011235107637,170.901994714875,0
USDJPY,M1@M5,none,,48,3.0,False,0.0,0.0,False,2423,0.29508873297565,-7.881948716664685,0.7222620145135757,-0.2013480870413534,-487.8664149011993,498.2716264456838,0
USDJPY,M1@M5,none,,48,3.0,True,0.0,0.0,False,2423,0.29508873297565,-7.872419905371891,0.7224577213067254,-0.20110161527038503,-487.26921380014295,498.2716264456838,0
USDJPY,M1@M5,none,,48,3.0,False,0.0,2.0,False,2171,0.2883463841547674,-6.056407546597533,0.7377082271904213,-0.1703100731126405,-369.7431687275417,382.6633330631146,0
USDJPY,M1@M5,none,,48,3.0,True,0.0,2.0,False,2171,0.2883463841547674,-6.046749859905988,0.7379132693314195,-0.17003499199746028,-369.14596762648534,382.6633330631146,0
USDJPY,M1@M5,none,,48,3.0,False,0.0,3.0,False,1675,0.271044776119403,-5.000621211398635,0.7399451587751797,-0.16720145653618976,-280.0624396981179,293.28322177416163,0
USDJPY,M1@M5,none,,48,3.0,True,0.0,3.0,False,1675,0.27044776119402986,-5.0320369896395745,0.7388473732148225,-0.1681670926413781,-281.6798801743083,293.28322177416163,0
USDJPY,M1@M5,none,,48,3.0,False,0.0,5.0,False,952,0.2668067226890756,-2.233719179255025,0.8248456850629999,-0.10726512438639148,-102.11639841584525,116.19469206663885,0
USDJPY,M1@M5,none,,48,3.0,True,0.0,5.0,False,952,0.2657563025210084,-2.25806071019989,0.8234290434965797,-0.10839778578428395,-103.1946920666389,116.19469206663885,0
USDJPY,M1@M15,none,,48,0.0,False,0.0,0.0,False,949,0.25395152792413067,0.28709159207468055,0.8981599907729003,0.016232504102141172,15.404646392931973,59.0,0
USDJPY,M1@M15,none,,48,0.0,True,0.0,0.0,False,877,0.2645381984036488,0.3996698684621187,1.0478594978884443,0.024255412352439405,21.271996633089366,38.37434741828612,0
USDJPY,M1@M15,none,,48,0.0,False,0.0,2.0,False,949,0.25395152792413067,0.28709159207468055,0.8981599907729003,0.016232504102141172,15.404646392931973,59.0,0
USDJPY,M1@M15,none,,48,0.0,True,0.0,2.0,False,877,0.2645381984036488,0.3996698684621187,1.0478594978884443,0.024255412352439405,21.271996633089366,38.37434741828612,0
USDJPY,M1@M15,none,,48,0.0,False,0.0,3.0,False,949,0.25395152792413067,0.28709159207468055,0.8981599907729003,0.016232504102141172,15.404646392931973,59.0,0
USDJPY,M1@M15,none,,48,0.0,True,0.0,3.0,False,877,0.2645381984036488,0.3996698684621187,1.0478594978884443,0.024255412352439405,21.271996633089366,38.37434741828612,0
USDJPY,M1@M15,none,,48,0.0,False,0.0,5.0,False,949,0.25395152792413067,0.28709159207468055,0.8981599907729003,0.016232504102141172,15.404646392931973,59.0,0
USDJPY,M1@M15,none,,48,0.0,True,0.0,5.0,False,877,0.2645381984036488,0.3996698684621187,1.0478594978884443,0.024255412352439405,21.271996633089366,38.37434741828612,0
USDJPY,M1@M15,none,,48,1.5,False,0.0,0.0,False,949,0.25395152792413067,-2.295097044194327,0.7843611121157762,-0.11353754647601046,-107.74713160573384,120.05027808942727,0
USDJPY,M1@M15,none,,48,1.5,True,0.0,0.0,False,877,0.2645381984036488,-1.8597702053926892,0.9140398584038507,-0.09864074822532055,-86.50793619360614,95.58306828960104,0
USDJPY,M1@M15,none,,48,1.5,False,0.0,2.0,False,947,0.25448785638859556,-2.2472404659733463,0.7852934458357818,-0.11138765654718866,-105.48411075018754,117.78725723388096,0
USDJPY,M1@M15,none,,48,1.5,True,0.0,2.0,False,875,0.2651428571428571,-1.817456225722278,0.9150186349731353,-0.09658049850697843,-84.50793619360614,93.58306828960104,0
USDJPY,M1@M15,none,,48,1.5,False,0.0,3.0,False,942,0.2537154989384289,-2.2573310091195866,0.7835363049755806,-0.11225987392589626,-105.74880123819418,118.0519477218876,0
USDJPY,M1@M15,none,,48,1.5,True,0.0,3.0,False,873,0.26575028636884307,-1.7704638016666543,0.9159685100988507,-0.09422633390823336,-82.25958950188772,91.33472159788262,0
USDJPY,M1@M15,none,,48,1.5,False,0.0,5.0,False,919,0.2546245919477693,-1.9605571840346283,0.7961385164099447,-0.09975270484286841,-91.67273575059599,103.9758822342894,0
USDJPY,M1@M15,none,,48,1.5,True,0.0,5.0,False,840,0.2642857142857143,-1.7058240603539938,0.918330378540197,-0.09232807435585745,-77.55558245892024,86.69654609869919,0
USDJPY,M1@M15,none,,48,2.25,False,0.0,0.0,False,949,0.25395152792413067,-3.5222340917054633,0.7349591460763671,-0.16463377019116932,-156.2374479114196,165.57287574712595,0
USDJPY,M1@M15,none,,48,2.25,True,0.0,0.0,False,877,0.2645381984036488,-2.9434911453866537,0.8562355370858572,-0.1475316438580421,-129.38525166350288,135.89057025853674,0
USDJPY,M1@M15,none,,48,2.25,False,0.0,2.0,False,942,0.2537154989384289,-3.4664054070832653,0.7344782458692077,-0.16293066344385357,-153.48068496411,162.81611279981635,0
USDJPY,M1@M15,none,,48,2.25,True,0.0,2.0,False,873,0.26575028636884307,-2.8451084689108685,0.8582534253801781,-0.1431290901999249,-124.95169574453438,131.45701433956822,0
USDJPY,M1@M15,none,,48,2.25,False,0.0,3.0,False,926,0.25161987041036715,-3.389334304748697,0.7364790363439543,-0.16158753158056893,-149.6300542436067,158.96548207931306,0
USDJPY,M1@M15,none,,48,2.25,True,0.0,3.0,False,859,0.26658905704307334,-2.691128077187127,0.863820618269784,-0.13648468655953308,-117.24034575463888,123.7456643496727,0
USDJPY,M1@M15,none,,48,2.25,False,0.0,5.0,False,825,0.2290909090909091,-4.169378000761707,0.6834671819117308,-0.21039960091545723,-173.57967075525235,187.9427723914866,0
USDJPY,M1@M15,none,,48,2.25,True,0.0,5.0,False,767,0.2607561929595828,-2.3792194714861026,0.8618546568575097,-0.12923586929393002,-99.12391174844426,109.54151135861949,0
USDJPY,M1@M15,none,,48,3.0,False,0.0,0.0,False,949,0.25395152792413067,-4.716635190103335,0.6897142919214386,-0.20928708649055944,-198.61344507954095,205.28282068379266,0
USDJPY,M1@M15,none,,48,3.0,True,0.0,0.0,False,877,0.2645381984036488,-4.001709114071971,0.8034478932805531,-0.19048261522833954,-167.05325355525383,172.16686564813097,0
USDJPY,M1@M15,none,,48,3.0,False,0.0,2.0,False,931,0.2545649838882922,-4.413236172523765,0.6974661346538367,-0.1993706795596871,-185.6141026700687,192.28347827432043,0
USDJPY,M1@M15,none,,48,3.0,True,0.0,2.0,False,863,0.2653534183082271,-3.7959664903547843,0.8087772692195042,-0.18271169938029813,-157.68019656519735,162.79380865807448,0
USDJPY,M1@M15,none,,48,3.0,False,0.0,3.0,False,885,0.24067796610169492,-4.758735435039454,0.6789384567293978,-0.2217555895794033,-196.25369677777186,205.267312848976,0
USDJPY,M1@M15,none,,48,3.0,True,0.0,3.0,False,814,0.257985257985258,-3.6913023027769727,0.807379227996641,-0.18447365977483746,-150.16155905671775,156.27517114959488,0
USDJPY,M1@M15,none,,48,3.0,False,0.0,5.0,False,684,0.21929824561403508,-4.735108281508595,0.6516045404807196,-0.2546424363487251,-174.1754264625279,182.34412646820118,0
USDJPY,M1@M15,none,,48,3.0,True,0.0,5.0,False,656,0.2728658536585366,-2.0119541565192756,0.8722205425285371,-0.11579722363959485,-75.96297870757422,88.16141396293449,0
GBPJPY,H1@H4,none,,48,0.0,False,0.0,0.0,False,2194,0.3454876937101185,1.1867903349857323,1.042823518342834,0.036144427487518456,79.3008739076155,36.0,0
GBPJPY,H1@H4,none,,48,0.0,True,0.0,0.0,False,4065,0.5468634686346864,31.98073278803442,3.063923563528121,0.8532718423127186,3468.550039001201,12.380599861405017,0
GBPJPY,H1@H4,none,,48,1.5,False,0.0,0.0,False,2194,0.3454876937101185,0.33929898097456196,1.0137221652707826,0.010074976916041648,22.104499353795358,66.90962160164538,0
GBPJPY,H1@H4,none,,48,1.5,True,0.0,0.0,False,4065,0.5468634686346864,31.058878075780694,2.980471786403565,0.8081355056273741,3285.0708303752767,12.466070318921311,0
GBPJPY,H1@H4,none,,48,2.25,False,0.0,0.0,False,2194,0.3454876937101185,-0.07978523882512366,0.9995721667588287,-0.002340369160120304,-5.134769937303918,83.95388901553702,0
GBPJPY,H1@H4,none,,48,2.25,True,0.0,0.0,False,4065,0.5468634686346864,30.59810180768533,2.939957065755538,0.7865986681475454,3197.523586019775,12.507309453520975,0
GBPJPY,H1@H4,none,,48,3.0,False,0.0,0.0,False,2194,0.3454876937101185,-0.49591849162614815,0.9856795686996904,-0.01437460719695503,-31.53788819011934,100.44070952814538,0
GBPJPY,H1@H4,none,,48,3.0,True,0.0,0.0,False,4065,0.5468634686346864,30.137768719521222,2.900218839807553,0.7656984790232149,3112.5643172293726,12.547597211382936,0
GBPJPY,H1@H4,static,M15,48,0.0,False,0.0,0.0,False,1517,0.4007910349373764,11.980555962742043,1.7325497439546216,0.6031641397495056,915.0,17.0,0
GBPJPY,H1@H4,static,M15,48,0.0,True,0.0,0.0,False,1450,0.45241379310344826,14.519081142943044,2.224821094901295,0.8099039566398013,1174.360737127713,13.900000000000006,0
GBPJPY,H1@H4,static,M15,48,0.0,False,0.0,0.0,True,29,0.5517241379310345,3.210372312460874,4.1079035678651135,1.206896551724138,35.0,2.0,0
GBPJPY,H1@H4,static,M15,48,0.0,True,0.0,0.0,True,27,0.6296296296296297,3.8510263931070683,6.5875012346782365,1.6168955635233022,43.656180215129176,2.0,0
GBPJPY,H1@H4,static,M15,48,0.0,False,0.0,2.0,False,1517,0.4007910349373764,11.980555962742043,1.7325497439546216,0.6031641397495056,915.0,17.0,0
GBPJPY,H1@H4,static,M15,48,0.0,True,0.0,2.0,False,1450,0.45241379310344826,14.519081142943044,2.224821094901295,0.8099039566398013,1174.360737127713,13.900000000000006,0
GBPJPY,H1@H4,static,M15,48,0.0,False,0.0,2.0,True,29,0.5517241379310345,3.210372312460874,4.1079035678651135,1.206896551724138,35.0,2.0,0
GBPJPY,H1@H4,static,M15,48,0.0,True,0.0,2.0,True,27,0.6296296296296297,3.8510263931070683,6.5875012346782365,1.6168955635233022,43.656180215129176,2.0,0
GBPJPY,H1@H4,static,M15,48,0.0,False,0.0,3.0,False,1517,0.4007910349373764,11.980555962742043,1.7325497439546216,0.6031641397495056,915.0,17.0,0
GBPJPY,H1@H4,static,M15,48,0.0,True,0.0,3.0,False,1450,0.45241379310344826,14.519081142943044,2.224821094901295,0.8099039566398013,1174.360737127713,13.900000000000006,0
GBPJPY,H1@H4,static,M15,48,0.0,False,0.0,3.0,True,29,0.5517241379310345,3.210372312460874,4.1079035678651135,1.206896551724138,35.0,2.0,0
GBPJPY,H1@H4,static,M15,48,0.0,True,0.0,3.0,True,27,0.6296296296296297,3.8510263931070683,6.5875012346782365,1.6168955635233022,43.656180215129176,2.0,0
GBPJPY,H1@H4,static,M15,48,0.0,False,0.0,5.0,False,1517,0.4007910349373764,11.980555962742043,1.7325497439546216,0.6031641397495056,915.0,17.0,0
GBPJPY,H1@H4,static,M15,48,0.0,True,0.0,5.0,False,1450,0.45241379310344826,14.519081142943044,2.224821094901295,0.8099039566398013,1174.360737127713,13.900000000000006,0
GBPJPY,H1@H4,static,M15,48,0.0,False,0.0,5.0,True,29,0.5517241379310345,3.210372312460874,4.1079035678651135,1.206896551724138,35.0,2.0,0
GBPJPY,H1@H4,static,M15,48,0.0,True,0.0,5.0,True,27,0.6296296296296297,3.8510263931070683,6.5875012346782365,1.6168955635233022,43.656180215129176,2.0,0
GBPJPY,H1@H4,static,M15,48,1.5,False,0.0,0.0,False,1517,0.4007910349373764,10.009827562068782,1.5817526284118126,0.4595056738721341,697.070107264027,19.31448536236337,0
GBPJPY,H1@H4,static,M15,48,1.5,True,0.0,0.0,False,1450,0.45241379310344826,12.858951613487086,2.032572739763716,0.6507306364880953,943.5594229077379,14.8884730856754,0
GBPJPY,H1@H4,static,M15,48,1.5,False,0.0,0.0,True,29,0.5517241379310345,2.9850472698983066,3.8097089489054174,1.0414337778047018,30.201579556336352,2.0,0
GBPJPY,H1@H4,static,M15,48,1.5,True,0.0,0.0,True,27,0.6296296296296297,3.6881691293342223,6.033099677648373,1.4075899940290435,38.004929838784165,2.0,0
GBPJPY,H1@H4,static,M15,48,1.5,False,0.0,2.0,False,1517,0.4007910349373764,10.009827562068782,1.5817526284118126,0.4595056738721341,697.070107264027,19.31448536236337,0
GBPJPY,H1@H4,static,M15,48,1.5,True,0.0,2.0,False,1450,0.45241379310344826,12.858951613487086,2.032572739763716,0.6507306364880953,943.5594229077379,14.8884730856754,0
GBPJPY,H1@H4,static,M15,48,1.5,False,0.0,2.0,True,29,0.5517241379310345,2.9850472698983066,3.8097089489054174,1.0414337778047018,30.201579556336352,2.0,0
GBPJPY,H1@H4,static,M15,48,1.5,True,0.0,2.0,True,27,0.6296296296296297,3.6881691293342223,6.033099677648373,1.4075899940290435,38.004929838784165,2.0,0
GBPJPY,H1@H4,static,M15,48,1.5,False,0.0,3.0,False,1517,0.4007910349373764,10.009827562068782,1.5817526284118126,0.4595056738721341,697.070107264027,19.31448536236337,0
GBPJPY,H1@H4,static,M15,48,1.5,True,0.0,3.0,False,1450,0.45241379310344826,12.858951613487086,2.032572739763716,0.6507306364880953,943.5594229077379,14.8884730856754,0
GBPJPY,H1@H4,static,M15,48,1.5,False,0.0,3.0,True,29,0.5517241379310345,2.9850472698983066,3.8097089489054174,1.0414337778047018,30.201579556336352,2.0,0
GBPJPY,H1@H4,static,M15,48,1.5,True,0.0,3.0,True,27,0.6296296296296297,3.6881691293342223,6.033099677648373,1.4075899940290435,38.004929838784165,2.0,0
GBPJPY,H1@H4,static,M15,48,1.5,False,0.0,5.0,False,1516,0.39841688654353563,9.875115151559038,1.578325311685676,0.45379971823669524,687.9603728468292,19.242203271607707,0
GBPJPY,H1@H4,static,M15,48,1.5,True,0.0,5.0,False,1449,0.45134575569358176,12.817692291520439,2.030056816676989,0.6492220693408415,940.7227784748792,14.8884730856754,0
GBPJPY,H1@H4,static,M15,48,1.5,False,0.0,5.0,True,29,0.5517241379310345,3.001111261391088,3.7750253832344005,1.0501396776176826,30.454050650912794,2.0,0
GBPJPY,H1@H4,static,M15,48,1.5,True,0.0,5.0,True,27,0.6296296296296297,3.6785391758835773,5.919706028068681,1.4005041055571743,37.81361085004371,2.0,0
GBPJPY,H1@H4,static,M15,48,2.25,False,0.0,0.0,False,1517,0.4007910349373764,9.04604942947184,1.5132398599480537,0.39852770934116155,604.5665350705422,20.27845504991501,0
GBPJPY,H1@H4,static,M15,48,2.25,True,0.0,0.0,False,1450,0.45241379310344826,12.029982688135679,1.945256418585208,0.5830171820166866,845.374913924195,15.456084495170103,0
GBPJPY,H1@H4,static,M15,48,2.25,False,0.0,0.0,True,29,0.5517241379310345,2.8743255929210347,3.6727641206275443,0.9712401285880518,28.165963729053498,2.0,0
GBPJPY,H1@H4,static,M15,48,2.25,True,0.0,0.0,True,27,0.6296296296296297,3.599454364168419,5.782814116319619,1.3194112527865431,35.62410382523666,2.0,0
GBPJPY,H1@H4,static,M15,48,2.25,False,0.0,2.0,False,1517,0.4007910349373764,9.04604942947184,1.5132398599480537,0.39852770934116155,604.5665350705422,20.27845504991501,0
GBPJPY,H1@H4,static,M15,48,2.25,True,0.0,2.0,False,1450,0.45241379310344826,12.029982688135679,1.945256418585208,0.5830171820166866,845.374913924195,15.456084495170103,0
GBPJPY,H1@H4,static,M15,48,2.25,False,0.0,2.0,True,29,0.5517241379310345,2.8743255929210347,3.6727641206275443,0.9712401285880518,28.165963729053498,2.0,0
GBPJPY,H1@H4,static,M15,48,2.25,True,0.0,2.0,True,27,0.6296296296296297,3.599454364168419,5.782814116319619,1.3194112527865431,35.62410382523666,2.0,0
GBPJPY,H1@H4,static,M15,48,2.25,False,0.0,3.0,False,1517,0.3994726433750824,8.98393495848313,1.5115878566175196,0.3960346193174278,600.7845175045376,20.263758049713772,0
GBPJPY,H1@H4,static,M15,48,2.25,True,0.0,3.0,False,1450,0.45241379310344826,12.031836097676406,1.9444603050052052,0.5829946111689142,845.3421861949248,15.456084495170103,0
GBPJPY,H1@H4,static,M15,48,2.25,False,0.0,3.0,True,29,0.5517241379310345,2.8917914983919277,3.6498133873791634,0.9793997056843919,28.40259146484736,2.0,0
GBPJPY,H1@H4,static,M15,48,2.25,True,0.0,3.0,True,27,0.6296296296296297,3.5959085119661345,5.707967954795324,1.3172477992021452,35.56569057845792,2.0,0
GBPJPY,H1@H4,static,M15,48,2.25,False,0.0,5.0,False,1499,0.39559706470980655,8.864491933329404,1.5042486427505808,0.395723696461353,593.1898209955672,18.93042471638023,0
GBPJPY,H1@H4,static,M15,48,2.25,True,0.0,5.0,False,1439,0.44892286309937457,11.81810677482408,1.9341302286035815,0.5720486710007957,823.1780375701446,14.456084495170103,0
GBPJPY,H1@H4,static,M15,48,2.25,False,0.0,5.0,True,29,0.5517241379310345,2.9138119168067416,3.59875490560468,0.9911104156085574,28.742202052648164,2.0,0
GBPJPY,H1@H4,static,M15,48,2.25,True,0.0,5.0,True,27,0.6296296296296297,3.5905004192428547,5.537522430449399,1.3136868373130437,35.46954460745217,2.0,0
GBPJPY,H1@H4,static,M15,48,3.0,False,0.0,0.0,False,1517,0.4007910349373764,8.096530179818888,1.4487751567681162,0.3432133304333396,520.6546222673766,21.144699906127386,0
GBPJPY,H1@H4,static,M15,48,3.0,True,0.0,0.0,False,1450,0.45241379310344826,11.204738410468813,1.863115873775258,0.5215276072409104,756.2150304993205,15.975631497088614,0
GBPJPY,H1@H4,static,M15,48,3.0,False,0.0,0.0,True,29,0.5517241379310345,2.7657160934120655,3.543063779023636,0.9073425721275746,26.312934591699666,2.0,0
GBPJPY,H1@H4,static,M15,48,3.0,True,0.0,0.0,True,27,0.6296296296296297,3.508495269590111,5.548221863114655,1.2394671560387962,33.4656132130475,2.0,0
GBPJPY,H1@H4,static,M15,48,3.0,False,0.0,2.0,False,1517,0.4001318391562294,8.067687171642227,1.447943385881172,0.3420929164740446,518.9549542911259,21.144699906127386,0
GBPJPY,H1@H4,static,M15,48,3.0,True,0.0,2.0,False,1450,0.45241379310344826,11.206687411785659,1.8627153106229009,0.5216206671669803,756.3499673921218,15.975631497088614,0
GBPJPY,H1@H4,static,M15,48,3.0,False,0.0,2.0,True,29,0.5517241379310345,2.7792192325193352,3.5301733207114605,0.9129102127222761,26.474396168946008,2.0,0
GBPJPY,H1@H4,static,M15,48,3.0,True,0.0,2.0,True,27,0.6296296296296297,3.5085937535627942,5.506755367108866,1.2395186272558814,33.4670029359088,2.0,0
GBPJPY,H1@H4,static,M15,48,3.0,False,0.0,3.0,False,1511,0.39642620780939775,7.921386115279994,1.444612542454437,0.3376253834542319,510.1519543993449,19.89725234718918,0
GBPJPY,H1@H4,static,M15,48,3.0,True,0.0,3.0,False,1445,0.4491349480968858,11.075555979696908,1.8557974995260447,0.5172429128470183,747.416009063942,14.975631497088614,0
GBPJPY,H1@H4,static,M15,48,3.0,False,0.0,3.0,True,29,0.5517241379310345,2.8044691390918897,3.4978445896610237,0.9244044655958394,26.807729502279344,2.0,0
GBPJPY,H1@H4,static,M15,48,3.0,True,0.0,3.0,True,27,0.6296296296296297,3.5087968292627947,5.3986693349288135,1.2396248882788095,33.46987198352786,2.0,0
GBPJPY,H1@H4,static,M15,48,3.0,False,0.0,5.0,False,1444,0.3926592797783934,8.000103199777085,1.4707691099728901,0.35546607608054875,513.293013860311,22.615045447457476,0
GBPJPY,H1@H4,static,M15,48,3.0,True,0.0,5.0,False,1394,0.4447632711621234,10.77942465665,1.8454627486695452,0.5075089543222178,707.4674823251733,18.72121866176377,0
GBPJPY,H1@H4,static,M15,48,3.0,False,0.0,5.0,True,28,0.5714285714285714,3.0236857055895836,3.5926365029362817,1.0217962780225345,28.610295784630956,2.0,0
GBPJPY,H1@H4,static,M15,48,3.0,True,0.0,5.0,True,26,0.6538461538461539,3.734895606100028,5.472875384294419,1.310346112292199,34.06899891959718,2.0,0
GBPJPY,H1@H4,static,M5,48,0.0,False,0.0,0.0,False,604,0.47516556291390727,11.072023144998097,2.2810392005845093,0.9006622516556292,544.0,8.0,0
GBPJPY,H1@H4,static,M5,48,0.0,True,0.0,0.0,False,502,0.5039840637450199,10.55904904104462,2.555918234657217,1.056211239026713,530.2180419914115,9.303314422215465,0
GBPJPY,H1@H4,static,M5,48,0.0,False,0.0,0.0,True,3,0.0,0.0,0.0,-1.0,-3.0,2.0,0
GBPJPY,H1@H4,static,M5,48,0.0,True,0.0,0.0,True,3,0.0,0.0,0.0,-1.0,-3.0,2.0,0
GBPJPY,H1@H4,static,M5,48,0.0,False,0.0,2.0,False,604,0.47516556291390727,11.072023144998097,2.2810392005845093,0.9006622516556292,544.0,8.0,0
GBPJPY,H1@H4,static,M5,48,0.0,True,0.0,2.0,False,502,0.5039840637450199,10.55904904104462,2.555918234657217,1.056211239026713,530.2180419914115,9.303314422215465,0
GBPJPY,H1@H4,static,M5,48,0.0,False,0.0,2.0,True,3,0.0,0.0,0.0,-1.0,-3.0,2.0,0
GBPJPY,H1@H4,static,M5,48,0.0,True,0.0,2.0,True,3,0.0,0.0,0.0,-1.0,-3.0,2.0,0
GBPJPY,H1@H4,static,M5,48,0.0,False,0.0,3.0,False,604,0.47516556291390727,11.072023144998097,2.2810392005845093,0.9006622516556292,544.0,8.0,0
GBPJPY,H1@H4,static,M5,48,0.0,True,0.0,3.0,False,502,0.5039840637450199,10.55904904104462,2.555918234657217,1.056211239026713,530.2180419914115,9.303314422215465,0
GBPJPY,H1@H4,static,M5,48,0.0,False,0.0,3.0,True,3,0.0,0.0,0.0,-1.0,-3.0,2.0,0
GBPJPY,H1@H4,static,M5,48,0.0,True,0.0,3.0,True,3,0.0,0.0,0.0,-1.0,-3.0,2.0,0
GBPJPY,H1@H4,static,M5,48,0.0,False,0.0,5.0,False,604,0.47516556291390727,11.072023144998097,2.2810392005845093,0.9006622516556292,544.0,8.0,0
GBPJPY,H1@H4,static,M5,48,0.0,True,0.0,5.0,False,502,0.5039840637450199,10.55904904104462,2.555918234657217,1.056211239026713,530.2180419914115,9.303314422215465,0
GBPJPY,H1@H4,static,M5,48,0.0,False,0.0,5.0,True,3,0.0,0.0,0.0,-1.0,-3.0,2.0,0
GBPJPY,H1@H4,static,M5,48,0.0,True,0.0,5.0,True,3,0.0,0.0,0.0,-1.0,-3.0,2.0,0
GBPJPY,H1@H4,static,M5,48,1.5,False,0.0,0.0,False,604,0.47516556291390727,9.09694553400539,1.9675959427396492,0.6410412764561589,387.18893097951985,8.531712875047162,0
GBPJPY,H1@H4,static,M5,48,1.5,True,0.0,0.0,False,502,0.5039840637450199,8.997015878891467,2.2080776510847993,0.7715837954442052,387.335065312991,9.97883007872261,0
GBPJPY,H1@H4,static,M5,48,1.5,False,0.0,0.0,True,3,0.0,0.0,0.0,-1.0,-3.0,2.0,0
GBPJPY,H1@H4,static,M5,48,1.5,True,0.0,0.0,True,3,0.0,0.0,0.0,-1.0,-3.0,2.0,0
GBPJPY,H1@H4,static,M5,48,1.5,False,0.0,2.0,False,604,0.47516556291390727,9.09694553400539,1.9675959427396492,0.6410412764561589,387.18893097951985,8.531712875047162,0
GBPJPY,H1@H4,static,M5,48,1.5,True,0.0,2.0,False,502,0.5039840637450199,8.997015878891467,2.2080776510847993,0.7715837954442052,387.335065312991,9.97883007872261,0
GBPJPY,H1@H4,static,M5,48,1.5,False,0.0,2.0,True,3,0.0,0.0,0.0,-1.0,-3.0,2.0,0
GBPJPY,H1@H4,static,M5,48,1.5,True,0.0,2.0,True,3,0.0,0.0,0.0,-1.0,-3.0,2.0,0
GBPJPY,H1@H4,static,M5,48,1.5,False,0.0,3.0,False,604,0.47516556291390727,9.10841440748156,1.9685280324525423,0.642147784285604,387.8572617085047,8.531712875047162,0
GBPJPY,H1@H4,static,M5,48,1.5,True,0.0,3.0,False,502,0.5039840637450199,8.995304457614097,2.2082795733739795,0.7710900933062329,387.0872268397291,9.97883007872261,0
GBPJPY,H1@H4,static,M5,48,1.5,False,0.0,3.0,True,3,0.0,0.0,0.0,-1.0,-3.0,2.0,0
GBPJPY,H1@H4,static,M5,48,1.5,True,0.0,3.0,True,3,0.0,0.0,0.0,-1.0,-3.0,2.0,0
GBPJPY,H1@H4,static,M5,48,1.5,False,0.0,5.0,False,601,0.46755407653910147,8.894513009182377,1.9673695681509566,0.6342872631938666,381.20664517951377,8.531712875047162,0
GBPJPY,H1@H4,static,M5,48,1.5,True,0.0,5.0,False,498,0.4979919678714859,8.781935742823775,2.2028314293906703,0.7517236759276755,374.3583906119826,9.97883007872261,0
GBPJPY,H1@H4,static,M5,48,1.5,False,0.0,5.0,True,3,0.0,0.0,0.0,-1.0,-3.0,2.0,0
GBPJPY,H1@H4,static,M5,48,1.5,True,0.0,5.0,True,3,0.0,0.0,0.0,-1.0,-3.0,2.0,0
GBPJPY,H1@H4,static,M5,48,2.25,False,0.0,0.0,False,604,0.47516556291390727,8.132624142999541,1.8329150803604428,0.539139555049294,325.6402912497737,8.747863247863592,0
GBPJPY,H1@H4,static,M5,48,2.25,True,0.0,0.0,False,502,0.5039840637450199,8.217352164228434,2.0583824417228795,0.6603736081027036,331.5075512675571,10.273637208128832,0
GBPJPY,H1@H4,static,M5,48,2.25,False,0.0,0.0,True,3,0.0,0.0,0.0,-1.0,-3.0,2.0,0
GBPJPY,H1@H4,static,M5,48,2.25,True,0.0,0.0,True,3,0.0,0.0,0.0,-1.0,-3.0,2.0,0
GBPJPY,H1@H4,static,M5,48,2.25,False,0.0,2.0,False,604,0.47516556291390727,8.14798437607561,1.8338795582927812,0.5404226351704857,326.41527164297355,8.747863247863592,0
GBPJPY,H1@H4,static,M5,48,2.25,True,0.0,2.0,False,502,0.5039840637450199,8.218903681851062,2.0586815728189056,0.6603879782179601,331.51476506541593,10.273637208128832,0
GBPJPY,H1@H4,static,M5,48,2.25,False,0.0,2.0,True,3,0.0,0.0,0.0,-1.0,-3.0,2.0,0
GBPJPY,H1@H4,static,M5,48,2.25,True,0.0,2.0,True,3,0.0,0.0,0.0,-1.0,-3.0,2.0,0
GBPJPY,H1@H4,static,M5,48,2.25,False,0.0,3.0,False,603,0.4759535655058043,8.327774239834106,1.8582099644088799,0.5566179633809282,335.6406319186994,8.747863247863592,0
GBPJPY,H1@H4,static,M5,48,2.25,True,0.0,3.0,False,498,0.5060240963855421,8.303475265065964,2.0810048878167353,0.6685662192168444,332.94597716998845,10.273637208128832,0
GBPJPY,H1@H4,static,M5,48,2.25,False,0.0,3.0,True,3,0.0,0.0,0.0,-1.0,-3.0,2.0,0
GBPJPY,H1@H4,static,M5,48,2.25,True,0.0,3.0,True,3,0.0,0.0,0.0,-1.0,-3.0,2.0,0
GBPJPY,H1@H4,static,M5,48,2.25,False,0.0,5.0,False,579,0.44905008635578586,7.485597740574877,1.8364360737408607,0.527255872224874,305.281150018203,11.6666666666668,0
GBPJPY,H1@H4,static,M5,48,2.25,True,0.0,5.0,False,480,0.47708333333333336,7.418329427747737,2.0128742949504597,0.6041378633575027,289.9861744116011,10.273637208128832,0
GBPJPY,H1@H4,static,M5,48,2.25,False,0.0,5.0,True,3,0.0,0.0,0.0,-1.0,-3.0,2.0,0
GBPJPY,H1@H4,static,M5,48,2.25,True,0.0,5.0,True,3,0.0,0.0,0.0,-1.0,-3.0,2.0,0
GBPJPY,H1@H4,static,M5,48,3.0,False,0.0,0.0,False,604,0.47516556291390727,7.18549040232643,1.7102961251363313,0.45044619432349264,272.0695013713897,8.938652363392748,0
GBPJPY,H1@H4,static,M5,48,3.0,True,0.0,0.0,False,502,0.5039840637450199,7.443959199673699,1.921971012772692,0.5637759360733405,283.01551990881694,10.544501563664014,0
GBPJPY,H1@H4,static,M5,48,3.0,False,0.0,0.0,True,3,0.0,0.0,0.0,-1.0,-3.0,2.0,0
GBPJPY,H1@H4,static,M5,48,3.0,True,0.0,0.0,True,3,0.0,0.0,0.0,-1.0,-3.0,2.0,0
GBPJPY,H1@H4,static,M5,48,3.0,False,0.0,2.0,False,605,0.47603305785123967,7.346446139820537,1.724829056867023,0.46197513787866484,279.49495841659217,8.938652363392748,0
GBPJPY,H1@H4,static,M5,48,3.0,True,0.0,2.0,False,502,0.5039840637450199,7.477584448574163,1.9289210568675952,0.5660077092796912,284.1358700584051,10.544501563664014,0
GBPJPY,H1@H4,static,M5,48,3.0,False,0.0,2.0,True,3,0.0,0.0,0.0,-1.0,-3.0,2.0,0
GBPJPY,H1@H4,static,M5,48,3.0,True,0.0,2.0,True,3,0.0,0.0,0.0,-1.0,-3.0,2.0,0
GBPJPY,H1@H4,static,M5,48,3.0,False,0.0,3.0,False,596,0.46812080536912754,7.370320818797184,1.754539165232417,0.4774832805866777,284.58003522966,8.938652363392748,0
GBPJPY,H1@H4,static,M5,48,3.0,True,0.0,3.0,False,490,0.4959183673469388,7.326089871591877,1.9364923924491293,0.5624308495381358,275.5911162736862,10.544501563664014,0
GBPJPY,H1@H4,static,M5,48,3.0,False,0.0,3.0,True,3,0.0,0.0,0.0,-1.0,-3.0,2.0,0
GBPJPY,H1@H4,static,M5,48,3.0,True,0.0,3.0,True,3,0.0,0.0,0.0,-1.0,-3.0,2.0,0
GBPJPY,H1@H4,static,M5,48,3.0,False,0.0,5.0,False,533,0.4333958724202627,6.345804846976255,1.7495263019159366,0.45935181623667587,244.83451805414907,10.666666666666657,0
GBPJPY,H1@H4,static,M5,48,3.0,True,0.0,5.0,False,455,0.48131868131868133,7.057663429490764,1.9974690437094316,0.5616401701543661,255.54627742023683,9.569740152851296,0
GBPJPY,H1@H4,static,M5,48,3.0,False,0.0,5.0,True,3,0.0,0.0,0.0,-1.0,-3.0,2.0,0
GBPJPY,H1@H4,static,M5,48,3.0,True,0.0,5.0,True,3,0.0,0.0,0.0,-1.0,-3.0,2.0,0
GBPJPY,H1@H4,dynamic,M15,24,0.0,False,0.0,0.0,False,1051,0.3016175071360609,3.644321900954482,1.2735727999592303,0.20647002854424357,217.0,35.0,0
GBPJPY,H1@H4,dynamic,M15,24,0.0,True,0.0,0.0,False,1034,0.3355899419729207,5.248713857976926,1.428760762123609,0.31397178960245803,324.64683044894184,28.88635267049949,0
GBPJPY,H1@H4,dynamic,M15,48,0.0,False,0.0,0.0,False,1112,0.29136690647482016,3.0344448399370005,1.1954780434983086,0.16546762589928057,184.0,51.0,0
GBPJPY,H1@H4,dynamic,M15,48,0.0,True,0.0,0.0,False,1083,0.32779316712834716,4.891543478001767,1.372144415831365,0.286363285666107,310.1314383763937,28.915385421933266,0
GBPJPY,H1@H4,dynamic,M15,24,0.0,False,0.0,0.0,True,0,0.0,0.0,0.0,0.0,0.0,0.0,0
GBPJPY,H1@H4,dynamic,M15,24,0.0,True,0.0,0.0,True,0,0.0,0.0,0.0,0.0,0.0,0.0,0
GBPJPY,H1@H4,dynamic,M15,48,0.0,False,0.0,0.0,True,0,0.0,0.0,0.0,0.0,0.0,0.0,0
GBPJPY,H1@H4,dynamic,M15,48,0.0,True,0.0,0.0,True,0,0.0,0.0,0.0,0.0,0.0,0.0,0
GBPJPY,H1@H4,dynamic,M15,24,0.0,False,0.0,2.0,False,1051,0.3016175071360609,3.644321900954482,1.2735727999592303,0.20647002854424357,217.0,35.0,0
GBPJPY,H1@H4,dynamic,M15,24,0.0,True,0.0,2.0,False,1034,0.3355899419729207,5.248713857976926,1.428760762123609,0.31397178960245803,324.64683044894184,28.88635267049949,0
GBPJPY,H1@H4,dynamic,M15,48,0.0,False,0.0,2.0,False,1112,0.29136690647482016,3.0344448399370005,1.1954780434983086,0.16546762589928057,184.0,51.0,0
GBPJPY,H1@H4,dynamic,M15,48,0.0,True,0.0,2.0,False,1083,0.32779316712834716,4.891543478001767,1.372144415831365,0.286363285666107,310.1314383763937,28.915385421933266,0
GBPJPY,H1@H4,dynamic,M15,24,0.0,False,0.0,2.0,True,0,0.0,0.0,0.0,0.0,0.0,0.0,0
GBPJPY,H1@H4,dynamic,M15,24,0.0,True,0.0,2.0,True,0,0.0,0.0,0.0,0.0,0.0,0.0,0
GBPJPY,H1@H4,dynamic,M15,48,0.0,False,0.0,2.0,True,0,0.0,0.0,0.0,0.0,0.0,0.0,0
GBPJPY,H1@H4,dynamic,M15,48,0.0,True,0.0,2.0,True,0,0.0,0.0,0.0,0.0,0.0,0.0,0
GBPJPY,H1@H4,dynamic,M15,24,0.0,False,0.0,3.0,False,1051,0.3016175071360609,3.644321900954482,1.2735727999592303,0.20647002854424357,217.0,35.0,0
GBPJPY,H1@H4,dynamic,M15,24,0.0,True,0.0,3.0,False,1034,0.3355899419729207,5.248713857976926,1.428760762123609,0.31397178960245803,324.64683044894184,28.88635267049949,0
GBPJPY,H1@H4,dynamic,M15,48,0.0,False,0.0,3.0,False,1112,0.29136690647482016,3.0344448399370005,1.1954780434983086,0.16546762589928057,184.0,51.0,0
GBPJPY,H1@H4,dynamic,M15,48,0.0,True,0.0,3.0,False,1083,0.32779316712834716,4.891543478001767,1.372144415831365,0.286363285666107,310.1314383763937,28.915385421933266,0
GBPJPY,H1@H4,dynamic,M15,24,0.0,False,0.0,3.0,True,0,0.0,0.0,0.0,0.0,0.0,0.0,0
GBPJPY,H1@H4,dynamic,M15,24,0.0,True,0.0,3.0,True,0,0.0,0.0,0.0,0.0,0.0,0.0,0
GBPJPY,H1@H4,dynamic,M15,48,0.0,False,0.0,3.0,True,0,0.0,0.0,0.0,0.0,0.0,0.0,0
GBPJPY,H1@H4,dynamic,M15,48,0.0,True,0.0,3.0,True,0,0.0,0.0,0.0,0.0,0.0,0.0,0
GBPJPY,H1@H4,dynamic,M15,24,0.0,False,0.0,5.0,False,1051,0.3016175071360609,3.644321900954482,1.2735727999592303,0.20647002854424357,217.0,35.0,0
GBPJPY,H1@H4,dynamic,M15,24,0.0,True,0.0,5.0,False,1034,0.3355899419729207,5.248713857976926,1.428760762123609,0.31397178960245803,324.64683044894184,28.88635267049949,0
GBPJPY,H1@H4,dynamic,M15,48,0.0,False,0.0,5.0,False,1112,0.29136690647482016,3.0344448399370005,1.1954780434983086,0.16546762589928057,184.0,51.0,0
GBPJPY,H1@H4,dynamic,M15,48,0.0,True,0.0,5.0,False,1083,0.32779316712834716,4.891543478001767,1.372144415831365,0.286363285666107,310.1314383763937,28.915385421933266,0
GBPJPY,H1@H4,dynamic,M15,24,0.0,False,0.0,5.0,True,0,0.0,0.0,0.0,0.0,0.0,0.0,0
GBPJPY,H1@H4,dynamic,M15,24,0.0,True,0.0,5.0,True,0,0.0,0.0,0.0,0.0,0.0,0.0,0
GBPJPY,H1@H4,dynamic,M15,48,0.0,False,0.0,5.0,True,0,0.0,0.0,0.0,0.0,0.0,0.0,0
GBPJPY,H1@H4,dynamic,M15,48,0.0,True,0.0,5.0,True,0,0.0,0.0,0.0,0.0,0.0,0.0,0
GBPJPY,H1@H4,dynamic,M15,24,1.5,False,0.0,0.0,False,1051,0.3016175071360609,1.8868437740303639,1.1494939577650318,0.09737143283885007,102.33737591363142,62.96073646762279,0
GBPJPY,H1@H4,dynamic,M15,24,1.5,True,0.0,0.0,False,1034,0.3355899419729207,3.5949608359834873,1.2879008329582493,0.19512758707285877,201.76192503333598,43.248802207289295,0
GBPJPY,H1@H4,dynamic,M15,48,1.5,False,0.0,0.0,False,1112,0.29136690647482016,1.2065143192151597,1.0798671015896337,0.059918624681023,66.62951064529759,82.04478805005576,0
GBPJPY,H1@H4,dynamic,M15,48,1.5,True,0.0,0.0,False,1083,0.32779316712834716,3.19442983945251,1.2372906071680874,0.16905913361531816,183.09104170538964,45.289947031747964,0
GBPJPY,H1@H4,dynamic,M15,24,1.5,False,0.0,0.0,True,0,0.0,0.0,0.0,0.0,0.0,0.0,0
GBPJPY,H1@H4,dynamic,M15,24,1.5,True,0.0,0.0,True,0,0.0,0.0,0.0,0.0,0.0,0.0,0
GBPJPY,H1@H4,dynamic,M15,48,1.5,False,0.0,0.0,True,0,0.0,0.0,0.0,0.0,0.0,0.0,0
GBPJPY,H1@H4,dynamic,M15,48,1.5,True,0.0,0.0,True,0,0.0,0.0,0.0,0.0,0.0,0.0,0
GBPJPY,H1@H4,dynamic,M15,24,1.5,False,0.0,2.0,False,1051,0.3016175071360609,1.8868437740303639,1.1494939577650318,0.09737143283885007,102.33737591363142,62.96073646762279,0
GBPJPY,H1@H4,dynamic,M15,24,1.5,True,0.0,2.0,False,1034,0.3355899419729207,3.5949608359834873,1.2879008329582493,0.19512758707285877,201.76192503333598,43.248802207289295,0
GBPJPY,H1@H4,dynamic,M15,48,1.5,False,0.0,2.0,False,1112,0.29136690647482016,1.2065143192151597,1.0798671015896337,0.059918624681023,66.62951064529759,82.04478805005576,0
GBPJPY,H1@H4,dynamic,M15,48,1.5,True,0.0,2.0,False,1083,0.32779316712834716,3.19442983945251,1.2372906071680874,0.16905913361531816,183.09104170538964,45.289947031747964,0
GBPJPY,H1@H4,dynamic,M15,24,1.5,False,0.0,2.0,True,0,0.0,0.0,0.0,0.0,0.0,0.0,0
GBPJPY,H1@H4,dynamic,M15,24,1.5,True,0.0,2.0,True,0,0.0,0.0,0.0,0.0,0.0,0.0,0
GBPJPY,H1@H4,dynamic,M15,48,1.5,False,0.0,2.0,True,0,0.0,0.0,0.0,0.0,0.0,0.0,0
GBPJPY,H1@H4,dynamic,M15,48,1.5,True,0.0,2.0,True,0,0.0,0.0,0.0,0.0,0.0,0.0,0
GBPJPY,H1@H4,dynamic,M15,24,1.5,False,0.0,3.0,False,1051,0.3016175071360609,1.8868437740303639,1.1494939577650318,0.09737143283885007,102.33737591363142,62.96073646762279,0
GBPJPY,H1@H4,dynamic,M15,24,1.5,True,0.0,3.0,False,1034,0.3355899419729207,3.5949608359834873,1.2879008329582493,0.19512758707285877,201.76192503333598,43.248802207289295,0
GBPJPY,H1@H4,dynamic,M15,48,1.5,False,0.0,3.0,False,1112,0.29136690647482016,1.2065143192151597,1.0798365801691432,0.059918624681023,66.62951064529759,82.04478805005576,0
GBPJPY,H1@H4,dynamic,M15,48,1.5,True,0.0,3.0,False,1083,0.32779316712834716,3.19442983945251,1.2372524635190127,0.16905913361531816,183.09104170538964,45.289947031747964,0
GBPJPY,H1@H4,dynamic,M15,24,1.5,False,0.0,3.0,True,0,0.0,0.0,0.0,0.0,0.0,0.0,0
GBPJPY,H1@H4,dynamic,M15,24,1.5,True,0.0,3.0,True,0,0.0,0.0,0.0,0.0,0.0,0.0,0
GBPJPY,H1@H4,dynamic,M15,48,1.5,False,0.0,3.0,True,0,0.0,0.0,0.0,0.0,0.0,0.0,0
GBPJPY,H1@H4,dynamic,M15,48,1.5,True,0.0,3.0,True,0,0.0,0.0,0.0,0.0,0.0,0.0,0
GBPJPY,H1@H4,dynamic,M15,24,1.5,False,0.0,5.0,False,1051,0.3016175071360609,1.9221015047836798,1.151153553762802,0.0993407937811745,104.40717426401442,61.98613357797044,0
GBPJPY,H1@H4,dynamic,M15,24,1.5,True,0.0,5.0,False,1033,0.33688286544046464,3.6512857340111924,1.2897450445186012,0.19811012957376867,204.64776384970313,40.49724961705539,0
GBPJPY,H1@H4,dynamic,M15,48,1.5,False,0.0,5.0,False,1111,0.29162916291629165,1.2577588980178889,1.0794948329114669,0.06259129205273611,69.53892547058982,83.49824759316283,0
GBPJPY,H1@H4,dynamic,M15,48,1.5,True,0.0,5.0,False,1082,0.3299445471349353,3.2808805235295564,1.240929128948666,0.17307790324764255,187.27029131394923,42.197751563312735,0
GBPJPY,H1@H4,dynamic,M15,24,1.5,False,0.0,5.0,True,0,0.0,0.0,0.0,0.0,0.0,0.0,0
GBPJPY,H1@H4,dynamic,M15,24,1.5,True,0.0,5.0,True,0,0.0,0.0,0.0,0.0,0.0,0.0,0
GBPJPY,H1@H4,dynamic,M15,48,1.5,False,0.0,5.0,True,0,0.0,0.0,0.0,0.0,0.0,0.0,0
GBPJPY,H1@H4,dynamic,M15,48,1.5,True,0.0,5.0,True,0,0.0,0.0,0.0,0.0,0.0,0.0,0
GBPJPY,H1@H4,dynamic,M15,24,2.25,False,0.0,0.0,False,1051,0.3016175071360609,1.033952142704602,1.09398733407448,0.0511830959685307,53.79343386292577,79.66911776808597,0
GBPJPY,H1@H4,dynamic,M15,24,2.25,True,0.0,0.0,False,1034,0.3355899419729207,2.784144969250444,1.224895529639459,0.14471992821027002,149.6404057694192,50.263723482418044,0
GBPJPY,H1@H4,dynamic,M15,48,2.25,False,0.0,0.0,False,1112,0.29136690647482016,0.32048650648665017,1.0280842875071237,0.015267003331008132,16.976907704081057,97.34732622322831,0
GBPJPY,H1@H4,dynamic,M15,48,2.25,True,0.0,0.0,False,1083,0.32779316712834716,2.3598305216058533,1.1769408618408383,0.11946682462458895,129.38257106842983,53.53287218274307,0
GBPJPY,H1@H4,dynamic,M15,24,2.25,False,0.0,0.0,True,0,0.0,0.0,0.0,0.0,0.0,0.0,0
GBPJPY,H1@H4,dynamic,M15,24,2.25,True,0.0,0.0,True,0,0.0,0.0,0.0,0.0,0.0,0.0,0
GBPJPY,H1@H4,dynamic,M15,48,2.25,False,0.0,0.0,True,0,0.0,0.0,0.0,0.0,0.0,0.0,0
GBPJPY,H1@H4,dynamic,M15,48,2.25,True,0.0,0.0,True,0,0.0,0.0,0.0,0.0,0.0,0.0,0
GBPJPY,H1@H4,dynamic,M15,24,2.25,False,0.0,2.0,False,1051,0.3016175071360609,1.033952142704602,1.09398733407448,0.0511830959685307,53.79343386292577,79.66911776808597,0
GBPJPY,H1@H4,dynamic,M15,24,2.25,True,0.0,2.0,False,1034,0.3355899419729207,2.784144969250444,1.224895529639459,0.14471992821027002,149.6404057694192,50.263723482418044,0
GBPJPY,H1@H4,dynamic,M15,48,2.25,False,0.0,2.0,False,1112,0.29136690647482016,0.32048650648665017,1.0280562388137129,0.015267003331008132,16.976907704081057,97.34732622322831,0
GBPJPY,H1@H4,dynamic,M15,48,2.25,True,0.0,2.0,False,1083,0.32779316712834716,2.3598305216058533,1.1769058480706844,0.11946682462458895,129.38257106842983,53.53287218274307,0
GBPJPY,H1@H4,dynamic,M15,24,2.25,False,0.0,2.0,True,0,0.0,0.0,0.0,0.0,0.0,0.0,0
GBPJPY,H1@H4,dynamic,M15,24,2.25,True,0.0,2.0,True,0,0.0,0.0,0.0,0.0,0.0,0.0,0
GBPJPY,H1@H4,dynamic,M15,48,2.25,False,0.0,2.0,True,0,0.0,0.0,0.0,0.0,0.0,0.0,0
GBPJPY,H1@H4,dynamic,M15,48,2.25,True,0.0,2.0,True,0,0.0,0.0,0.0,0.0,0.0,0.0,0
GBPJPY,H1@H4,dynamic,M15,24,2.25,False,0.0,3.0,False,1051,0.30256898192197906,1.1178189735902069,1.096686455507003,0.05541716171126217,58.243436958536535,75.3695770844639,0
GBPJPY,H1@H4,dynamic,M15,24,2.25,True,0.0,3.0,False,1034,0.3365570599613153,2.828042965198237,1.226297911715234,0.14694939733447465,151.9456768438468,47.737531667119754,0
GBPJPY,H1@H4,dynamic,M15,48,2.25,False,0.0,3.0,False,1111,0.29162916291629165,0.35940354665985486,1.026920666557877,0.01714406738425226,19.0470588639043,95.83520619375814,0
GBPJPY,H1@H4,dynamic,M15,48,2.25,True,0.0,3.0,False,1083,0.32779316712834716,2.3479220376327903,1.1769313364914906,0.11860692038338098,128.45129477520157,53.33168036744454,0
GBPJPY,H1@H4,dynamic,M15,24,2.25,False,0.0,3.0,True,0,0.0,0.0,0.0,0.0,0.0,0.0,0
GBPJPY,H1@H4,dynamic,M15,24,2.25,True,0.0,3.0,True,0,0.0,0.0,0.0,0.0,0.0,0.0,0
GBPJPY,H1@H4,dynamic,M15,48,2.25,False,0.0,3.0,True,0,0.0,0.0,0.0,0.0,0.0,0.0,0
GBPJPY,H1@H4,dynamic,M15,48,2.25,True,0.0,3.0,True,0,0.0,0.0,0.0,0.0,0.0,0.0,0
GBPJPY,H1@H4,dynamic,M15,24,2.25,False,0.0,5.0,False,1048,0.3005725190839695,1.1865513684558724,1.0976343656597551,0.05933585088330952,62.18397172570838,78.53174854273347,0
GBPJPY,H1@H4,dynamic,M15,24,2.25,True,0.0,5.0,False,1031,0.3375363724539282,2.9861720847428868,1.230497107068877,0.15572742419342345,160.5549743434196,46.0920051100878,0
GBPJPY,H1@H4,dynamic,M15,48,2.25,False,0.0,5.0,False,1108,0.2915162454873646,0.5678469240148608,1.0357080688185838,0.027369930543337372,30.32588304201784,92.02598114649855,0
GBPJPY,H1@H4,dynamic,M15,48,2.25,True,0.0,5.0,False,1078,0.33116883116883117,2.567960618490418,1.185529191991698,0.12977454852404732,139.89696330892303,43.67722637525031,0
GBPJPY,H1@H4,dynamic,M15,24,2.25,False,0.0,5.0,True,0,0.0,0.0,0.0,0.0,0.0,0.0,0
GBPJPY,H1@H4,dynamic,M15,24,2.25,True,0.0,5.0,True,0,0.0,0.0,0.0,0.0,0.0,0.0,0
GBPJPY,H1@H4,dynamic,M15,48,2.25,False,0.0,5.0,True,0,0.0,0.0,0.0,0.0,0.0,0.0,0
GBPJPY,H1@H4,dynamic,M15,48,2.25,True,0.0,5.0,True,0,0.0,0.0,0.0,0.0,0.0,0.0,0
GBPJPY,H1@H4,dynamic,M15,24,3.0,False,0.0,0.0,False,1051,0.3016175071360609,0.19606909728340594,1.0422451695673736,0.009334777389898461,9.810851036783292,96.43056330868089,0
GBPJPY,H1@H4,dynamic,M15,24,3.0,True,0.0,0.0,False,1034,0.3355899419729207,1.9836264879240522,1.1661678843392154,0.09901791874059312,102.38452797777326,56.592827318621666,0
GBPJPY,H1@H4,dynamic,M15,48,3.0,False,0.0,0.0,False,1112,0.29136690647482016,-0.5495662578339963,0.9797775293533909,-0.025177908109293594,-27.99783381753454,114.80988143142166,0
GBPJPY,H1@H4,dynamic,M15,48,3.0,True,0.0,0.0,False,1083,0.32779316712834716,1.5350874642793468,1.1206712567969477,0.07456644941504607,80.7554647164949,61.97415528618842,0
GBPJPY,H1@H4,dynamic,M15,24,3.0,False,0.0,0.0,True,0,0.0,0.0,0.0,0.0,0.0,0.0,0
GBPJPY,H1@H4,dynamic,M15,24,3.0,True,0.0,0.0,True,0,0.0,0.0,0.0,0.0,0.0,0.0,0
GBPJPY,H1@H4,dynamic,M15,48,3.0,False,0.0,0.0,True,0,0.0,0.0,0.0,0.0,0.0,0.0,0
GBPJPY,H1@H4,dynamic,M15,48,3.0,True,0.0,0.0,True,0,0.0,0.0,0.0,0.0,0.0,0.0,0
GBPJPY,H1@H4,dynamic,M15,24,3.0,False,0.0,2.0,False,1051,0.3016175071360609,0.2081038997535137,1.0424346257363128,0.00991152198104137,10.417009602074538,95.83399706952862,0
GBPJPY,H1@H4,dynamic,M15,24,3.0,True,0.0,2.0,False,1034,0.3355899419729207,1.9871448070170223,1.165914885155852,0.09919715827553491,102.56986165690307,56.456233116849596,0
GBPJPY,H1@H4,dynamic,M15,48,3.0,False,0.0,2.0,False,1111,0.29162916291629165,-0.5309595518990776,0.9778594996936676,-0.0243384891380182,-27.040061432338273,114.05394235917814,0
GBPJPY,H1@H4,dynamic,M15,48,3.0,True,0.0,2.0,False,1083,0.32779316712834716,1.5312704609376064,1.1205680314473174,0.07431603458119919,80.4842654514387,61.83756108441635,0
GBPJPY,H1@H4,dynamic,M15,24,3.0,False,0.0,2.0,True,0,0.0,0.0,0.0,0.0,0.0,0.0,0
GBPJPY,H1@H4,dynamic,M15,24,3.0,True,0.0,2.0,True,0,0.0,0.0,0.0,0.0,0.0,0.0,0
GBPJPY,H1@H4,dynamic,M15,48,3.0,False,0.0,2.0,True,0,0.0,0.0,0.0,0.0,0.0,0.0,0
GBPJPY,H1@H4,dynamic,M15,48,3.0,True,0.0,2.0,True,0,0.0,0.0,0.0,0.0,0.0,0.0,0
GBPJPY,H1@H4,dynamic,M15,24,3.0,False,0.0,3.0,False,1051,0.29971455756422455,0.1981786687083179,1.040833544691624,0.009466433910698823,9.949222040144447,98.15320681828382,0
GBPJPY,H1@H4,dynamic,M15,24,3.0,True,0.0,3.0,False,1033,0.33591481122942884,2.020249252043775,1.164543047202637,0.10085832580835075,104.18665056002628,57.64300430776862,0
GBPJPY,H1@H4,dynamic,M15,48,3.0,False,0.0,3.0,False,1110,0.290990990990991,-0.44673473443532674,0.9809321947374653,-0.020572571143192765,-22.835553968943973,115.09818638167818,0
GBPJPY,H1@H4,dynamic,M15,48,3.0,True,0.0,3.0,False,1079,0.329935125115848,1.6717658864852731,1.1265738510894268,0.08126297560129003,87.68275067379194,56.25386962847506,0
GBPJPY,H1@H4,dynamic,M15,24,3.0,False,0.0,3.0,True,0,0.0,0.0,0.0,0.0,0.0,0.0,0
GBPJPY,H1@H4,dynamic,M15,24,3.0,True,0.0,3.0,True,0,0.0,0.0,0.0,0.0,0.0,0.0,0
GBPJPY,H1@H4,dynamic,M15,48,3.0,False,0.0,3.0,True,0,0.0,0.0,0.0,0.0,0.0,0.0,0
GBPJPY,H1@H4,dynamic,M15,48,3.0,True,0.0,3.0,True,0,0.0,0.0,0.0,0.0,0.0,0.0,0
GBPJPY,H1@H4,dynamic,M15,24,3.0,False,0.0,5.0,False,1021,0.30558276199804113,1.0691267497746504,1.0800187246967001,0.053204432326176165,54.3217254050259,69.02310449479174,0
GBPJPY,H1@H4,dynamic,M15,24,3.0,True,0.0,5.0,False,1005,0.3522388059701492,3.1487305082945096,1.2317316984761881,0.16119284364791356,161.99880786615316,27.513129970757277,0
GBPJPY,H1@H4,dynamic,M15,48,3.0,False,0.0,5.0,False,1081,0.2960222016651249,0.41654145690876804,1.0198460864139827,0.01995686384499647,21.573369816441215,82.41252788999856,0
GBPJPY,H1@H4,dynamic,M15,48,3.0,True,0.0,5.0,False,1048,0.3501908396946565,3.037795124938146,1.2090607487371525,0.1516664667332864,158.94645713648418,25.56051903761601,0
GBPJPY,H1@H4,dynamic,M15,24,3.0,False,0.0,5.0,True,0,0.0,0.0,0.0,0.0,0.0,0.0,0
GBPJPY,H1@H4,dynamic,M15,24,3.0,True,0.0,5.0,True,0,0.0,0.0,0.0,0.0,0.0,0.0,0
GBPJPY,H1@H4,dynamic,M15,48,3.0,False,0.0,5.0,True,0,0.0,0.0,0.0,0.0,0.0,0.0,0
GBPJPY,H1@H4,dynamic,M15,48,3.0,True,0.0,5.0,True,0,0.0,0.0,0.0,0.0,0.0,0.0,0
GBPJPY,H1@H4,dynamic,M5,24,0.0,False,0.0,0.0,False,418,0.3014354066985646,2.2889156529403345,1.2447730859630375,0.20574162679425836,86.0,21.0,0
GBPJPY,H1@H4,dynamic,M5,24,0.0,True,0.0,0.0,False,377,0.30238726790450926,1.9481134862584513,1.1657051128761735,0.1920334896960233,72.39662561540074,21.57144426422049,0
GBPJPY,H1@H4,dynamic,M5,48,0.0,False,0.0,0.0,False,472,0.3114406779661017,2.879440465443684,1.2939653193408724,0.2457627118644068,116.0,26.0,0
GBPJPY,H1@H4,dynamic,M5,48,0.0,True,0.0,0.0,False,417,0.3261390887290168,2.862032253881956,1.3026761089165422,0.2730418039437016,113.85843224452343,20.37123639741553,0
GBPJPY,H1@H4,dynamic,M5,24,0.0,False,0.0,0.0,True,0,0.0,0.0,0.0,0.0,0.0,0.0,0
GBPJPY,H1@H4,dynamic,M5,24,0.0,True,0.0,0.0,True,0,0.0,0.0,0.0,0.0,0.0,0.0,0
GBPJPY,H1@H4,dynamic,M5,48,0.0,False,0.0,0.0,True,0,0.0,0.0,0.0,0.0,0.0,0.0,0
GBPJPY,H1@H4,dynamic,M5,48,0.0,True,0.0,0.0,True,0,0.0,0.0,0.0,0.0,0.0,0.0,0
GBPJPY,H1@H4,dynamic,M5,24,0.0,False,0.0,2.0,False,418,0.3014354066985646,2.2889156529403345,1.2447730859630375,0.20574162679425836,86.0,21.0,0
GBPJPY,H1@H4,dynamic,M5,24,0.0,True,0.0,2.0,False,377,0.30238726790450926,1.9481134862584513,1.1657051128761735,0.1920334896960233,72.39662561540074,21.57144426422049,0
GBPJPY,H1@H4,dynamic,M5,48,0.0,False,0.0,2.0,False,472,0.3114406779661017,2.879440465443684,1.2939653193408724,0.2457627118644068,116.0,26.0,0
GBPJPY,H1@H4,dynamic,M5,48,0.0,True,0.0,2.0,False,417,0.3261390887290168,2.862032253881956,1.3026761089165422,0.2730418039437016,113.85843224452343,20.37123639741553,0
GBPJPY,H1@H4,dynamic,M5,24,0.0,False,0.0,2.0,True,0,0.0,0.0,0.0,0.0,0.0,0.0,0
GBPJPY,H1@H4,dynamic,M5,24,0.0,True,0.0,2.0,True,0,0.0,0.0,0.0,0.0,0.0,0.0,0
GBPJPY,H1@H4,dynamic,M5,48,0.0,False,0.0,2.0,True,0,0.0,0.0,0.0,0.0,0.0,0.0,0
GBPJPY,H1@H4,dynamic,M5,48,0.0,True,0.0,2.0,True,0,0.0,0.0,0.0,0.0,0.0,0.0,0
GBPJPY,H1@H4,dynamic,M5,24,0.0,False,0.0,3.0,False,418,0.3014354066985646,2.2889156529403345,1.2447730859630375,0.20574162679425836,86.0,21.0,0
GBPJPY,H1@H4,dynamic,M5,24,0.0,True,0.0,3.0,False,377,0.30238726790450926,1.9481134862584513,1.1657051128761735,0.1920334896960233,72.39662561540074,21.57144426422049,0
GBPJPY,H1@H4,dynamic,M5,48,0.0,False,0.0,3.0,False,472,0.3114406779661017,2.879440465443684,1.2939653193408724,0.2457627118644068,116.0,26.0,0
GBPJPY,H1@H4,dynamic,M5,48,0.0,True,0.0,3.0,False,417,0.3261390887290168,2.862032253881956,1.3026761089165422,0.2730418039437016,113.85843224452343,20.37123639741553,0
GBPJPY,H1@H4,dynamic,M5,24,0.0,False,0.0,3.0,True,0,0.0,0.0,0.0,0.0,0.0,0.0,0
GBPJPY,H1@H4,dynamic,M5,24,0.0,True,0.0,3.0,True,0,0.0,0.0,0.0,0.0,0.0,0.0,0
GBPJPY,H1@H4,dynamic,M5,48,0.0,False,0.0,3.0,True,0,0.0,0.0,0.0,0.0,0.0,0.0,0
GBPJPY,H1@H4,dynamic,M5,48,0.0,True,0.0,3.0,True,0,0.0,0.0,0.0,0.0,0.0,0.0,0
GBPJPY,H1@H4,dynamic,M5,24,0.0,False,0.0,5.0,False,418,0.3014354066985646,2.2889156529403345,1.2447730859630375,0.20574162679425836,86.0,21.0,0
GBPJPY,H1@H4,dynamic,M5,24,0.0,True,0.0,5.0,False,377,0.30238726790450926,1.9481134862584513,1.1657051128761735,0.1920334896960233,72.39662561540074,21.57144426422049,0
GBPJPY,H1@H4,dynamic,M5,48,0.0,False,0.0,5.0,False,472,0.3114406779661017,2.879440465443684,1.2939653193408724,0.2457627118644068,116.0,26.0,0
GBPJPY,H1@H4,dynamic,M5,48,0.0,True,0.0,5.0,False,417,0.3261390887290168,2.862032253881956,1.3026761089165422,0.2730418039437016,113.85843224452343,20.37123639741553,0
GBPJPY,H1@H4,dynamic,M5,24,0.0,False,0.0,5.0,True,0,0.0,0.0,0.0,0.0,0.0,0.0,0
GBPJPY,H1@H4,dynamic,M5,24,0.0,True,0.0,5.0,True,0,0.0,0.0,0.0,0.0,0.0,0.0,0
GBPJPY,H1@H4,dynamic,M5,48,0.0,False,0.0,5.0,True,0,0.0,0.0,0.0,0.0,0.0,0.0,0
GBPJPY,H1@H4,dynamic,M5,48,0.0,True,0.0,5.0,True,0,0.0,0.0,0.0,0.0,0.0,0.0,0
GBPJPY,H1@H4,dynamic,M5,24,1.5,False,0.0,0.0,False,418,0.3014354066985646,0.4989792001720201,1.0582318892125204,0.03873852146999966,16.192701974459855,26.33763618349993,0
GBPJPY,H1@H4,dynamic,M5,24,1.5,True,0.0,0.0,False,377,0.30238726790450926,0.25831926582385745,0.9910297314092155,0.021807129729731783,8.221287908108884,25.73531357840688,0
GBPJPY,H1@H4,dynamic,M5,48,1.5,False,0.0,0.0,False,472,0.3114406779661017,0.9958392636441563,1.101374491619739,0.07342611129944324,34.65712453333721,31.32211629795306,0
GBPJPY,H1@H4,dynamic,M5,48,1.5,True,0.0,0.0,False,417,0.3261390887290168,1.1415233977892785,1.110803845151378,0.0937008520388629,39.07325530020586,23.301554644024485,0
GBPJPY,H1@H4,dynamic,M5,24,1.5,False,0.0,0.0,True,0,0.0,0.0,0.0,0.0,0.0,0.0,0
GBPJPY,H1@H4,dynamic,M5,24,1.5,True,0.0,0.0,True,0,0.0,0.0,0.0,0.0,0.0,0.0,0
GBPJPY,H1@H4,dynamic,M5,48,1.5,False,0.0,0.0,True,0,0.0,0.0,0.0,0.0,0.0,0.0,0
GBPJPY,H1@H4,dynamic,M5,48,1.5,True,0.0,0.0,True,0,0.0,0.0,0.0,0.0,0.0,0.0,0
GBPJPY,H1@H4,dynamic,M5,24,1.5,False,0.0,2.0,False,418,0.3014354066985646,0.4989792001720201,1.0582318892125204,0.03873852146999966,16.192701974459855,26.33763618349993,0
GBPJPY,H1@H4,dynamic,M5,24,1.5,True,0.0,2.0,False,377,0.30238726790450926,0.25831926582385745,0.9910297314092155,0.021807129729731783,8.221287908108884,25.73531357840688,0
GBPJPY,H1@H4,dynamic,M5,48,1.5,False,0.0,2.0,False,472,0.3114406779661017,0.9958392636441563,1.101374491619739,0.07342611129944324,34.65712453333721,31.32211629795306,0
GBPJPY,H1@H4,dynamic,M5,48,1.5,True,0.0,2.0,False,417,0.3261390887290168,1.1415233977892785,1.110803845151378,0.0937008520388629,39.07325530020586,23.301554644024485,0
GBPJPY,H1@H4,dynamic,M5,24,1.5,False,0.0,2.0,True,0,0.0,0.0,0.0,0.0,0.0,0.0,0
GBPJPY,H1@H4,dynamic,M5,24,1.5,True,0.0,2.0,True,0,0.0,0.0,0.0,0.0,0.0,0.0,0
GBPJPY,H1@H4,dynamic,M5,48,1.5,False,0.0,2.0,True,0,0.0,0.0,0.0,0.0,0.0,0.0,0
GBPJPY,H1@H4,dynamic,M5,48,1.5,True,0.0,2.0,True,0,0.0,0.0,0.0,0.0,0.0,0.0,0
GBPJPY,H1@H4,dynamic,M5,24,1.5,False,0.0,3.0,False,418,0.3014354066985646,0.500454227037122,1.0574174998485455,0.038856569699425386,16.242046134359807,26.33763618349993,0
GBPJPY,H1@H4,dynamic,M5,24,1.5,True,0.0,3.0,False,377,0.30238726790450926,0.25592513176418014,0.9902558847495463,0.021598786682484352,8.142742579296602,25.73531357840688,0
GBPJPY,H1@H4,dynamic,M5,48,1.5,False,0.0,3.0,False,472,0.3114406779661017,0.9989570889636836,1.1007513042655086,0.07366930046410904,34.77190981905946,31.32211629795306,0
GBPJPY,H1@H4,dynamic,M5,48,1.5,True,0.0,3.0,False,417,0.3261390887290168,1.1400873978894193,1.1101051745636275,0.09355458137815616,39.012260434691136,23.301554644024485,0
GBPJPY,H1@H4,dynamic,M5,24,1.5,False,0.0,3.0,True,0,0.0,0.0,0.0,0.0,0.0,0.0,0
GBPJPY,H1@H4,dynamic,M5,24,1.5,True,0.0,3.0,True,0,0.0,0.0,0.0,0.0,0.0,0.0,0
GBPJPY,H1@H4,dynamic,M5,48,1.5,False,0.0,3.0,True,0,0.0,0.0,0.0,0.0,0.0,0.0,0
GBPJPY,H1@H4,dynamic,M5,48,1.5,True,0.0,3.0,True,0,0.0,0.0,0.0,0.0,0.0,0.0,0
GBPJPY,H1@H4,dynamic,M5,24,1.5,False,0.0,5.0,False,418,0.3014354066985646,0.6560675080411463,1.0734460784688975,0.051497034071728856,21.52576024198268,26.196843463451323,0
GBPJPY,H1@H4,dynamic,M5,24,1.5,True,0.0,5.0,False,374,0.30213903743315507,0.27382585184129715,1.004281021679844,0.023146972075282754,8.656967556155756,25.62619922036921,0
GBPJPY,H1@H4,dynamic,M5,48,1.5,False,0.0,5.0,False,472,0.3093220338983051,1.060707767781562,1.1118089126347914,0.07890294565316604,37.24219034829437,31.078042608815206,0
GBPJPY,H1@H4,dynamic,M5,48,1.5,True,0.0,5.0,False,416,0.31971153846153844,0.9175497276314545,1.1055932842461411,0.07470233832396488,31.076172742769383,23.360991291599206,0
GBPJPY,H1@H4,dynamic,M5,24,1.5,False,0.0,5.0,True,0,0.0,0.0,0.0,0.0,0.0,0.0,0
GBPJPY,H1@H4,dynamic,M5,24,1.5,True,0.0,5.0,True,0,0.0,0.0,0.0,0.0,0.0,0.0,0
GBPJPY,H1@H4,dynamic,M5,48,1.5,False,0.0,5.0,True,0,0.0,0.0,0.0,0.0,0.0,0.0,0
GBPJPY,H1@H4,dynamic,M5,48,1.5,True,0.0,5.0,True,0,0.0,0.0,0.0,0.0,0.0,0.0,0
GBPJPY,H1@H4,dynamic,M5,24,2.25,False,0.0,0.0,False,418,0.3014354066985646,-0.3642849949466577,0.9797097894345054,-0.026567824114366916,-11.105350479805374,32.77543081636805,0
GBPJPY,H1@H4,dynamic,M5,24,2.25,True,0.0,0.0,False,377,0.30238726790450926,-0.5592830739557769,0.9172607199490268,-0.04423284054863921,-16.675780886836968,27.50481296870074,0
GBPJPY,H1@H4,dynamic,M5,48,2.25,False,0.0,0.0,False,472,0.3114406779661017,0.08646884712201906,1.0201767098503711,0.005989581541145363,2.8270824874206095,33.788248113662874,0
GBPJPY,H1@H4,dynamic,M5,48,2.25,True,0.0,0.0,False,417,0.3261390887290168,0.31153550130063107,1.0295342666776206,0.024007972943648127,10.011324717501267,25.552107147406314,0
GBPJPY,H1@H4,dynamic,M5,24,2.25,False,0.0,0.0,True,0,0.0,0.0,0.0,0.0,0.0,0.0,0
GBPJPY,H1@H4,dynamic,M5,24,2.25,True,0.0,0.0,True,0,0.0,0.0,0.0,0.0,0.0,0.0,0
GBPJPY,H1@H4,dynamic,M5,48,2.25,False,0.0,0.0,True,0,0.0,0.0,0.0,0.0,0.0,0.0,0
GBPJPY,H1@H4,dynamic,M5,48,2.25,True,0.0,0.0,True,0,0.0,0.0,0.0,0.0,0.0,0.0,0
GBPJPY,H1@H4,dynamic,M5,24,2.25,False,0.0,2.0,False,418,0.3014354066985646,-0.36233926698407154,0.9790106345292782,-0.026428677995971414,-11.047187402316055,32.71726773887873,0
GBPJPY,H1@H4,dynamic,M5,24,2.25,True,0.0,2.0,False,377,0.30238726790450926,-0.5609448869823048,0.9165931028971765,-0.04435670432108701,-16.722477529049783,27.50481296870074,0
GBPJPY,H1@H4,dynamic,M5,48,2.25,False,0.0,2.0,False,472,0.3114406779661017,0.09058844409757602,1.019660709599465,0.00627623899862324,2.9623848073501673,33.65294579373331,0
GBPJPY,H1@H4,dynamic,M5,48,2.25,True,0.0,2.0,False,417,0.3261390887290168,0.31117887983905707,1.0289440499834803,0.023976578560247052,9.99823325962302,25.552107147406314,0
GBPJPY,H1@H4,dynamic,M5,24,2.25,False,0.0,2.0,True,0,0.0,0.0,0.0,0.0,0.0,0.0,0
GBPJPY,H1@H4,dynamic,M5,24,2.25,True,0.0,2.0,True,0,0.0,0.0,0.0,0.0,0.0,0.0,0
GBPJPY,H1@H4,dynamic,M5,48,2.25,False,0.0,2.0,True,0,0.0,0.0,0.0,0.0,0.0,0.0,0
GBPJPY,H1@H4,dynamic,M5,48,2.25,True,0.0,2.0,True,0,0.0,0.0,0.0,0.0,0.0,0.0,0
GBPJPY,H1@H4,dynamic,M5,24,2.25,False,0.0,3.0,False,418,0.3038277511961722,-0.1345170408289624,0.9932757533574513,-0.009906764369757513,-4.141027506558643,30.068059455468124,0
GBPJPY,H1@H4,dynamic,M5,24,2.25,True,0.0,3.0,False,374,0.3048128342245989,-0.40125867693361644,0.9325798405951008,-0.0320341432498861,-11.980769575457415,27.427197933338785,0
GBPJPY,H1@H4,dynamic,M5,48,2.25,False,0.0,3.0,False,472,0.3135593220338983,0.30991236497164226,1.0343933613825993,0.021661230371758492,10.224100735470007,33.32252593229536,0
GBPJPY,H1@H4,dynamic,M5,48,2.25,True,0.0,3.0,False,416,0.3245192307692308,0.2856060520988531,1.0321591079317767,0.02199423410137103,9.149601386170348,25.55688503692145,0
GBPJPY,H1@H4,dynamic,M5,24,2.25,False,0.0,3.0,True,0,0.0,0.0,0.0,0.0,0.0,0.0,0
GBPJPY,H1@H4,dynamic,M5,24,2.25,True,0.0,3.0,True,0,0.0,0.0,0.0,0.0,0.0,0.0,0
GBPJPY,H1@H4,dynamic,M5,48,2.25,False,0.0,3.0,True,0,0.0,0.0,0.0,0.0,0.0,0.0,0
GBPJPY,H1@H4,dynamic,M5,48,2.25,True,0.0,3.0,True,0,0.0,0.0,0.0,0.0,0.0,0.0,0
GBPJPY,H1@H4,dynamic,M5,24,2.25,False,0.0,5.0,False,412,0.29854368932038833,0.2030429851079846,1.0295986275276328,0.015603315551310832,6.4285660071400805,25.662966224911692,0
GBPJPY,H1@H4,dynamic,M5,24,2.25,True,0.0,5.0,False,368,0.3016304347826087,-0.22014738535147083,0.9662483632910642,-0.017919193704808715,-6.594263283369601,24.412131732978533,0
GBPJPY,H1@H4,dynamic,M5,48,2.25,False,0.0,5.0,False,464,0.2974137931034483,0.16896793184144407,1.0373977637945229,0.012226620555125436,5.6731519375782185,38.06366540374836,0
GBPJPY,H1@H4,dynamic,M5,48,2.25,True,0.0,5.0,False,411,0.30656934306569344,-0.01595772190761338,1.0203206980653166,-0.0012459072409743892,-0.5120678760404833,32.99163144420853,0
GBPJPY,H1@H4,dynamic,M5,24,2.25,False,0.0,5.0,True,0,0.0,0.0,0.0,0.0,0.0,0.0,0
GBPJPY,H1@H4,dynamic,M5,24,2.25,True,0.0,5.0,True,0,0.0,0.0,0.0,0.0,0.0,0.0,0
GBPJPY,H1@H4,dynamic,M5,48,2.25,False,0.0,5.0,True,0,0.0,0.0,0.0,0.0,0.0,0.0,0
GBPJPY,H1@H4,dynamic,M5,48,2.25,True,0.0,5.0,True,0,0.0,0.0,0.0,0.0,0.0,0.0,0
GBPJPY,H1@H4,dynamic,M5,24,3.0,False,0.0,0.0,False,418,0.3014354066985646,-1.209168647267083,0.9090508205887268,-0.08327991848895185,-34.811005928381896,45.938471681772,0
GBPJPY,H1@H4,dynamic,M5,24,3.0,True,0.0,0.0,False,377,0.30238726790450926,-1.3598520725479102,0.8507559634804208,-0.10135382447243312,-38.21039182610727,38.72714359437982,0
GBPJPY,H1@H4,dynamic,M5,48,3.0,False,0.0,0.0,False,472,0.3114406779661017,-0.8039204536457832,0.9470444495906156,-0.05258993155611223,-24.822447694484975,49.27178520899642,0
GBPJPY,H1@H4,dynamic,M5,48,3.0,True,0.0,0.0,False,417,0.3261390887290168,-0.49941546133154124,0.9561459664186868,-0.036340996947122485,-15.154195726950064,34.118377894292024,0
GBPJPY,H1@H4,dynamic,M5,24,3.0,False,0.0,0.0,True,0,0.0,0.0,0.0,0.0,0.0,0.0,0
GBPJPY,H1@H4,dynamic,M5,24,3.0,True,0.0,0.0,True,0,0.0,0.0,0.0,0.0,0.0,0.0,0
GBPJPY,H1@H4,dynamic,M5,48,3.0,False,0.0,0.0,True,0,0.0,0.0,0.0,0.0,0.0,0.0,0
GBPJPY,H1@H4,dynamic,M5,48,3.0,True,0.0,0.0,True,0,0.0,0.0,0.0,0.0,0.0,0.0,0
GBPJPY,H1@H4,dynamic,M5,24,3.0,False,0.0,2.0,False,418,0.3014354066985646,-1.1314882445083465,0.911142124542262,-0.07825672029172023,-32.71130908193908,44.385621716783994,0
GBPJPY,H1@H4,dynamic,M5,24,3.0,True,0.0,2.0,False,377,0.30238726790450926,-1.3521203517162754,0.8511420178336458,-0.10067259452657908,-37.95356813652027,38.46694677760186,0
GBPJPY,H1@H4,dynamic,M5,48,3.0,False,0.0,2.0,False,472,0.3114406779661017,-0.7228804547966708,0.9498725313658076,-0.0474807947666095,-22.410935129839682,47.348263578647725,0
GBPJPY,H1@H4,dynamic,M5,48,3.0,True,0.0,2.0,False,417,0.3237410071942446,-0.5489649553476277,0.9534078378828434,-0.039922718520584925,-16.647773623083914,35.98850785625589,0
GBPJPY,H1@H4,dynamic,M5,24,3.0,False,0.0,2.0,True,0,0.0,0.0,0.0,0.0,0.0,0.0,0
GBPJPY,H1@H4,dynamic,M5,24,3.0,True,0.0,2.0,True,0,0.0,0.0,0.0,0.0,0.0,0.0,0
GBPJPY,H1@H4,dynamic,M5,48,3.0,False,0.0,2.0,True,0,0.0,0.0,0.0,0.0,0.0,0.0,0
GBPJPY,H1@H4,dynamic,M5,48,3.0,True,0.0,2.0,True,0,0.0,0.0,0.0,0.0,0.0,0.0,0
GBPJPY,H1@H4,dynamic,M5,24,3.0,False,0.0,3.0,False,414,0.2971014492753623,-0.853387753365336,0.9349138127214586,-0.06082308109342807,-25.18075557267922,42.06096045738411,0
GBPJPY,H1@H4,dynamic,M5,24,3.0,True,0.0,3.0,False,369,0.2981029810298103,-1.0222788115405093,0.8869201453976627,-0.07926038208324869,-29.247080988718775,34.54301842693608,0
GBPJPY,H1@H4,dynamic,M5,48,3.0,False,0.0,3.0,False,467,0.3019271948608137,-0.6748684865000948,0.9609774315046529,-0.0454977353359688,-21.247442401897423,48.913788166272695,0
GBPJPY,H1@H4,dynamic,M5,48,3.0,True,0.0,3.0,False,411,0.31143552311435524,-0.5520313080842022,0.9653277662100415,-0.04127744684594209,-16.96503065368221,37.58432808661819,0
GBPJPY,H1@H4,dynamic,M5,24,3.0,False,0.0,3.0,True,0,0.0,0.0,0.0,0.0,0.0,0.0,0
GBPJPY,H1@H4,dynamic,M5,24,3.0,True,0.0,3.0,True,0,0.0,0.0,0.0,0.0,0.0,0.0,0
GBPJPY,H1@H4,dynamic,M5,48,3.0,False,0.0,3.0,True,0,0.0,0.0,0.0,0.0,0.0,0.0,0
GBPJPY,H1@H4,dynamic,M5,48,3.0,True,0.0,3.0,True,0,0.0,0.0,0.0,0.0,0.0,0.0,0
GBPJPY,H1@H4,dynamic,M5,24,3.0,False,0.0,5.0,False,391,0.28388746803069054,-0.5783665610189052,0.9410134934127087,-0.0444643192525252,-17.38554882773734,41.725944659464794,0
GBPJPY,H1@H4,dynamic,M5,24,3.0,True,0.0,5.0,False,353,0.31444759206798867,0.11366627704939973,0.9945454605569737,0.009471303192406178,3.3433700269193927,22.659423837256323,0
GBPJPY,H1@H4,dynamic,M5,48,3.0,False,0.0,5.0,False,439,0.2733485193621868,-1.1045429702886789,0.9085929508584549,-0.0792656394547305,-34.79761572062669,61.81329206829081,0
GBPJPY,H1@H4,dynamic,M5,48,3.0,True,0.0,5.0,False,396,0.3106060606060606,0.022846114089777863,1.009792848007641,0.0018116833218382894,0.7174265954479644,29.597359020890963,0
GBPJPY,H1@H4,dynamic,M5,24,3.0,False,0.0,5.0,True,0,0.0,0.0,0.0,0.0,0.0,0.0,0
GBPJPY,H1@H4,dynamic,M5,24,3.0,True,0.0,5.0,True,0,0.0,0.0,0.0,0.0,0.0,0.0,0
GBPJPY,H1@H4,dynamic,M5,48,3.0,False,0.0,5.0,True,0,0.0,0.0,0.0,0.0,0.0,0.0,0
GBPJPY,H1@H4,dynamic,M5,48,3.0,True,0.0,5.0,True,0,0.0,0.0,0.0,0.0,0.0,0.0,0
GBPJPY,M5@M15,none,,48,0.0,False,0.0,0.0,False,2279,0.2544975866608161,0.48466948251144715,0.976244601020313,0.017688095638974277,40.31116996122237,98.0,0
GBPJPY,M5@M15,none,,48,0.0,True,0.0,0.0,False,2025,0.2859259259259259,2.9062661891110046,1.1275585870889846,0.11970604631623014,242.40474379036556,44.018741837499405,0
GBPJPY,M5@M15,none,,48,0.0,False,0.0,2.0,False,2279,0.2544975866608161,0.48466948251144715,0.976244601020313,0.017688095638974277,40.31116996122237,98.0,0
GBPJPY,M5@M15,none,,48,0.0,True,0.0,2.0,False,2025,0.2859259259259259,2.9062661891110046,1.1275585870889846,0.11970604631623014,242.40474379036556,44.018741837499405,0
GBPJPY,M5@M15,none,,48,0.0,False,0.0,3.0,False,2279,0.2544975866608161,0.48466948251144715,0.976244601020313,0.017688095638974277,40.31116996122237,98.0,0
GBPJPY,M5@M15,none,,48,0.0,True,0.0,3.0,False,2025,0.2859259259259259,2.9062661891110046,1.1275585870889846,0.11970604631623014,242.40474379036556,44.018741837499405,0
GBPJPY,M5@M15,none,,48,0.0,False,0.0,5.0,False,2279,0.2544975866608161,0.48466948251144715,0.976244601020313,0.017688095638974277,40.31116996122237,98.0,0
GBPJPY,M5@M15,none,,48,0.0,True,0.0,5.0,False,2025,0.2859259259259259,2.9062661891110046,1.1275585870889846,0.11970604631623014,242.40474379036556,44.018741837499405,0
GBPJPY,M5@M15,none,,48,1.5,False,0.0,0.0,False,2279,0.2544975866608161,-2.025420494886731,0.8956411208547521,-0.06779894990253707,-154.51380682788192,203.21620735256482,0
GBPJPY,M5@M15,none,,48,1.5,True,0.0,0.0,False,2025,0.2859259259259259,0.6811223034727156,1.0321424581212848,0.025615651429294475,51.871694144321324,102.30111249735609,0
GBPJPY,M5@M15,none,,48,1.5,False,0.0,2.0,False,2279,0.2544975866608161,-2.025420494886731,0.8956411208547521,-0.06779894990253707,-154.51380682788192,203.21620735256482,0
GBPJPY,M5@M15,none,,48,1.5,True,0.0,2.0,False,2025,0.2859259259259259,0.6811223034727156,1.0321424581212848,0.025615651429294475,51.871694144321324,102.30111249735609,0
GBPJPY,M5@M15,none,,48,1.5,False,0.0,3.0,False,2278,0.25417032484635643,-2.0462256934627434,0.8955013250710618,-0.0685107255736741,-156.06743285682956,203.21620735256482,0
GBPJPY,M5@M15,none,,48,1.5,True,0.0,3.0,False,2025,0.2854320987654321,0.6554193140378839,1.031888182430265,0.024649896473817108,49.91604035947965,102.30111249735609,0
GBPJPY,M5@M15,none,,48,1.5,False,0.0,5.0,False,2268,0.2535273368606702,-2.0630735318531626,0.8957073770218025,-0.06927362695977624,-157.1125859447726,202.48689789911467,0
GBPJPY,M5@M15,none,,48,1.5,True,0.0,5.0,False,2017,0.2845810609816559,0.6228543398704972,1.031243253331201,0.023476080531792124,47.351254432624664,101.82204392853922,0
GBPJPY,M5@M15,none,,48,2.25,False,0.0,0.0,False,2279,0.2544975866608161,-3.237793256769787,0.8589277201177847,-0.10427643229176418,-237.6459891929306,263.33222616029923,0
GBPJPY,M5@M15,none,,48,2.25,True,0.0,0.0,False,2025,0.2859259259259259,-0.40056304638011825,0.9887671076102378,-0.0144678943322053,-29.29748602271574,136.29348210292025,0
GBPJPY,M5@M15,none,,48,2.25,False,0.0,2.0,False,2278,0.25417032484635643,-3.253836188375527,0.8588102799959967,-0.10482558867297692,-238.79269099704143,263.33222616029923,0
GBPJPY,M5@M15,none,,48,2.25,True,0.0,2.0,False,2025,0.2854320987654321,-0.42290233767409796,0.9885281069319438,-0.015275928889979808,-30.933756002209105,136.29348210292025,0
GBPJPY,M5@M15,none,,48,2.25,False,0.0,3.0,False,2274,0.2537379067722076,-3.2687805950471245,0.8578981055823431,-0.1054263052565354,-239.7394181533614,264.95335622403076,0
GBPJPY,M5@M15,none,,48,2.25,True,0.0,3.0,False,2020,0.2851485148514851,-0.40935349485167094,0.9884931261196541,-0.014816292945402364,-29.928911749712718,136.75721662085698,0
GBPJPY,M5@M15,none,,48,2.25,False,0.0,5.0,False,2219,0.25146462370437134,-3.2389143633246826,0.8538003940465354,-0.10620395016728802,-235.66656542121177,264.79234374580574,0
GBPJPY,M5@M15,none,,48,2.25,True,0.0,5.0,False,1965,0.28396946564885495,-0.37410572371349776,0.9868007298589997,-0.013702379595743093,-26.925175905635218,120.87465735066615,0
GBPJPY,M5@M15,none,,48,3.0,False,0.0,0.0,False,2279,0.2544975866608161,-4.426353011956072,0.8243307363396665,-0.1374816496821335,-313.32067962558204,329.4466461522412,0
GBPJPY,M5@M15,none,,48,3.0,True,0.0,0.0,False,2025,0.2859259259259259,-1.464274496623052,0.9479407456889493,-0.05092717692965267,-103.12753328254664,168.56449148674832,0
GBPJPY,M5@M15,none,,48,3.0,False,0.0,2.0,False,2276,0.2539543057996485,-4.438171066029585,0.8242273796129561,-0.13799900044522634,-314.085725013335,328.06231261437415,0
GBPJPY,M5@M15,none,,48,3.0,True,0.0,2.0,False,2022,0.28486646884273,-1.5007567816801017,0.9470706205324935,-0.052258900272884906,-105.66749635177324,169.04873839374514,0
GBPJPY,M5@M15,none,,48,3.0,False,0.0,3.0,False,2256,0.25310283687943264,-4.3551164245541525,0.827014146844144,-0.136453772330077,-307.83971037665356,320.8007561843021,0
GBPJPY,M5@M15,none,,48,3.0,True,0.0,3.0,False,2014,0.2830188679245283,-1.6079733845774538,0.9439794632703009,-0.05598558068969972,-112.75495950905531,163.63568620608206,0
GBPJPY,M5@M15,none,,48,3.0,False,0.0,5.0,False,2054,0.2517039922103213,-3.6820076802073314,0.8430776167668954,-0.1230407864734981,-252.7257754165643,265.89632761508784,0
GBPJPY,M5@M15,none,,48,3.0,True,0.0,5.0,False,1858,0.27879440258342303,-1.5269254189767525,0.9443479360430124,-0.055410737766658454,-102.95315077045129,140.97987744643294,0
GBPJPY,M1@M5,none,,48,0.0,False,0.0,0.0,False,2556,0.2730829420970266,2.6074030310587015,1.0824240364193907,0.0919017340768139,234.90083230033636,44.0,0
GBPJPY,M1@M5,none,,48,0.0,True,0.0,0.0,False,2556,0.27269170579029733,2.586824365556171,1.0816474192634757,0.09115805946791862,233.0,44.0,0
GBPJPY,M1@M5,none,,48,0.0,False,0.0,2.0,False,2556,0.2730829420970266,2.6074030310587015,1.0824240364193907,0.0919017340768139,234.90083230033636,44.0,0
GBPJPY,M1@M5,none,,48,0.0,True,0.0,2.0,False,2556,0.27269170579029733,2.586824365556171,1.0816474192634757,0.09115805946791862,233.0,44.0,0
GBPJPY,M1@M5,none,,48,0.0,False,0.0,3.0,False,2556,0.2730829420970266,2.6074030310587015,1.0824240364193907,0.0919017340768139,234.90083230033636,44.0,0
GBPJPY,M1@M5,none,,48,0.0,True,0.0,3.0,False,2556,0.27269170579029733,2.586824365556171,1.0816474192634757,0.09115805946791862,233.0,44.0,0
GBPJPY,M1@M5,none,,48,0.0,False,0.0,5.0,False,2556,0.2730829420970266,2.6074030310587015,1.0824240364193907,0.0919017340768139,234.90083230033636,44.0,0
GBPJPY,M1@M5,none,,48,0.0,True,0.0,5.0,False,2556,0.27269170579029733,2.586824365556171,1.0816474192634757,0.09115805946791862,233.0,44.0,0
GBPJPY,M1@M5,none,,48,1.5,False,0.0,0.0,False,2556,0.2730829420970266,-2.7520133088028538,0.9020707415108827,-0.0819453655965229,-209.4523544647126,216.51136851752094,0
GBPJPY,M1@M5,none,,48,1.5,True,0.0,0.0,False,2556,0.27269170579029733,-2.7715701062254623,0.9014567568868285,-0.08251110135796338,-210.8983750709545,216.51136851752094,0
GBPJPY,M1@M5,none,,48,1.5,False,0.0,2.0,False,2550,0.27294117647058824,-2.7096297646706895,0.9025872400841674,-0.08086090184901111,-206.19529971497832,213.25431376778664,0
GBPJPY,M1@M5,none,,48,1.5,True,0.0,2.0,False,2550,0.2725490196078431,-2.7291803486240305,0.9019729743326993,-0.08142796875341968,-207.6413203212202,213.25431376778664,0
GBPJPY,M1@M5,none,,48,1.5,False,0.0,3.0,False,2520,0.2702380952380952,-2.7485869751075263,0.9017954289372363,-0.08279234391418769,-208.63670666375316,215.72804221096908,0
GBPJPY,M1@M5,none,,48,1.5,True,0.0,3.0,False,2520,0.2698412698412698,-2.7681971836615618,0.9011813841643505,-0.08336616161507732,-210.08272726999505,215.72804221096908,0
GBPJPY,M1@M5,none,,48,1.5,False,0.0,5.0,False,2316,0.2707253886010363,-1.9274651256556639,0.9153000118514801,-0.06176369189989636,-143.04471044015986,172.74808964146553,0
GBPJPY,M1@M5,none,,48,1.5,True,0.0,5.0,False,2316,0.270293609671848,-1.9473512269387898,0.9146747586362572,-0.062388053128843636,-144.49073104640175,172.74808964146553,0
GBPJPY,M1@M5,none,,48,2.25,False,0.0,0.0,False,2556,0.2730829420970266,-5.27309498308789,0.8276506667946676,-0.14652813884639335,-374.52592289138175,378.88371686864247,0
GBPJPY,M1@M5,none,,48,2.25,True,0.0,0.0,False,2556,0.27269170579029733,-5.291989955813282,0.8271037900389698,-0.14702430795928906,-375.79413114394316,378.88371686864247,0
GBPJPY,M1@M5,none,,48,2.25,False,0.0,2.0,False,2520,0.2702380952380952,-5.159549954263838,0.8284109255525743,-0.14522644648275995,-365.97064513655465,370.32843911381536,0
GBPJPY,M1@M5,none,,48,2.25,True,0.0,2.0,False,2520,0.2698412698412698,-5.178447604579712,0.8278636723691202,-0.14572970372583985,-367.23885338911606,370.32843911381536,0
GBPJPY,M1@M5,none,,48,2.25,False,0.0,3.0,False,2377,0.27513672696676483,-3.8151416777714773,0.8523707322482789,-0.1130266560682032,-268.664361474119,278.37498807277416,0
GBPJPY,M1@M5,none,,48,2.25,True,0.0,3.0,False,2377,0.27471602860748845,-3.83388391695188,0.8518127012777659,-0.11356018919927657,-269.9325697266804,278.37498807277416,0
GBPJPY,M1@M5,none,,48,2.25,False,0.0,5.0,False,1798,0.26696329254727474,-2.632124653431332,0.8901330533505577,-0.09329346242124345,-167.74164543339543,195.7020002292114,0
GBPJPY,M1@M5,none,,48,2.25,True,0.0,5.0,False,1798,0.26696329254727474,-2.631538274847261,0.8901543444684503,-0.09327274263124177,-167.7043912509724,195.7020002292114,0
GBPJPY,M1@M5,none,,48,3.0,False,0.0,0.0,False,2556,0.2730829420970266,-7.717826473816805,0.7614224227001639,-0.20146817811276102,-514.9526632562175,518.1775890386423,0
GBPJPY,M1@M5,none,,48,3.0,True,0.0,0.0,False,2556,0.27269170579029733,-7.736000426403596,0.7609352668773344,-0.20190420938580872,-516.0671591901274,518.1775890386423,0
GBPJPY,M1@M5,none,,48,3.0,False,0.0,2.0,False,2451,0.2766217870257038,-6.215436865241866,0.7842530011322131,-0.16963473425561418,-415.7747336605103,423.61141338022327,0
GBPJPY,M1@M5,none,,48,3.0,True,0.0,2.0,False,2451,0.2762137902896777,-6.233226887045186,0.7837600227678128,-0.17008944495896375,-416.88922959442016,423.61141338022327,0
GBPJPY,M1@M5,none,,48,3.0,False,0.0,3.0,False,2091,0.2702056432329029,-5.004398860587059,0.8041775109107803,-0.15269668716838328,-319.2887728690898,319.48844892844716,0
GBPJPY,M1@M5,none,,48,3.0,True,0.0,3.0,False,2091,0.2702056432329029,-5.002749468995598,0.8042205449229887,-0.1526467536651667,-319.184361913864,319.40069049451245,0
GBPJPY,M1@M5,none,,48,3.0,False,0.0,5.0,False,1322,0.2639939485627837,-2.7269242646560916,0.8600240152661979,-0.11128086871907647,-147.1133084466196,152.28732532603675,0
GBPJPY,M1@M5,none,,48,3.0,True,0.0,5.0,False,1322,0.2639939485627837,-2.7256290211433254,0.860080219537197,-0.11122821569072254,-147.0437011431357,152.28732532603675,0
GBPJPY,M1@M15,none,,48,0.0,False,0.0,0.0,False,990,0.2474747474747475,-0.19673067852187245,0.9238535816358378,-0.010791730767223279,-10.683813459551047,57.0,0
GBPJPY,M1@M15,none,,48,0.0,True,0.0,0.0,False,814,0.2592137592137592,0.36507893085911125,1.040497475948993,0.022910182051122534,18.648888189613768,43.11749124072537,0
GBPJPY,M1@M15,none,,48,0.0,False,0.0,2.0,False,990,0.2474747474747475,-0.19673067852187245,0.9238535816358378,-0.010791730767223279,-10.683813459551047,57.0,0
GBPJPY,M1@M15,none,,48,0.0,True,0.0,2.0,False,814,0.2592137592137592,0.36507893085911125,1.040497475948993,0.022910182051122534,18.648888189613768,43.11749124072537,0
GBPJPY,M1@M15,none,,48,0.0,False,0.0,3.0,False,990,0.2474747474747475,-0.19673067852187245,0.9238535816358378,-0.010791730767223279,-10.683813459551047,57.0,0
GBPJPY,M1@M15,none,,48,0.0,True,0.0,3.0,False,814,0.2592137592137592,0.36507893085911125,1.040497475948993,0.022910182051122534,18.648888189613768,43.11749124072537,0
GBPJPY,M1@M15,none,,48,0.0,False,0.0,5.0,False,990,0.2474747474747475,-0.19673067852187245,0.9238535816358378,-0.010791730767223279,-10.683813459551047,57.0,0
GBPJPY,M1@M15,none,,48,0.0,True,0.0,5.0,False,814,0.2592137592137592,0.36507893085911125,1.040497475948993,0.022910182051122534,18.648888189613768,43.11749124072537,0
GBPJPY,M1@M15,none,,48,1.5,False,0.0,0.0,False,990,0.2474747474747475,-2.058866678944579,0.8314671928233902,-0.10257013206522009,-101.54443074456786,122.51021947846267,0
GBPJPY,M1@M15,none,,48,1.5,True,0.0,0.0,False,814,0.2592137592137592,-1.2160498531752688,0.9382057194497148,-0.06933164636587497,-56.435960141822214,74.26156742592273,0
GBPJPY,M1@M15,none,,48,1.5,False,0.0,2.0,False,990,0.2474747474747475,-2.058866678944579,0.8314671928233902,-0.10257013206522009,-101.54443074456786,122.51021947846267,0
GBPJPY,M1@M15,none,,48,1.5,True,0.0,2.0,False,814,0.2592137592137592,-1.2160498531752688,0.9382057194497148,-0.06933164636587497,-56.435960141822214,74.26156742592273,0
GBPJPY,M1@M15,none,,48,1.5,False,0.0,3.0,False,990,0.2474747474747475,-2.058866678944579,0.8314671928233902,-0.10257013206522009,-101.54443074456786,122.51021947846267,0
GBPJPY,M1@M15,none,,48,1.5,True,0.0,3.0,False,814,0.2592137592137592,-1.2160498531752688,0.9382057194497148,-0.06933164636587497,-56.435960141822214,74.26156742592273,0
GBPJPY,M1@M15,none,,48,1.5,False,0.0,5.0,False,986,0.24746450304259635,-2.0328364339150933,0.8311178674445815,-0.10158111340970206,-100.15897782196618,123.45242408478155,0
GBPJPY,M1@M15,none,,48,1.5,True,0.0,5.0,False,810,0.25925925925925924,-1.2450961966007024,0.9372343297970327,-0.07097916580636153,-57.49312430315284,75.69357069172145,0
GBPJPY,M1@M15,none,,48,2.25,False,0.0,0.0,False,990,0.2474747474747475,-2.9662637642258516,0.7902023261284956,-0.14151352910349033,-140.09839381245556,153.12999002838367,0
GBPJPY,M1@M15,none,,48,2.25,True,0.0,0.0,False,814,0.2592137592137592,-1.986041761024397,0.8925015412932468,-0.10847879286689245,-88.30173739365054,100.60957538164323,0
GBPJPY,M1@M15,none,,48,2.25,False,0.0,2.0,False,990,0.2474747474747475,-2.9662637642258516,0.7902023261284956,-0.14151352910349033,-140.09839381245556,153.12999002838367,0
GBPJPY,M1@M15,none,,48,2.25,True,0.0,2.0,False,814,0.2592137592137592,-1.986041761024397,0.8925015412932468,-0.10847879286689245,-88.30173739365054,100.60957538164323,0
GBPJPY,M1@M15,none,,48,2.25,False,0.0,3.0,False,988,0.24696356275303644,-2.982368053144871,0.789231375117888,-0.1424476226471831,-140.73825117541705,153.83421637259215,0
GBPJPY,M1@M15,none,,48,2.25,True,0.0,3.0,False,812,0.25862068965517243,-2.044582540913742,0.8904997056053553,-0.11156180547316621,-90.58818604421106,102.86048928936586,0
GBPJPY,M1@M15,none,,48,2.25,False,0.0,5.0,False,938,0.2526652452025586,-2.2768313013976162,0.8151944194911508,-0.11353125557239997,-106.49231772691122,120.2508015806476,0
GBPJPY,M1@M15,none,,48,2.25,True,0.0,5.0,False,779,0.2605905006418485,-1.7358772829462723,0.8985131407851445,-0.09743473038510006,-75.90165496999296,87.73191124905584,0
GBPJPY,M1@M15,none,,48,3.0,False,0.0,0.0,False,990,0.2474747474747475,-3.86010680856128,0.7517716834807024,-0.17680944704671236,-175.04135257624523,185.0242759222479,0
GBPJPY,M1@M15,none,,48,3.0,True,0.0,0.0,False,814,0.2592137592137592,-2.7441764362083676,0.8499281470212932,-0.14397971108092397,-117.19948481987211,124.63857801157933,0
GBPJPY,M1@M15,none,,48,3.0,False,0.0,2.0,False,989,0.24772497472194135,-3.8370128411641224,0.75203827516745,-0.17591067856509934,-173.9756611008832,183.95858444688588,0
GBPJPY,M1@M15,none,,48,3.0,True,0.0,2.0,False,813,0.25953259532595324,-2.7187313297387945,0.8505993563428793,-0.14279357053292152,-116.09117284326521,123.53026603497243,0
GBPJPY,M1@M15,none,,48,3.0,False,0.0,3.0,False,964,0.25103734439834025,-3.384753553687343,0.7724302216962222,-0.15887445384926946,-153.1549735106957,163.610130683919,0
GBPJPY,M1@M15,none,,48,3.0,True,0.0,3.0,False,803,0.261519302615193,-2.538124226517812,0.8565861338026634,-0.13452922870684741,-108.02697065159842,115.31625870610837,0
GBPJPY,M1@M15,none,,48,3.0,False,0.0,5.0,False,847,0.2396694214876033,-3.522185306101882,0.7384034363438855,-0.1775616700885265,-150.39473456498197,159.10458362993765,0
GBPJPY,M1@M15,none,,48,3.0,True,0.0,5.0,False,703,0.267425320056899,-1.7058277714794152,0.8864262871889996,-0.09837946050246378,-69.16076073323195,72.61769889361896,0
XAUUSD,H1@H4,none,,48,0.0,False,0.0,0.0,False,1427,0.34688156972669937,1.0473845929822494,0.9932961700029321,0.03958056193180366,56.48146187668381,65.0,0
XAUUSD,H1@H4,none,,48,0.0,True,0.0,0.0,False,2399,0.5139641517298874,21.544799012421596,2.6752746389197357,0.7685379177051785,1843.722464574724,15.496533447930119,0
XAUUSD,H1@H4,none,,48,12.0,False,0.0,0.0,False,1427,0.34688156972669937,0.6522900117376439,0.9813853476921776,0.024289197327545534,34.6606845864075,68.07237692389286,0
XAUUSD,H1@H4,none,,48,12.0,True,0.0,0.0,False,2399,0.5139641517298874,21.17149773218939,2.644364110751945,0.744705124383663,1786.5475933964071,15.546897100537763,0
XAUUSD,H1@H4,none,,48,18.0,False,0.0,0.0,False,1427,0.34688156972669937,0.45692413659461645,0.9754994628229867,0.016893158845294604,24.106537672235365,69.5553534738051,0
XAUUSD,H1@H4,none,,48,18.0,True,0.0,0.0,False,2399,0.5139641517298874,20.984882191769366,2.629099984742346,0.7331462202158422,1758.8177822978034,15.571539804513804,0
XAUUSD,H1@H4,none,,48,24.0,False,0.0,0.0,False,1427,0.34688156972669937,0.2629618640326454,0.9696592101123198,0.009654138647987243,13.776455850677777,71.0047128422072,0
XAUUSD,H1@H4,none,,48,24.0,True,0.0,0.0,False,2399,0.5139641517298874,20.79839161285322,2.6139611915514167,0.7218129351536989,1731.6292314337245,15.59583328061143,0
XAUUSD,H1@H4,static,M15,48,0.0,False,0.0,0.0,False,1479,0.39486139283299526,11.36430820164812,1.6873798102562156,0.5776855773720431,854.3969689332516,12.0,0
XAUUSD,H1@H4,static,M15,48,0.0,True,0.0,0.0,False,1359,0.43782192788815305,12.929544153630124,2.115077512604074,0.7233780281550689,983.0707402627414,10.799999999999983,0
XAUUSD,H1@H4,static,M15,48,0.0,False,0.0,0.0,True,41,0.4146341463414634,2.1135069824123796,1.820474813249983,0.6585365853658537,27.0,7.0,0
XAUUSD,H1@H4,static,M15,48,0.0,True,0.0,0.0,True,42,0.40476190476190477,1.656124833503344,1.5064161905992208,0.4708328607061131,19.77498014965674,7.0,0
XAUUSD,H1@H4,static,M15,48,0.0,False,0.0,2.0,False,1479,0.39486139283299526,11.36430820164812,1.6873798102562156,0.5776855773720431,854.3969689332516,12.0,0
XAUUSD,H1@H4,static,M15,48,0.0,True,0.0,2.0,False,1359,0.43782192788815305,12.929544153630124,2.115077512604074,0.7233780281550689,983.0707402627414,10.799999999999983,0
XAUUSD,H1@H4,static,M15,48,0.0,False,0.0,2.0,True,41,0.4146341463414634,2.1135069824123796,1.820474813249983,0.6585365853658537,27.0,7.0,0
XAUUSD,H1@H4,static,M15,48,0.0,True,0.0,2.0,True,42,0.40476190476190477,1.656124833503344,1.5064161905992208,0.4708328607061131,19.77498014965674,7.0,0
XAUUSD,H1@H4,static,M15,48,0.0,False,0.0,3.0,False,1479,0.39486139283299526,11.36430820164812,1.6873798102562156,0.5776855773720431,854.3969689332516,12.0,0
XAUUSD,H1@H4,static,M15,48,0.0,True,0.0,3.0,False,1359,0.43782192788815305,12.929544153630124,2.115077512604074,0.7233780281550689,983.0707402627414,10.799999999999983,0
XAUUSD,H1@H4,static,M15,48,0.0,False,0.0,3.0,True,41,0.4146341463414634,2.1135069824123796,1.820474813249983,0.6585365853658537,27.0,7.0,0
XAUUSD,H1@H4,static,M15,48,0.0,True,0.0,3.0,True,42,0.40476190476190477,1.656124833503344,1.5064161905992208,0.4708328607061131,19.77498014965674,7.0,0
XAUUSD,H1@H4,static,M15,48,0.0,False,0.0,5.0,False,1479,0.39486139283299526,11.36430820164812,1.6873798102562156,0.5776855773720431,854.3969689332516,12.0,0
XAUUSD,H1@H4,static,M15,48,0.0,True,0.0,5.0,False,1359,0.43782192788815305,12.929544153630124,2.115077512604074,0.7233780281550689,983.0707402627414,10.799999999999983,0
XAUUSD,H1@H4,static,M15,48,0.0,False,0.0,5.0,True,41,0.4146341463414634,2.1135069824123796,1.820474813249983,0.6585365853658537,27.0,7.0,0
XAUUSD,H1@H4,static,M15,48,0.0,True,0.0,5.0,True,42,0.40476190476190477,1.656124833503344,1.5064161905992208,0.4708328607061131,19.77498014965674,7.0,0
XAUUSD,H1@H4,static,M15,48,12.0,False,0.0,0.0,False,1479,0.39486139283299526,10.440428085891533,1.6331705323332586,0.5074089861008348,750.4578904431352,12.265804026393965,0
XAUUSD,H1@H4,static,M15,48,12.0,True,0.0,0.0,False,1359,0.43782192788815305,12.166404442175715,2.050350710129819,0.6493559972145816,882.4748002146163,11.005998120455331,0
XAUUSD,H1@H4,static,M15,48,12.0,False,0.0,0.0,True,41,0.4146341463414634,2.0265534984960927,1.7795555331614117,0.6149338643222929,25.212288437214017,7.0,0
XAUUSD,H1@H4,static,M15,48,12.0,True,0.0,0.0,True,42,0.40476190476190477,1.5588931433221092,1.4701391394046743,0.4319143334842188,18.140402006337194,7.0,0
XAUUSD,H1@H4,static,M15,48,12.0,False,0.0,2.0,False,1479,0.39486139283299526,10.440428085891533,1.6331705323332586,0.5074089861008348,750.4578904431352,12.265804026393965,0
XAUUSD,H1@H4,static,M15,48,12.0,True,0.0,2.0,False,1359,0.43782192788815305,12.166404442175715,2.050350710129819,0.6493559972145816,882.4748002146163,11.005998120455331,0
XAUUSD,H1@H4,static,M15,48,12.0,False,0.0,2.0,True,41,0.4146341463414634,2.0265534984960927,1.7795555331614117,0.6149338643222929,25.212288437214017,7.0,0
XAUUSD,H1@H4,static,M15,48,12.0,True,0.0,2.0,True,42,0.40476190476190477,1.5588931433221092,1.4701391394046743,0.4319143334842188,18.140402006337194,7.0,0
XAUUSD,H1@H4,static,M15,48,12.0,False,0.0,3.0,False,1479,0.39486139283299526,10.440428085891533,1.6331705323332586,0.5074089861008348,750.4578904431352,12.265804026393965,0
XAUUSD,H1@H4,static,M15,48,12.0,True,0.0,3.0,False,1359,0.43782192788815305,12.166404442175715,2.050350710129819,0.6493559972145816,882.4748002146163,11.005998120455331,0
XAUUSD,H1@H4,static,M15,48,12.0,False,0.0,3.0,True,41,0.4146341463414634,2.0265534984960927,1.7795555331614117,0.6149338643222929,25.212288437214017,7.0,0
XAUUSD,H1@H4,static,M15,48,12.0,True,0.0,3.0,True,42,0.40476190476190477,1.5588931433221092,1.4701391394046743,0.4319143334842188,18.140402006337194,7.0,0
XAUUSD,H1@H4,static,M15,48,12.0,False,0.0,5.0,False,1479,0.39486139283299526,10.440428085891533,1.6331548919911776,0.5074089861008348,750.4578904431352,12.265804026393965,0
XAUUSD,H1@H4,static,M15,48,12.0,True,0.0,5.0,False,1359,0.43782192788815305,12.166404442175715,2.0502767064174523,0.6493559972145816,882.4748002146163,11.005998120455331,0
XAUUSD,H1@H4,static,M15,48,12.0,False,0.0,5.0,True,41,0.4146341463414634,2.0265534984960927,1.7795555331614117,0.6149338643222929,25.212288437214017,7.0,0
XAUUSD,H1@H4,static,M15,48,12.0,True,0.0,5.0,True,42,0.40476190476190477,1.5588931433221092,1.4701391394046743,0.4319143334842188,18.140402006337194,7.0,0
XAUUSD,H1@H4,static,M15,48,18.0,False,0.0,0.0,False,1479,0.39486139283299526,9.98653069243809,1.606997023846945,0.4753775425069825,703.0833853678278,12.392188500714212,0
XAUUSD,H1@H4,static,M15,48,18.0,True,0.0,0.0,False,1359,0.43782192788815305,11.784336843322322,2.0190612448781255,0.615613122461783,836.6182334255634,11.103946088053505,0
XAUUSD,H1@H4,static,M15,48,18.0,False,0.0,0.0,True,41,0.4146341463414634,1.9832995158662963,1.7595885014726391,0.5941771944537726,24.361264972604676,7.0,0
XAUUSD,H1@H4,static,M15,48,18.0,True,0.0,0.0,True,42,0.40476190476190477,1.5107057799050068,1.4524483315824244,0.4133769632900874,17.36183245818367,7.0,0
XAUUSD,H1@H4,static,M15,48,18.0,False,0.0,2.0,False,1479,0.39486139283299526,9.98653069243809,1.606997023846945,0.4753775425069825,703.0833853678278,12.392188500714212,0
XAUUSD,H1@H4,static,M15,48,18.0,True,0.0,2.0,False,1359,0.43782192788815305,11.784336843322322,2.0190612448781255,0.615613122461783,836.6182334255634,11.103946088053505,0
XAUUSD,H1@H4,static,M15,48,18.0,False,0.0,2.0,True,41,0.4146341463414634,1.9832995158662963,1.7595885014726391,0.5941771944537726,24.361264972604676,7.0,0
XAUUSD,H1@H4,static,M15,48,18.0,True,0.0,2.0,True,42,0.40476190476190477,1.5107057799050068,1.4524483315824244,0.4133769632900874,17.36183245818367,7.0,0
XAUUSD,H1@H4,static,M15,48,18.0,False,0.0,3.0,False,1479,0.39486139283299526,9.98653069243809,1.606997023846945,0.4753775425069825,703.0833853678278,12.392188500714212,0
XAUUSD,H1@H4,static,M15,48,18.0,True,0.0,3.0,False,1359,0.43782192788815305,11.784336843322322,2.0190370417355545,0.615613122461783,836.6182334255634,11.103946088053505,0
XAUUSD,H1@H4,static,M15,48,18.0,False,0.0,3.0,True,41,0.4146341463414634,1.9832995158662963,1.7595885014726391,0.5941771944537726,24.361264972604676,7.0,0
XAUUSD,H1@H4,static,M15,48,18.0,True,0.0,3.0,True,42,0.40476190476190477,1.5107057799050068,1.4524483315824244,0.4133769632900874,17.36183245818367,7.0,0
XAUUSD,H1@H4,static,M15,48,18.0,False,0.0,5.0,False,1479,0.39486139283299526,9.99919231240032,1.6073420108458707,0.47618630174993176,704.2795402881497,12.392188500714212,0
XAUUSD,H1@H4,static,M15,48,18.0,True,0.0,5.0,False,1359,0.4385577630610743,11.829341176117172,2.019830671851109,0.6163485497295378,837.617679082442,11.103946088053505,0
XAUUSD,H1@H4,static,M15,48,18.0,False,0.0,5.0,True,41,0.4146341463414634,1.9832995158662963,1.7595885014726391,0.5941771944537726,24.361264972604676,7.0,0
XAUUSD,H1@H4,static,M15,48,18.0,True,0.0,5.0,True,42,0.40476190476190477,1.5107057799050068,1.4524483315824244,0.4133769632900874,17.36183245818367,7.0,0
XAUUSD,H1@H4,static,M15,48,24.0,False,0.0,0.0,False,1479,0.39486139283299526,9.538084141751352,1.5814161577672325,0.4451261458183091,658.3415696652795,12.82482850304089,0
XAUUSD,H1@H4,static,M15,48,24.0,True,0.0,0.0,False,1359,0.43782192788815305,11.403406067618535,1.9884564060655883,0.5837379727893179,793.2999050206838,11.198743372596965,0
XAUUSD,H1@H4,static,M15,48,24.0,False,0.0,0.0,True,41,0.4146341463414634,1.9402042541425277,1.73993941656447,0.574066078325277,23.53670921133636,7.0,0
XAUUSD,H1@H4,static,M15,48,24.0,True,0.0,0.0,True,42,0.40476190476190477,1.4627971052835478,1.4350462592136666,0.39541022094902023,16.60722927985885,7.0,0
XAUUSD,H1@H4,static,M15,48,24.0,False,0.0,2.0,False,1479,0.39486139283299526,9.538084141751352,1.5814161577672325,0.4451261458183091,658.3415696652795,12.82482850304089,0
XAUUSD,H1@H4,static,M15,48,24.0,True,0.0,2.0,False,1359,0.43782192788815305,11.403406067618535,1.9884564060655883,0.5837379727893179,793.2999050206838,11.198743372596965,0
XAUUSD,H1@H4,static,M15,48,24.0,False,0.0,2.0,True,41,0.4146341463414634,1.9402042541425277,1.73993941656447,0.574066078325277,23.53670921133636,7.0,0
XAUUSD,H1@H4,static,M15,48,24.0,True,0.0,2.0,True,42,0.40476190476190477,1.4627971052835478,1.4350462592136666,0.39541022094902023,16.60722927985885,7.0,0
XAUUSD,H1@H4,static,M15,48,24.0,False,0.0,3.0,False,1479,0.39486139283299526,9.539259727681248,1.581324646853466,0.44519578292694983,658.4445629489591,12.82482850304089,0
XAUUSD,H1@H4,static,M15,48,24.0,True,0.0,3.0,False,1359,0.43782192788815305,11.403903436780942,1.9882511812490222,0.5837669030904654,793.3392212999433,11.198743372596965,0
XAUUSD,H1@H4,static,M15,48,24.0,False,0.0,3.0,True,41,0.4146341463414634,1.9402042541425277,1.73993941656447,0.574066078325277,23.53670921133636,7.0,0
XAUUSD,H1@H4,static,M15,48,24.0,True,0.0,3.0,True,42,0.40476190476190477,1.4627971052835478,1.4350462592136666,0.39541022094902023,16.60722927985885,7.0,0
XAUUSD,H1@H4,static,M15,48,24.0,False,0.0,5.0,False,1479,0.3935091277890467,9.499354172903052,1.5804946195501604,0.44400076035726205,656.6771245683905,12.82482850304089,0
XAUUSD,H1@H4,static,M15,48,24.0,True,0.0,5.0,False,1358,0.43888070692194403,11.465235229696638,1.9904121387101472,0.5843970911839969,793.6112498278685,11.198743372596965,0
XAUUSD,H1@H4,static,M15,48,24.0,False,0.0,5.0,True,41,0.4146341463414634,1.9402042541425277,1.73993941656447,0.574066078325277,23.53670921133636,7.0,0
XAUUSD,H1@H4,static,M15,48,24.0,True,0.0,5.0,True,42,0.40476190476190477,1.4627971052835478,1.4350462592136666,0.39541022094902023,16.60722927985885,7.0,0
XAUUSD,H1@H4,static,M5,48,0.0,False,0.0,0.0,False,552,0.463768115942029,10.062177370184552,2.1186037937352844,0.8550724637681161,472.00000000000006,9.0,0
XAUUSD,H1@H4,static,M5,48,0.0,True,0.0,0.0,False,482,0.483402489626556,9.425051487022394,2.4923156243470594,1.0565427929741031,509.2536262135185,7.0,0
XAUUSD,H1@H4,static,M5,48,0.0,False,0.0,0.0,True,20,0.4,1.334634781503914,1.3031771941800194,0.6,12.0,4.0,0
XAUUSD,H1@H4,static,M5,48,0.0,True,0.0,0.0,True,20,0.4,1.6265451310660082,1.5377536212384617,0.9671609036415297,19.343218072830595,4.0,0
XAUUSD,H1@H4,static,M5,48,0.0,False,0.0,2.0,False,552,0.463768115942029,10.062177370184552,2.1186037937352844,0.8550724637681161,472.00000000000006,9.0,0
XAUUSD,H1@H4,static,M5,48,0.0,True,0.0,2.0,False,482,0.483402489626556,9.425051487022394,2.4923156243470594,1.0565427929741031,509.2536262135185,7.0,0
XAUUSD,H1@H4,static,M5,48,0.0,False,0.0,2.0,True,20,0.4,1.334634781503914,1.3031771941800194,0.6,12.0,4.0,0
XAUUSD,H1@H4,static,M5,48,0.0,True,0.0,2.0,True,20,0.4,1.6265451310660082,1.5377536212384617,0.9671609036415297,19.343218072830595,4.0,0
XAUUSD,H1@H4,static,M5,48,0.0,False,0.0,3.0,False,552,0.463768115942029,10.062177370184552,2.1186037937352844,0.8550724637681161,472.00000000000006,9.0,0
XAUUSD,H1@H4,static,M5,48,0.0,True,0.0,3.0,False,482,0.483402489626556,9.425051487022394,2.4923156243470594,1.0565427929741031,509.2536262135185,7.0,0
XAUUSD,H1@H4,static,M5,48,0.0,False,0.0,3.0,True,20,0.4,1.334634781503914,1.3031771941800194,0.6,12.0,4.0,0
XAUUSD,H1@H4,static,M5,48,0.0,True,0.0,3.0,True,20,0.4,1.6265451310660082,1.5377536212384617,0.9671609036415297,19.343218072830595,4.0,0
XAUUSD,H1@H4,static,M5,48,0.0,False,0.0,5.0,False,552,0.463768115942029,10.062177370184552,2.1186037937352844,0.8550724637681161,472.00000000000006,9.0,0
XAUUSD,H1@H4,static,M5,48,0.0,True,0.0,5.0,False,482,0.483402489626556,9.425051487022394,2.4923156243470594,1.0565427929741031,509.2536262135185,7.0,0
XAUUSD,H1@H4,static,M5,48,0.0,False,0.0,5.0,True,20,0.4,1.334634781503914,1.3031771941800194,0.6,12.0,4.0,0
XAUUSD,H1@H4,static,M5,48,0.0,True,0.0,5.0,True,20,0.4,1.6265451310660082,1.5377536212384617,0.9671609036415297,19.343218072830595,4.0,0
XAUUSD,H1@H4,static,M5,48,12.0,False,0.0,0.0,False,552,0.463768115942029,9.499936250305655,2.0411695577411506,0.7713550496060286,425.78798738252806,9.207801846096558,0
XAUUSD,H1@H4,static,M5,48,12.0,True,0.0,0.0,False,482,0.483402489626556,9.003257195096207,2.405429170351516,0.9646077827043434,464.9409512634932,7.0,0
XAUUSD,H1@H4,static,M5,48,12.0,False,0.0,0.0,True,20,0.4,1.1987747226451797,1.2466000657239018,0.5085203333037409,10.170406666074818,4.0,0
XAUUSD,H1@H4,static,M5,48,12.0,True,0.0,0.0,True,20,0.4,1.522426121590666,1.4744390752081622,0.8485265013542644,16.97053002708529,4.0,0
XAUUSD,H1@H4,static,M5,48,12.0,False,0.0,2.0,False,552,0.463768115942029,9.499936250305655,2.0411695577411506,0.7713550496060286,425.78798738252806,9.207801846096558,0
XAUUSD,H1@H4,static,M5,48,12.0,True,0.0,2.0,False,482,0.483402489626556,9.003257195096207,2.405429170351516,0.9646077827043434,464.9409512634932,7.0,0
XAUUSD,H1@H4,static,M5,48,12.0,False,0.0,2.0,True,20,0.4,1.1987747226451797,1.2466000657239018,0.5085203333037409,10.170406666074818,4.0,0
XAUUSD,H1@H4,static,M5,48,12.0,True,0.0,2.0,True,20,0.4,1.522426121590666,1.4744390752081622,0.8485265013542644,16.97053002708529,4.0,0
XAUUSD,H1@H4,static,M5,48,12.0,False,0.0,3.0,False,552,0.463768115942029,9.499936250305655,2.0411695577411506,0.7713550496060286,425.78798738252806,9.207801846096558,0
XAUUSD,H1@H4,static,M5,48,12.0,True,0.0,3.0,False,482,0.483402489626556,9.003257195096207,2.405429170351516,0.9646077827043434,464.9409512634932,7.0,0
XAUUSD,H1@H4,static,M5,48,12.0,False,0.0,3.0,True,20,0.4,1.1987747226451797,1.2466000657239018,0.5085203333037409,10.170406666074818,4.0,0
XAUUSD,H1@H4,static,M5,48,12.0,True,0.0,3.0,True,20,0.4,1.522426121590666,1.4744390752081622,0.8485265013542644,16.97053002708529,4.0,0
XAUUSD,H1@H4,static,M5,48,12.0,False,0.0,5.0,False,552,0.463768115942029,9.499936250305655,2.041035759378708,0.7713550496060286,425.78798738252806,9.207801846096558,0
XAUUSD,H1@H4,static,M5,48,12.0,True,0.0,5.0,False,482,0.483402489626556,9.003257195096207,2.4052461310407685,0.9646077827043434,464.9409512634932,7.0,0
XAUUSD,H1@H4,static,M5,48,12.0,False,0.0,5.0,True,20,0.4,1.1987747226451797,1.2466000657239018,0.5085203333037409,10.170406666074818,4.0,0
XAUUSD,H1@H4,static,M5,48,12.0,True,0.0,5.0,True,20,0.4,1.522426121590666,1.4744390752081622,0.8485265013542644,16.97053002708529,4.0,0
XAUUSD,H1@H4,static,M5,48,18.0,False,0.0,0.0,False,552,0.463768115942029,9.221395675647468,2.0039404507434884,0.7330727961985793,404.65618350161554,9.303811203037824,0
XAUUSD,H1@H4,static,M5,48,18.0,True,0.0,0.0,False,482,0.483402489626556,8.793706328175027,2.3636169210124063,0.9225482186701067,444.6682413989914,7.0,0
XAUUSD,H1@H4,static,M5,48,18.0,False,0.0,0.0,True,20,0.4,1.1319482674541879,1.2195129877277306,0.46753648473049403,9.35072969460988,4.0,0
XAUUSD,H1@H4,static,M5,48,18.0,True,0.0,0.0,True,20,0.4,1.470507678489937,1.4441263659312136,0.7955921997465594,15.911843994931187,4.0,0
XAUUSD,H1@H4,static,M5,48,18.0,False,0.0,2.0,False,552,0.463768115942029,9.221395675647468,2.0039404507434884,0.7330727961985793,404.65618350161554,9.303811203037824,0
XAUUSD,H1@H4,static,M5,48,18.0,True,0.0,2.0,False,482,0.483402489626556,8.793706328175027,2.3636169210124063,0.9225482186701067,444.6682413989914,7.0,0
XAUUSD,H1@H4,static,M5,48,18.0,False,0.0,2.0,True,20,0.4,1.1319482674541879,1.2195129877277306,0.46753648473049403,9.35072969460988,4.0,0
XAUUSD,H1@H4,static,M5,48,18.0,True,0.0,2.0,True,20,0.4,1.470507678489937,1.4441263659312136,0.7955921997465594,15.911843994931187,4.0,0
XAUUSD,H1@H4,static,M5,48,18.0,False,0.0,3.0,False,552,0.463768115942029,9.221395675647468,2.0038974991083727,0.7330727961985793,404.65618350161554,9.303811203037824,0
XAUUSD,H1@H4,static,M5,48,18.0,True,0.0,3.0,False,482,0.483402489626556,8.793706328175027,2.363558092799109,0.9225482186701067,444.6682413989914,7.0,0
XAUUSD,H1@H4,static,M5,48,18.0,False,0.0,3.0,True,20,0.4,1.1319482674541879,1.2195129877277306,0.46753648473049403,9.35072969460988,4.0,0
XAUUSD,H1@H4,static,M5,48,18.0,True,0.0,3.0,True,20,0.4,1.470507678489937,1.4441263659312136,0.7955921997465594,15.911843994931187,4.0,0
XAUUSD,H1@H4,static,M5,48,18.0,False,0.0,5.0,False,552,0.463768115942029,9.226217697702822,2.0042409424953678,0.7336400739647225,404.9693208285265,9.303811203037824,0
XAUUSD,H1@H4,static,M5,48,18.0,True,0.0,5.0,False,482,0.483402489626556,8.793570628534246,2.363140028742238,0.9224979647732324,444.644019020698,7.0,0
XAUUSD,H1@H4,static,M5,48,18.0,False,0.0,5.0,True,20,0.4,1.1319482674541879,1.2195129877277306,0.46753648473049403,9.35072969460988,4.0,0
XAUUSD,H1@H4,static,M5,48,18.0,True,0.0,5.0,True,20,0.4,1.470507678489937,1.4441263659312136,0.7955921997465594,15.911843994931187,4.0,0
XAUUSD,H1@H4,static,M5,48,24.0,False,0.0,0.0,False,552,0.463768115942029,8.94493648697387,1.967653159790546,0.6968588653749407,384.6660936869674,9.395079148110213,0
XAUUSD,H1@H4,static,M5,48,24.0,True,0.0,0.0,False,482,0.483402489626556,8.585363718214644,2.3228382349373655,0.882752975062316,425.48693398003644,7.0,0
XAUUSD,H1@H4,static,M5,48,24.0,False,0.0,0.0,True,20,0.4,1.065889485890616,1.1931821736567059,0.42923194822581373,8.584638964516275,4.0,0
XAUUSD,H1@H4,static,M5,48,24.0,True,0.0,0.0,True,20,0.4,1.418796028259757,1.4146599793363508,0.746240100188144,14.924802003762878,4.0,0
XAUUSD,H1@H4,static,M5,48,24.0,False,0.0,2.0,False,552,0.463768115942029,8.94493648697387,1.967653159790546,0.6968588653749407,384.6660936869674,9.395079148110213,0
XAUUSD,H1@H4,static,M5,48,24.0,True,0.0,2.0,False,482,0.483402489626556,8.585363718214644,2.3228382349373655,0.882752975062316,425.48693398003644,7.0,0
XAUUSD,H1@H4,static,M5,48,24.0,False,0.0,2.0,True,20,0.4,1.065889485890616,1.1931821736567059,0.42923194822581373,8.584638964516275,4.0,0
XAUUSD,H1@H4,static,M5,48,24.0,True,0.0,2.0,True,20,0.4,1.418796028259757,1.4146599793363508,0.746240100188144,14.924802003762878,4.0,0
XAUUSD,H1@H4,static,M5,48,24.0,False,0.0,3.0,False,552,0.463768115942029,8.945488817908721,1.967423783322991,0.6969176630358369,384.69854999578206,9.395079148110213,0
XAUUSD,H1@H4,static,M5,48,24.0,True,0.0,3.0,False,482,0.483402489626556,8.585363718214644,2.322435309597084,0.882752975062316,425.48693398003644,7.0,0
XAUUSD,H1@H4,static,M5,48,24.0,False,0.0,3.0,True,20,0.4,1.065889485890616,1.1931821736567059,0.42923194822581373,8.584638964516275,4.0,0
XAUUSD,H1@H4,static,M5,48,24.0,True,0.0,3.0,True,20,0.4,1.418796028259757,1.4146599793363508,0.746240100188144,14.924802003762878,4.0,0
XAUUSD,H1@H4,static,M5,48,24.0,False,0.0,5.0,False,552,0.46557971014492755,9.047456445585018,1.9741871367986346,0.7057052524348538,389.54929934403924,9.395079148110213,0
XAUUSD,H1@H4,static,M5,48,24.0,True,0.0,5.0,False,482,0.4854771784232365,8.647884797944462,2.3275194236870482,0.8880167028273006,428.0240507627589,7.0,0
XAUUSD,H1@H4,static,M5,48,24.0,False,0.0,5.0,True,20,0.4,1.0813541618845042,1.2116996967053346,0.43765905107462794,8.753181021492557,4.0,0
XAUUSD,H1@H4,static,M5,48,24.0,True,0.0,5.0,True,20,0.4,1.402125456430499,1.427622245470391,0.7308553127393944,14.617106254787886,4.0,0
XAUUSD,H1@H4,dynamic,M15,24,0.0,False,0.0,0.0,False,964,0.31742738589211617,4.454565518493667,1.3279323215791707,0.2669709264455078,257.3599730934696,37.0,0
XAUUSD,H1@H4,dynamic,M15,24,0.0,True,0.0,0.0,False,911,0.3391877058177827,5.440719836460873,1.5670197836737998,0.3630822489229204,330.7679287687804,22.951764705882283,0
XAUUSD,H1@H4,dynamic,M15,48,0.0,False,0.0,0.0,False,1026,0.30116959064327486,3.5363229456047027,1.2400559860188964,0.20247310496885146,207.73740569804156,57.0,0
XAUUSD,H1@H4,dynamic,M15,48,0.0,True,0.0,0.0,False,977,0.3203684749232344,4.531147878218056,1.4252589162995766,0.2880099982347972,281.38576827539674,49.3608981423817,0
XAUUSD,H1@H4,dynamic,M15,24,0.0,False,0.0,0.0,True,0,0.0,0.0,0.0,0.0,0.0,0.0,0
XAUUSD,H1@H4,dynamic,M15,24,0.0,True,0.0,0.0,True,0,0.0,0.0,0.0,0.0,0.0,0.0,0
XAUUSD,H1@H4,dynamic,M15,48,0.0,False,0.0,0.0,True,0,0.0,0.0,0.0,0.0,0.0,0.0,0
XAUUSD,H1@H4,dynamic,M15,48,0.0,True,0.0,0.0,True,0,0.0,0.0,0.0,0.0,0.0,0.0,0
XAUUSD,H1@H4,dynamic,M15,24,0.0,False,0.0,2.0,False,964,0.31742738589211617,4.454565518493667,1.3279323215791707,0.2669709264455078,257.3599730934696,37.0,0
XAUUSD,H1@H4,dynamic,M15,24,0.0,True,0.0,2.0,False,911,0.3391877058177827,5.440719836460873,1.5670197836737998,0.3630822489229204,330.7679287687804,22.951764705882283,0
XAUUSD,H1@H4,dynamic,M15,48,0.0,False,0.0,2.0,False,1026,0.30116959064327486,3.5363229456047027,1.2400559860188964,0.20247310496885146,207.73740569804156,57.0,0
XAUUSD,H1@H4,dynamic,M15,48,0.0,True,0.0,2.0,False,977,0.3203684749232344,4.531147878218056,1.4252589162995766,0.2880099982347972,281.38576827539674,49.3608981423817,0
XAUUSD,H1@H4,dynamic,M15,24,0.0,False,0.0,2.0,True,0,0.0,0.0,0.0,0.0,0.0,0.0,0
XAUUSD,H1@H4,dynamic,M15,24,0.0,True,0.0,2.0,True,0,0.0,0.0,0.0,0.0,0.0,0.0,0
XAUUSD,H1@H4,dynamic,M15,48,0.0,False,0.0,2.0,True,0,0.0,0.0,0.0,0.0,0.0,0.0,0
XAUUSD,H1@H4,dynamic,M15,48,0.0,True,0.0,2.0,True,0,0.0,0.0,0.0,0.0,0.0,0.0,0
XAUUSD,H1@H4,dynamic,M15,24,0.0,False,0.0,3.0,False,964,0.31742738589211617,4.454565518493667,1.3279323215791707,0.2669709264455078,257.3599730934696,37.0,0
XAUUSD,H1@H4,dynamic,M15,24,0.0,True,0.0,3.0,False,911,0.3391877058177827,5.440719836460873,1.5670197836737998,0.3630822489229204,330.7679287687804,22.951764705882283,0
XAUUSD,H1@H4,dynamic,M15,48,0.0,False,0.0,3.0,False,1026,0.30116959064327486,3.5363229456047027,1.2400559860188964,0.20247310496885146,207.73740569804156,57.0,0
XAUUSD,H1@H4,dynamic,M15,48,0.0,True,0.0,3.0,False,977,0.3203684749232344,4.531147878218056,1.4252589162995766,0.2880099982347972,281.38576827539674,49.3608981423817,0
XAUUSD,H1@H4,dynamic,M15,24,0.0,False,0.0,3.0,True,0,0.0,0.0,0.0,0.0,0.0,0.0,0
XAUUSD,H1@H4,dynamic,M15,24,0.0,True,0.0,3.0,True,0,0.0,0.0,0.0,0.0,0.0,0.0,0
XAUUSD,H1@H4,dynamic,M15,48,0.0,False,0.0,3.0,True,0,0.0,0.0,0.0,0.0,0.0,0.0,0
XAUUSD,H1@H4,dynamic,M15,48,0.0,True,0.0,3.0,True,0,0.0,0.0,0.0,0.0,0.0,0.0,0
XAUUSD,H1@H4,dynamic,M15,24,0.0,False,0.0,5.0,False,964,0.31742738589211617,4.454565518493667,1.3279323215791707,0.2669709264455078,257.3599730934696,37.0,0
XAUUSD,H1@H4,dynamic,M15,24,0.0,True,0.0,5.0,False,911,0.3391877058177827,5.440719836460873,1.5670197836737998,0.3630822489229204,330.7679287687804,22.951764705882283,0
XAUUSD,H1@H4,dynamic,M15,48,0.0,False,0.0,5.0,False,1026,0.30116959064327486,3.5363229456047027,1.2400559860188964,0.20247310496885146,207.73740569804156,57.0,0
XAUUSD,H1@H4,dynamic,M15,48,0.0,True,0.0,5.0,False,977,0.3203684749232344,4.531147878218056,1.4252589162995766,0.2880099982347972,281.38576827539674,49.3608981423817,0
XAUUSD,H1@H4,dynamic,M15,24,0.0,False,0.0,5.0,True,0,0.0,0.0,0.0,0.0,0.0,0.0,0
XAUUSD,H1@H4,dynamic,M15,24,0.0,True,0.0,5.0,True,0,0.0,0.0,0.0,0.0,0.0,0.0,0
XAUUSD,H1@H4,dynamic,M15,48,0.0,False,0.0,5.0,True,0,0.0,0.0,0.0,0.0,0.0,0.0,0
XAUUSD,H1@H4,dynamic,M15,48,0.0,True,0.0,5.0,True,0,0.0,0.0,0.0,0.0,0.0,0.0,0
XAUUSD,H1@H4,dynamic,M15,24,12.0,False,0.0,0.0,False,964,0.31742738589211617,3.5659015413971993,1.2777937746619499,0.20308299261065665,195.77200487667287,42.48471530352052,0
XAUUSD,H1@H4,dynamic,M15,24,12.0,True,0.0,0.0,False,911,0.3391877058177827,4.69340961448404,1.5082695816383056,0.2962770492036893,269.9083918245612,25.80178305294035,0
XAUUSD,H1@H4,dynamic,M15,48,12.0,False,0.0,0.0,False,1026,0.30116959064327486,2.6147662669269964,1.1938380727939812,0.1423206443396702,146.02098109250161,61.60031316826368,0
XAUUSD,H1@H4,dynamic,M15,48,12.0,True,0.0,0.0,False,977,0.3203684749232344,3.737318048946693,1.3720654120466653,0.22470084846666724,219.53272895193388,52.74571158591782,0
XAUUSD,H1@H4,dynamic,M15,24,12.0,False,0.0,0.0,True,0,0.0,0.0,0.0,0.0,0.0,0.0,0
XAUUSD,H1@H4,dynamic,M15,24,12.0,True,0.0,0.0,True,0,0.0,0.0,0.0,0.0,0.0,0.0,0
XAUUSD,H1@H4,dynamic,M15,48,12.0,False,0.0,0.0,True,0,0.0,0.0,0.0,0.0,0.0,0.0,0
XAUUSD,H1@H4,dynamic,M15,48,12.0,True,0.0,0.0,True,0,0.0,0.0,0.0,0.0,0.0,0.0,0
XAUUSD,H1@H4,dynamic,M15,24,12.0,False,0.0,2.0,False,964,0.31742738589211617,3.5659015413971993,1.2777937746619499,0.20308299261065665,195.77200487667287,42.48471530352052,0
XAUUSD,H1@H4,dynamic,M15,24,12.0,True,0.0,2.0,False,911,0.3391877058177827,4.69340961448404,1.5082695816383056,0.2962770492036893,269.9083918245612,25.80178305294035,0
XAUUSD,H1@H4,dynamic,M15,48,12.0,False,0.0,2.0,False,1026,0.30116959064327486,2.6147662669269964,1.1938380727939812,0.1423206443396702,146.02098109250161,61.60031316826368,0
XAUUSD,H1@H4,dynamic,M15,48,12.0,True,0.0,2.0,False,977,0.3203684749232344,3.737318048946693,1.3720654120466653,0.22470084846666724,219.53272895193388,52.74571158591782,0
XAUUSD,H1@H4,dynamic,M15,24,12.0,False,0.0,2.0,True,0,0.0,0.0,0.0,0.0,0.0,0.0,0
XAUUSD,H1@H4,dynamic,M15,24,12.0,True,0.0,2.0,True,0,0.0,0.0,0.0,0.0,0.0,0.0,0
XAUUSD,H1@H4,dynamic,M15,48,12.0,False,0.0,2.0,True,0,0.0,0.0,0.0,0.0,0.0,0.0,0
XAUUSD,H1@H4,dynamic,M15,48,12.0,True,0.0,2.0,True,0,0.0,0.0,0.0,0.0,0.0,0.0,0
XAUUSD,H1@H4,dynamic,M15,24,12.0,False,0.0,3.0,False,964,0.31742738589211617,3.5659015413971993,1.2777937746619499,0.20308299261065665,195.77200487667287,42.48471530352052,0
XAUUSD,H1@H4,dynamic,M15,24,12.0,True,0.0,3.0,False,911,0.3391877058177827,4.69340961448404,1.5082695816383056,0.2962770492036893,269.9083918245612,25.80178305294035,0
XAUUSD,H1@H4,dynamic,M15,48,12.0,False,0.0,3.0,False,1026,0.30116959064327486,2.6147662669269964,1.1938380727939812,0.1423206443396702,146.02098109250161,61.60031316826368,0
XAUUSD,H1@H4,dynamic,M15,48,12.0,True,0.0,3.0,False,977,0.3203684749232344,3.737318048946693,1.3720654120466653,0.22470084846666724,219.53272895193388,52.74571158591782,0
XAUUSD,H1@H4,dynamic,M15,24,12.0,False,0.0,3.0,True,0,0.0,0.0,0.0,0.0,0.0,0.0,0
XAUUSD,H1@H4,dynamic,M15,24,12.0,True,0.0,3.0,True,0,0.0,0.0,0.0,0.0,0.0,0.0,0
XAUUSD,H1@H4,dynamic,M15,48,12.0,False,0.0,3.0,True,0,0.0,0.0,0.0,0.0,0.0,0.0,0
XAUUSD,H1@H4,dynamic,M15,48,12.0,True,0.0,3.0,True,0,0.0,0.0,0.0,0.0,0.0,0.0,0
XAUUSD,H1@H4,dynamic,M15,24,12.0,False,0.0,5.0,False,964,0.31742738589211617,3.5667186623942633,1.2777928533827905,0.20313690656398695,195.82397792768327,42.48471530352052,0
XAUUSD,H1@H4,dynamic,M15,24,12.0,True,0.0,5.0,False,911,0.3391877058177827,4.691319369651346,1.5082390084462407,0.2960746674715175,269.7240220665526,25.80178305294035,0
XAUUSD,H1@H4,dynamic,M15,48,12.0,False,0.0,5.0,False,1026,0.30116959064327486,2.615602474777752,1.1938405907939513,0.14237130033480708,146.07295414351202,61.60031316826368,0
XAUUSD,H1@H4,dynamic,M15,48,12.0,True,0.0,5.0,False,977,0.3203684749232344,3.735044994756875,1.3720496737076697,0.22451213837658685,219.34835919392535,52.74571158591782,0
XAUUSD,H1@H4,dynamic,M15,24,12.0,False,0.0,5.0,True,0,0.0,0.0,0.0,0.0,0.0,0.0,0
XAUUSD,H1@H4,dynamic,M15,24,12.0,True,0.0,5.0,True,0,0.0,0.0,0.0,0.0,0.0,0.0,0
XAUUSD,H1@H4,dynamic,M15,48,12.0,False,0.0,5.0,True,0,0.0,0.0,0.0,0.0,0.0,0.0,0
XAUUSD,H1@H4,dynamic,M15,48,12.0,True,0.0,5.0,True,0,0.0,0.0,0.0,0.0,0.0,0.0,0
XAUUSD,H1@H4,dynamic,M15,24,18.0,False,0.0,0.0,False,964,0.31742738589211617,3.1334098222212594,1.2537615509718025,0.1743290383427884,168.05319296244784,45.018773866873744,0
XAUUSD,H1@H4,dynamic,M15,24,18.0,True,0.0,0.0,False,911,0.3391877058177827,4.324424290692163,1.4801210350367053,0.26625590291194984,242.55912755278632,27.63452164599022,0
XAUUSD,H1@H4,dynamic,M15,48,18.0,False,0.0,0.0,False,1026,0.30116959064327486,2.166965766366584,1.1716747780810388,0.11524276147277371,118.23907327106582,63.73055320541519,0
XAUUSD,H1@H4,dynamic,M15,48,18.0,True,0.0,0.0,False,977,0.3203684749232344,3.3467911770945293,1.3465716819555873,0.19624620747253696,191.73254470066854,54.5998861405358,0
XAUUSD,H1@H4,dynamic,M15,24,18.0,False,0.0,0.0,True,0,0.0,0.0,0.0,0.0,0.0,0.0,0
XAUUSD,H1@H4,dynamic,M15,24,18.0,True,0.0,0.0,True,0,0.0,0.0,0.0,0.0,0.0,0.0,0
XAUUSD,H1@H4,dynamic,M15,48,18.0,False,0.0,0.0,True,0,0.0,0.0,0.0,0.0,0.0,0.0,0
XAUUSD,H1@H4,dynamic,M15,48,18.0,True,0.0,0.0,True,0,0.0,0.0,0.0,0.0,0.0,0.0,0
XAUUSD,H1@H4,dynamic,M15,24,18.0,False,0.0,2.0,False,964,0.31742738589211617,3.1334098222212594,1.2537615509718025,0.1743290383427884,168.05319296244784,45.018773866873744,0
XAUUSD,H1@H4,dynamic,M15,24,18.0,True,0.0,2.0,False,911,0.3391877058177827,4.324424290692163,1.4801210350367053,0.26625590291194984,242.55912755278632,27.63452164599022,0
XAUUSD,H1@H4,dynamic,M15,48,18.0,False,0.0,2.0,False,1026,0.30116959064327486,2.166965766366584,1.1716747780810388,0.11524276147277371,118.23907327106582,63.73055320541519,0
XAUUSD,H1@H4,dynamic,M15,48,18.0,True,0.0,2.0,False,977,0.3203684749232344,3.3467911770945293,1.3465716819555873,0.19624620747253696,191.73254470066854,54.5998861405358,0
XAUUSD,H1@H4,dynamic,M15,24,18.0,False,0.0,2.0,True,0,0.0,0.0,0.0,0.0,0.0,0.0,0
XAUUSD,H1@H4,dynamic,M15,24,18.0,True,0.0,2.0,True,0,0.0,0.0,0.0,0.0,0.0,0.0,0
XAUUSD,H1@H4,dynamic,M15,48,18.0,False,0.0,2.0,True,0,0.0,0.0,0.0,0.0,0.0,0.0,0
XAUUSD,H1@H4,dynamic,M15,48,18.0,True,0.0,2.0,True,0,0.0,0.0,0.0,0.0,0.0,0.0,0
XAUUSD,H1@H4,dynamic,M15,24,18.0,False,0.0,3.0,False,964,0.31742738589211617,3.1334098222212594,1.2537615509718025,0.1743290383427884,168.05319296244784,45.018773866873744,0
XAUUSD,H1@H4,dynamic,M15,24,18.0,True,0.0,3.0,False,911,0.3391877058177827,4.324424290692163,1.4801210350367053,0.26625590291194984,242.55912755278632,27.63452164599022,0
XAUUSD,H1@H4,dynamic,M15,48,18.0,False,0.0,3.0,False,1026,0.30116959064327486,2.166965766366584,1.1716747780810388,0.11524276147277371,118.23907327106582,63.73055320541519,0
XAUUSD,H1@H4,dynamic,M15,48,18.0,True,0.0,3.0,False,977,0.3203684749232344,3.3467911770945293,1.3465716819555873,0.19624620747253696,191.73254470066854,54.5998861405358,0
XAUUSD,H1@H4,dynamic,M15,24,18.0,False,0.0,3.0,True,0,0.0,0.0,0.0,0.0,0.0,0.0,0
XAUUSD,H1@H4,dynamic,M15,24,18.0,True,0.0,3.0,True,0,0.0,0.0,0.0,0.0,0.0,0.0,0
XAUUSD,H1@H4,dynamic,M15,48,18.0,False,0.0,3.0,True,0,0.0,0.0,0.0,0.0,0.0,0.0,0
XAUUSD,H1@H4,dynamic,M15,48,18.0,True,0.0,3.0,True,0,0.0,0.0,0.0,0.0,0.0,0.0,0
XAUUSD,H1@H4,dynamic,M15,24,18.0,False,0.0,5.0,False,964,0.31742738589211617,3.1524473982568484,1.2543802739833163,0.175534761595496,169.21551017805797,45.018773866873744,0
XAUUSD,H1@H4,dynamic,M15,24,18.0,True,0.0,5.0,False,911,0.3391877058177827,4.304154100378217,1.480240147161877,0.2636918381571747,240.22326456118608,27.63452164599022,0
XAUUSD,H1@H4,dynamic,M15,48,18.0,False,0.0,5.0,False,1027,0.29990262901655307,2.1099958051797985,1.1708673506064629,0.11216043682108844,115.18876861525783,63.7305532054152,0
XAUUSD,H1@H4,dynamic,M15,48,18.0,True,0.0,5.0,False,978,0.31901840490797545,3.262193431378958,1.3453973381771536,0.19024033128102516,186.0550439928424,54.59988614053586,0
XAUUSD,H1@H4,dynamic,M15,24,18.0,False,0.0,5.0,True,0,0.0,0.0,0.0,0.0,0.0,0.0,0
XAUUSD,H1@H4,dynamic,M15,24,18.0,True,0.0,5.0,True,0,0.0,0.0,0.0,0.0,0.0,0.0,0
XAUUSD,H1@H4,dynamic,M15,48,18.0,False,0.0,5.0,True,0,0.0,0.0,0.0,0.0,0.0,0.0,0
XAUUSD,H1@H4,dynamic,M15,48,18.0,True,0.0,5.0,True,0,0.0,0.0,0.0,0.0,0.0,0.0,0
XAUUSD,H1@H4,dynamic,M15,24,24.0,False,0.0,0.0,False,964,0.31742738589211617,2.7083065121636034,1.2303830791202013,0.147370826499755,142.06547674576376,47.43000451028047,0
XAUUSD,H1@H4,dynamic,M15,24,24.0,True,0.0,0.0,False,911,0.3391877058177827,3.9592550135813336,1.4527452921602102,0.23812276478119596,216.92983871566955,29.37611073631571,0
XAUUSD,H1@H4,dynamic,M15,48,24.0,False,0.0,0.0,False,1026,0.30116959064327486,1.7271517572993014,1.1501079890827428,0.08985163748325684,92.18778005782161,65.7603165033002,0
XAUUSD,H1@H4,dynamic,M15,48,24.0,True,0.0,0.0,False,977,0.3203684749232344,2.9609285902309046,1.3217731924731415,0.16957927819891314,165.67895480033832,56.36436704903892,0
XAUUSD,H1@H4,dynamic,M15,24,24.0,False,0.0,0.0,True,0,0.0,0.0,0.0,0.0,0.0,0.0,0
XAUUSD,H1@H4,dynamic,M15,24,24.0,True,0.0,0.0,True,0,0.0,0.0,0.0,0.0,0.0,0.0,0
XAUUSD,H1@H4,dynamic,M15,48,24.0,False,0.0,0.0,True,0,0.0,0.0,0.0,0.0,0.0,0.0,0
XAUUSD,H1@H4,dynamic,M15,48,24.0,True,0.0,0.0,True,0,0.0,0.0,0.0,0.0,0.0,0.0,0
XAUUSD,H1@H4,dynamic,M15,24,24.0,False,0.0,2.0,False,964,0.31742738589211617,2.7083065121636034,1.2303830791202013,0.147370826499755,142.06547674576376,47.43000451028047,0
XAUUSD,H1@H4,dynamic,M15,24,24.0,True,0.0,2.0,False,911,0.3391877058177827,3.9592550135813336,1.4527452921602102,0.23812276478119596,216.92983871566955,29.37611073631571,0
XAUUSD,H1@H4,dynamic,M15,48,24.0,False,0.0,2.0,False,1026,0.30116959064327486,1.7271517572993014,1.1501079890827428,0.08985163748325684,92.18778005782161,65.7603165033002,0
XAUUSD,H1@H4,dynamic,M15,48,24.0,True,0.0,2.0,False,977,0.3203684749232344,2.9609285902309046,1.3217731924731415,0.16957927819891314,165.67895480033832,56.36436704903892,0
XAUUSD,H1@H4,dynamic,M15,24,24.0,False,0.0,2.0,True,0,0.0,0.0,0.0,0.0,0.0,0.0,0
XAUUSD,H1@H4,dynamic,M15,24,24.0,True,0.0,2.0,True,0,0.0,0.0,0.0,0.0,0.0,0.0,0
XAUUSD,H1@H4,dynamic,M15,48,24.0,False,0.0,2.0,True,0,0.0,0.0,0.0,0.0,0.0,0.0,0
XAUUSD,H1@H4,dynamic,M15,48,24.0,True,0.0,2.0,True,0,0.0,0.0,0.0,0.0,0.0,0.0,0
XAUUSD,H1@H4,dynamic,M15,24,24.0,False,0.0,3.0,False,964,0.31742738589211617,2.714264420049519,1.2304383183698342,0.14772757674875228,142.40938398579715,47.43000451028047,0
XAUUSD,H1@H4,dynamic,M15,24,24.0,True,0.0,3.0,False,911,0.3391877058177827,3.9567976116761527,1.4526990464085876,0.23788667909232714,216.71476465311005,29.37611073631571,0
XAUUSD,H1@H4,dynamic,M15,48,24.0,False,0.0,3.0,False,1026,0.30116959064327486,1.733905400250908,1.1502061058517379,0.0902251663533942,92.57102067858253,65.7603165033002,0
XAUUSD,H1@H4,dynamic,M15,48,24.0,True,0.0,3.0,False,977,0.3203684749232344,2.9586631075965917,1.3218423133675994,0.16939034197322672,165.4943641078426,56.36436704903893,0
XAUUSD,H1@H4,dynamic,M15,24,24.0,False,0.0,3.0,True,0,0.0,0.0,0.0,0.0,0.0,0.0,0
XAUUSD,H1@H4,dynamic,M15,24,24.0,True,0.0,3.0,True,0,0.0,0.0,0.0,0.0,0.0,0.0,0
XAUUSD,H1@H4,dynamic,M15,48,24.0,False,0.0,3.0,True,0,0.0,0.0,0.0,0.0,0.0,0.0,0
XAUUSD,H1@H4,dynamic,M15,48,24.0,True,0.0,3.0,True,0,0.0,0.0,0.0,0.0,0.0,0.0,0
XAUUSD,H1@H4,dynamic,M15,24,24.0,False,0.0,5.0,False,964,0.3184647302904564,2.8498555711660214,1.2353082222416325,0.15571213269603715,150.10649591897976,47.344551643664275,0
XAUUSD,H1@H4,dynamic,M15,24,24.0,True,0.0,5.0,False,911,0.3402854006586169,3.9725242054495036,1.454212693647557,0.23679865440838516,215.7235741660389,29.44988822354459,0
XAUUSD,H1@H4,dynamic,M15,48,24.0,False,0.0,5.0,False,1026,0.30116959064327486,1.8106928130162012,1.153334610563706,0.09453075744539192,96.9885571389722,65.67486363668402,0
XAUUSD,H1@H4,dynamic,M15,48,24.0,True,0.0,5.0,False,977,0.3203684749232344,2.9233966622643317,1.3223852209966656,0.16604674252390234,162.22766744585272,56.438144536267814,0
XAUUSD,H1@H4,dynamic,M15,24,24.0,False,0.0,5.0,True,0,0.0,0.0,0.0,0.0,0.0,0.0,0
XAUUSD,H1@H4,dynamic,M15,24,24.0,True,0.0,5.0,True,0,0.0,0.0,0.0,0.0,0.0,0.0,0
XAUUSD,H1@H4,dynamic,M15,48,24.0,False,0.0,5.0,True,0,0.0,0.0,0.0,0.0,0.0,0.0,0
XAUUSD,H1@H4,dynamic,M15,48,24.0,True,0.0,5.0,True,0,0.0,0.0,0.0,0.0,0.0,0.0,0
XAUUSD,H1@H4,dynamic,M5,24,0.0,False,0.0,0.0,False,365,0.34794520547945207,3.923163418581108,1.358249204747636,0.3917808219178082,143.0,13.0,0
XAUUSD,H1@H4,dynamic,M5,24,0.0,True,0.0,0.0,False,351,0.37606837606837606,4.491651607000082,1.6334468831136222,0.5032787214656693,176.65083123444967,11.900000000000006,0
XAUUSD,H1@H4,dynamic,M5,48,0.0,False,0.0,0.0,False,408,0.33578431372549017,3.6645472007974034,1.210805494242957,0.3431372549019608,140.0,17.0,0
XAUUSD,H1@H4,dynamic,M5,48,0.0,True,0.0,0.0,False,391,0.35294117647058826,3.8747043166912265,1.4401543247302526,0.3994918337173518,156.20130698348436,12.900000000000006,0
XAUUSD,H1@H4,dynamic,M5,24,0.0,False,0.0,0.0,True,0,0.0,0.0,0.0,0.0,0.0,0.0,0
XAUUSD,H1@H4,dynamic,M5,24,0.0,True,0.0,0.0,True,0,0.0,0.0,0.0,0.0,0.0,0.0,0
XAUUSD,H1@H4,dynamic,M5,48,0.0,False,0.0,0.0,True,0,0.0,0.0,0.0,0.0,0.0,0.0,0
XAUUSD,H1@H4,dynamic,M5,48,0.0,True,0.0,0.0,True,0,0.0,0.0,0.0,0.0,0.0,0.0,0
XAUUSD,H1@H4,dynamic,M5,24,0.0,False,0.0,2.0,False,365,0.34794520547945207,3.923163418581108,1.358249204747636,0.3917808219178082,143.0,13.0,0
XAUUSD,H1@H4,dynamic,M5,24,0.0,True,0.0,2.0,False,351,0.37606837606837606,4.491651607000082,1.6334468831136222,0.5032787214656693,176.65083123444967,11.900000000000006,0
XAUUSD,H1@H4,dynamic,M5,48,0.0,False,0.0,2.0,False,408,0.33578431372549017,3.6645472007974034,1.210805494242957,0.3431372549019608,140.0,17.0,0
XAUUSD,H1@H4,dynamic,M5,48,0.0,True,0.0,2.0,False,391,0.35294117647058826,3.8747043166912265,1.4401543247302526,0.3994918337173518,156.20130698348436,12.900000000000006,0
XAUUSD,H1@H4,dynamic,M5,24,0.0,False,0.0,2.0,True,0,0.0,0.0,0.0,0.0,0.0,0.0,0
XAUUSD,H1@H4,dynamic,M5,24,0.0,True,0.0,2.0,True,0,0.0,0.0,0.0,0.0,0.0,0.0,0
XAUUSD,H1@H4,dynamic,M5,48,0.0,False,0.0,2.0,True,0,0.0,0.0,0.0,0.0,0.0,0.0,0
XAUUSD,H1@H4,dynamic,M5,48,0.0,True,0.0,2.0,True,0,0.0,0.0,0.0,0.0,0.0,0.0,0
XAUUSD,H1@H4,dynamic,M5,24,0.0,False,0.0,3.0,False,365,0.34794520547945207,3.923163418581108,1.358249204747636,0.3917808219178082,143.0,13.0,0
XAUUSD,H1@H4,dynamic,M5,24,0.0,True,0.0,3.0,False,351,0.37606837606837606,4.491651607000082,1.6334468831136222,0.5032787214656693,176.65083123444967,11.900000000000006,0
XAUUSD,H1@H4,dynamic,M5,48,0.0,False,0.0,3.0,False,408,0.33578431372549017,3.6645472007974034,1.210805494242957,0.3431372549019608,140.0,17.0,0
XAUUSD,H1@H4,dynamic,M5,48,0.0,True,0.0,3.0,False,391,0.35294117647058826,3.8747043166912265,1.4401543247302526,0.3994918337173518,156.20130698348436,12.900000000000006,0
XAUUSD,H1@H4,dynamic,M5,24,0.0,False,0.0,3.0,True,0,0.0,0.0,0.0,0.0,0.0,0.0,0
XAUUSD,H1@H4,dynamic,M5,24,0.0,True,0.0,3.0,True,0,0.0,0.0,0.0,0.0,0.0,0.0,0
XAUUSD,H1@H4,dynamic,M5,48,0.0,False,0.0,3.0,True,0,0.0,0.0,0.0,0.0,0.0,0.0,0
XAUUSD,H1@H4,dynamic,M5,48,0.0,True,0.0,3.0,True,0,0.0,0.0,0.0,0.0,0.0,0.0,0
XAUUSD,H1@H4,dynamic,M5,24,0.0,False,0.0,5.0,False,365,0.34794520547945207,3.923163418581108,1.358249204747636,0.3917808219178082,143.0,13.0,0
XAUUSD,H1@H4,dynamic,M5,24,0.0,True,0.0,5.0,False,351,0.37606837606837606,4.491651607000082,1.6334468831136222,0.5032787214656693,176.65083123444967,11.900000000000006,0
XAUUSD,H1@H4,dynamic,M5,48,0.0,False,0.0,5.0,False,408,0.33578431372549017,3.6645472007974034,1.210805494242957,0.3431372549019608,140.0,17.0,0
XAUUSD,H1@H4,dynamic,M5,48,0.0,True,0.0,5.0,False,391,0.35294117647058826,3.8747043166912265,1.4401543247302526,0.3994918337173518,156.20130698348436,12.900000000000006,0
XAUUSD,H1@H4,dynamic,M5,24,0.0,False,0.0,5.0,True,0,0.0,0.0,0.0,0.0,0.0,0.0,0
XAUUSD,H1@H4,dynamic,M5,24,0.0,True,0.0,5.0,True,0,0.0,0.0,0.0,0.0,0.0,0.0,0
XAUUSD,H1@H4,dynamic,M5,48,0.0,False,0.0,5.0,True,0,0.0,0.0,0.0,0.0,0.0,0.0,0
XAUUSD,H1@H4,dynamic,M5,48,0.0,True,0.0,5.0,True,0,0.0,0.0,0.0,0.0,0.0,0.0,0
XAUUSD,H1@H4,dynamic,M5,24,12.0,False,0.0,0.0,False,365,0.34794520547945207,3.4269514365260902,1.3078752051816707,0.3263175387517644,119.10590164439401,14.095266977742106,0
XAUUSD,H1@H4,dynamic,M5,24,12.0,True,0.0,0.0,False,351,0.37606837606837606,4.069590765099993,1.5734079048373077,0.4354089154377519,152.82852931865094,11.982858688388887,0
XAUUSD,H1@H4,dynamic,M5,48,12.0,False,0.0,0.0,False,408,0.33578431372549017,3.123961697946727,1.1669199318199914,0.27864176396813417,113.68583969899873,17.361767378115402,0
XAUUSD,H1@H4,dynamic,M5,48,12.0,True,0.0,0.0,False,391,0.35294117647058826,3.421246276185942,1.389046260042093,0.3370154183370183,131.7730285697742,12.982858688388887,0
XAUUSD,H1@H4,dynamic,M5,24,12.0,False,0.0,0.0,True,0,0.0,0.0,0.0,0.0,0.0,0.0,0
XAUUSD,H1@H4,dynamic,M5,24,12.0,True,0.0,0.0,True,0,0.0,0.0,0.0,0.0,0.0,0.0,0
XAUUSD,H1@H4,dynamic,M5,48,12.0,False,0.0,0.0,True,0,0.0,0.0,0.0,0.0,0.0,0.0,0
XAUUSD,H1@H4,dynamic,M5,48,12.0,True,0.0,0.0,True,0,0.0,0.0,0.0,0.0,0.0,0.0,0
XAUUSD,H1@H4,dynamic,M5,24,12.0,False,0.0,2.0,False,365,0.34794520547945207,3.4269514365260902,1.3078752051816707,0.3263175387517644,119.10590164439401,14.095266977742106,0
XAUUSD,H1@H4,dynamic,M5,24,12.0,True,0.0,2.0,False,351,0.37606837606837606,4.069590765099993,1.5734079048373077,0.4354089154377519,152.82852931865094,11.982858688388887,0
XAUUSD,H1@H4,dynamic,M5,48,12.0,False,0.0,2.0,False,408,0.33578431372549017,3.123961697946727,1.1669199318199914,0.27864176396813417,113.68583969899873,17.361767378115402,0
XAUUSD,H1@H4,dynamic,M5,48,12.0,True,0.0,2.0,False,391,0.35294117647058826,3.421246276185942,1.389046260042093,0.3370154183370183,131.7730285697742,12.982858688388887,0
XAUUSD,H1@H4,dynamic,M5,24,12.0,False,0.0,2.0,True,0,0.0,0.0,0.0,0.0,0.0,0.0,0
XAUUSD,H1@H4,dynamic,M5,24,12.0,True,0.0,2.0,True,0,0.0,0.0,0.0,0.0,0.0,0.0,0
XAUUSD,H1@H4,dynamic,M5,48,12.0,False,0.0,2.0,True,0,0.0,0.0,0.0,0.0,0.0,0.0,0
XAUUSD,H1@H4,dynamic,M5,48,12.0,True,0.0,2.0,True,0,0.0,0.0,0.0,0.0,0.0,0.0,0
XAUUSD,H1@H4,dynamic,M5,24,12.0,False,0.0,3.0,False,365,0.34794520547945207,3.4269514365260902,1.3078752051816707,0.3263175387517644,119.10590164439401,14.095266977742106,0
XAUUSD,H1@H4,dynamic,M5,24,12.0,True,0.0,3.0,False,351,0.37606837606837606,4.069590765099993,1.5734079048373077,0.4354089154377519,152.82852931865094,11.982858688388887,0
XAUUSD,H1@H4,dynamic,M5,48,12.0,False,0.0,3.0,False,408,0.33578431372549017,3.123961697946727,1.1669199318199914,0.27864176396813417,113.68583969899873,17.361767378115402,0
XAUUSD,H1@H4,dynamic,M5,48,12.0,True,0.0,3.0,False,391,0.35294117647058826,3.421246276185942,1.389046260042093,0.3370154183370183,131.7730285697742,12.982858688388887,0
XAUUSD,H1@H4,dynamic,M5,24,12.0,False,0.0,3.0,True,0,0.0,0.0,0.0,0.0,0.0,0.0,0
XAUUSD,H1@H4,dynamic,M5,24,12.0,True,0.0,3.0,True,0,0.0,0.0,0.0,0.0,0.0,0.0,0
XAUUSD,H1@H4,dynamic,M5,48,12.0,False,0.0,3.0,True,0,0.0,0.0,0.0,0.0,0.0,0.0,0
XAUUSD,H1@H4,dynamic,M5,48,12.0,True,0.0,3.0,True,0,0.0,0.0,0.0,0.0,0.0,0.0,0
XAUUSD,H1@H4,dynamic,M5,24,12.0,False,0.0,5.0,False,365,0.34794520547945207,3.4269514365260902,1.3078752051816707,0.3263175387517644,119.10590164439401,14.095266977742106,0
XAUUSD,H1@H4,dynamic,M5,24,12.0,True,0.0,5.0,False,351,0.37606837606837606,4.069590765099993,1.5734079048373077,0.4354089154377519,152.82852931865094,11.982858688388887,0
XAUUSD,H1@H4,dynamic,M5,48,12.0,False,0.0,5.0,False,408,0.33578431372549017,3.123961697946727,1.1669199318199914,0.27864176396813417,113.68583969899873,17.361767378115402,0
XAUUSD,H1@H4,dynamic,M5,48,12.0,True,0.0,5.0,False,391,0.35294117647058826,3.421246276185942,1.389046260042093,0.3370154183370183,131.7730285697742,12.982858688388887,0
XAUUSD,H1@H4,dynamic,M5,24,12.0,False,0.0,5.0,True,0,0.0,0.0,0.0,0.0,0.0,0.0,0
XAUUSD,H1@H4,dynamic,M5,24,12.0,True,0.0,5.0,True,0,0.0,0.0,0.0,0.0,0.0,0.0,0
XAUUSD,H1@H4,dynamic,M5,48,12.0,False,0.0,5.0,True,0,0.0,0.0,0.0,0.0,0.0,0.0,0
XAUUSD,H1@H4,dynamic,M5,48,12.0,True,0.0,5.0,True,0,0.0,0.0,0.0,0.0,0.0,0.0,0
XAUUSD,H1@H4,dynamic,M5,24,18.0,False,0.0,0.0,False,365,0.34794520547945207,3.183386966797376,1.2836809573987265,0.2964969518477023,108.22138742441129,14.594586825338652,0
XAUUSD,H1@H4,dynamic,M5,24,18.0,True,0.0,0.0,False,351,0.37606837606837606,3.862235627209542,1.5445813827405315,0.4044434985636405,141.9596679958378,12.022648915125345,0
XAUUSD,H1@H4,dynamic,M5,48,18.0,False,0.0,0.0,False,408,0.33578431372549017,2.8591308230423267,1.1458081181016777,0.24934264203364842,101.73179794972852,17.535918850292546,0
XAUUSD,H1@H4,dynamic,M5,48,18.0,True,0.0,0.0,False,391,0.35294117647058826,3.198890302050821,1.3644663037932738,0.30849018411247464,120.61966198797761,13.022648915125345,0
XAUUSD,H1@H4,dynamic,M5,24,18.0,False,0.0,0.0,True,0,0.0,0.0,0.0,0.0,0.0,0.0,0
XAUUSD,H1@H4,dynamic,M5,24,18.0,True,0.0,0.0,True,0,0.0,0.0,0.0,0.0,0.0,0.0,0
XAUUSD,H1@H4,dynamic,M5,48,18.0,False,0.0,0.0,True,0,0.0,0.0,0.0,0.0,0.0,0.0,0
XAUUSD,H1@H4,dynamic,M5,48,18.0,True,0.0,0.0,True,0,0.0,0.0,0.0,0.0,0.0,0.0,0
XAUUSD,H1@H4,dynamic,M5,24,18.0,False,0.0,2.0,False,365,0.34794520547945207,3.183386966797376,1.2836809573987265,0.2964969518477023,108.22138742441129,14.594586825338652,0
XAUUSD,H1@H4,dynamic,M5,24,18.0,True,0.0,2.0,False,351,0.37606837606837606,3.862235627209542,1.5445813827405315,0.4044434985636405,141.9596679958378,12.022648915125345,0
XAUUSD,H1@H4,dynamic,M5,48,18.0,False,0.0,2.0,False,408,0.33578431372549017,2.8591308230423267,1.1458081181016777,0.24934264203364842,101.73179794972852,17.535918850292546,0
XAUUSD,H1@H4,dynamic,M5,48,18.0,True,0.0,2.0,False,391,0.35294117647058826,3.198890302050821,1.3644663037932738,0.30849018411247464,120.61966198797761,13.022648915125345,0
XAUUSD,H1@H4,dynamic,M5,24,18.0,False,0.0,2.0,True,0,0.0,0.0,0.0,0.0,0.0,0.0,0
XAUUSD,H1@H4,dynamic,M5,24,18.0,True,0.0,2.0,True,0,0.0,0.0,0.0,0.0,0.0,0.0,0
XAUUSD,H1@H4,dynamic,M5,48,18.0,False,0.0,2.0,True,0,0.0,0.0,0.0,0.0,0.0,0.0,0
XAUUSD,H1@H4,dynamic,M5,48,18.0,True,0.0,2.0,True,0,0.0,0.0,0.0,0.0,0.0,0.0,0
XAUUSD,H1@H4,dynamic,M5,24,18.0,False,0.0,3.0,False,365,0.34794520547945207,3.183386966797376,1.2836809573987265,0.2964969518477023,108.22138742441129,14.594586825338652,0
XAUUSD,H1@H4,dynamic,M5,24,18.0,True,0.0,3.0,False,351,0.37606837606837606,3.862235627209542,1.5445813827405315,0.4044434985636405,141.9596679958378,12.022648915125345,0
XAUUSD,H1@H4,dynamic,M5,48,18.0,False,0.0,3.0,False,408,0.33578431372549017,2.8591308230423267,1.1458081181016777,0.24934264203364842,101.73179794972852,17.535918850292546,0
XAUUSD,H1@H4,dynamic,M5,48,18.0,True,0.0,3.0,False,391,0.35294117647058826,3.198890302050821,1.3644663037932738,0.30849018411247464,120.61966198797761,13.022648915125345,0
XAUUSD,H1@H4,dynamic,M5,24,18.0,False,0.0,3.0,True,0,0.0,0.0,0.0,0.0,0.0,0.0,0
XAUUSD,H1@H4,dynamic,M5,24,18.0,True,0.0,3.0,True,0,0.0,0.0,0.0,0.0,0.0,0.0,0
XAUUSD,H1@H4,dynamic,M5,48,18.0,False,0.0,3.0,True,0,0.0,0.0,0.0,0.0,0.0,0.0,0
XAUUSD,H1@H4,dynamic,M5,48,18.0,True,0.0,3.0,True,0,0.0,0.0,0.0,0.0,0.0,0.0,0
XAUUSD,H1@H4,dynamic,M5,24,18.0,False,0.0,5.0,False,365,0.34794520547945207,3.187140194991701,1.2838916515841146,0.2969273971266423,108.37849995122437,14.594586825338652,0
XAUUSD,H1@H4,dynamic,M5,24,18.0,True,0.0,5.0,False,351,0.37606837606837606,3.8619917480823016,1.5445111258384323,0.4043856715503495,141.93937071417267,12.022648915125345,0
XAUUSD,H1@H4,dynamic,M5,48,18.0,False,0.0,5.0,False,408,0.33578431372549017,2.8654544433002784,1.1466173771669774,0.25000271020523007,102.00110576373383,17.535918850292546,0
XAUUSD,H1@H4,dynamic,M5,48,18.0,True,0.0,5.0,False,391,0.35294117647058826,3.20222539378432,1.364810531331255,0.30884973404941285,120.76024601332044,13.022648915125345,0
XAUUSD,H1@H4,dynamic,M5,24,18.0,False,0.0,5.0,True,0,0.0,0.0,0.0,0.0,0.0,0.0,0
XAUUSD,H1@H4,dynamic,M5,24,18.0,True,0.0,5.0,True,0,0.0,0.0,0.0,0.0,0.0,0.0,0
XAUUSD,H1@H4,dynamic,M5,48,18.0,False,0.0,5.0,True,0,0.0,0.0,0.0,0.0,0.0,0.0,0
XAUUSD,H1@H4,dynamic,M5,48,18.0,True,0.0,5.0,True,0,0.0,0.0,0.0,0.0,0.0,0.0,0
XAUUSD,H1@H4,dynamic,M5,24,24.0,False,0.0,0.0,False,365,0.34794520547945207,2.9427785842242837,1.2601142134926542,0.26835264082723487,97.94871390194068,15.065627954918067,0
XAUUSD,H1@H4,dynamic,M5,24,24.0,True,0.0,0.0,False,351,0.37606837606837606,3.657282679776589,1.5165085822918727,0.3751875223934201,131.6908203600905,12.061403291288173,0
XAUUSD,H1@H4,dynamic,M5,48,24.0,False,0.0,0.0,False,408,0.33578431372549017,2.597798482034259,1.125222659385491,0.22173217466171874,90.46672726198116,17.70582071802515,0
XAUUSD,H1@H4,dynamic,M5,48,24.0,True,0.0,0.0,False,391,0.35294117647058826,2.979312217664587,1.3405031411561168,0.28152860169225497,110.07768326167177,13.061403291288173,0
XAUUSD,H1@H4,dynamic,M5,24,24.0,False,0.0,0.0,True,0,0.0,0.0,0.0,0.0,0.0,0.0,0
XAUUSD,H1@H4,dynamic,M5,24,24.0,True,0.0,0.0,True,0,0.0,0.0,0.0,0.0,0.0,0.0,0
XAUUSD,H1@H4,dynamic,M5,48,24.0,False,0.0,0.0,True,0,0.0,0.0,0.0,0.0,0.0,0.0,0
XAUUSD,H1@H4,dynamic,M5,48,24.0,True,0.0,0.0,True,0,0.0,0.0,0.0,0.0,0.0,0.0,0
XAUUSD,H1@H4,dynamic,M5,24,24.0,False,0.0,2.0,False,365,0.34794520547945207,2.9427785842242837,1.2601142134926542,0.26835264082723487,97.94871390194068,15.065627954918067,0
XAUUSD,H1@H4,dynamic,M5,24,24.0,True,0.0,2.0,False,351,0.37606837606837606,3.657282679776589,1.5165085822918727,0.3751875223934201,131.6908203600905,12.061403291288173,0
XAUUSD,H1@H4,dynamic,M5,48,24.0,False,0.0,2.0,False,408,0.33578431372549017,2.597798482034259,1.125222659385491,0.22173217466171874,90.46672726198116,17.70582071802515,0
XAUUSD,H1@H4,dynamic,M5,48,24.0,True,0.0,2.0,False,391,0.35294117647058826,2.979312217664587,1.3405031411561168,0.28152860169225497,110.07768326167177,13.061403291288173,0
XAUUSD,H1@H4,dynamic,M5,24,24.0,False,0.0,2.0,True,0,0.0,0.0,0.0,0.0,0.0,0.0,0
XAUUSD,H1@H4,dynamic,M5,24,24.0,True,0.0,2.0,True,0,0.0,0.0,0.0,0.0,0.0,0.0,0
XAUUSD,H1@H4,dynamic,M5,48,24.0,False,0.0,2.0,True,0,0.0,0.0,0.0,0.0,0.0,0.0,0
XAUUSD,H1@H4,dynamic,M5,48,24.0,True,0.0,2.0,True,0,0.0,0.0,0.0,0.0,0.0,0.0,0
XAUUSD,H1@H4,dynamic,M5,24,24.0,False,0.0,3.0,False,365,0.34794520547945207,2.9427785842242837,1.2600376289442035,0.26835264082723487,97.94871390194068,15.065627954918067,0
XAUUSD,H1@H4,dynamic,M5,24,24.0,True,0.0,3.0,False,351,0.37606837606837606,3.657282679776589,1.5164076056579783,0.3751875223934201,131.6908203600905,12.061403291288173,0
XAUUSD,H1@H4,dynamic,M5,48,24.0,False,0.0,3.0,False,408,0.33578431372549017,2.597798482034259,1.125222659385491,0.22173217466171874,90.46672726198116,17.70582071802515,0
XAUUSD,H1@H4,dynamic,M5,48,24.0,True,0.0,3.0,False,391,0.35294117647058826,2.979312217664587,1.3405031411561168,0.28152860169225497,110.07768326167177,13.061403291288173,0
XAUUSD,H1@H4,dynamic,M5,24,24.0,False,0.0,3.0,True,0,0.0,0.0,0.0,0.0,0.0,0.0,0
XAUUSD,H1@H4,dynamic,M5,24,24.0,True,0.0,3.0,True,0,0.0,0.0,0.0,0.0,0.0,0.0,0
XAUUSD,H1@H4,dynamic,M5,48,24.0,False,0.0,3.0,True,0,0.0,0.0,0.0,0.0,0.0,0.0,0
XAUUSD,H1@H4,dynamic,M5,48,24.0,True,0.0,3.0,True,0,0.0,0.0,0.0,0.0,0.0,0.0,0
XAUUSD,H1@H4,dynamic,M5,24,24.0,False,0.0,5.0,False,365,0.34794520547945207,2.966555814935583,1.2615450342065242,0.2709811404931812,98.9081162800111,15.065627954918067,0
XAUUSD,H1@H4,dynamic,M5,24,24.0,True,0.0,5.0,False,351,0.37606837606837606,3.658064336162771,1.516627670355858,0.37512536080156333,131.66900164134879,12.061403291288173,0
XAUUSD,H1@H4,dynamic,M5,48,24.0,False,0.0,5.0,False,408,0.3333333333333333,2.5367293887189244,1.1244106199205604,0.21671285351706546,88.41884423496268,17.70582071802515,0
XAUUSD,H1@H4,dynamic,M5,48,24.0,True,0.0,5.0,False,391,0.35038363171355497,2.918864405948638,1.338230425628674,0.2758249008577529,107.84753623538147,13.061403291288173,0
XAUUSD,H1@H4,dynamic,M5,24,24.0,False,0.0,5.0,True,0,0.0,0.0,0.0,0.0,0.0,0.0,0
XAUUSD,H1@H4,dynamic,M5,24,24.0,True,0.0,5.0,True,0,0.0,0.0,0.0,0.0,0.0,0.0,0
XAUUSD,H1@H4,dynamic,M5,48,24.0,False,0.0,5.0,True,0,0.0,0.0,0.0,0.0,0.0,0.0,0
XAUUSD,H1@H4,dynamic,M5,48,24.0,True,0.0,5.0,True,0,0.0,0.0,0.0,0.0,0.0,0.0,0
XAUUSD,M5@M15,none,,48,0.0,False,0.0,0.0,False,2072,0.2784749034749035,2.8714852569837697,1.086575653170678,0.11307559369090736,234.29263012756005,77.0,0
XAUUSD,M5@M15,none,,48,0.0,True,0.0,0.0,False,1837,0.30321175830157865,3.892322012569433,1.165011252000789,0.1675304031731443,307.7533506290665,52.98156614064274,0
XAUUSD,M5@M15,none,,48,0.0,False,0.0,2.0,False,2072,0.2784749034749035,2.8714852569837697,1.086575653170678,0.11307559369090736,234.29263012756005,77.0,0
XAUUSD,M5@M15,none,,48,0.0,True,0.0,2.0,False,1837,0.30321175830157865,3.892322012569433,1.165011252000789,0.1675304031731443,307.7533506290665,52.98156614064274,0
XAUUSD,M5@M15,none,,48,0.0,False,0.0,3.0,False,2072,0.2784749034749035,2.8714852569837697,1.086575653170678,0.11307559369090736,234.29263012756005,77.0,0
XAUUSD,M5@M15,none,,48,0.0,True,0.0,3.0,False,1837,0.30321175830157865,3.892322012569433,1.165011252000789,0.1675304031731443,307.7533506290665,52.98156614064274,0
XAUUSD,M5@M15,none,,48,0.0,False,0.0,5.0,False,2072,0.2784749034749035,2.8714852569837697,1.086575653170678,0.11307559369090736,234.29263012756005,77.0,0
XAUUSD,M5@M15,none,,48,0.0,True,0.0,5.0,False,1837,0.30321175830157865,3.892322012569433,1.165011252000789,0.1675304031731443,307.7533506290665,52.98156614064274,0
XAUUSD,M5@M15,none,,48,12.0,False,0.0,0.0,False,2072,0.2784749034749035,2.151748202273299,1.0672699731870126,0.08243340718634128,170.8020196900993,87.30710791821959,0
XAUUSD,M5@M15,none,,48,12.0,True,0.0,0.0,False,1837,0.30321175830157865,3.2619319370747744,1.1440460591177537,0.13663740904231098,251.0029204107252,62.34548212894357,0
XAUUSD,M5@M15,none,,48,12.0,False,0.0,2.0,False,2072,0.2784749034749035,2.151748202273299,1.0672699731870126,0.08243340718634128,170.8020196900993,87.30710791821959,0
XAUUSD,M5@M15,none,,48,12.0,True,0.0,2.0,False,1837,0.30321175830157865,3.2619319370747744,1.1440460591177537,0.13663740904231098,251.0029204107252,62.34548212894357,0
XAUUSD,M5@M15,none,,48,12.0,False,0.0,3.0,False,2072,0.2784749034749035,2.152048926679387,1.0672725570889106,0.08244555565386752,170.82719131481366,87.30710791821959,0
XAUUSD,M5@M15,none,,48,12.0,True,0.0,3.0,False,1837,0.30321175830157865,3.2619319370747744,1.1440460591177537,0.13663740904231098,251.0029204107252,62.34548212894357,0
XAUUSD,M5@M15,none,,48,12.0,False,0.0,5.0,False,2072,0.2784749034749035,2.158343753304588,1.067352157182063,0.08270152668312436,171.35756328743386,87.30710791821959,0
XAUUSD,M5@M15,none,,48,12.0,True,0.0,5.0,False,1837,0.30321175830157865,3.2644877711697107,1.144087624037041,0.1367512773700584,251.21209652879725,62.34548212894357,0
XAUUSD,M5@M15,none,,48,18.0,False,0.0,0.0,False,2072,0.2784749034749035,1.802477193048298,1.05780572813282,0.06817133393977587,141.2510039232157,92.67134092268546,0
XAUUSD,M5@M15,none,,48,18.0,True,0.0,0.0,False,1837,0.30321175830157865,2.9546637256662174,1.1337681641577508,0.12219260848273324,224.46782178278104,66.80414202826562,0
XAUUSD,M5@M15,none,,48,18.0,False,0.0,2.0,False,2072,0.2784749034749035,1.8028429875349015,1.0578082952068268,0.06818569196630452,141.28075375418302,92.67134092268546,0
XAUUSD,M5@M15,none,,48,18.0,True,0.0,2.0,False,1837,0.30321175830157865,2.9546637256662174,1.1337681641577508,0.12219260848273324,224.46782178278104,66.80414202826562,0
XAUUSD,M5@M15,none,,48,18.0,False,0.0,3.0,False,2072,0.2784749034749035,1.8080840862745007,1.0578528997647603,0.06839249335364855,141.70924622875992,92.67134092268546,0
XAUUSD,M5@M15,none,,48,18.0,True,0.0,3.0,False,1837,0.30321175830157865,2.9558299802765053,1.1337826268087217,0.12224315969946171,224.56068436791125,66.80414202826562,0
XAUUSD,M5@M15,none,,48,18.0,False,0.0,5.0,False,2066,0.2792836398838335,1.9000823792708992,1.05881092164644,0.07207025471494982,148.89714624108638,92.67134092268546,0
XAUUSD,M5@M15,none,,48,18.0,True,0.0,5.0,False,1836,0.3028322440087146,2.948651065768023,1.133877976404449,0.12202014322489724,224.0289829609114,66.80414202826562,0
XAUUSD,M5@M15,none,,48,24.0,False,0.0,0.0,False,2072,0.2784749034749035,1.459175612310543,1.048463958919658,0.05450931510017342,112.94330088755936,97.85785565668837,0
XAUUSD,M5@M15,none,,48,24.0,True,0.0,0.0,False,1837,0.30321175830157865,2.651949807463485,1.1236232066236633,0.10832627093047698,198.99535969928613,71.12485702678525,0
XAUUSD,M5@M15,none,,48,24.0,False,0.0,2.0,False,2072,0.2784749034749035,1.4629282573605276,1.0484883042253315,0.054653487375493304,113.24202584202217,97.85785565668837,0
XAUUSD,M5@M15,none,,48,24.0,True,0.0,2.0,False,1837,0.30321175830157865,2.651949807463485,1.1236232066236633,0.10832627093047698,198.99535969928613,71.12485702678525,0
XAUUSD,M5@M15,none,,48,24.0,False,0.0,3.0,False,2069,0.27936201063315613,1.552536918271956,1.049172778149482,0.05809880271193527,120.20642281099406,97.85785565668837,0
XAUUSD,M5@M15,none,,48,24.0,True,0.0,3.0,False,1837,0.30321175830157865,2.6611851976683396,1.1237349376137866,0.10871911819774685,199.71702012926087,71.12485702678526,0
XAUUSD,M5@M15,none,,48,24.0,False,0.0,5.0,False,2064,0.27906976744186046,1.562323543978925,1.0499754738413365,0.05858951332213709,120.9287554968909,97.85785565668837,0
XAUUSD,M5@M15,none,,48,24.0,True,0.0,5.0,False,1835,0.3024523160762943,2.6441373238691934,1.123884055480609,0.10815365570290278,198.46195821482658,71.12485702678524,0
XAUUSD,M1@M5,none,,48,0.0,False,0.0,0.0,False,2027,0.29452392698569313,4.372856712631513,1.1157365188745447,0.177037347453044,358.8547032873202,34.00000000000006,0
XAUUSD,M1@M5,none,,48,0.0,True,0.0,0.0,False,2027,0.2940305870744943,4.362580427028506,1.1151341531432006,0.17661568820917609,357.99999999999994,34.00000000000006,0
XAUUSD,M1@M5,none,,48,0.0,False,0.0,2.0,False,2027,0.29452392698569313,4.372856712631513,1.1157365188745447,0.177037347453044,358.8547032873202,34.00000000000006,0
XAUUSD,M1@M5,none,,48,0.0,True,0.0,2.0,False,2027,0.2940305870744943,4.362580427028506,1.1151341531432006,0.17661568820917609,357.99999999999994,34.00000000000006,0
XAUUSD,M1@M5,none,,48,0.0,False,0.0,3.0,False,2027,0.29452392698569313,4.372856712631513,1.1157365188745447,0.177037347453044,358.8547032873202,34.00000000000006,0
XAUUSD,M1@M5,none,,48,0.0,True,0.0,3.0,False,2027,0.2940305870744943,4.362580427028506,1.1151341531432006,0.17661568820917609,357.99999999999994,34.00000000000006,0
XAUUSD,M1@M5,none,,48,0.0,False,0.0,5.0,False,2027,0.29452392698569313,4.372856712631513,1.1157365188745447,0.177037347453044,358.8547032873202,34.00000000000006,0
XAUUSD,M1@M5,none,,48,0.0,True,0.0,5.0,False,2027,0.2940305870744943,4.362580427028506,1.1151341531432006,0.17661568820917609,357.99999999999994,34.00000000000006,0
XAUUSD,M1@M5,none,,48,12.0,False,0.0,0.0,False,2027,0.29452392698569313,3.648012900609572,1.0949133093136445,0.14354588873598875,290.9675164678491,38.78687379775292,0
XAUUSD,M1@M5,none,,48,12.0,True,0.0,0.0,False,2027,0.2940305870744943,3.6377393140711334,1.0943286219910733,0.14313656136336697,290.13780988354483,38.78687379775292,0
XAUUSD,M1@M5,none,,48,12.0,False,0.0,2.0,False,2027,0.29452392698569313,3.648012900609572,1.0949133093136445,0.14354588873598875,290.9675164678491,38.78687379775292,0
XAUUSD,M1@M5,none,,48,12.0,True,0.0,2.0,False,2027,0.2940305870744943,3.6377393140711334,1.0943286219910733,0.14313656136336697,290.13780988354483,38.78687379775292,0
XAUUSD,M1@M5,none,,48,12.0,False,0.0,3.0,False,2027,0.29452392698569313,3.648012900609572,1.0949133093136445,0.14354588873598875,290.9675164678491,38.78687379775292,0
XAUUSD,M1@M5,none,,48,12.0,True,0.0,3.0,False,2027,0.2940305870744943,3.6377393140711334,1.0943286219910733,0.14313656136336697,290.13780988354483,38.78687379775292,0
XAUUSD,M1@M5,none,,48,12.0,False,0.0,5.0,False,2027,0.29452392698569313,3.6496565982727027,1.094921326492771,0.1436175082016031,291.1126891246495,38.786873797752925,0
XAUUSD,M1@M5,none,,48,12.0,True,0.0,5.0,False,2027,0.2940305870744943,3.639383526299205,1.0943366512131159,0.14320818082898135,290.2829825403452,38.786873797752925,0
XAUUSD,M1@M5,none,,48,18.0,False,0.0,0.0,False,2027,0.29452392698569313,3.2951792103309705,1.0847123796348537,0.12794915141744767,259.3529299231663,42.22730976307369,0
XAUUSD,M1@M5,none,,48,18.0,True,0.0,0.0,False,2027,0.2940305870744943,3.284914936756942,1.0841363526585277,0.1275458661630275,258.53547071245663,42.22730976307369,0
XAUUSD,M1@M5,none,,48,18.0,False,0.0,2.0,False,2027,0.29452392698569313,3.2951792103309705,1.0847123796348537,0.12794915141744767,259.3529299231663,42.22730976307369,0
XAUUSD,M1@M5,none,,48,18.0,True,0.0,2.0,False,2027,0.2940305870744943,3.284914936756942,1.0841363526585277,0.1275458661630275,258.53547071245663,42.22730976307369,0
XAUUSD,M1@M5,none,,48,18.0,False,0.0,3.0,False,2027,0.29452392698569313,3.296418225192779,1.0847166339796313,0.12800123144646086,259.4584961419761,42.22730976307369,0
XAUUSD,M1@M5,none,,48,18.0,True,0.0,3.0,False,2027,0.2940305870744943,3.286154289574633,1.0841406133540974,0.1275979461920407,258.64103693126646,42.22730976307369,0
XAUUSD,M1@M5,none,,48,18.0,False,0.0,5.0,False,2025,0.29432098765432096,3.286785732460214,1.0846268329224686,0.12771100594500645,258.614787038638,42.1549944903951,0
XAUUSD,M1@M5,none,,48,18.0,True,0.0,5.0,False,2025,0.2938271604938272,3.276518210274753,1.0840508288956288,0.12730732238416217,257.7973278279283,42.1549944903951,0
XAUUSD,M1@M5,none,,48,24.0,False,0.0,0.0,False,2027,0.29452392698569313,2.9481155240183843,1.0746481361350326,0.11301960324785638,229.09073578340485,45.41619621030431,0
XAUUSD,M1@M5,none,,48,24.0,True,0.0,0.0,False,2027,0.2940305870744943,2.9378649820023535,1.0740806534616425,0.11262227976209523,228.285361077767,45.41619621030431,0
XAUUSD,M1@M5,none,,48,24.0,False,0.0,2.0,False,2027,0.29452392698569313,2.9483142276640186,1.0746484866092194,0.11302769552525152,229.1071388296848,45.41619621030431,0
XAUUSD,M1@M5,none,,48,24.0,True,0.0,2.0,False,2027,0.2940305870744943,2.938063732739276,1.0740810048331433,0.11263037203949036,228.30176412404694,45.41619621030431,0
XAUUSD,M1@M5,none,,48,24.0,False,0.0,3.0,False,2025,0.29432098765432096,2.940624340469964,1.0745871077104436,0.11281010971013201,228.44047216301726,45.41619621030431,0
XAUUSD,M1@M5,none,,48,24.0,True,0.0,3.0,False,2025,0.2938271604938272,2.9303705667320945,1.074019608864339,0.11241239380611331,227.6350974573794,45.41619621030431,0
XAUUSD,M1@M5,none,,48,24.0,False,0.0,5.0,False,2016,0.29464285714285715,2.996398711345984,1.0746883492092456,0.11535834042691685,232.56241430066433,36.702653018641655,0
XAUUSD,M1@M5,none,,48,24.0,True,0.0,5.0,False,2016,0.2941468253968254,2.9861368905648447,1.0741208923509786,0.1149588490054695,231.75703959502647,36.702653018641655,0
XAUUSD,M1@M15,none,,48,0.0,False,0.0,0.0,False,747,0.25167336010709507,0.06942521951636409,1.0092678799900217,0.0044051959746838395,3.2906813930888292,55.0,0
XAUUSD,M1@M15,none,,48,0.0,True,0.0,0.0,False,610,0.28032786885245903,1.4456240996447522,1.1106869384934317,0.10849189504386536,66.18005597675787,39.92033700343268,0
XAUUSD,M1@M15,none,,48,0.0,False,0.0,2.0,False,747,0.25167336010709507,0.06942521951636409,1.0092678799900217,0.0044051959746838395,3.2906813930888292,55.0,0
XAUUSD,M1@M15,none,,48,0.0,True,0.0,2.0,False,610,0.28032786885245903,1.4456240996447522,1.1106869384934317,0.10849189504386536,66.18005597675787,39.92033700343268,0
XAUUSD,M1@M15,none,,48,0.0,False,0.0,3.0,False,747,0.25167336010709507,0.06942521951636409,1.0092678799900217,0.0044051959746838395,3.2906813930888292,55.0,0
XAUUSD,M1@M15,none,,48,0.0,True,0.0,3.0,False,610,0.28032786885245903,1.4456240996447522,1.1106869384934317,0.10849189504386536,66.18005597675787,39.92033700343268,0
XAUUSD,M1@M15,none,,48,0.0,False,0.0,5.0,False,747,0.25167336010709507,0.06942521951636409,1.0092678799900217,0.0044051959746838395,3.2906813930888292,55.0,0
XAUUSD,M1@M15,none,,48,0.0,True,0.0,5.0,False,610,0.28032786885245903,1.4456240996447522,1.1106869384934317,0.10849189504386536,66.18005597675787,39.92033700343268,0
XAUUSD,M1@M15,none,,48,12.0,False,0.0,0.0,False,747,0.25167336010709507,-0.18203890421242883,0.9981911040100996,-0.01137020345145806,-8.493541978239175,55.474290015191364,0
XAUUSD,M1@M15,none,,48,12.0,True,0.0,0.0,False,610,0.28032786885245903,1.2371869063147514,1.0986433097122767,0.09127826380516552,55.67974092115098,40.15413277124155,0
XAUUSD,M1@M15,none,,48,12.0,False,0.0,2.0,False,747,0.25167336010709507,-0.18203890421242883,0.9981911040100996,-0.01137020345145806,-8.493541978239175,55.474290015191364,0
XAUUSD,M1@M15,none,,48,12.0,True,0.0,2.0,False,610,0.28032786885245903,1.2371869063147514,1.0986433097122767,0.09127826380516552,55.67974092115098,40.15413277124155,0
XAUUSD,M1@M15,none,,48,12.0,False,0.0,3.0,False,747,0.25167336010709507,-0.18203890421242883,0.9981911040100996,-0.01137020345145806,-8.493541978239175,55.474290015191364,0
XAUUSD,M1@M15,none,,48,12.0,True,0.0,3.0,False,610,0.28032786885245903,1.2371869063147514,1.0986433097122767,0.09127826380516552,55.67974092115098,40.15413277124155,0
XAUUSD,M1@M15,none,,48,12.0,False,0.0,5.0,False,747,0.25167336010709507,-0.18203890421242883,0.9981911040100996,-0.01137020345145806,-8.493541978239175,55.474290015191364,0
XAUUSD,M1@M15,none,,48,12.0,True,0.0,5.0,False,610,0.28032786885245903,1.2371869063147514,1.0986433097122767,0.09127826380516552,55.67974092115098,40.15413277124155,0
XAUUSD,M1@M15,none,,48,18.0,False,0.0,0.0,False,747,0.25167336010709507,-0.3060666236577514,0.9927208233300365,-0.01897193156452899,-14.172032878703142,55.707287669881666,0
XAUUSD,M1@M15,none,,48,18.0,True,0.0,0.0,False,610,0.28032786885245903,1.1338861664009114,1.0926936772092923,0.0829695645420445,50.61143437064715,40.26848244042048,0
XAUUSD,M1@M15,none,,48,18.0,False,0.0,2.0,False,747,0.25167336010709507,-0.3060666236577514,0.9927208233300365,-0.01897193156452899,-14.172032878703142,55.707287669881666,0
XAUUSD,M1@M15,none,,48,18.0,True,0.0,2.0,False,610,0.28032786885245903,1.1338861664009114,1.0926936772092923,0.0829695645420445,50.61143437064715,40.26848244042048,0
XAUUSD,M1@M15,none,,48,18.0,False,0.0,3.0,False,747,0.25167336010709507,-0.3060666236577514,0.9927208233300365,-0.01897193156452899,-14.172032878703142,55.707287669881666,0
XAUUSD,M1@M15,none,,48,18.0,True,0.0,3.0,False,610,0.28032786885245903,1.1338861664009114,1.0926936772092923,0.0829695645420445,50.61143437064715,40.26848244042048,0
XAUUSD,M1@M15,none,,48,18.0,False,0.0,5.0,False,747,0.25167336010709507,-0.3060666236577514,0.9927208233300365,-0.01897193156452899,-14.172032878703142,55.707287669881666,0
XAUUSD,M1@M15,none,,48,18.0,True,0.0,5.0,False,610,0.28032786885245903,1.1338861664009114,1.0926936772092923,0.0829695645420445,50.61143437064715,40.26848244042048,0
XAUUSD,M1@M15,none,,48,24.0,False,0.0,0.0,False,747,0.25167336010709507,-0.429014292302305,0.9872952060850702,-0.026395422457228084,-19.71738057554938,55.937591501012506,0
XAUUSD,M1@M15,none,,48,24.0,True,0.0,0.0,False,610,0.28032786885245903,1.0311859341886036,1.0867913999365268,0.07484786312136121,45.65719650403035,40.38118551126028,0
XAUUSD,M1@M15,none,,48,24.0,False,0.0,2.0,False,747,0.25167336010709507,-0.429014292302305,0.9872952060850702,-0.026395422457228084,-19.71738057554938,55.937591501012506,0
XAUUSD,M1@M15,none,,48,24.0,True,0.0,2.0,False,610,0.28032786885245903,1.0311859341886036,1.0867913999365268,0.07484786312136121,45.65719650403035,40.38118551126028,0
XAUUSD,M1@M15,none,,48,24.0,False,0.0,3.0,False,747,0.25167336010709507,-0.429014292302305,0.9872952060850702,-0.026395422457228084,-19.71738057554938,55.937591501012506,0
XAUUSD,M1@M15,none,,48,24.0,True,0.0,3.0,False,610,0.28032786885245903,1.0311859341886036,1.0867913999365268,0.07484786312136121,45.65719650403035,40.38118551126028,0
XAUUSD,M1@M15,none,,48,24.0,False,0.0,5.0,False,747,0.25167336010709507,-0.429014292302305,0.9872952060850702,-0.026395422457228084,-19.71738057554938,55.937591501012506,0
XAUUSD,M1@M15,none,,48,24.0,True,0.0,5.0,False,610,0.28032786885245903,1.0311859341886036,1.0867913999365268,0.07484786312136121,45.65719650403035,40.38118551126028,0
BTCUSD,H1@H4,none,,48,0.0,False,0.0,0.0,False,751,0.35019973368841545,0.9247724432495404,0.9353978477690852,0.04826597669869851,36.24774850072257,31.0,0
BTCUSD,H1@H4,none,,48,0.0,True,0.0,0.0,False,1724,0.5382830626450116,20.047221723461323,3.1218172785820726,0.8229520477421738,1418.7693303075073,12.563793390680985,0
BTCUSD,H1@H4,none,,48,1200.0,False,0.0,0.0,False,751,0.3488681757656458,0.14043650155728793,0.9224311914271236,0.0070916082887002505,5.325797824813871,31.178157493644363,0
BTCUSD,H1@H4,none,,48,1200.0,True,0.0,0.0,False,1724,0.5359628770301624,19.222114647300327,3.077694701548259,0.7703128085969696,1328.0192820211755,17.020467814763826,0
BTCUSD,H1@H4,none,,48,1800.0,False,0.0,0.0,False,751,0.3488681757656458,-0.14507586578348808,0.9160332193168746,-0.007240704356368437,-5.437768971632695,34.65874797509852,0
BTCUSD,H1@H4,none,,48,1800.0,True,0.0,0.0,False,1724,0.5359628770301624,18.927602586599132,3.055965721029287,0.7515652486163147,1295.698488614526,20.5302079876916,0
BTCUSD,H1@H4,none,,48,2400.0,False,0.0,0.0,False,751,0.34753661784287615,-0.4070530784992428,0.9096912149349557,-0.020102694356350686,-15.097123461619354,39.605309199310085,0
BTCUSD,H1@H4,none,,48,2400.0,True,0.0,0.0,False,1724,0.5359628770301624,18.64964741140067,3.0344586216668437,0.7341983443261703,1265.7579456183182,22.99831777608653,0
BTCUSD,H1@H4,static,M15,48,0.0,False,0.0,0.0,False,1755,0.3943019943019943,12.366436422126194,1.6061002014974775,0.5772079772079772,1013.0,24.0,0
BTCUSD,H1@H4,static,M15,48,0.0,True,0.0,0.0,False,1534,0.44784876140808344,14.28970994997243,2.010923168581165,0.7783190585987361,1193.9414358904603,19.878503163316395,0
BTCUSD,H1@H4,static,M15,48,0.0,False,0.0,0.0,True,37,0.43243243243243246,2.2094561386394225,2.410640400225962,0.7297297297297297,27.0,8.0,0
BTCUSD,H1@H4,static,M15,48,0.0,True,0.0,0.0,True,34,0.4117647058823529,1.464189877163606,1.9081641000039482,0.4563729202973358,15.516679290109417,8.0,0
BTCUSD,H1@H4,static,M15,48,0.0,False,0.0,2.0,False,1755,0.3943019943019943,12.366436422126194,1.6061002014974775,0.5772079772079772,1013.0,24.0,0
BTCUSD,H1@H4,static,M15,48,0.0,True,0.0,2.0,False,1534,0.44784876140808344,14.28970994997243,2.010923168581165,0.7783190585987361,1193.9414358904603,19.878503163316395,0
BTCUSD,H1@H4,static,M15,48,0.0,False,0.0,2.0,True,37,0.43243243243243246,2.2094561386394225,2.410640400225962,0.7297297297297297,27.0,8.0,0
BTCUSD,H1@H4,static,M15,48,0.0,True,0.0,2.0,True,34,0.4117647058823529,1.464189877163606,1.9081641000039482,0.4563729202973358,15.516679290109417,8.0,0
BTCUSD,H1@H4,static,M15,48,0.0,False,0.0,3.0,False,1755,0.3943019943019943,12.366436422126194,1.6061002014974775,0.5772079772079772,1013.0,24.0,0
BTCUSD,H1@H4,static,M15,48,0.0,True,0.0,3.0,False,1534,0.44784876140808344,14.28970994997243,2.010923168581165,0.7783190585987361,1193.9414358904603,19.878503163316395,0
BTCUSD,H1@H4,static,M15,48,0.0,False,0.0,3.0,True,37,0.43243243243243246,2.2094561386394225,2.410640400225962,0.7297297297297297,27.0,8.0,0
BTCUSD,H1@H4,static,M15,48,0.0,True,0.0,3.0,True,34,0.4117647058823529,1.464189877163606,1.9081641000039482,0.4563729202973358,15.516679290109417,8.0,0
BTCUSD,H1@H4,static,M15,48,0.0,False,0.0,5.0,False,1755,0.3943019943019943,12.366436422126194,1.6061002014974775,0.5772079772079772,1013.0,24.0,0
BTCUSD,H1@H4,static,M15,48,0.0,True,0.0,5.0,False,1534,0.44784876140808344,14.28970994997243,2.010923168581165,0.7783190585987361,1193.9414358904603,19.878503163316395,0
BTCUSD,H1@H4,static,M15,48,0.0,False,0.0,5.0,True,37,0.43243243243243246,2.2094561386394225,2.410640400225962,0.7297297297297297,27.0,8.0,0
BTCUSD,H1@H4,static,M15,48,0.0,True,0.0,5.0,True,34,0.4117647058823529,1.464189877163606,1.9081641000039482,0.4563729202973358,15.516679290109417,8.0,0
BTCUSD,H1@H4,static,M15,48,1200.0,False,0.0,0.0,False,1755,0.3943019943019943,10.355689324610399,1.5249789784490486,0.4455279999143777,781.901639849733,24.0,0
BTCUSD,H1@H4,static,M15,48,1200.0,True,0.0,0.0,False,1534,0.44784876140808344,12.76940401127638,1.9128010518681027,0.6361059629967825,975.7865472370637,20.463391827678947,0
BTCUSD,H1@H4,static,M15,48,1200.0,False,0.0,0.0,True,37,0.43243243243243246,1.9188991851799817,2.2294214198715,0.5835577738478476,21.59163763237036,8.0,0
BTCUSD,H1@H4,static,M15,48,1200.0,True,0.0,0.0,True,34,0.4117647058823529,1.1439886667686017,1.7597259526057212,0.3270045937096454,11.118156186127948,8.0,0
BTCUSD,H1@H4,static,M15,48,1200.0,False,0.0,2.0,False,1751,0.39406053683609366,10.393173102510277,1.5251158428323635,0.448127289067324,784.6708831568845,24.0,0
BTCUSD,H1@H4,static,M15,48,1200.0,True,0.0,2.0,False,1534,0.4491525423728814,12.865084612997123,1.9136271896694963,0.6407035055765608,982.8391775544433,20.463391827678947,0
BTCUSD,H1@H4,static,M15,48,1200.0,False,0.0,2.0,True,37,0.43243243243243246,1.9188991851799817,2.224145684900281,0.5835577738478476,21.59163763237036,8.0,0
BTCUSD,H1@H4,static,M15,48,1200.0,True,0.0,2.0,True,34,0.4117647058823529,1.1439886667686017,1.7553699068711082,0.3270045937096454,11.118156186127948,8.0,0
BTCUSD,H1@H4,static,M15,48,1200.0,False,0.0,3.0,False,1744,0.39392201834862384,10.427133000830237,1.5256011041284903,0.45127004988243163,787.0149669949609,24.0,0
BTCUSD,H1@H4,static,M15,48,1200.0,True,0.0,3.0,False,1533,0.44879321591650356,12.886232291786971,1.9140672992398402,0.640224916299593,981.4647966872751,20.463391827678947,0
BTCUSD,H1@H4,static,M15,48,1200.0,False,0.0,3.0,True,36,0.4166666666666667,1.7699925123548803,2.2027214862419124,0.5501371849073728,19.804938656665424,8.0,0
BTCUSD,H1@H4,static,M15,48,1200.0,True,0.0,3.0,True,33,0.3939393939393939,0.970255818165422,1.7337795895458574,0.28223056802232965,9.313608744736879,8.0,0
BTCUSD,H1@H4,static,M15,48,1200.0,False,0.0,5.0,False,1722,0.39314750290360045,10.479949935934174,1.5299152218763927,0.45896394199871154,790.3359081217817,24.0,0
BTCUSD,H1@H4,static,M15,48,1200.0,True,0.0,5.0,False,1527,0.449901768172888,13.014558913672136,1.9216181851780019,0.6464233509900574,987.0884569618167,20.463391827678947,0
BTCUSD,H1@H4,static,M15,48,1200.0,False,0.0,5.0,True,36,0.3888888888888889,1.5015652591742716,2.1348515115706284,0.4668038515740395,16.804938656665424,9.0,0
BTCUSD,H1@H4,static,M15,48,1200.0,True,0.0,5.0,True,33,0.36363636363636365,0.7264506810189225,1.680718524408696,0.2117760225677842,6.9886087447368785,9.0,0
BTCUSD,H1@H4,static,M15,48,1800.0,False,0.0,0.0,False,1755,0.39373219373219376,9.442473639786735,1.4865614657691162,0.3932234765011682,690.1072012595511,24.0,0
BTCUSD,H1@H4,static,M15,48,1800.0,True,0.0,0.0,False,1534,0.4471968709256845,12.042577221281906,1.8662449286748948,0.5795495427697702,889.0289986088272,20.721229581022726,0
BTCUSD,H1@H4,static,M15,48,1800.0,False,0.0,0.0,True,37,0.43243243243243246,1.785137846312297,2.146359913702049,0.5252472657016074,19.434148830959472,8.0,0
BTCUSD,H1@H4,static,M15,48,1800.0,True,0.0,0.0,True,34,0.4117647058823529,1.0000585458459392,1.6916675992929684,0.2763194302287144,9.39486062777629,8.0,0
BTCUSD,H1@H4,static,M15,48,1800.0,False,0.0,2.0,False,1744,0.39392201834862384,9.548765405854537,1.4874148052878862,0.40004571564090796,697.6797280777438,24.0,0
BTCUSD,H1@H4,static,M15,48,1800.0,True,0.0,2.0,False,1533,0.44879321591650356,12.166562622304752,1.8675747272058447,0.5845955279243802,896.1849443080745,20.721229581022726,0
BTCUSD,H1@H4,static,M15,48,1800.0,False,0.0,2.0,True,36,0.4166666666666667,1.6600211080730811,2.122122648009212,0.5004790735141902,18.017246646510845,8.0,0
BTCUSD,H1@H4,static,M15,48,1800.0,True,0.0,2.0,True,33,0.3939393939393939,0.8543566337394062,1.6681624856727535,0.2412550083968388,7.96141527709568,8.0,0
BTCUSD,H1@H4,static,M15,48,1800.0,False,0.0,3.0,False,1725,0.3936231884057971,9.668919142737375,1.4915113197259444,0.4094590441184469,706.3168511043212,24.0,0
BTCUSD,H1@H4,static,M15,48,1800.0,True,0.0,3.0,False,1528,0.4489528795811518,12.260545252921807,1.8727052589937934,0.5902787704411908,901.9459612341392,20.721229581022726,0
BTCUSD,H1@H4,static,M15,48,1800.0,False,0.0,3.0,True,36,0.4166666666666667,1.6842345000552637,2.1255742141236484,0.5097383327734496,18.350579979844177,8.0,0
BTCUSD,H1@H4,static,M15,48,1800.0,True,0.0,3.0,True,33,0.3939393939393939,0.8795175138763831,1.6699381999583116,0.2490832912251216,8.219748610429013,8.0,0
BTCUSD,H1@H4,static,M15,48,1800.0,False,0.0,5.0,False,1671,0.38539796529024534,9.279165683087696,1.4917273059631035,0.40341245043378826,674.1022046748611,24.0,0
BTCUSD,H1@H4,static,M15,48,1800.0,True,0.0,5.0,False,1503,0.4471057884231537,12.241538606971847,1.8806388273601973,0.5934197323060805,891.909857656039,20.721229581022726,0
BTCUSD,H1@H4,static,M15,48,1800.0,False,0.0,5.0,True,35,0.4,1.5151288543254655,2.061641317698594,0.467159427995548,16.350579979844177,8.0,0
BTCUSD,H1@H4,static,M15,48,1800.0,True,0.0,5.0,True,32,0.375,0.7426336769976156,1.6214293239509607,0.21546089407590663,6.894748610429014,8.0,0
BTCUSD,H1@H4,static,M15,48,2400.0,False,0.0,0.0,False,1755,0.39373219373219376,8.573795503837479,1.4494747133073806,0.3467087198967015,608.4738034187113,24.0,0
BTCUSD,H1@H4,static,M15,48,2400.0,True,0.0,0.0,False,1534,0.4471968709256845,11.33874227513475,1.8212473641000968,0.52913672338581,811.6957336738317,20.959498313931135,0
BTCUSD,H1@H4,static,M15,48,2400.0,False,0.0,0.0,True,37,0.43243243243243246,1.6577761056135076,2.067786594779892,0.47332540713034077,17.51304006382261,8.0,0
BTCUSD,H1@H4,static,M15,48,2400.0,True,0.0,0.0,True,34,0.4117647058823529,0.8641432520468983,1.6272740677332413,0.2315571798959995,7.872944116463983,8.0,0
BTCUSD,H1@H4,static,M15,48,2400.0,False,0.0,2.0,False,1731,0.3957250144425188,8.957688458237314,1.4561102333357623,0.36718253161348174,635.5929622229372,24.0,0
BTCUSD,H1@H4,static,M15,48,2400.0,True,0.0,2.0,False,1531,0.44937949052906595,11.561680902342534,1.8252535925433984,0.539126989188984,825.4034204483337,20.959498313931135,0
BTCUSD,H1@H4,static,M15,48,2400.0,False,0.0,2.0,True,36,0.4166666666666667,1.5740125271654795,2.048295115896478,0.4624135038370669,16.64688613813441,8.0,0
BTCUSD,H1@H4,static,M15,48,2400.0,True,0.0,2.0,True,33,0.3939393939393939,0.7633742399585258,1.6073807087166048,0.21003932575233222,6.931297749826963,8.0,0
BTCUSD,H1@H4,static,M15,48,2400.0,False,0.0,3.0,False,1707,0.38957234915055655,8.747584105701215,1.4526056285471753,0.3636832765086682,620.8073530002969,24.0,0
BTCUSD,H1@H4,static,M15,48,2400.0,True,0.0,3.0,False,1525,0.4478688524590164,11.61225373436556,1.830924438365165,0.5431424857656273,828.2922907925808,20.959498313931135,0
BTCUSD,H1@H4,static,M15,48,2400.0,False,0.0,3.0,True,36,0.3888888888888889,1.3188977815202585,1.9723748341515794,0.38833942976299274,13.980219471467741,9.0,0
BTCUSD,H1@H4,static,M15,48,2400.0,True,0.0,3.0,True,33,0.36363636363636365,0.5337607457660971,1.5488987743239353,0.14741306312606958,4.864631083160297,9.0,0
BTCUSD,H1@H4,static,M15,48,2400.0,False,0.0,5.0,False,1599,0.36647904940587867,7.354921113162923,1.4216072202681924,0.3200242986825574,511.718853593409,24.0,0
BTCUSD,H1@H4,static,M15,48,2400.0,True,0.0,5.0,False,1480,0.43716216216216214,11.118835845772203,1.8191186453016042,0.529806901115404,784.1142136507975,20.959498313931135,0
BTCUSD,H1@H4,static,M15,48,2400.0,False,0.0,5.0,True,35,0.4,1.4256575310914792,1.9159500300365648,0.428006270613364,14.980219471467741,8.0,0
BTCUSD,H1@H4,static,M15,48,2400.0,True,0.0,5.0,True,32,0.375,0.6486594445482201,1.5026615933135867,0.18326972134875924,5.864631083160297,8.0,0
BTCUSD,H1@H4,static,M5,48,0.0,False,0.0,0.0,False,725,0.4703448275862069,11.878657167592863,2.2790202296423905,0.8813793103448276,639.0,12.0,0
BTCUSD,H1@H4,static,M5,48,0.0,True,0.0,0.0,False,613,0.48613376835236544,10.815876507129296,2.516282959321141,1.049917646498627,643.5995173036599,9.900000000000006,0
BTCUSD,H1@H4,static,M5,48,0.0,False,0.0,0.0,True,18,0.3333333333333333,0.7288689868556625,1.4903524670793789,0.3333333333333333,6.0,8.0,0
BTCUSD,H1@H4,static,M5,48,0.0,True,0.0,0.0,True,17,0.35294117647058826,0.6973562970275801,1.310677868211738,0.3445550804299761,5.857436367309593,8.0,0
BTCUSD,H1@H4,static,M5,48,0.0,False,0.0,2.0,False,725,0.4703448275862069,11.878657167592863,2.2790202296423905,0.8813793103448276,639.0,12.0,0
BTCUSD,H1@H4,static,M5,48,0.0,True,0.0,2.0,False,613,0.48613376835236544,10.815876507129296,2.516282959321141,1.049917646498627,643.5995173036599,9.900000000000006,0
BTCUSD,H1@H4,static,M5,48,0.0,False,0.0,2.0,True,18,0.3333333333333333,0.7288689868556625,1.4903524670793789,0.3333333333333333,6.0,8.0,0
BTCUSD,H1@H4,static,M5,48,0.0,True,0.0,2.0,True,17,0.35294117647058826,0.6973562970275801,1.310677868211738,0.3445550804299761,5.857436367309593,8.0,0
BTCUSD,H1@H4,static,M5,48,0.0,False,0.0,3.0,False,725,0.4703448275862069,11.878657167592863,2.2790202296423905,0.8813793103448276,639.0,12.0,0
BTCUSD,H1@H4,static,M5,48,0.0,True,0.0,3.0,False,613,0.48613376835236544,10.815876507129296,2.516282959321141,1.049917646498627,643.5995173036599,9.900000000000006,0
BTCUSD,H1@H4,static,M5,48,0.0,False,0.0,3.0,True,18,0.3333333333333333,0.7288689868556625,1.4903524670793789,0.3333333333333333,6.0,8.0,0
BTCUSD,H1@H4,static,M5,48,0.0,True,0.0,3.0,True,17,0.35294117647058826,0.6973562970275801,1.310677868211738,0.3445550804299761,5.857436367309593,8.0,0
BTCUSD,H1@H4,static,M5,48,0.0,False,0.0,5.0,False,725,0.4703448275862069,11.878657167592863,2.2790202296423905,0.8813793103448276,639.0,12.0,0
BTCUSD,H1@H4,static,M5,48,0.0,True,0.0,5.0,False,613,0.48613376835236544,10.815876507129296,2.516282959321141,1.049917646498627,643.5995173036599,9.900000000000006,0
BTCUSD,H1@H4,static,M5,48,0.0,False,0.0,5.0,True,18,0.3333333333333333,0.7288689868556625,1.4903524670793789,0.3333333333333333,6.0,8.0,0
BTCUSD,H1@H4,static,M5,48,0.0,True,0.0,5.0,True,17,0.35294117647058826,0.6973562970275801,1.310677868211738,0.3445550804299761,5.857436367309593,8.0,0
BTCUSD,H1@H4,static,M5,48,1200.0,False,0.0,0.0,False,725,0.4703448275862069,10.868831207033542,2.1438632915483185,0.7524812715232603,545.5489218543639,12.565711095152182,0
BTCUSD,H1@H4,static,M5,48,1200.0,True,0.0,0.0,False,613,0.48613376835236544,10.106500887338536,2.37064595522794,0.9077060303559735,556.4237966082119,10.112334913478009,0
BTCUSD,H1@H4,static,M5,48,1200.0,False,0.0,0.0,True,18,0.3333333333333333,0.6254209293440869,1.4293276445075633,0.27327250000962855,4.9189050001733134,8.0,0
BTCUSD,H1@H4,static,M5,48,1200.0,True,0.0,0.0,True,17,0.35294117647058826,0.5974452999729981,1.2569600751606396,0.27794470712100894,4.725060021057151,8.03755853930687,0
BTCUSD,H1@H4,static,M5,48,1200.0,False,0.0,2.0,False,725,0.4703448275862069,10.868831207033542,2.1438632915483185,0.7524812715232603,545.5489218543639,12.565711095152182,0
BTCUSD,H1@H4,static,M5,48,1200.0,True,0.0,2.0,False,613,0.48613376835236544,10.106500887338536,2.37064595522794,0.9077060303559735,556.4237966082119,10.112334913478009,0
BTCUSD,H1@H4,static,M5,48,1200.0,False,0.0,2.0,True,18,0.3333333333333333,0.6254209293440869,1.4293276445075633,0.27327250000962855,4.9189050001733134,8.0,0
BTCUSD,H1@H4,static,M5,48,1200.0,True,0.0,2.0,True,17,0.35294117647058826,0.5974452999729981,1.2569600751606396,0.27794470712100894,4.725060021057151,8.03755853930687,0
BTCUSD,H1@H4,static,M5,48,1200.0,False,0.0,3.0,False,725,0.4703448275862069,10.868831207033542,2.1438632915483185,0.7524812715232603,545.5489218543639,12.565711095152182,0
BTCUSD,H1@H4,static,M5,48,1200.0,True,0.0,3.0,False,613,0.48613376835236544,10.106500887338536,2.37064595522794,0.9077060303559735,556.4237966082119,10.112334913478009,0
BTCUSD,H1@H4,static,M5,48,1200.0,False,0.0,3.0,True,18,0.3333333333333333,0.6254209293440869,1.4293276445075633,0.27327250000962855,4.9189050001733134,8.0,0
BTCUSD,H1@H4,static,M5,48,1200.0,True,0.0,3.0,True,17,0.35294117647058826,0.5974452999729981,1.2569600751606396,0.27794470712100894,4.725060021057151,8.03755853930687,0
BTCUSD,H1@H4,static,M5,48,1200.0,False,0.0,5.0,False,725,0.4703448275862069,10.890810902794113,2.146604266419493,0.7547195325025108,547.1716610643206,12.565711095152182,0
BTCUSD,H1@H4,static,M5,48,1200.0,True,0.0,5.0,False,613,0.48613376835236544,10.109481410169948,2.3724011482938185,0.9073239299832865,556.189569079755,10.112334913478009,0
BTCUSD,H1@H4,static,M5,48,1200.0,False,0.0,5.0,True,18,0.3333333333333333,0.6254209293440869,1.4293276445075633,0.27327250000962855,4.9189050001733134,8.0,0
BTCUSD,H1@H4,static,M5,48,1200.0,True,0.0,5.0,True,17,0.35294117647058826,0.5974452999729981,1.2569600751606396,0.27794470712100894,4.725060021057151,8.03755853930687,0
BTCUSD,H1@H4,static,M5,48,1800.0,False,0.0,0.0,False,725,0.4703448275862069,10.373730977179127,2.0805204206297754,0.6963844102169159,504.8786974072642,12.819561885184584,0
BTCUSD,H1@H4,static,M5,48,1800.0,True,0.0,0.0,False,613,0.48613376835236544,9.750916297455062,2.3023273126739423,0.8459146896215666,518.5457047380199,10.207955638935033,0
BTCUSD,H1@H4,static,M5,48,1800.0,False,0.0,0.0,True,18,0.3333333333333333,0.5745945021979268,1.4001973254918227,0.24577989398619918,4.424038091751585,8.0,0
BTCUSD,H1@H4,static,M5,48,1800.0,True,0.0,0.0,True,17,0.35294117647058826,0.5474590501634375,1.231250520618772,0.24769356529915174,4.21079061008558,8.101859187196368,0
BTCUSD,H1@H4,static,M5,48,1800.0,False,0.0,2.0,False,725,0.4703448275862069,10.373730977179127,2.0805204206297754,0.6963844102169159,504.8786974072642,12.819561885184584,0
BTCUSD,H1@H4,static,M5,48,1800.0,True,0.0,2.0,False,613,0.48613376835236544,9.750916297455062,2.3023273126739423,0.8459146896215666,518.5457047380199,10.207955638935033,0
BTCUSD,H1@H4,static,M5,48,1800.0,False,0.0,2.0,True,18,0.3333333333333333,0.5745945021979268,1.4001973254918227,0.24577989398619918,4.424038091751585,8.0,0
BTCUSD,H1@H4,static,M5,48,1800.0,True,0.0,2.0,True,17,0.35294117647058826,0.5474590501634375,1.231250520618772,0.24769356529915174,4.21079061008558,8.101859187196368,0
BTCUSD,H1@H4,static,M5,48,1800.0,False,0.0,3.0,False,725,0.4703448275862069,10.393907066070357,2.0822450696296553,0.6982048914254069,506.1985462834202,12.819561885184584,0
BTCUSD,H1@H4,static,M5,48,1800.0,True,0.0,3.0,False,613,0.48613376835236544,9.758435910812656,2.3035178731663457,0.8464400587852065,518.8677560353311,10.207955638935033,0
BTCUSD,H1@H4,static,M5,48,1800.0,False,0.0,3.0,True,18,0.3333333333333333,0.5745945021979268,1.4001973254918227,0.24577989398619918,4.424038091751585,8.0,0
BTCUSD,H1@H4,static,M5,48,1800.0,True,0.0,3.0,True,17,0.35294117647058826,0.5474590501634375,1.231250520618772,0.24769356529915174,4.21079061008558,8.101859187196368,0
BTCUSD,H1@H4,static,M5,48,1800.0,False,0.0,5.0,False,721,0.47156726768377255,10.50563186794525,2.0937739909211257,0.7102668036565027,512.1023654363382,12.819561885184584,0
BTCUSD,H1@H4,static,M5,48,1800.0,True,0.0,5.0,False,610,0.4885245901639344,9.849171317601991,2.312657821848989,0.8545422215191883,521.2707551267044,10.207955638935033,0
BTCUSD,H1@H4,static,M5,48,1800.0,False,0.0,5.0,True,18,0.3333333333333333,0.5745945021979268,1.4001973254918227,0.24577989398619918,4.424038091751585,8.0,0
BTCUSD,H1@H4,static,M5,48,1800.0,True,0.0,5.0,True,17,0.35294117647058826,0.5474590501634375,1.231250520618772,0.24769356529915174,4.21079061008558,8.101859187196368,0
BTCUSD,H1@H4,static,M5,48,2400.0,False,0.0,0.0,False,725,0.4703448275862069,9.886078826951044,2.019770134553409,0.6447200686163344,467.4220497468424,13.05663473538658,0
BTCUSD,H1@H4,static,M5,48,2400.0,True,0.0,0.0,False,613,0.48613376835236544,9.396217105050935,2.2367663906291266,0.7890593875405879,483.69340456238046,10.297446664649442,0
BTCUSD,H1@H4,static,M5,48,2400.0,False,0.0,0.0,True,18,0.3333333333333333,0.5243631202761613,1.3719335816099516,0.21976975749863392,3.9558556349754106,8.0,0
BTCUSD,H1@H4,static,M5,48,2400.0,True,0.0,0.0,True,17,0.35294117647058826,0.49753334275983646,1.206264091129046,0.21921111188883174,3.726588902110139,8.16342780627688,0
BTCUSD,H1@H4,static,M5,48,2400.0,False,0.0,2.0,False,725,0.4703448275862069,9.898586877864052,2.0206586587462776,0.6457352526549709,468.1580581748539,13.05663473538658,0
BTCUSD,H1@H4,static,M5,48,2400.0,True,0.0,2.0,False,613,0.48613376835236544,9.401927680617177,2.237448621044636,0.7895266121977172,483.9798132772006,10.297446664649442,0
BTCUSD,H1@H4,static,M5,48,2400.0,False,0.0,2.0,True,18,0.3333333333333333,0.5243631202761613,1.3719335816099516,0.21976975749863392,3.9558556349754106,8.0,0
BTCUSD,H1@H4,static,M5,48,2400.0,True,0.0,2.0,True,17,0.35294117647058826,0.49753334275983646,1.206264091129046,0.21921111188883174,3.726588902110139,8.16342780627688,0
BTCUSD,H1@H4,static,M5,48,2400.0,False,0.0,3.0,False,725,0.4689655172413793,9.889922752727202,2.0214746857142285,0.6465590508489925,468.7553118655196,13.05663473538658,0
BTCUSD,H1@H4,static,M5,48,2400.0,True,0.0,3.0,False,613,0.48613376835236544,9.418043787159117,2.239571780209184,0.7904268420761966,484.5316541927085,10.297446664649442,0
BTCUSD,H1@H4,static,M5,48,2400.0,False,0.0,3.0,True,18,0.3333333333333333,0.5243631202761613,1.3719335816099516,0.21976975749863392,3.9558556349754106,8.0,0
BTCUSD,H1@H4,static,M5,48,2400.0,True,0.0,3.0,True,17,0.35294117647058826,0.49753334275983646,1.206264091129046,0.21921111188883174,3.726588902110139,8.16342780627688,0
BTCUSD,H1@H4,static,M5,48,2400.0,False,0.0,5.0,False,715,0.4699300699300699,10.053938797824202,2.035394758935774,0.6680231431518219,477.636547353552,13.05663473538658,0
BTCUSD,H1@H4,static,M5,48,2400.0,True,0.0,5.0,False,605,0.4859504132231405,9.423330830505114,2.2496317181379877,0.787201038723073,476.25662842745896,10.297446664649442,0
BTCUSD,H1@H4,static,M5,48,2400.0,False,0.0,5.0,True,18,0.3333333333333333,0.5243631202761613,1.3719335816099516,0.21976975749863392,3.9558556349754106,8.0,0
BTCUSD,H1@H4,static,M5,48,2400.0,True,0.0,5.0,True,17,0.35294117647058826,0.49753334275983646,1.206264091129046,0.21921111188883174,3.726588902110139,8.16342780627688,0
BTCUSD,H1@H4,dynamic,M15,24,0.0,False,0.0,0.0,False,1252,0.2723642172523962,1.776848124460325,1.0665446048428444,0.08945686900958467,112.00000000000001,34.0,0
BTCUSD,H1@H4,dynamic,M15,24,0.0,True,0.0,0.0,False,1200,0.31416666666666665,4.321045034303103,1.265757011174911,0.2366055481586589,283.9266577903907,31.036247386197374,0
BTCUSD,H1@H4,dynamic,M15,48,0.0,False,0.0,0.0,False,1309,0.2734912146676853,1.9059750898026,1.0688862467823044,0.09396485867074103,123.00000000000001,40.0,0
BTCUSD,H1@H4,dynamic,M15,48,0.0,True,0.0,0.0,False,1265,0.31620553359683795,4.5257984517603,1.3085848714275432,0.240362278518313,304.0582823256662,28.296107864459287,0
BTCUSD,H1@H4,dynamic,M15,24,0.0,False,0.0,0.0,True,0,0.0,0.0,0.0,0.0,0.0,0.0,0
BTCUSD,H1@H4,dynamic,M15,24,0.0,True,0.0,0.0,True,0,0.0,0.0,0.0,0.0,0.0,0.0,0
BTCUSD,H1@H4,dynamic,M15,48,0.0,False,0.0,0.0,True,0,0.0,0.0,0.0,0.0,0.0,0.0,0
BTCUSD,H1@H4,dynamic,M15,48,0.0,True,0.0,0.0,True,0,0.0,0.0,0.0,0.0,0.0,0.0,0
BTCUSD,H1@H4,dynamic,M15,24,0.0,False,0.0,2.0,False,1252,0.2723642172523962,1.776848124460325,1.0665446048428444,0.08945686900958467,112.00000000000001,34.0,0
BTCUSD,H1@H4,dynamic,M15,24,0.0,True,0.0,2.0,False,1200,0.31416666666666665,4.321045034303103,1.265757011174911,0.2366055481586589,283.9266577903907,31.036247386197374,0
BTCUSD,H1@H4,dynamic,M15,48,0.0,False,0.0,2.0,False,1309,0.2734912146676853,1.9059750898026,1.0688862467823044,0.09396485867074103,123.00000000000001,40.0,0
BTCUSD,H1@H4,dynamic,M15,48,0.0,True,0.0,2.0,False,1265,0.31620553359683795,4.5257984517603,1.3085848714275432,0.240362278518313,304.0582823256662,28.296107864459287,0
BTCUSD,H1@H4,dynamic,M15,24,0.0,False,0.0,2.0,True,0,0.0,0.0,0.0,0.0,0.0,0.0,0
BTCUSD,H1@H4,dynamic,M15,24,0.0,True,0.0,2.0,True,0,0.0,0.0,0.0,0.0,0.0,0.0,0
BTCUSD,H1@H4,dynamic,M15,48,0.0,False,0.0,2.0,True,0,0.0,0.0,0.0,0.0,0.0,0.0,0
BTCUSD,H1@H4,dynamic,M15,48,0.0,True,0.0,2.0,True,0,0.0,0.0,0.0,0.0,0.0,0.0,0
BTCUSD,H1@H4,dynamic,M15,24,0.0,False,0.0,3.0,False,1252,0.2723642172523962,1.776848124460325,1.0665446048428444,0.08945686900958467,112.00000000000001,34.0,0
BTCUSD,H1@H4,dynamic,M15,24,0.0,True,0.0,3.0,False,1200,0.31416666666666665,4.321045034303103,1.265757011174911,0.2366055481586589,283.9266577903907,31.036247386197374,0
BTCUSD,H1@H4,dynamic,M15,48,0.0,False,0.0,3.0,False,1309,0.2734912146676853,1.9059750898026,1.0688862467823044,0.09396485867074103,123.00000000000001,40.0,0
BTCUSD,H1@H4,dynamic,M15,48,0.0,True,0.0,3.0,False,1265,0.31620553359683795,4.5257984517603,1.3085848714275432,0.240362278518313,304.0582823256662,28.296107864459287,0
BTCUSD,H1@H4,dynamic,M15,24,0.0,False,0.0,3.0,True,0,0.0,0.0,0.0,0.0,0.0,0.0,0
BTCUSD,H1@H4,dynamic,M15,24,0.0,True,0.0,3.0,True,0,0.0,0.0,0.0,0.0,0.0,0.0,0
BTCUSD,H1@H4,dynamic,M15,48,0.0,False,0.0,3.0,True,0,0.0,0.0,0.0,0.0,0.0,0.0,0
BTCUSD,H1@H4,dynamic,M15,48,0.0,True,0.0,3.0,True,0,0.0,0.0,0.0,0.0,0.0,0.0,0
BTCUSD,H1@H4,dynamic,M15,24,0.0,False,0.0,5.0,False,1252,0.2723642172523962,1.776848124460325,1.0665446048428444,0.08945686900958467,112.00000000000001,34.0,0
BTCUSD,H1@H4,dynamic,M15,24,0.0,True,0.0,5.0,False,1200,0.31416666666666665,4.321045034303103,1.265757011174911,0.2366055481586589,283.9266577903907,31.036247386197374,0
BTCUSD,H1@H4,dynamic,M15,48,0.0,False,0.0,5.0,False,1309,0.2734912146676853,1.9059750898026,1.0688862467823044,0.09396485867074103,123.00000000000001,40.0,0
BTCUSD,H1@H4,dynamic,M15,48,0.0,True,0.0,5.0,False,1265,0.31620553359683795,4.5257984517603,1.3085848714275432,0.240362278518313,304.0582823256662,28.296107864459287,0
BTCUSD,H1@H4,dynamic,M15,24,0.0,False,0.0,5.0,True,0,0.0,0.0,0.0,0.0,0.0,0.0,0
BTCUSD,H1@H4,dynamic,M15,24,0.0,True,0.0,5.0,True,0,0.0,0.0,0.0,0.0,0.0,0.0,0
BTCUSD,H1@H4,dynamic,M15,48,0.0,False,0.0,5.0,True,0,0.0,0.0,0.0,0.0,0.0,0.0,0
BTCUSD,H1@H4,dynamic,M15,48,0.0,True,0.0,5.0,True,0,0.0,0.0,0.0,0.0,0.0,0.0,0
BTCUSD,H1@H4,dynamic,M15,24,1200.0,False,0.0,0.0,False,1252,0.2723642172523962,-0.2122554595046379,0.9999335964369701,-0.009763783951597861,-12.22425750740054,62.654174348042105,0
BTCUSD,H1@H4,dynamic,M15,24,1200.0,True,0.0,0.0,False,1200,0.31416666666666665,2.4452477781301902,1.1861987302601822,0.1223455896414156,146.81470756969875,33.25601613366955,0
BTCUSD,H1@H4,dynamic,M15,48,1200.0,False,0.0,0.0,False,1309,0.2734912146676853,-0.018667654353174162,1.004148283059144,-0.0008445982137441524,-1.1055790617911012,69.91726418972932,0
BTCUSD,H1@H4,dynamic,M15,48,1200.0,True,0.0,0.0,False,1265,0.31620553359683795,2.731568163958918,1.2284137728344668,0.13340310781939177,168.7549313915308,30.705433879408943,0
BTCUSD,H1@H4,dynamic,M15,24,1200.0,False,0.0,0.0,True,0,0.0,0.0,0.0,0.0,0.0,0.0,0
BTCUSD,H1@H4,dynamic,M15,24,1200.0,True,0.0,0.0,True,0,0.0,0.0,0.0,0.0,0.0,0.0,0
BTCUSD,H1@H4,dynamic,M15,48,1200.0,False,0.0,0.0,True,0,0.0,0.0,0.0,0.0,0.0,0.0,0
BTCUSD,H1@H4,dynamic,M15,48,1200.0,True,0.0,0.0,True,0,0.0,0.0,0.0,0.0,0.0,0.0,0
BTCUSD,H1@H4,dynamic,M15,24,1200.0,False,0.0,2.0,False,1251,0.2717825739408473,-0.20989652494330177,0.9996713013835566,-0.009666785281235716,-12.093148386825906,63.98639921362447,0
BTCUSD,H1@H4,dynamic,M15,24,1200.0,True,0.0,2.0,False,1199,0.31609674728940784,2.5738039828231534,1.1871900897119672,0.12896473776512063,154.6287205803798,33.25601613366955,0
BTCUSD,H1@H4,dynamic,M15,48,1200.0,False,0.0,2.0,False,1308,0.27293577981651373,-0.017069354603485312,1.0039685510560095,-0.0007731473775775616,-1.0112767698714689,71.30807781007194,0
BTCUSD,H1@H4,dynamic,M15,48,1200.0,True,0.0,2.0,False,1264,0.3180379746835443,2.859875415372515,1.2294979608605796,0.13986435521966734,176.78854499765967,30.70543387940893,0
BTCUSD,H1@H4,dynamic,M15,24,1200.0,False,0.0,2.0,True,0,0.0,0.0,0.0,0.0,0.0,0.0,0
BTCUSD,H1@H4,dynamic,M15,24,1200.0,True,0.0,2.0,True,0,0.0,0.0,0.0,0.0,0.0,0.0,0
BTCUSD,H1@H4,dynamic,M15,48,1200.0,False,0.0,2.0,True,0,0.0,0.0,0.0,0.0,0.0,0.0,0
BTCUSD,H1@H4,dynamic,M15,48,1200.0,True,0.0,2.0,True,0,0.0,0.0,0.0,0.0,0.0,0.0,0
BTCUSD,H1@H4,dynamic,M15,24,1200.0,False,0.0,3.0,False,1248,0.2708333333333333,-0.2030126716029002,0.9992730564533404,-0.009377371405592303,-11.702959514179216,65.63946535584368,0
BTCUSD,H1@H4,dynamic,M15,24,1200.0,True,0.0,3.0,False,1197,0.3141186299081036,2.5198478476390944,1.1863859919959316,0.12648840825090304,151.40662467633106,33.25601613366955,0
BTCUSD,H1@H4,dynamic,M15,48,1200.0,False,0.0,3.0,False,1304,0.27300613496932513,0.049151174817170455,1.0042201587258062,0.002234345290827111,2.91358625923856,69.3939936183213,0
BTCUSD,H1@H4,dynamic,M15,48,1200.0,True,0.0,3.0,False,1260,0.31666666666666665,2.847018917133124,1.2290341072245958,0.13968033179947847,175.99721806734297,30.70543387940893,0
BTCUSD,H1@H4,dynamic,M15,24,1200.0,False,0.0,3.0,True,0,0.0,0.0,0.0,0.0,0.0,0.0,0
BTCUSD,H1@H4,dynamic,M15,24,1200.0,True,0.0,3.0,True,0,0.0,0.0,0.0,0.0,0.0,0.0,0
BTCUSD,H1@H4,dynamic,M15,48,1200.0,False,0.0,3.0,True,0,0.0,0.0,0.0,0.0,0.0,0.0,0
BTCUSD,H1@H4,dynamic,M15,48,1200.0,True,0.0,3.0,True,0,0.0,0.0,0.0,0.0,0.0,0.0,0
BTCUSD,H1@H4,dynamic,M15,24,1200.0,False,0.0,5.0,False,1237,0.26839126919967665,-0.1930628676423947,0.9984691068221522,-0.009003107248869997,-11.136843666852204,60.20494071305877,0
BTCUSD,H1@H4,dynamic,M15,24,1200.0,True,0.0,5.0,False,1189,0.32043734230445753,2.969319076915391,1.1957702622248982,0.1502393191390832,178.63455045637014,33.256016133669505,0
BTCUSD,H1@H4,dynamic,M15,48,1200.0,False,0.0,5.0,False,1294,0.27279752704791344,0.2051047306565496,1.006039259331094,0.009419124129380336,12.188346623418148,59.00006169658976,0
BTCUSD,H1@H4,dynamic,M15,48,1200.0,True,0.0,5.0,False,1257,0.31821797931583135,3.0102886573790295,1.231134770327945,0.14820426569365786,186.292761976928,30.7054338794089,0
BTCUSD,H1@H4,dynamic,M15,24,1200.0,False,0.0,5.0,True,0,0.0,0.0,0.0,0.0,0.0,0.0,0
BTCUSD,H1@H4,dynamic,M15,24,1200.0,True,0.0,5.0,True,0,0.0,0.0,0.0,0.0,0.0,0.0,0
BTCUSD,H1@H4,dynamic,M15,48,1200.0,False,0.0,5.0,True,0,0.0,0.0,0.0,0.0,0.0,0.0,0
BTCUSD,H1@H4,dynamic,M15,48,1200.0,True,0.0,5.0,True,0,0.0,0.0,0.0,0.0,0.0,0.0,0
BTCUSD,H1@H4,dynamic,M15,24,1800.0,False,0.0,0.0,False,1252,0.2723642172523962,-1.0964526001360329,0.9688854867425711,-0.04865765187268563,-60.91938014460239,84.9106640827638,0
BTCUSD,H1@H4,dynamic,M15,24,1800.0,True,0.0,0.0,False,1200,0.31416666666666665,1.609440657984654,1.1491112977001905,0.07768615875285323,93.22339050342396,34.271461548134496,0
BTCUSD,H1@H4,dynamic,M15,48,1800.0,False,0.0,0.0,False,1309,0.2734912146676853,-0.8783120842704165,0.9739064248852879,-0.03839137654643593,-50.254311899284595,85.97711034752928,0
BTCUSD,H1@H4,dynamic,M15,48,1800.0,True,0.0,0.0,False,1265,0.31620553359683795,1.9292186326308953,1.1909898980272953,0.09109090956583663,115.23000060078326,31.94652829951994,0
BTCUSD,H1@H4,dynamic,M15,24,1800.0,False,0.0,0.0,True,0,0.0,0.0,0.0,0.0,0.0,0.0,0
BTCUSD,H1@H4,dynamic,M15,24,1800.0,True,0.0,0.0,True,0,0.0,0.0,0.0,0.0,0.0,0.0,0
BTCUSD,H1@H4,dynamic,M15,48,1800.0,False,0.0,0.0,True,0,0.0,0.0,0.0,0.0,0.0,0.0,0
BTCUSD,H1@H4,dynamic,M15,48,1800.0,True,0.0,0.0,True,0,0.0,0.0,0.0,0.0,0.0,0.0,0
BTCUSD,H1@H4,dynamic,M15,24,1800.0,False,0.0,2.0,False,1248,0.2708333333333333,-1.0556372074787568,0.9683900919544947,-0.04705741495861429,-58.72765386835062,86.41669965981775,0
BTCUSD,H1@H4,dynamic,M15,24,1800.0,True,0.0,2.0,False,1197,0.3141186299081036,1.7090015723698957,1.1494398935119237,0.08278023651859377,99.08794311275679,34.27146154813451,0
BTCUSD,H1@H4,dynamic,M15,48,1800.0,False,0.0,2.0,False,1304,0.27300613496932513,-0.7851486099972994,0.97412121315413,-0.034488724841185314,-44.9732971929056,84.37839878384513,0
BTCUSD,H1@H4,dynamic,M15,48,1800.0,True,0.0,2.0,False,1260,0.31666666666666665,2.066915558997551,1.191780863428705,0.09805064903883426,123.54381778893111,31.94652829951994,0
BTCUSD,H1@H4,dynamic,M15,24,1800.0,False,0.0,2.0,True,0,0.0,0.0,0.0,0.0,0.0,0.0,0
BTCUSD,H1@H4,dynamic,M15,24,1800.0,True,0.0,2.0,True,0,0.0,0.0,0.0,0.0,0.0,0.0,0
BTCUSD,H1@H4,dynamic,M15,48,1800.0,False,0.0,2.0,True,0,0.0,0.0,0.0,0.0,0.0,0.0,0
BTCUSD,H1@H4,dynamic,M15,48,1800.0,True,0.0,2.0,True,0,0.0,0.0,0.0,0.0,0.0,0.0,0
BTCUSD,H1@H4,dynamic,M15,24,1800.0,False,0.0,3.0,False,1240,0.2685483870967742,-1.0303647751640497,0.9674397137779801,-0.046287562280562626,-57.39657722789769,81.83607130105149,0
BTCUSD,H1@H4,dynamic,M15,24,1800.0,True,0.0,3.0,False,1192,0.3196308724832215,2.1096203050134426,1.1560447175123554,0.10282554896676753,122.56805436838687,34.27146154813451,0
BTCUSD,H1@H4,dynamic,M15,48,1800.0,False,0.0,3.0,False,1297,0.27293754818812643,-0.6257063138443246,0.9755044405605554,-0.02770696890870496,-35.935938674590346,73.65775520758667,0
BTCUSD,H1@H4,dynamic,M15,48,1800.0,True,0.0,3.0,False,1259,0.3193010325655282,2.2890824353497607,1.1946217321726742,0.10889690415041918,137.10120232537776,31.94652829951994,0
BTCUSD,H1@H4,dynamic,M15,24,1800.0,False,0.0,3.0,True,0,0.0,0.0,0.0,0.0,0.0,0.0,0
BTCUSD,H1@H4,dynamic,M15,24,1800.0,True,0.0,3.0,True,0,0.0,0.0,0.0,0.0,0.0,0.0,0
BTCUSD,H1@H4,dynamic,M15,48,1800.0,False,0.0,3.0,True,0,0.0,0.0,0.0,0.0,0.0,0.0,0
BTCUSD,H1@H4,dynamic,M15,48,1800.0,True,0.0,3.0,True,0,0.0,0.0,0.0,0.0,0.0,0.0,0
BTCUSD,H1@H4,dynamic,M15,24,1800.0,False,0.0,5.0,False,1194,0.26716917922948075,-0.6920388909713274,0.9750172958423631,-0.03217913377053226,-38.42188572201555,63.62555007901342,0
BTCUSD,H1@H4,dynamic,M15,24,1800.0,True,0.0,5.0,False,1169,0.32506415739948674,2.7200618185675447,1.1784245201391939,0.13526562999154396,158.1255214601148,34.271461548134496,0
BTCUSD,H1@H4,dynamic,M15,48,1800.0,False,0.0,5.0,False,1255,0.2749003984063745,-0.07379458922335443,0.9869681416497028,-0.0033797463694669864,-4.241581693681095,53.554789389789335,0
BTCUSD,H1@H4,dynamic,M15,48,1800.0,True,0.0,5.0,False,1232,0.3287337662337662,3.128059814014722,1.2180760690051353,0.15226604422925052,187.5917664904367,31.946528299519898,0
BTCUSD,H1@H4,dynamic,M15,24,1800.0,False,0.0,5.0,True,0,0.0,0.0,0.0,0.0,0.0,0.0,0
BTCUSD,H1@H4,dynamic,M15,24,1800.0,True,0.0,5.0,True,0,0.0,0.0,0.0,0.0,0.0,0.0,0
BTCUSD,H1@H4,dynamic,M15,48,1800.0,False,0.0,5.0,True,0,0.0,0.0,0.0,0.0,0.0,0.0,0
BTCUSD,H1@H4,dynamic,M15,48,1800.0,True,0.0,5.0,True,0,0.0,0.0,0.0,0.0,0.0,0.0,0
BTCUSD,H1@H4,dynamic,M15,24,2400.0,False,0.0,0.0,False,1252,0.2723642172523962,-1.9305816282100785,0.9392093091647377,-0.08294969885644835,-103.85302296827348,119.61195247364833,0
BTCUSD,H1@H4,dynamic,M15,24,2400.0,True,0.0,0.0,False,1200,0.31416666666666665,0.8212879634545811,1.1136600078499381,0.038382350304616494,46.05882036553975,52.08652383344194,0
BTCUSD,H1@H4,dynamic,M15,48,2400.0,False,0.0,0.0,False,1309,0.2734912146676853,-1.6913606261242036,0.9449610604127185,-0.07166180738106902,-93.80530586181938,105.34233343650298,0
BTCUSD,H1@H4,dynamic,M15,48,2400.0,True,0.0,0.0,False,1265,0.31620553359683795,1.1706146318561264,1.155186777082357,0.053609028306478276,67.81542080769502,46.23094752365347,0
BTCUSD,H1@H4,dynamic,M15,24,2400.0,False,0.0,0.0,True,0,0.0,0.0,0.0,0.0,0.0,0.0,0
BTCUSD,H1@H4,dynamic,M15,24,2400.0,True,0.0,0.0,True,0,0.0,0.0,0.0,0.0,0.0,0.0,0
BTCUSD,H1@H4,dynamic,M15,48,2400.0,False,0.0,0.0,True,0,0.0,0.0,0.0,0.0,0.0,0.0,0
BTCUSD,H1@H4,dynamic,M15,48,2400.0,True,0.0,0.0,True,0,0.0,0.0,0.0,0.0,0.0,0.0,0
BTCUSD,H1@H4,dynamic,M15,24,2400.0,False,0.0,2.0,False,1244,0.27009646302250806,-1.785342777637855,0.9390417808714323,-0.07744698187646626,-96.3440454543242,112.10297495969905,0
BTCUSD,H1@H4,dynamic,M15,24,2400.0,True,0.0,2.0,False,1196,0.3177257525083612,1.206174797984415,1.1179797904865432,0.056729359520195435,67.84831398615371,39.41148849066755,0
BTCUSD,H1@H4,dynamic,M15,48,2400.0,False,0.0,2.0,False,1300,0.2723076923076923,-1.5075240867035382,0.9454631430437085,-0.06448200154333165,-83.82660200633121,96.93309405283932,0
BTCUSD,H1@H4,dynamic,M15,48,2400.0,True,0.0,2.0,False,1261,0.31958762886597936,1.5387851675039852,1.1589197728384013,0.07088670899780182,89.38814004622812,40.052759553115564,0
BTCUSD,H1@H4,dynamic,M15,24,2400.0,False,0.0,2.0,True,0,0.0,0.0,0.0,0.0,0.0,0.0,0
BTCUSD,H1@H4,dynamic,M15,24,2400.0,True,0.0,2.0,True,0,0.0,0.0,0.0,0.0,0.0,0.0,0
BTCUSD,H1@H4,dynamic,M15,48,2400.0,False,0.0,2.0,True,0,0.0,0.0,0.0,0.0,0.0,0.0,0
BTCUSD,H1@H4,dynamic,M15,48,2400.0,True,0.0,2.0,True,0,0.0,0.0,0.0,0.0,0.0,0.0,0
BTCUSD,H1@H4,dynamic,M15,24,2400.0,False,0.0,3.0,False,1225,0.26857142857142857,-1.5252386342240196,0.9429287795787308,-0.06742700018791042,-82.59807523019043,100.00387074436124,0
BTCUSD,H1@H4,dynamic,M15,24,2400.0,True,0.0,3.0,False,1181,0.32091447925486877,1.6331611674194264,1.1288838321377925,0.07788387495069589,91.98085631677178,35.23229981144117,0
BTCUSD,H1@H4,dynamic,M15,48,2400.0,False,0.0,3.0,False,1284,0.2733644859813084,-1.0995125314590746,0.9521433307578672,-0.0478817743792561,-61.48019830296483,77.58451113388315,0
BTCUSD,H1@H4,dynamic,M15,48,2400.0,True,0.0,3.0,False,1247,0.32076984763432237,1.8305102383413783,1.1648115375232277,0.0853460812956547,106.4265633756814,33.12263986455146,0
BTCUSD,H1@H4,dynamic,M15,24,2400.0,False,0.0,3.0,True,0,0.0,0.0,0.0,0.0,0.0,0.0,0
BTCUSD,H1@H4,dynamic,M15,24,2400.0,True,0.0,3.0,True,0,0.0,0.0,0.0,0.0,0.0,0.0,0
BTCUSD,H1@H4,dynamic,M15,48,2400.0,False,0.0,3.0,True,0,0.0,0.0,0.0,0.0,0.0,0.0,0
BTCUSD,H1@H4,dynamic,M15,48,2400.0,True,0.0,3.0,True,0,0.0,0.0,0.0,0.0,0.0,0.0,0
BTCUSD,H1@H4,dynamic,M15,24,2400.0,False,0.0,5.0,False,1157,0.2731201382886776,-0.601033090345128,0.9639395858596098,-0.02808368556055944,-32.49282419356726,49.475131426443255,0
BTCUSD,H1@H4,dynamic,M15,24,2400.0,True,0.0,5.0,False,1144,0.3243006993006993,2.185972294451263,1.146479129942174,0.10722893245022119,122.66989872305308,33.241994267681534,0
BTCUSD,H1@H4,dynamic,M15,48,2400.0,False,0.0,5.0,False,1208,0.27483443708609273,-0.41698753996135335,0.964955073303266,-0.019159325813949555,-23.144465583251066,58.332126441786315,0
BTCUSD,H1@H4,dynamic,M15,48,2400.0,True,0.0,5.0,False,1205,0.33029045643153526,2.7586034419611614,1.1923533032997415,0.13292024377832046,160.16889375287624,32.450425149868536,0
BTCUSD,H1@H4,dynamic,M15,24,2400.0,False,0.0,5.0,True,0,0.0,0.0,0.0,0.0,0.0,0.0,0
BTCUSD,H1@H4,dynamic,M15,24,2400.0,True,0.0,5.0,True,0,0.0,0.0,0.0,0.0,0.0,0.0,0
BTCUSD,H1@H4,dynamic,M15,48,2400.0,False,0.0,5.0,True,0,0.0,0.0,0.0,0.0,0.0,0.0,0
BTCUSD,H1@H4,dynamic,M15,48,2400.0,True,0.0,5.0,True,0,0.0,0.0,0.0,0.0,0.0,0.0,0
BTCUSD,H1@H4,dynamic,M5,24,0.0,False,0.0,0.0,False,546,0.3131868131868132,3.1805604714076265,1.368898980731631,0.25274725274725274,138.0,19.0,0
BTCUSD,H1@H4,dynamic,M5,24,0.0,True,0.0,0.0,False,498,0.3353413654618474,3.996026728344797,1.5930148549049261,0.3696940530283578,184.1076384081221,18.900000000000006,0
BTCUSD,H1@H4,dynamic,M5,48,0.0,False,0.0,0.0,False,583,0.307032590051458,2.9828811105312494,1.3328149381244498,0.2281303602058319,133.0,18.0,0
BTCUSD,H1@H4,dynamic,M5,48,0.0,True,0.0,0.0,False,532,0.325187969924812,3.7424674342227733,1.4972491011275166,0.33034094844223016,175.74138457126634,19.900000000000006,0
BTCUSD,H1@H4,dynamic,M5,24,0.0,False,0.0,0.0,True,0,0.0,0.0,0.0,0.0,0.0,0.0,0
BTCUSD,H1@H4,dynamic,M5,24,0.0,True,0.0,0.0,True,0,0.0,0.0,0.0,0.0,0.0,0.0,0
BTCUSD,H1@H4,dynamic,M5,48,0.0,False,0.0,0.0,True,0,0.0,0.0,0.0,0.0,0.0,0.0,0
BTCUSD,H1@H4,dynamic,M5,48,0.0,True,0.0,0.0,True,0,0.0,0.0,0.0,0.0,0.0,0.0,0
BTCUSD,H1@H4,dynamic,M5,24,0.0,False,0.0,2.0,False,546,0.3131868131868132,3.1805604714076265,1.368898980731631,0.25274725274725274,138.0,19.0,0
BTCUSD,H1@H4,dynamic,M5,24,0.0,True,0.0,2.0,False,498,0.3353413654618474,3.996026728344797,1.5930148549049261,0.3696940530283578,184.1076384081221,18.900000000000006,0
BTCUSD,H1@H4,dynamic,M5,48,0.0,False,0.0,2.0,False,583,0.307032590051458,2.9828811105312494,1.3328149381244498,0.2281303602058319,133.0,18.0,0
BTCUSD,H1@H4,dynamic,M5,48,0.0,True,0.0,2.0,False,532,0.325187969924812,3.7424674342227733,1.4972491011275166,0.33034094844223016,175.74138457126634,19.900000000000006,0
BTCUSD,H1@H4,dynamic,M5,24,0.0,False,0.0,2.0,True,0,0.0,0.0,0.0,0.0,0.0,0.0,0
BTCUSD,H1@H4,dynamic,M5,24,0.0,True,0.0,2.0,True,0,0.0,0.0,0.0,0.0,0.0,0.0,0
BTCUSD,H1@H4,dynamic,M5,48,0.0,False,0.0,2.0,True,0,0.0,0.0,0.0,0.0,0.0,0.0,0
BTCUSD,H1@H4,dynamic,M5,48,0.0,True,0.0,2.0,True,0,0.0,0.0,0.0,0.0,0.0,0.0,0
BTCUSD,H1@H4,dynamic,M5,24,0.0,False,0.0,3.0,False,546,0.3131868131868132,3.1805604714076265,1.368898980731631,0.25274725274725274,138.0,19.0,0
BTCUSD,H1@H4,dynamic,M5,24,0.0,True,0.0,3.0,False,498,0.3353413654618474,3.996026728344797,1.5930148549049261,0.3696940530283578,184.1076384081221,18.900000000000006,0
BTCUSD,H1@H4,dynamic,M5,48,0.0,False,0.0,3.0,False,583,0.307032590051458,2.9828811105312494,1.3328149381244498,0.2281303602058319,133.0,18.0,0
BTCUSD,H1@H4,dynamic,M5,48,0.0,True,0.0,3.0,False,532,0.325187969924812,3.7424674342227733,1.4972491011275166,0.33034094844223016,175.74138457126634,19.900000000000006,0
BTCUSD,H1@H4,dynamic,M5,24,0.0,False,0.0,3.0,True,0,0.0,0.0,0.0,0.0,0.0,0.0,0
BTCUSD,H1@H4,dynamic,M5,24,0.0,True,0.0,3.0,True,0,0.0,0.0,0.0,0.0,0.0,0.0,0
BTCUSD,H1@H4,dynamic,M5,48,0.0,False,0.0,3.0,True,0,0.0,0.0,0.0,0.0,0.0,0.0,0
BTCUSD,H1@H4,dynamic,M5,48,0.0,True,0.0,3.0,True,0,0.0,0.0,0.0,0.0,0.0,0.0,0
BTCUSD,H1@H4,dynamic,M5,24,0.0,False,0.0,5.0,False,546,0.3131868131868132,3.1805604714076265,1.368898980731631,0.25274725274725274,138.0,19.0,0
BTCUSD,H1@H4,dynamic,M5,24,0.0,True,0.0,5.0,False,498,0.3353413654618474,3.996026728344797,1.5930148549049261,0.3696940530283578,184.1076384081221,18.900000000000006,0
BTCUSD,H1@H4,dynamic,M5,48,0.0,False,0.0,5.0,False,583,0.307032590051458,2.9828811105312494,1.3328149381244498,0.2281303602058319,133.0,18.0,0
BTCUSD,H1@H4,dynamic,M5,48,0.0,True,0.0,5.0,False,532,0.325187969924812,3.7424674342227733,1.4972491011275166,0.33034094844223016,175.74138457126634,19.900000000000006,0
BTCUSD,H1@H4,dynamic,M5,24,0.0,False,0.0,5.0,True,0,0.0,0.0,0.0,0.0,0.0,0.0,0
BTCUSD,H1@H4,dynamic,M5,24,0.0,True,0.0,5.0,True,0,0.0,0.0,0.0,0.0,0.0,0.0,0
BTCUSD,H1@H4,dynamic,M5,48,0.0,False,0.0,5.0,True,0,0.0,0.0,0.0,0.0,0.0,0.0,0
BTCUSD,H1@H4,dynamic,M5,48,0.0,True,0.0,5.0,True,0,0.0,0.0,0.0,0.0,0.0,0.0,0
BTCUSD,H1@H4,dynamic,M5,24,1200.0,False,0.0,0.0,False,546,0.3131868131868132,2.2750313712029095,1.2737730391815703,0.16886580533963344,92.20072971543986,22.275354226729725,0
BTCUSD,H1@H4,dynamic,M5,24,1200.0,True,0.0,0.0,False,498,0.3353413654618474,3.2216870780131415,1.4837574318878368,0.2775434050620755,138.21661572091358,20.707297047769917,0
BTCUSD,H1@H4,dynamic,M5,48,1200.0,False,0.0,0.0,False,583,0.307032590051458,2.0652752482943812,1.2409911248272847,0.14774336270009727,86.13438045415673,28.231705976093078,0
BTCUSD,H1@H4,dynamic,M5,48,1200.0,True,0.0,0.0,False,532,0.325187969924812,2.9585781449803417,1.3968312054437886,0.2443803960099866,130.0103706773128,20.614556012938834,0
BTCUSD,H1@H4,dynamic,M5,24,1200.0,False,0.0,0.0,True,0,0.0,0.0,0.0,0.0,0.0,0.0,0
BTCUSD,H1@H4,dynamic,M5,24,1200.0,True,0.0,0.0,True,0,0.0,0.0,0.0,0.0,0.0,0.0,0
BTCUSD,H1@H4,dynamic,M5,48,1200.0,False,0.0,0.0,True,0,0.0,0.0,0.0,0.0,0.0,0.0,0
BTCUSD,H1@H4,dynamic,M5,48,1200.0,True,0.0,0.0,True,0,0.0,0.0,0.0,0.0,0.0,0.0,0
BTCUSD,H1@H4,dynamic,M5,24,1200.0,False,0.0,2.0,False,546,0.3131868131868132,2.2750313712029095,1.2737730391815703,0.16886580533963344,92.20072971543986,22.275354226729725,0
BTCUSD,H1@H4,dynamic,M5,24,1200.0,True,0.0,2.0,False,498,0.3353413654618474,3.2216870780131415,1.4837574318878368,0.2775434050620755,138.21661572091358,20.707297047769917,0
BTCUSD,H1@H4,dynamic,M5,48,1200.0,False,0.0,2.0,False,583,0.307032590051458,2.0652752482943812,1.2409911248272847,0.14774336270009727,86.13438045415673,28.231705976093078,0
BTCUSD,H1@H4,dynamic,M5,48,1200.0,True,0.0,2.0,False,532,0.325187969924812,2.9585781449803417,1.3968312054437886,0.2443803960099866,130.0103706773128,20.614556012938834,0
BTCUSD,H1@H4,dynamic,M5,24,1200.0,False,0.0,2.0,True,0,0.0,0.0,0.0,0.0,0.0,0.0,0
BTCUSD,H1@H4,dynamic,M5,24,1200.0,True,0.0,2.0,True,0,0.0,0.0,0.0,0.0,0.0,0.0,0
BTCUSD,H1@H4,dynamic,M5,48,1200.0,False,0.0,2.0,True,0,0.0,0.0,0.0,0.0,0.0,0.0,0
BTCUSD,H1@H4,dynamic,M5,48,1200.0,True,0.0,2.0,True,0,0.0,0.0,0.0,0.0,0.0,0.0,0
BTCUSD,H1@H4,dynamic,M5,24,1200.0,False,0.0,3.0,False,546,0.3131868131868132,2.2750313712029095,1.2737730391815703,0.16886580533963344,92.20072971543986,22.275354226729725,0
BTCUSD,H1@H4,dynamic,M5,24,1200.0,True,0.0,3.0,False,498,0.3353413654618474,3.2216870780131415,1.4837574318878368,0.2775434050620755,138.21661572091358,20.707297047769917,0
BTCUSD,H1@H4,dynamic,M5,48,1200.0,False,0.0,3.0,False,583,0.307032590051458,2.0652752482943812,1.2409911248272847,0.14774336270009727,86.13438045415673,28.231705976093078,0
BTCUSD,H1@H4,dynamic,M5,48,1200.0,True,0.0,3.0,False,532,0.325187969924812,2.9585781449803417,1.3968312054437886,0.2443803960099866,130.0103706773128,20.614556012938834,0
BTCUSD,H1@H4,dynamic,M5,24,1200.0,False,0.0,3.0,True,0,0.0,0.0,0.0,0.0,0.0,0.0,0
BTCUSD,H1@H4,dynamic,M5,24,1200.0,True,0.0,3.0,True,0,0.0,0.0,0.0,0.0,0.0,0.0,0
BTCUSD,H1@H4,dynamic,M5,48,1200.0,False,0.0,3.0,True,0,0.0,0.0,0.0,0.0,0.0,0.0,0
BTCUSD,H1@H4,dynamic,M5,48,1200.0,True,0.0,3.0,True,0,0.0,0.0,0.0,0.0,0.0,0.0,0
BTCUSD,H1@H4,dynamic,M5,24,1200.0,False,0.0,5.0,False,546,0.3131868131868132,2.2875162705482808,1.274019909711063,0.1699130700189282,92.77253623033478,21.963601442222412,0
BTCUSD,H1@H4,dynamic,M5,24,1200.0,True,0.0,5.0,False,498,0.3353413654618474,3.2241592860761985,1.4844023950132876,0.2777512216641495,138.32010838874646,20.46568863977675,0
BTCUSD,H1@H4,dynamic,M5,48,1200.0,False,0.0,5.0,False,583,0.307032590051458,2.0719954333068324,1.2413126343192353,0.14827810161005836,86.44613323866405,28.231705976093078,0
BTCUSD,H1@H4,dynamic,M5,48,1200.0,True,0.0,5.0,False,532,0.325187969924812,2.9610875716837435,1.3974940051142435,0.24458507382383557,130.1192592742805,20.614556012938834,0
BTCUSD,H1@H4,dynamic,M5,24,1200.0,False,0.0,5.0,True,0,0.0,0.0,0.0,0.0,0.0,0.0,0
BTCUSD,H1@H4,dynamic,M5,24,1200.0,True,0.0,5.0,True,0,0.0,0.0,0.0,0.0,0.0,0.0,0
BTCUSD,H1@H4,dynamic,M5,48,1200.0,False,0.0,5.0,True,0,0.0,0.0,0.0,0.0,0.0,0.0,0
BTCUSD,H1@H4,dynamic,M5,48,1200.0,True,0.0,5.0,True,0,0.0,0.0,0.0,0.0,0.0,0.0,0
BTCUSD,H1@H4,dynamic,M5,24,1800.0,False,0.0,0.0,False,546,0.3131868131868132,1.835218424593861,1.2298345525042693,0.13207349571461124,72.11212866017773,28.027340599411918,0
BTCUSD,H1@H4,dynamic,M5,24,1800.0,True,0.0,0.0,False,498,0.3353413654618474,2.8442383724116214,1.433288645647101,0.23729156109679828,118.17119742620554,21.93393537977473,0
BTCUSD,H1@H4,dynamic,M5,48,1800.0,False,0.0,0.0,False,583,0.307032590051458,1.6176655610583566,1.1985503581909425,0.11224355702312229,65.4379937444803,33.23933094707073,0
BTCUSD,H1@H4,dynamic,M5,48,1800.0,True,0.0,0.0,False,532,0.325187969924812,2.5763308360084602,1.3503489716402493,0.20645808083942593,109.83569900657459,21.05547515255367,0
BTCUSD,H1@H4,dynamic,M5,24,1800.0,False,0.0,0.0,True,0,0.0,0.0,0.0,0.0,0.0,0.0,0
BTCUSD,H1@H4,dynamic,M5,24,1800.0,True,0.0,0.0,True,0,0.0,0.0,0.0,0.0,0.0,0.0,0
BTCUSD,H1@H4,dynamic,M5,48,1800.0,False,0.0,0.0,True,0,0.0,0.0,0.0,0.0,0.0,0.0,0
BTCUSD,H1@H4,dynamic,M5,48,1800.0,True,0.0,0.0,True,0,0.0,0.0,0.0,0.0,0.0,0.0,0
BTCUSD,H1@H4,dynamic,M5,24,1800.0,False,0.0,2.0,False,546,0.3131868131868132,1.835218424593861,1.2298345525042693,0.13207349571461124,72.11212866017773,28.027340599411918,0
BTCUSD,H1@H4,dynamic,M5,24,1800.0,True,0.0,2.0,False,498,0.3353413654618474,2.8442383724116214,1.433288645647101,0.23729156109679828,118.17119742620554,21.93393537977473,0
BTCUSD,H1@H4,dynamic,M5,48,1800.0,False,0.0,2.0,False,583,0.307032590051458,1.6176655610583566,1.1985503581909425,0.11224355702312229,65.4379937444803,33.23933094707073,0
BTCUSD,H1@H4,dynamic,M5,48,1800.0,True,0.0,2.0,False,532,0.325187969924812,2.5763308360084602,1.3503489716402493,0.20645808083942593,109.83569900657459,21.05547515255367,0
BTCUSD,H1@H4,dynamic,M5,24,1800.0,False,0.0,2.0,True,0,0.0,0.0,0.0,0.0,0.0,0.0,0
BTCUSD,H1@H4,dynamic,M5,24,1800.0,True,0.0,2.0,True,0,0.0,0.0,0.0,0.0,0.0,0.0,0
BTCUSD,H1@H4,dynamic,M5,48,1800.0,False,0.0,2.0,True,0,0.0,0.0,0.0,0.0,0.0,0.0,0
BTCUSD,H1@H4,dynamic,M5,48,1800.0,True,0.0,2.0,True,0,0.0,0.0,0.0,0.0,0.0,0.0,0
BTCUSD,H1@H4,dynamic,M5,24,1800.0,False,0.0,3.0,False,546,0.3131868131868132,1.8468948821541529,1.2302315958281937,0.1329885822904933,72.61176593060931,27.719645689641077,0
BTCUSD,H1@H4,dynamic,M5,24,1800.0,True,0.0,3.0,False,498,0.3353413654618474,2.850137039050677,1.43381713291195,0.2378192522258817,118.43398760848909,21.69547182470233,0
BTCUSD,H1@H4,dynamic,M5,48,1800.0,False,0.0,3.0,False,583,0.307032590051458,1.6247414942714888,1.198959623751743,0.11277133559905855,65.74568865425114,33.23933094707073,0
BTCUSD,H1@H4,dynamic,M5,48,1800.0,True,0.0,3.0,False,532,0.325187969924812,2.5811456697221296,1.3508155794536627,0.2068656926696061,110.05254850023044,21.05547515255367,0
BTCUSD,H1@H4,dynamic,M5,24,1800.0,False,0.0,3.0,True,0,0.0,0.0,0.0,0.0,0.0,0.0,0
BTCUSD,H1@H4,dynamic,M5,24,1800.0,True,0.0,3.0,True,0,0.0,0.0,0.0,0.0,0.0,0.0,0
BTCUSD,H1@H4,dynamic,M5,48,1800.0,False,0.0,3.0,True,0,0.0,0.0,0.0,0.0,0.0,0.0,0
BTCUSD,H1@H4,dynamic,M5,48,1800.0,True,0.0,3.0,True,0,0.0,0.0,0.0,0.0,0.0,0.0,0
BTCUSD,H1@H4,dynamic,M5,24,1800.0,False,0.0,5.0,False,544,0.31985294117647056,2.1965786978511614,1.2455535013128147,0.15962181498765549,86.8342673532846,25.990950516693548,0
BTCUSD,H1@H4,dynamic,M5,24,1800.0,True,0.0,5.0,False,498,0.3373493975903614,2.909997155312692,1.4377391883421426,0.24193974396820256,120.48599249616481,21.25478710317076,0
BTCUSD,H1@H4,dynamic,M5,48,1800.0,False,0.0,5.0,False,582,0.31099656357388317,1.843106635019993,1.2071943675141577,0.1286226695432169,74.85839367415224,33.065420767877015,0
BTCUSD,H1@H4,dynamic,M5,48,1800.0,True,0.0,5.0,False,532,0.32706766917293234,2.638989400754563,1.3527410768633714,0.21134573993906097,112.43593364758046,21.05547515255367,0
BTCUSD,H1@H4,dynamic,M5,24,1800.0,False,0.0,5.0,True,0,0.0,0.0,0.0,0.0,0.0,0.0,0
BTCUSD,H1@H4,dynamic,M5,24,1800.0,True,0.0,5.0,True,0,0.0,0.0,0.0,0.0,0.0,0.0,0
BTCUSD,H1@H4,dynamic,M5,48,1800.0,False,0.0,5.0,True,0,0.0,0.0,0.0,0.0,0.0,0.0,0
BTCUSD,H1@H4,dynamic,M5,48,1800.0,True,0.0,5.0,True,0,0.0,0.0,0.0,0.0,0.0,0.0,0
BTCUSD,H1@H4,dynamic,M5,24,2400.0,False,0.0,0.0,False,546,0.3131868131868132,1.4028919005300864,1.1880729594010875,0.09805026366207771,53.53544395949444,33.31438073149912,0
BTCUSD,H1@H4,dynamic,M5,24,2400.0,True,0.0,0.0,False,498,0.3353413654618474,2.472595126783991,1.385318536011774,0.20014334275042805,99.67138468971316,23.01737852260198,0
BTCUSD,H1@H4,dynamic,M5,48,2400.0,False,0.0,0.0,False,583,0.307032590051458,1.1766687179690856,1.1581961451861364,0.07931247930628664,46.23917543556511,38.293488738319326,0
BTCUSD,H1@H4,dynamic,M5,48,2400.0,True,0.0,0.0,False,532,0.325187969924812,2.1997525758117598,1.306111272993298,0.171285955657768,91.1241284099326,21.46000234391181,0
BTCUSD,H1@H4,dynamic,M5,24,2400.0,False,0.0,0.0,True,0,0.0,0.0,0.0,0.0,0.0,0.0,0
BTCUSD,H1@H4,dynamic,M5,24,2400.0,True,0.0,0.0,True,0,0.0,0.0,0.0,0.0,0.0,0.0,0
BTCUSD,H1@H4,dynamic,M5,48,2400.0,False,0.0,0.0,True,0,0.0,0.0,0.0,0.0,0.0,0.0,0
BTCUSD,H1@H4,dynamic,M5,48,2400.0,True,0.0,0.0,True,0,0.0,0.0,0.0,0.0,0.0,0.0,0
BTCUSD,H1@H4,dynamic,M5,24,2400.0,False,0.0,2.0,False,546,0.3131868131868132,1.4115953967957224,1.1884527312015631,0.09869358157333108,53.886695539038776,33.07545690848818,0
BTCUSD,H1@H4,dynamic,M5,24,2400.0,True,0.0,2.0,False,498,0.3353413654618474,2.477921375100492,1.3856090976516737,0.20059935356982642,99.89847807777358,22.8322125597685,0
BTCUSD,H1@H4,dynamic,M5,48,2400.0,False,0.0,2.0,False,583,0.307032590051458,1.1824797682453227,1.158529014182739,0.07972229718452153,46.47809925857606,38.05456491530839,0
BTCUSD,H1@H4,dynamic,M5,48,2400.0,True,0.0,2.0,False,532,0.325187969924812,2.204031278723791,1.3063688169674748,0.17163401197888356,91.30929437276608,21.46000234391181,0
BTCUSD,H1@H4,dynamic,M5,24,2400.0,False,0.0,2.0,True,0,0.0,0.0,0.0,0.0,0.0,0.0,0
BTCUSD,H1@H4,dynamic,M5,24,2400.0,True,0.0,2.0,True,0,0.0,0.0,0.0,0.0,0.0,0.0,0
BTCUSD,H1@H4,dynamic,M5,48,2400.0,False,0.0,2.0,True,0,0.0,0.0,0.0,0.0,0.0,0.0,0
BTCUSD,H1@H4,dynamic,M5,48,2400.0,True,0.0,2.0,True,0,0.0,0.0,0.0,0.0,0.0,0.0,0
BTCUSD,H1@H4,dynamic,M5,24,2400.0,False,0.0,3.0,False,545,0.3174311926605505,1.62040549904302,1.1962062289291144,0.11379331567680921,62.01735704386103,31.664735180795127,0
BTCUSD,H1@H4,dynamic,M5,24,2400.0,True,0.0,3.0,False,498,0.3353413654618474,2.486151116231117,1.3862655601806015,0.20112904950913274,100.16226665554812,22.538134681797793,0
BTCUSD,H1@H4,dynamic,M5,48,2400.0,False,0.0,3.0,False,583,0.30874785591766724,1.2719276849596255,1.161456108525344,0.08588183671258445,50.06911080343675,37.85795564898796,0
BTCUSD,H1@H4,dynamic,M5,48,2400.0,True,0.0,3.0,False,532,0.325187969924812,2.2102821091315095,1.3067290164907803,0.17213149126889105,91.57395335505004,21.46000234391181,0
BTCUSD,H1@H4,dynamic,M5,24,2400.0,False,0.0,3.0,True,0,0.0,0.0,0.0,0.0,0.0,0.0,0
BTCUSD,H1@H4,dynamic,M5,24,2400.0,True,0.0,3.0,True,0,0.0,0.0,0.0,0.0,0.0,0.0,0
BTCUSD,H1@H4,dynamic,M5,48,2400.0,False,0.0,3.0,True,0,0.0,0.0,0.0,0.0,0.0,0.0,0
BTCUSD,H1@H4,dynamic,M5,48,2400.0,True,0.0,3.0,True,0,0.0,0.0,0.0,0.0,0.0,0.0,0
BTCUSD,H1@H4,dynamic,M5,24,2400.0,False,0.0,5.0,False,540,0.31666666666666665,1.734739462933386,1.201826336871454,0.12348962396756641,66.68439694248589,30.056343007763356,0
BTCUSD,H1@H4,dynamic,M5,24,2400.0,True,0.0,5.0,False,496,0.33669354838709675,2.591805313033539,1.3929649873921401,0.2097772034992238,104.04949293561499,22.870603131961992,0
BTCUSD,H1@H4,dynamic,M5,48,2400.0,False,0.0,5.0,False,578,0.3062283737024221,1.2821198439297414,1.1595649338159408,0.0874861644652033,50.56700306088753,39.377502236199604,0
BTCUSD,H1@H4,dynamic,M5,48,2400.0,True,0.0,5.0,False,531,0.327683615819209,2.3403373108028145,1.311008243970137,0.18246923161087897,96.8911619853767,23.870603131961996,0
BTCUSD,H1@H4,dynamic,M5,24,2400.0,False,0.0,5.0,True,0,0.0,0.0,0.0,0.0,0.0,0.0,0
BTCUSD,H1@H4,dynamic,M5,24,2400.0,True,0.0,5.0,True,0,0.0,0.0,0.0,0.0,0.0,0.0,0
BTCUSD,H1@H4,dynamic,M5,48,2400.0,False,0.0,5.0,True,0,0.0,0.0,0.0,0.0,0.0,0.0,0
BTCUSD,H1@H4,dynamic,M5,48,2400.0,True,0.0,5.0,True,0,0.0,0.0,0.0,0.0,0.0,0.0,0
BTCUSD,M5@M15,none,,48,0.0,False,0.0,0.0,False,1855,0.28517520215633424,3.3545616896305015,1.1047895177119762,0.14070080862533693,261.0,31.0,0
BTCUSD,M5@M15,none,,48,0.0,True,0.0,0.0,False,2010,0.2930348258706468,2.906258461224262,1.1641723679718814,0.12053414292911024,242.27362728751137,42.847455154368284,0
BTCUSD,M5@M15,none,,48,0.0,False,0.0,2.0,False,1855,0.28517520215633424,3.3545616896305015,1.1047895177119762,0.14070080862533693,261.0,31.0,0
BTCUSD,M5@M15,none,,48,0.0,True,0.0,2.0,False,2010,0.2930348258706468,2.906258461224262,1.1641723679718814,0.12053414292911024,242.27362728751137,42.847455154368284,0
BTCUSD,M5@M15,none,,48,0.0,False,0.0,3.0,False,1855,0.28517520215633424,3.3545616896305015,1.1047895177119762,0.14070080862533693,261.0,31.0,0
BTCUSD,M5@M15,none,,48,0.0,True,0.0,3.0,False,2010,0.2930348258706468,2.906258461224262,1.1641723679718814,0.12053414292911024,242.27362728751137,42.847455154368284,0
BTCUSD,M5@M15,none,,48,0.0,False,0.0,5.0,False,1855,0.28517520215633424,3.3545616896305015,1.1047895177119762,0.14070080862533693,261.0,31.0,0
BTCUSD,M5@M15,none,,48,0.0,True,0.0,5.0,False,2010,0.2930348258706468,2.906258461224262,1.1641723679718814,0.12053414292911024,242.27362728751137,42.847455154368284,0
BTCUSD,M5@M15,none,,48,1200.0,False,0.0,0.0,False,1855,0.28517520215633424,2.44644478360423,1.069196624462085,0.09889138710237245,183.44352307490092,33.73487102299201,0
BTCUSD,M5@M15,none,,48,1200.0,True,0.0,0.0,False,2010,0.2930348258706468,1.9910083628404864,1.1258647509689121,0.07925295303437085,159.2984355990854,44.52031314070135,0
BTCUSD,M5@M15,none,,48,1200.0,False,0.0,2.0,False,1855,0.28517520215633424,2.44644478360423,1.069196624462085,0.09889138710237245,183.44352307490092,33.73487102299201,0
BTCUSD,M5@M15,none,,48,1200.0,True,0.0,2.0,False,2010,0.2930348258706468,1.9910083628404864,1.1258647509689121,0.07925295303437085,159.2984355990854,44.52031314070135,0
BTCUSD,M5@M15,none,,48,1200.0,False,0.0,3.0,False,1855,0.28517520215633424,2.44644478360423,1.069196624462085,0.09889138710237245,183.44352307490092,33.73487102299201,0
BTCUSD,M5@M15,none,,48,1200.0,True,0.0,3.0,False,2010,0.2930348258706468,1.9910083628404864,1.1258647509689121,0.07925295303437085,159.2984355990854,44.52031314070135,0
BTCUSD,M5@M15,none,,48,1200.0,False,0.0,5.0,False,1855,0.2857142857142857,2.494258447926025,1.0696112041617227,0.10087104916487982,187.1157962008521,33.734871022992024,0
BTCUSD,M5@M15,none,,48,1200.0,True,0.0,5.0,False,2009,0.2931806869089099,2.007526284997349,1.1260090640834333,0.0799487022225821,160.61694276516738,44.52031314070135,0
BTCUSD,M5@M15,none,,48,1800.0,False,0.0,0.0,False,1855,0.28517520215633424,2.002300494229688,1.0520246416591696,0.07954818134142691,147.56187638834706,38.517529534457125,0
BTCUSD,M5@M15,none,,48,1800.0,True,0.0,0.0,False,2010,0.2930348258706468,1.541781585193565,1.107399757895457,0.0602060388549787,121.01413809850723,45.33975567808139,0
BTCUSD,M5@M15,none,,48,1800.0,False,0.0,2.0,False,1855,0.28517520215633424,2.002300494229688,1.0520246416591696,0.07954818134142691,147.56187638834706,38.517529534457125,0
BTCUSD,M5@M15,none,,48,1800.0,True,0.0,2.0,False,2010,0.2930348258706468,1.541781585193565,1.107399757895457,0.0602060388549787,121.01413809850723,45.33975567808139,0
BTCUSD,M5@M15,none,,48,1800.0,False,0.0,3.0,False,1855,0.2857142857142857,2.046016129569508,1.0523802427879425,0.08131122990970754,150.83233148250764,38.51752953445707,0
BTCUSD,M5@M15,none,,48,1800.0,True,0.0,3.0,False,2009,0.2931806869089099,1.5572708047329482,1.107519565594283,0.06083809895295252,122.22374079648168,45.33975567808139,0
BTCUSD,M5@M15,none,,48,1800.0,False,0.0,5.0,False,1854,0.2853290183387271,2.029431514356017,1.0522678725612697,0.08069239588282376,149.6037019667554,38.5175295344571,0
BTCUSD,M5@M15,none,,48,1800.0,True,0.0,5.0,False,2008,0.29332669322709165,1.5826937715458147,1.1082845698587207,0.061869303810697274,124.23356205188017,45.33975567808139,0
BTCUSD,M5@M15,none,,48,2400.0,False,0.0,0.0,False,1855,0.28517520215633424,1.5640482046229605,1.0352497159519969,0.06110932953686948,113.35780629089287,43.13885197972709,0
BTCUSD,M5@M15,none,,48,2400.0,True,0.0,0.0,False,2010,0.2930348258706468,1.0975178633748086,1.0893722169083047,0.04207647622245721,84.573717207139,51.65196960436734,0
BTCUSD,M5@M15,none,,48,2400.0,False,0.0,2.0,False,1855,0.2857142857142857,1.6021167978404822,1.0355409160900029,0.06260742127685719,116.13676646857006,43.13885197972709,0
BTCUSD,M5@M15,none,,48,2400.0,True,0.0,2.0,False,2009,0.2931806869089099,1.1117099140721076,1.089481520820551,0.04263849909316682,85.66074467817214,50.564942133334185,0
BTCUSD,M5@M15,none,,48,2400.0,False,0.0,3.0,False,1854,0.2853290183387271,1.5881690753392368,1.0354418620756536,0.06209433637264061,115.12289963487568,43.13885197972709,0
BTCUSD,M5@M15,none,,48,2400.0,True,0.0,3.0,False,2009,0.2931806869089099,1.122025210671227,1.089566398989357,0.04304101795905869,86.46940507974891,50.306608800000845,0
BTCUSD,M5@M15,none,,48,2400.0,False,0.0,5.0,False,1846,0.2838569880823402,1.491304818551958,1.034359077115271,0.05843021934329491,107.86218490772244,46.28199416268593,0
BTCUSD,M5@M15,none,,48,2400.0,True,0.0,5.0,False,1996,0.29308617234468937,1.1791726080381817,1.0907631631058083,0.045477695751719005,90.77348072043114,48.00110156709278,0
BTCUSD,M1@M5,none,,48,0.0,False,0.0,0.0,False,2565,0.23937621832358674,-1.26552298531615,0.8860847483767791,-0.0426511120655067,-109.40010244802467,122.99999999999996,0
BTCUSD,M1@M5,none,,48,0.0,True,0.0,0.0,False,2565,0.23898635477582847,-1.2962042467948325,0.8855691715262399,-0.043664717348927864,-111.99999999999997,122.99999999999996,0
BTCUSD,M1@M5,none,,48,0.0,False,0.0,2.0,False,2565,0.23937621832358674,-1.26552298531615,0.8860847483767791,-0.0426511120655067,-109.40010244802467,122.99999999999996,0
BTCUSD,M1@M5,none,,48,0.0,True,0.0,2.0,False,2565,0.23898635477582847,-1.2962042467948325,0.8855691715262399,-0.043664717348927864,-111.99999999999997,122.99999999999996,0
BTCUSD,M1@M5,none,,48,0.0,False,0.0,3.0,False,2565,0.23937621832358674,-1.26552298531615,0.8860847483767791,-0.0426511120655067,-109.40010244802467,122.99999999999996,0
BTCUSD,M1@M5,none,,48,0.0,True,0.0,3.0,False,2565,0.23898635477582847,-1.2962042467948325,0.8855691715262399,-0.043664717348927864,-111.99999999999997,122.99999999999996,0
BTCUSD,M1@M5,none,,48,0.0,False,0.0,5.0,False,2565,0.23937621832358674,-1.26552298531615,0.8860847483767791,-0.0426511120655067,-109.40010244802467,122.99999999999996,0
BTCUSD,M1@M5,none,,48,0.0,True,0.0,5.0,False,2565,0.23898635477582847,-1.2962042467948325,0.8855691715262399,-0.043664717348927864,-111.99999999999997,122.99999999999996,0
BTCUSD,M1@M5,none,,48,1200.0,False,0.0,0.0,False,2565,0.23937621832358674,-3.2905794869621645,0.8359397897830939,-0.1039602825063332,-266.65812462874476,274.69794900018894,0
BTCUSD,M1@M5,none,,48,1200.0,True,0.0,0.0,False,2565,0.23898635477582847,-3.3195470277104384,0.8354671476183381,-0.10483180615756531,-268.8935827941551,274.69794900018894,0
BTCUSD,M1@M5,none,,48,1200.0,False,0.0,2.0,False,2565,0.23937621832358674,-3.2875021343257806,0.8359704008024037,-0.10386934169521367,-266.4248614482232,274.5267911462151,0
BTCUSD,M1@M5,none,,48,1200.0,True,0.0,2.0,False,2565,0.23898635477582847,-3.3164664543078457,0.835497758637648,-0.10474086534644578,-268.6603196136336,274.5267911462151,0
BTCUSD,M1@M5,none,,48,1200.0,False,0.0,3.0,False,2563,0.23839250877877488,-3.3623785525492242,0.8353374828541207,-0.10624896554729044,-272.31609869770557,279.0123094100222,0
BTCUSD,M1@M5,none,,48,1200.0,True,0.0,3.0,False,2563,0.23800234100663284,-3.3913965623993825,0.8348649499678463,-0.10712116927940529,-274.55155686311593,279.0123094100222,0
BTCUSD,M1@M5,none,,48,1200.0,False,0.0,5.0,False,2577,0.23709740007760963,-3.489121961907025,0.8356527926459606,-0.1098746703095866,-283.1470253878049,286.2607542158723,0
BTCUSD,M1@M5,none,,48,1200.0,True,0.0,5.0,False,2577,0.236709351959643,-3.5181361654955774,0.8351816958736876,-0.11074213564346722,-285.38248355321525,286.2607542158723,0
BTCUSD,M1@M5,none,,48,1800.0,False,0.0,0.0,False,2565,0.23937621832358674,-4.249962786992358,0.812405720999857,-0.13047826145176386,-334.6767406237741,341.56508017196995,0
BTCUSD,M1@M5,none,,48,1800.0,True,0.0,0.0,False,2565,0.23898635477582847,-4.278051186579962,0.8119532289733553,-0.1312890123734359,-336.7563167378629,341.56508017196995,0
BTCUSD,M1@M5,none,,48,1800.0,False,0.0,2.0,False,2563,0.23839250877877488,-4.3090988244947095,0.8118439939802788,-0.1323452871127895,-339.20097087007923,345.17214324303416,0
BTCUSD,M1@M5,none,,48,1800.0,True,0.0,2.0,False,2563,0.23800234100663284,-4.337224846920728,0.8113916091755029,-0.1331566706922233,-341.28054698416804,345.17214324303416,0
BTCUSD,M1@M5,none,,48,1800.0,False,0.0,3.0,False,2571,0.23765071956437184,-4.382970381222146,0.8110598710169298,-0.1343365768020232,-345.37933895800126,351.68384466428955,0
BTCUSD,M1@M5,none,,48,1800.0,True,0.0,3.0,False,2571,0.23726176584986386,-4.411096980752572,0.8106081686535399,-0.1351454356562001,-347.45891507209006,351.68384466428955,0
BTCUSD,M1@M5,none,,48,1800.0,False,0.0,5.0,False,2539,0.23631350925561245,-4.310195960840432,0.815053047182393,-0.1334523948018489,-338.8356304018938,341.73534924822076,0
BTCUSD,M1@M5,none,,48,1800.0,True,0.0,5.0,False,2539,0.23591965340685309,-4.338363837943106,0.8146012055711204,-0.13427144801732305,-340.9152065159826,341.73534924822076,0
BTCUSD,M1@M5,none,,48,2400.0,False,0.0,0.0,False,2565,0.23937621832358674,-5.183021430357684,0.7898150346323397,-0.15489896466904138,-397.31584437609087,403.27497671027976,0
BTCUSD,M1@M5,none,,48,2400.0,True,0.0,0.0,False,2565,0.23898635477582847,-5.210236163393027,0.7893818850093024,-0.1556545296658635,-399.25386859293957,403.27497671027976,0
BTCUSD,M1@M5,none,,48,2400.0,False,0.0,2.0,False,2572,0.2379471228615863,-5.28994639928121,0.7885051733740472,-0.15780836480857213,-405.8831142876474,411.4954232333788,0
BTCUSD,M1@M5,none,,48,2400.0,True,0.0,2.0,False,2572,0.2375583203732504,-5.317179208664476,0.788072864133868,-0.15856187344653822,-407.8211385044961,411.4954232333788,0
BTCUSD,M1@M5,none,,48,2400.0,False,0.0,3.0,False,2567,0.2349045578496299,-5.497872887868895,0.7876546866382942,-0.16416196054840218,-421.40375272774804,424.10550847108954,0
BTCUSD,M1@M5,none,,48,2400.0,True,0.0,3.0,False,2567,0.23451499805220102,-5.5252247056916035,0.7872232993916923,-0.16491693686973008,-423.34177694459675,424.10550847108954,0
BTCUSD,M1@M5,none,,48,2400.0,False,0.0,5.0,False,2508,0.23405103668261562,-5.211457645509188,0.7878750590429492,-0.1586501199741573,-397.8945008951862,400.41503599310767,0
BTCUSD,M1@M5,none,,48,2400.0,True,0.0,5.0,False,2508,0.23365231259968103,-5.236105488961394,0.7874449425381281,-0.15935059986707142,-399.6513044666149,400.41503599310767,0
BTCUSD,M1@M15,none,,48,0.0,False,0.0,0.0,False,936,0.26816239316239315,1.2536392482528373,1.079830882862268,0.07264957264957266,68.0,30.0,0
BTCUSD,M1@M15,none,,48,0.0,True,0.0,0.0,False,953,0.2728226652675761,0.9657130637530879,1.0691223591644978,0.056790718564544554,54.12155479201108,43.417663252742855,0
BTCUSD,M1@M15,none,,48,0.0,False,0.0,2.0,False,936,0.26816239316239315,1.2536392482528373,1.079830882862268,0.07264957264957266,68.0,30.0,0
BTCUSD,M1@M15,none,,48,0.0,True,0.0,2.0,False,953,0.2728226652675761,0.9657130637530879,1.0691223591644978,0.056790718564544554,54.12155479201108,43.417663252742855,0
BTCUSD,M1@M15,none,,48,0.0,False,0.0,3.0,False,936,0.26816239316239315,1.2536392482528373,1.079830882862268,0.07264957264957266,68.0,30.0,0
BTCUSD,M1@M15,none,,48,0.0,True,0.0,3.0,False,953,0.2728226652675761,0.9657130637530879,1.0691223591644978,0.056790718564544554,54.12155479201108,43.417663252742855,0
BTCUSD,M1@M15,none,,48,0.0,False,0.0,5.0,False,936,0.26816239316239315,1.2536392482528373,1.079830882862268,0.07264957264957266,68.0,30.0,0
BTCUSD,M1@M15,none,,48,0.0,True,0.0,5.0,False,953,0.2728226652675761,0.9657130637530879,1.0691223591644978,0.056790718564544554,54.12155479201108,43.417663252742855,0
BTCUSD,M1@M15,none,,48,1200.0,False,0.0,0.0,False,936,0.26816239316239315,0.602832421731503,1.0441658327695342,0.033676805100509834,31.521489574077215,31.810879104603863,0
BTCUSD,M1@M15,none,,48,1200.0,True,0.0,0.0,False,953,0.2728226652675761,0.3145635503868069,1.032170415369789,0.017746524102674036,16.91243746984834,46.18858976282311,0
BTCUSD,M1@M15,none,,48,1200.0,False,0.0,2.0,False,936,0.26816239316239315,0.602832421731503,1.0441658327695342,0.033676805100509834,31.521489574077215,31.810879104603863,0
BTCUSD,M1@M15,none,,48,1200.0,True,0.0,2.0,False,953,0.2728226652675761,0.3145635503868069,1.032170415369789,0.017746524102674036,16.91243746984834,46.18858976282311,0
BTCUSD,M1@M15,none,,48,1200.0,False,0.0,3.0,False,936,0.26816239316239315,0.602832421731503,1.0441658327695342,0.033676805100509834,31.521489574077215,31.810879104603863,0
BTCUSD,M1@M15,none,,48,1200.0,True,0.0,3.0,False,953,0.2728226652675761,0.3145635503868069,1.032170415369789,0.017746524102674036,16.91243746984834,46.18858976282311,0
BTCUSD,M1@M15,none,,48,1200.0,False,0.0,5.0,False,936,0.26816239316239315,0.602832421731503,1.0441520609872916,0.033676805100509834,31.521489574077215,31.810879104603863,0
BTCUSD,M1@M15,none,,48,1200.0,True,0.0,5.0,False,953,0.2728226652675761,0.3145635503868069,1.0321564545754662,0.017746524102674036,16.91243746984834,46.18858976282311,0
BTCUSD,M1@M15,none,,48,1800.0,False,0.0,0.0,False,936,0.26816239316239315,0.283743214402402,1.0269849062971181,0.015579459484174682,14.582374077187495,32.924764527865705,0
BTCUSD,M1@M15,none,,48,1800.0,True,0.0,0.0,False,953,0.2728226652675761,-0.006694953737179413,1.014394538851377,-0.0003704292452367166,-0.3530190707105856,48.812429630442054,0
BTCUSD,M1@M15,none,,48,1800.0,False,0.0,2.0,False,936,0.26816239316239315,0.283743214402402,1.0269849062971181,0.015579459484174682,14.582374077187495,32.924764527865705,0
BTCUSD,M1@M15,none,,48,1800.0,True,0.0,2.0,False,953,0.2728226652675761,-0.006694953737179413,1.014394538851377,-0.0003704292452367166,-0.3530190707105856,48.812429630442054,0
BTCUSD,M1@M15,none,,48,1800.0,False,0.0,3.0,False,936,0.26816239316239315,0.283743214402402,1.0269849062971181,0.015579459484174682,14.582374077187495,32.924764527865705,0
BTCUSD,M1@M15,none,,48,1800.0,True,0.0,3.0,False,953,0.2728226652675761,-0.006694953737179413,1.014394538851377,-0.0003704292452367166,-0.3530190707105856,48.812429630442054,0
BTCUSD,M1@M15,none,,48,1800.0,False,0.0,5.0,False,936,0.26816239316239315,0.28616307404158986,1.026915412640452,0.01571401750365905,14.708320383424862,32.924764527865705,0
BTCUSD,M1@M15,none,,48,1800.0,True,0.0,5.0,False,953,0.2728226652675761,-0.004843564056111925,1.0142542243831378,-0.0002680070129870212,-0.25541068337662587,48.812429630442054,0
BTCUSD,M1@M15,none,,48,2400.0,False,0.0,0.0,False,936,0.26816239316239315,-0.031453382994577644,1.010217469686908,-0.0016984457097265378,-1.5897451843040202,40.575865594118675,0
BTCUSD,M1@M15,none,,48,2400.0,True,0.0,0.0,False,953,0.2728226652675761,-0.3251516519495074,0.997062106124032,-0.017657344612467516,-16.82744941568152,52.71291127627384,0
BTCUSD,M1@M15,none,,48,2400.0,False,0.0,2.0,False,936,0.26816239316239315,-0.031453382994577644,1.010217469686908,-0.0016984457097265378,-1.5897451843040202,40.575865594118675,0
BTCUSD,M1@M15,none,,48,2400.0,True,0.0,2.0,False,953,0.2728226652675761,-0.3251516519495074,0.997062106124032,-0.017657344612467516,-16.82744941568152,52.71291127627384,0
BTCUSD,M1@M15,none,,48,2400.0,False,0.0,3.0,False,936,0.26816239316239315,-0.031453382994577644,1.010158698404505,-0.0016984457097265378,-1.5897451843040202,40.575865594118675,0
BTCUSD,M1@M15,none,,48,2400.0,True,0.0,3.0,False,953,0.2728226652675761,-0.3251516519495074,0.9970026743784367,-0.017657344612467516,-16.82744941568152,52.71291127627384,0
BTCUSD,M1@M15,none,,48,2400.0,False,0.0,5.0,False,928,0.2672413793103448,-0.057792891160266285,1.0108409604818172,-0.0031363495467779602,-2.9105323794099442,40.92113929208656,0
BTCUSD,M1@M15,none,,48,2400.0,True,0.0,5.0,False,947,0.2734952481520591,-0.25464673468801097,0.9994971661854238,-0.013898874868692119,-13.162234500651426,51.71291127627384,0
US500,H1@H4,none,,48,0.0,False,0.0,0.0,False,1394,0.38091822094691535,3.6736394484019086,1.0625641658923564,0.1433647814288456,199.8505053118108,24.0,0
US500,H1@H4,none,,48,0.0,True,0.0,0.0,False,2019,0.5577018325903913,23.994925567988794,2.973869260422704,0.9249311182638263,1867.4359277746637,12.25429910648893,0
US500,H1@H4,none,,48,100.0,False,0.0,0.0,False,1394,0.38091822094691535,1.7797125104887321,1.004543877759966,0.06485972244725761,90.4144530914771,26.991542568913225,0
US500,H1@H4,none,,48,100.0,True,0.0,0.0,False,2019,0.5577018325903913,22.1718184974608,2.8210560846140815,0.7998280054335019,1614.852742970241,12.46161616161612,0
US500,H1@H4,none,,48,150.0,False,0.0,0.0,False,1394,0.38091822094691535,0.8955588812870284,0.9770129123574125,0.03169993149964597,44.1897045105065,47.804361065956655,0
US500,H1@H4,none,,48,150.0,True,0.0,0.0,False,2019,0.5577018325903913,21.278910059649846,2.7487105895095563,0.7466641384618495,1507.5148955544723,12.556900498182301,0
US500,H1@H4,none,,48,200.0,False,0.0,0.0,False,1394,0.38091822094691535,0.04452906130032816,0.9504021457042651,0.0015344125689696283,2.138971121143691,76.92018750408305,0
US500,H1@H4,none,,48,200.0,True,0.0,0.0,False,2019,0.5577018325903913,20.405562878211153,2.678883961779387,0.6981470909211812,1409.558976569862,12.64718762291858,0
US500,H1@H4,static,M15,48,0.0,False,0.0,0.0,False,1282,0.40639625585023403,11.411709048636267,1.6239942800519023,0.626277954269504,802.8883373735041,17.000000000000085,0
US500,H1@H4,static,M15,48,0.0,True,0.0,0.0,False,1180,0.44745762711864406,12.984796965296521,2.0621000052738427,0.8887968472051999,1048.7802797021384,15.800000000000011,0
US500,H1@H4,static,M15,48,0.0,False,0.0,0.0,True,39,0.5384615384615384,3.566961492042532,2.2858254221009218,1.1538461538461537,45.0,3.0,0
US500,H1@H4,static,M15,48,0.0,True,0.0,0.0,True,37,0.5675675675675675,3.387918732942344,2.550201460651718,1.4001359349168983,51.80502959192523,2.0,0
US500,H1@H4,static,M15,48,0.0,False,0.0,2.0,False,1282,0.40639625585023403,11.411709048636267,1.6239942800519023,0.626277954269504,802.8883373735041,17.000000000000085,0
US500,H1@H4,static,M15,48,0.0,True,0.0,2.0,False,1180,0.44745762711864406,12.984796965296521,2.0621000052738427,0.8887968472051999,1048.7802797021384,15.800000000000011,0
US500,H1@H4,static,M15,48,0.0,False,0.0,2.0,True,39,0.5384615384615384,3.566961492042532,2.2858254221009218,1.1538461538461537,45.0,3.0,0
US500,H1@H4,static,M15,48,0.0,True,0.0,2.0,True,37,0.5675675675675675,3.387918732942344,2.550201460651718,1.4001359349168983,51.80502959192523,2.0,0
US500,H1@H4,static,M15,48,0.0,False,0.0,3.0,False,1282,0.40639625585023403,11.411709048636267,1.6239942800519023,0.626277954269504,802.8883373735041,17.000000000000085,0
US500,H1@H4,static,M15,48,0.0,True,0.0,3.0,False,1180,0.44745762711864406,12.984796965296521,2.0621000052738427,0.8887968472051999,1048.7802797021384,15.800000000000011,0
US500,H1@H4,static,M15,48,0.0,False,0.0,3.0,True,39,0.5384615384615384,3.566961492042532,2.2858254221009218,1.1538461538461537,45.0,3.0,0
US500,H1@H4,static,M15,48,0.0,True,0.0,3.0,True,37,0.5675675675675675,3.387918732942344,2.550201460651718,1.4001359349168983,51.80502959192523,2.0,0
US500,H1@H4,static,M15,48,0.0,False,0.0,5.0,False,1282,0.40639625585023403,11.411709048636267,1.6239942800519023,0.626277954269504,802.8883373735041,17.000000000000085,0
US500,H1@H4,static,M15,48,0.0,True,0.0,5.0,False,1180,0.44745762711864406,12.984796965296521,2.0621000052738427,0.8887968472051999,1048.7802797021384,15.800000000000011,0
US500,H1@H4,static,M15,48,0.0,False,0.0,5.0,True,39,0.5384615384615384,3.566961492042532,2.2858254221009218,1.1538461538461537,45.0,3.0,0
US500,H1@H4,static,M15,48,0.0,True,0.0,5.0,True,37,0.5675675675675675,3.387918732942344,2.550201460651718,1.4001359349168983,51.80502959192523,2.0,0
US500,H1@H4,static,M15,48,100.0,False,0.0,0.0,False,1282,0.40639625585023403,7.929903817245485,1.4070961323619016,0.3698599250892601,474.16042396443146,25.576245584057318,0
US500,H1@H4,static,M15,48,100.0,True,0.0,0.0,False,1180,0.44745762711864406,10.47683400472331,1.7977442619252926,0.5909132090760892,697.2775867097854,22.77533248200386,0
US500,H1@H4,static,M15,48,100.0,False,0.0,0.0,True,39,0.5384615384615384,2.9607750193932105,1.9587750351316098,0.8103506821975293,31.60367660570364,3.0025062656639867,0
US500,H1@H4,static,M15,48,100.0,True,0.0,0.0,True,37,0.5675675675675675,3.0587090034824644,2.2039602313561373,1.015875122282885,37.58737952446675,2.311862396204055,0
US500,H1@H4,static,M15,48,100.0,False,0.0,2.0,False,1282,0.40717628705148207,8.051396684064617,1.409789214970694,0.37612966874200665,482.19823532725246,25.576245584057318,0
US500,H1@H4,static,M15,48,100.0,True,0.0,2.0,False,1180,0.44745762711864406,10.490409206750948,1.7977631713856435,0.591219782706706,697.6393435939133,22.77533248200386,0
US500,H1@H4,static,M15,48,100.0,False,0.0,2.0,True,39,0.5384615384615384,2.9607750193932105,1.957829322062563,0.8103506821975293,31.60367660570364,3.0025062656639867,0
US500,H1@H4,static,M15,48,100.0,True,0.0,2.0,True,37,0.5675675675675675,3.0587090034824644,2.2028275096106524,1.015875122282885,37.58737952446675,2.311862396204055,0
US500,H1@H4,static,M15,48,100.0,False,0.0,3.0,False,1278,0.4045383411580595,8.10476490890141,1.4160656136900762,0.38185649369942554,488.01259894786557,25.576245584057332,0
US500,H1@H4,static,M15,48,100.0,True,0.0,3.0,False,1178,0.4473684210526316,10.5595624845423,1.8012387091737403,0.5900888758315916,695.1246957296149,22.775332482003876,0
US500,H1@H4,static,M15,48,100.0,False,0.0,3.0,True,39,0.5641025641025641,3.304129756398798,2.049399892063923,0.8998924433040517,35.09580528885802,3.0,0
US500,H1@H4,static,M15,48,100.0,True,0.0,3.0,True,37,0.5675675675675675,3.0917306632992756,2.192467259157973,1.004037466837158,37.14938627297485,2.311862396204055,0
US500,H1@H4,static,M15,48,100.0,False,0.0,5.0,False,1238,0.401453957996769,8.308793896202078,1.4488830554550223,0.4060052697316894,502.63452392783046,21.138122793957677,0
US500,H1@H4,static,M15,48,100.0,True,0.0,5.0,False,1155,0.4484848484848485,10.733311549072027,1.8278505785826376,0.5954845583707636,687.7846649182326,21.890881669730078,0
US500,H1@H4,static,M15,48,100.0,False,0.0,5.0,True,38,0.5789473684210527,3.5586878948361624,2.222522525376331,0.9984445983888272,37.940894738775434,2.0,0
US500,H1@H4,static,M15,48,100.0,True,0.0,5.0,True,37,0.5945945945945946,3.5142834725046965,2.3592909259957517,1.07625167901259,39.82131212346583,2.0,0
US500,H1@H4,static,M15,48,150.0,False,0.0,0.0,False,1282,0.40639625585023403,6.325673370592571,1.313244741533722,0.2768825485967082,354.96342730098013,29.10820403272445,0
US500,H1@H4,static,M15,48,150.0,True,0.0,0.0,False,1180,0.44745762711864406,9.219670201769974,1.6830063497611998,0.4834312206580212,570.4488403764653,25.730379106563063,0
US500,H1@H4,static,M15,48,150.0,False,0.0,0.0,True,39,0.5384615384615384,2.667902188688397,1.817434875746851,0.6820674172699245,26.600629273527048,3.336302895322734,0
US500,H1@H4,static,M15,48,150.0,True,0.0,0.0,True,37,0.5675675675675675,2.8605350445178135,2.05311816119582,0.8723790828838163,32.2780260667012,2.4793103448276144,0
US500,H1@H4,static,M15,48,150.0,False,0.0,2.0,False,1278,0.4045383411580595,6.595955982662075,1.3226711219657503,0.291816012026513,372.9408633698838,29.10820403272445,0
US500,H1@H4,static,M15,48,150.0,True,0.0,2.0,False,1178,0.4473684210526316,9.348948621166368,1.6872911848972432,0.48789182643162565,574.7365715364554,25.730379106563063,0
US500,H1@H4,static,M15,48,150.0,False,0.0,2.0,True,39,0.5641025641025641,3.0101193514593363,1.9047615386928543,0.7651278253954004,29.83998519042061,3.0,0
US500,H1@H4,static,M15,48,150.0,True,0.0,2.0,True,37,0.5675675675675675,2.88483240222901,2.043662678806874,0.8655912708641716,32.02687702197436,2.4793103448276144,0
US500,H1@H4,static,M15,48,150.0,False,0.0,3.0,False,1245,0.39919678714859436,6.746498865634564,1.339237957415659,0.3081361798324475,383.62954389139736,25.052795061748185,0
US500,H1@H4,static,M15,48,150.0,True,0.0,3.0,False,1157,0.449438202247191,9.617882451262455,1.7116833879107773,0.5028799844764745,581.8321420392809,25.006123412073492,0
US500,H1@H4,static,M15,48,150.0,False,0.0,3.0,True,38,0.5789473684210527,3.2762807691518137,2.031864312873293,0.8556960341191989,32.51644929652956,2.0,0
US500,H1@H4,static,M15,48,150.0,True,0.0,3.0,True,37,0.5945945945945946,3.2850505698267627,2.187551316117152,0.9511768564497582,35.193543688641064,2.0,0
US500,H1@H4,static,M15,48,150.0,False,0.0,5.0,False,1177,0.3823279524214104,6.361636554793308,1.3527925178559914,0.308657689740057,363.2901008240467,27.062482133376484,0
US500,H1@H4,static,M15,48,150.0,True,0.0,5.0,False,1129,0.43932683790965454,9.353966881429677,1.7136137088066075,0.4887708607598897,551.8223017979153,22.688078147537865,0
US500,H1@H4,static,M15,48,150.0,False,0.0,5.0,True,38,0.5526315789473685,3.1220140681681627,2.1862229017513943,0.8585004844599817,32.62301840947931,3.0,0
US500,H1@H4,static,M15,48,150.0,True,0.0,5.0,True,36,0.5833333333333334,3.2158991245366897,2.309742582903432,0.9150238456706808,32.94085844414451,3.0,0
US500,H1@H4,static,M15,48,200.0,False,0.0,0.0,False,1282,0.40639625585023403,4.7932140026986385,1.2274535559661788,0.1982580104126363,254.16676934899982,32.25622844237762,0
US500,H1@H4,static,M15,48,200.0,True,0.0,0.0,False,1180,0.44745762711864406,7.98319311164995,1.5779358398929275,0.3927214775069964,463.41134345825554,28.369388670958593,0
US500,H1@H4,static,M15,48,200.0,False,0.0,0.0,True,39,0.5384615384615384,2.3829318482596658,1.688325126290764,0.5727608543690744,22.3376733203939,3.603206412825429,0
US500,H1@H4,static,M15,48,200.0,True,0.0,0.0,True,37,0.5675675675675675,2.6519476361608167,1.9146848472598483,0.7501536491447092,27.755685018354242,2.7696053887879084,0
US500,H1@H4,static,M15,48,200.0,False,0.0,2.0,False,1255,0.4055776892430279,5.647166587385432,1.2613324280337528,0.24178201693875115,303.43643125813213,29.589561775710955,0
US500,H1@H4,static,M15,48,200.0,True,0.0,2.0,False,1158,0.4473229706390328,8.319154029771617,1.5963150197300155,0.41157500794397345,476.6038591991212,27.822760089348556,0
US500,H1@H4,static,M15,48,200.0,False,0.0,2.0,True,39,0.5641025641025641,2.826951381621765,1.8186765738448867,0.6841198992497269,26.680676070739345,3.0,0
US500,H1@H4,static,M15,48,200.0,True,0.0,2.0,True,37,0.5675675675675675,2.7129377384242077,1.909882164126085,0.7449375952657924,27.562691024834322,2.6271204188482007,0
US500,H1@H4,static,M15,48,200.0,False,0.0,3.0,False,1220,0.3942622950819672,5.697409042198255,1.280927993398246,0.2544647205765719,310.4469591034176,27.64493883551171,0
US500,H1@H4,static,M15,48,200.0,True,0.0,3.0,False,1149,0.44299390774586594,8.447871751488329,1.6129026282421481,0.41828619483302326,480.6108378631433,25.847894703105,0
US500,H1@H4,static,M15,48,200.0,False,0.0,3.0,True,38,0.5789473684210527,3.158422419437733,2.0560699354524634,0.7973982303110606,30.301132751820305,2.0,0
US500,H1@H4,static,M15,48,200.0,True,0.0,3.0,True,37,0.5945945945945946,3.1231878896697447,2.1293549196219947,0.831531357901958,30.766660242372446,2.0,0
US500,H1@H4,static,M15,48,200.0,False,0.0,5.0,False,1074,0.3659217877094972,4.765864157808095,1.2738316326468093,0.23681804800586717,254.34258355830184,26.257246876667,0
US500,H1@H4,static,M15,48,200.0,True,0.0,5.0,False,1080,0.4361111111111111,8.417302913767184,1.6525689825497414,0.42977922463961643,464.1615626107854,24.240403852651404,0
US500,H1@H4,static,M15,48,200.0,False,0.0,5.0,True,35,0.42857142857142855,1.5221545520991502,1.504477645514381,0.43153122704813773,15.103592946684824,3.0,0
US500,H1@H4,static,M15,48,200.0,True,0.0,5.0,True,34,0.5294117647058824,2.4567490735724467,2.04839615372038,0.6989179344320642,23.763209770690178,3.0,0
US500,H1@H4,static,M5,48,0.0,False,0.0,0.0,False,532,0.4981203007518797,11.435169965835726,2.6432142802003336,0.9924812030075187,528.0,8.0,0
US500,H1@H4,static,M5,48,0.0,True,0.0,0.0,False,470,0.5276595744680851,10.98718067343026,3.426843930789384,1.4248847210023958,669.6958188711269,8.0,0
US500,H1@H4,static,M5,48,0.0,False,0.0,0.0,True,18,0.6666666666666666,3.6443449342783123,7.359619354689224,1.6666666666666667,30.0,3.0,0
US500,H1@H4,static,M5,48,0.0,True,0.0,0.0,True,17,0.6470588235294118,3.059606125348567,6.555988403577028,1.6100662534435681,27.371126308540653,3.0,0
US500,H1@H4,static,M5,48,0.0,False,0.0,2.0,False,532,0.4981203007518797,11.435169965835726,2.6432142802003336,0.9924812030075187,528.0,8.0,0
US500,H1@H4,static,M5,48,0.0,True,0.0,2.0,False,470,0.5276595744680851,10.98718067343026,3.426843930789384,1.4248847210023958,669.6958188711269,8.0,0
US500,H1@H4,static,M5,48,0.0,False,0.0,2.0,True,18,0.6666666666666666,3.6443449342783123,7.359619354689224,1.6666666666666667,30.0,3.0,0
US500,H1@H4,static,M5,48,0.0,True,0.0,2.0,True,17,0.6470588235294118,3.059606125348567,6.555988403577028,1.6100662534435681,27.371126308540653,3.0,0
US500,H1@H4,static,M5,48,0.0,False,0.0,3.0,False,532,0.4981203007518797,11.435169965835726,2.6432142802003336,0.9924812030075187,528.0,8.0,0
US500,H1@H4,static,M5,48,0.0,True,0.0,3.0,False,470,0.5276595744680851,10.98718067343026,3.426843930789384,1.4248847210023958,669.6958188711269,8.0,0
US500,H1@H4,static,M5,48,0.0,False,0.0,3.0,True,18,0.6666666666666666,3.6443449342783123,7.359619354689224,1.6666666666666667,30.0,3.0,0
US500,H1@H4,static,M5,48,0.0,True,0.0,3.0,True,17,0.6470588235294118,3.059606125348567,6.555988403577028,1.6100662534435681,27.371126308540653,3.0,0
US500,H1@H4,static,M5,48,0.0,False,0.0,5.0,False,532,0.4981203007518797,11.435169965835726,2.6432142802003336,0.9924812030075187,528.0,8.0,0
US500,H1@H4,static,M5,48,0.0,True,0.0,5.0,False,470,0.5276595744680851,10.98718067343026,3.426843930789384,1.4248847210023958,669.6958188711269,8.0,0
US500,H1@H4,static,M5,48,0.0,False,0.0,5.0,True,18,0.6666666666666666,3.6443449342783123,7.359619354689224,1.6666666666666667,30.0,3.0,0
US500,H1@H4,static,M5,48,0.0,True,0.0,5.0,True,17,0.6470588235294118,3.059606125348567,6.555988403577028,1.6100662534435681,27.371126308540653,3.0,0
US500,H1@H4,static,M5,48,100.0,False,0.0,0.0,False,532,0.4981203007518797,8.261038566846105,2.1705597388283095,0.5797642783923949,308.434596104754,8.128463476070735,0
US500,H1@H4,static,M5,48,100.0,True,0.0,0.0,False,470,0.5276595744680851,9.102895792616893,2.8248157301877574,0.8972767040532257,421.72005090501614,8.774559193954815,0
US500,H1@H4,static,M5,48,100.0,False,0.0,0.0,True,18,0.6666666666666666,3.0189648827322806,5.371891688342425,1.1111464041268553,20.000635274283393,3.0,0
US500,H1@H4,static,M5,48,100.0,True,0.0,0.0,True,17,0.6470588235294118,2.538872077692945,4.774325465544543,1.0486691379240236,17.8273753447084,3.0,0
US500,H1@H4,static,M5,48,100.0,False,0.0,2.0,False,531,0.4990583804143126,8.557566980953675,2.1831580228208005,0.6052239280257579,321.3739057816774,8.128463476070735,0
US500,H1@H4,static,M5,48,100.0,True,0.0,2.0,False,470,0.5276595744680851,9.217422711448247,2.8265436239901054,0.9034876807341139,424.63920994503366,8.774559193954815,0
US500,H1@H4,static,M5,48,100.0,False,0.0,2.0,True,18,0.6666666666666666,3.0378663623592654,5.214742569969767,1.1201571507527595,20.16282871354967,3.0,0
US500,H1@H4,static,M5,48,100.0,True,0.0,2.0,True,17,0.6470588235294118,2.557109840379134,4.628367365889507,1.0560632505964567,17.953075260139762,3.0,0
US500,H1@H4,static,M5,48,100.0,False,0.0,3.0,False,523,0.502868068833652,9.039002645788784,2.234958376936401,0.6554754243944154,342.81364695827926,8.0,0
US500,H1@H4,static,M5,48,100.0,True,0.0,3.0,False,466,0.5278969957081545,9.388776650532302,2.8366489017241654,0.9050688485070326,421.7620834042772,8.675000000000011,0
US500,H1@H4,static,M5,48,100.0,False,0.0,3.0,True,18,0.7222222222222222,3.772004909753722,6.446551144600654,1.336559759416308,24.058075669493544,3.0,0
US500,H1@H4,static,M5,48,100.0,True,0.0,3.0,True,17,0.7058823529411765,3.1082213404441914,5.5900648570105655,1.2037859176993762,20.464360600889396,3.0,0
US500,H1@H4,static,M5,48,100.0,False,0.0,5.0,False,499,0.49498997995991983,9.089196620416367,2.2727878606971035,0.7011962369875842,349.89692225680415,11.0,0
US500,H1@H4,static,M5,48,100.0,True,0.0,5.0,False,442,0.5294117647058824,9.709643940685757,2.840020137242814,0.9344436436297123,413.02409048433293,11.0,0
US500,H1@H4,static,M5,48,100.0,False,0.0,5.0,True,18,0.6666666666666666,3.252388152249572,5.036064347340272,1.2624856853422337,22.724742336160208,3.0,0
US500,H1@H4,static,M5,48,100.0,True,0.0,5.0,True,17,0.6470588235294118,2.7990530010747863,4.713914418977661,1.2379732426293462,21.045545124698886,3.0,0
US500,H1@H4,static,M5,48,150.0,False,0.0,0.0,False,532,0.4981203007518797,6.842505348433562,1.9775045583919386,0.44505555763362986,236.76955666109097,8.483443708609514,0
US500,H1@H4,static,M5,48,150.0,True,0.0,0.0,False,470,0.5276595744680851,8.141364370827658,2.5799068641604994,0.7294450863154248,342.83919056824976,9.049668874172369,0
US500,H1@H4,static,M5,48,150.0,False,0.0,0.0,True,18,0.6666666666666666,2.7188933524442365,4.664240321341206,0.9221502814909841,16.598705066837713,3.0,0
US500,H1@H4,static,M5,48,150.0,True,0.0,0.0,True,17,0.6470588235294118,2.2802913753365046,4.140035248137002,0.8595452436430019,14.61226914193103,3.0,0
US500,H1@H4,static,M5,48,150.0,False,0.0,2.0,False,523,0.502868068833652,7.822841271544633,2.045234050562258,0.5261438736007955,275.1732458932159,8.333333333333329,0
US500,H1@H4,static,M5,48,150.0,True,0.0,2.0,False,466,0.5278969957081545,8.527069075758218,2.5993465214173224,0.7551537485442547,351.9016468216227,8.933333333333337,0
US500,H1@H4,static,M5,48,150.0,False,0.0,2.0,True,18,0.7222222222222222,3.485206893471308,5.6615154172197295,1.1376081200329196,20.476946160592547,3.0,0
US500,H1@H4,static,M5,48,150.0,True,0.0,2.0,True,17,0.7058823529411765,2.8494001575297183,4.896708209092013,1.0131877902271809,17.224192433862072,3.0,0
US500,H1@H4,static,M5,48,150.0,False,0.0,3.0,False,505,0.500990099009901,8.293096232592493,2.109811964055639,0.5887892302010542,297.3385612515323,11.0,0
US500,H1@H4,static,M5,48,150.0,True,0.0,3.0,False,448,0.53125,8.942242474649525,2.621013195688294,0.7970947733201699,357.0984584474359,11.0,0
US500,H1@H4,static,M5,48,150.0,False,0.0,3.0,True,18,0.6666666666666666,3.0249154069329,4.561346705572556,1.0820525644773638,19.47694616059255,3.0,0
US500,H1@H4,static,M5,48,150.0,True,0.0,3.0,True,17,0.6470588235294118,2.61479239300139,4.317876034134214,1.0850869498910445,18.44647814814775,3.0,0
US500,H1@H4,static,M5,48,150.0,False,0.0,5.0,False,449,0.47216035634743875,7.4959982790902355,2.0923626116255907,0.5996808328081034,269.25669393083894,11.0,0
US500,H1@H4,static,M5,48,150.0,True,0.0,5.0,False,418,0.5358851674641149,9.313657717480607,2.703159464875303,0.8223001149469512,343.72144804782556,11.0,0
US500,H1@H4,static,M5,48,150.0,False,0.0,5.0,True,17,0.7058823529411765,3.5631446785108234,5.6,1.3529411764705883,23.0,2.0,0
US500,H1@H4,static,M5,48,150.0,True,0.0,5.0,True,16,0.6875,2.9887862593088714,4.822738095238085,1.1946056547619017,19.113690476190428,2.0,0
US500,H1@H4,static,M5,48,200.0,False,0.0,0.0,False,532,0.4981203007518797,5.513497902191055,1.8066597012662913,0.3357271621428053,178.6068502599725,8.760314341847007,0
US500,H1@H4,static,M5,48,200.0,True,0.0,0.0,False,470,0.5212765957446809,7.198666156403858,2.363254889287262,0.5944692972946084,279.400569728466,9.26424361493143,0
US500,H1@H4,static,M5,48,200.0,False,0.0,0.0,True,18,0.6666666666666666,2.432389795194621,4.080549048070162,0.7675609697857477,13.81609745614346,3.0,0
US500,H1@H4,static,M5,48,200.0,True,0.0,0.0,True,17,0.6470588235294118,2.0280533149524382,3.616854368559421,0.7057046799579583,11.99697955928529,3.0,0
US500,H1@H4,static,M5,48,200.0,False,0.0,2.0,False,512,0.501953125,7.145238599454905,1.9284493639376301,0.46700155326942705,239.10479527394642,8.333333333333329,0
US500,H1@H4,static,M5,48,200.0,True,0.0,2.0,False,452,0.5265486725663717,7.951304968713361,2.404978806254005,0.6619978768684113,299.2230403445218,8.933333333333337,0
US500,H1@H4,static,M5,48,200.0,False,0.0,2.0,True,18,0.6666666666666666,2.7667478882724574,4.110337382540452,0.9124777122928742,16.424598821271733,3.0,0
US500,H1@H4,static,M5,48,200.0,True,0.0,2.0,True,17,0.6470588235294118,2.417680499667728,3.941616573504415,0.9416308655422073,16.007724714217524,3.0,0
US500,H1@H4,static,M5,48,200.0,False,0.0,3.0,False,479,0.48643006263048016,7.198296661917108,1.9655203908141492,0.5141761976365916,246.29039866792735,11.0,0
US500,H1@H4,static,M5,48,200.0,True,0.0,3.0,False,430,0.5325581395348837,8.5421125001614,2.4990389033104696,0.7195775601622176,309.41835086975317,11.0,0
US500,H1@H4,static,M5,48,200.0,False,0.0,3.0,True,18,0.6666666666666666,2.9303118404499955,4.080314302293444,1.0104905822068615,18.188830479723507,3.0,0
US500,H1@H4,static,M5,48,200.0,True,0.0,3.0,True,17,0.6470588235294118,2.4897153361423765,3.7366000269909194,0.9459832738667565,16.08171565573486,3.0,0
US500,H1@H4,static,M5,48,200.0,False,0.0,5.0,False,412,0.4684466019417476,6.96084779910897,2.0592404832844715,0.577312631902076,237.85280434365572,10.0,0
US500,H1@H4,static,M5,48,200.0,True,0.0,5.0,False,391,0.5319693094629157,8.596585662550511,2.561523732166992,0.7399251988441605,289.3107527480669,10.0,0
US500,H1@H4,static,M5,48,200.0,False,0.0,5.0,True,16,0.625,2.6,3.888888888888889,1.0833333333333335,17.333333333333336,2.0,0
US500,H1@H4,static,M5,48,200.0,True,0.0,5.0,True,15,0.6,2.1114353001439006,3.21212797619047,0.8848511904761881,13.27276785714282,2.0,0
US500,H1@H4,dynamic,M15,24,0.0,False,0.0,0.0,False,822,0.29075425790754256,2.5295410853788254,1.135746260693897,0.16012631387169085,131.62383000252984,37.0,0
US500,H1@H4,dynamic,M15,24,0.0,True,0.0,0.0,False,795,0.3069182389937107,3.535847122552705,1.2728540450120958,0.25234551586171444,200.61468511006268,26.0,0
US500,H1@H4,dynamic,M15,48,0.0,False,0.0,0.0,False,890,0.2910112359550562,2.6517517884291015,1.0739222058778775,0.161375089890483,143.62383000252984,28.0,0
US500,H1@H4,dynamic,M15,48,0.0,True,0.0,0.0,False,856,0.3119158878504673,3.821078790879566,1.2733529118032847,0.2603164924137269,222.8309175061499,19.900000000000006,0
US500,H1@H4,dynamic,M15,24,0.0,False,0.0,0.0,True,0,0.0,0.0,0.0,0.0,0.0,0.0,0
US500,H1@H4,dynamic,M15,24,0.0,True,0.0,0.0,True,0,0.0,0.0,0.0,0.0,0.0,0.0,0
US500,H1@H4,dynamic,M15,48,0.0,False,0.0,0.0,True,0,0.0,0.0,0.0,0.0,0.0,0.0,0
US500,H1@H4,dynamic,M15,48,0.0,True,0.0,0.0,True,0,0.0,0.0,0.0,0.0,0.0,0.0,0
US500,H1@H4,dynamic,M15,24,0.0,False,0.0,2.0,False,822,0.29075425790754256,2.5295410853788254,1.135746260693897,0.16012631387169085,131.62383000252984,37.0,0
US500,H1@H4,dynamic,M15,24,0.0,True,0.0,2.0,False,795,0.3069182389937107,3.535847122552705,1.2728540450120958,0.25234551586171444,200.61468511006268,26.0,0
US500,H1@H4,dynamic,M15,48,0.0,False,0.0,2.0,False,890,0.2910112359550562,2.6517517884291015,1.0739222058778775,0.161375089890483,143.62383000252984,28.0,0
US500,H1@H4,dynamic,M15,48,0.0,True,0.0,2.0,False,856,0.3119158878504673,3.821078790879566,1.2733529118032847,0.2603164924137269,222.8309175061499,19.900000000000006,0
US500,H1@H4,dynamic,M15,24,0.0,False,0.0,2.0,True,0,0.0,0.0,0.0,0.0,0.0,0.0,0
US500,H1@H4,dynamic,M15,24,0.0,True,0.0,2.0,True,0,0.0,0.0,0.0,0.0,0.0,0.0,0
US500,H1@H4,dynamic,M15,48,0.0,False,0.0,2.0,True,0,0.0,0.0,0.0,0.0,0.0,0.0,0
US500,H1@H4,dynamic,M15,48,0.0,True,0.0,2.0,True,0,0.0,0.0,0.0,0.0,0.0,0.0,0
US500,H1@H4,dynamic,M15,24,0.0,False,0.0,3.0,False,822,0.29075425790754256,2.5295410853788254,1.135746260693897,0.16012631387169085,131.62383000252984,37.0,0
US500,H1@H4,dynamic,M15,24,0.0,True,0.0,3.0,False,795,0.3069182389937107,3.535847122552705,1.2728540450120958,0.25234551586171444,200.61468511006268,26.0,0
US500,H1@H4,dynamic,M15,48,0.0,False,0.0,3.0,False,890,0.2910112359550562,2.6517517884291015,1.0739222058778775,0.161375089890483,143.62383000252984,28.0,0
US500,H1@H4,dynamic,M15,48,0.0,True,0.0,3.0,False,856,0.3119158878504673,3.821078790879566,1.2733529118032847,0.2603164924137269,222.8309175061499,19.900000000000006,0
US500,H1@H4,dynamic,M15,24,0.0,False,0.0,3.0,True,0,0.0,0.0,0.0,0.0,0.0,0.0,0
US500,H1@H4,dynamic,M15,24,0.0,True,0.0,3.0,True,0,0.0,0.0,0.0,0.0,0.0,0.0,0
US500,H1@H4,dynamic,M15,48,0.0,False,0.0,3.0,True,0,0.0,0.0,0.0,0.0,0.0,0.0,0
US500,H1@H4,dynamic,M15,48,0.0,True,0.0,3.0,True,0,0.0,0.0,0.0,0.0,0.0,0.0,0
US500,H1@H4,dynamic,M15,24,0.0,False,0.0,5.0,False,822,0.29075425790754256,2.5295410853788254,1.135746260693897,0.16012631387169085,131.62383000252984,37.0,0
US500,H1@H4,dynamic,M15,24,0.0,True,0.0,5.0,False,795,0.3069182389937107,3.535847122552705,1.2728540450120958,0.25234551586171444,200.61468511006268,26.0,0
US500,H1@H4,dynamic,M15,48,0.0,False,0.0,5.0,False,890,0.2910112359550562,2.6517517884291015,1.0739222058778775,0.161375089890483,143.62383000252984,28.0,0
US500,H1@H4,dynamic,M15,48,0.0,True,0.0,5.0,False,856,0.3119158878504673,3.821078790879566,1.2733529118032847,0.2603164924137269,222.8309175061499,19.900000000000006,0
US500,H1@H4,dynamic,M15,24,0.0,False,0.0,5.0,True,0,0.0,0.0,0.0,0.0,0.0,0.0,0
US500,H1@H4,dynamic,M15,24,0.0,True,0.0,5.0,True,0,0.0,0.0,0.0,0.0,0.0,0.0,0
US500,H1@H4,dynamic,M15,48,0.0,False,0.0,5.0,True,0,0.0,0.0,0.0,0.0,0.0,0.0,0
US500,H1@H4,dynamic,M15,48,0.0,True,0.0,5.0,True,0,0.0,0.0,0.0,0.0,0.0,0.0,0
US500,H1@H4,dynamic,M15,24,100.0,False,0.0,0.0,False,822,0.29075425790754256,-0.44493921201846354,0.9648391143491928,-0.023871247141556258,-19.622165150359237,52.08910548803578,0
US500,H1@H4,dynamic,M15,24,100.0,True,0.0,0.0,False,795,0.3069182389937107,0.8492226165616537,1.0810948652633516,0.050085813616889005,39.818221825426754,32.2858603242273,0
US500,H1@H4,dynamic,M15,48,100.0,False,0.0,0.0,False,890,0.2910112359550562,-0.520841125839441,0.9123804405738508,-0.026752091417585312,-23.809361361650943,47.67310363914766,0
US500,H1@H4,dynamic,M15,48,100.0,True,0.0,0.0,False,856,0.3119158878504673,0.9879898588047369,1.0817626692480642,0.05575920201507082,47.72987692490063,26.83808932842318,0
US500,H1@H4,dynamic,M15,24,100.0,False,0.0,0.0,True,0,0.0,0.0,0.0,0.0,0.0,0.0,0
US500,H1@H4,dynamic,M15,24,100.0,True,0.0,0.0,True,0,0.0,0.0,0.0,0.0,0.0,0.0,0
US500,H1@H4,dynamic,M15,48,100.0,False,0.0,0.0,True,0,0.0,0.0,0.0,0.0,0.0,0.0,0
US500,H1@H4,dynamic,M15,48,100.0,True,0.0,0.0,True,0,0.0,0.0,0.0,0.0,0.0,0.0,0
US500,H1@H4,dynamic,M15,24,100.0,False,0.0,2.0,False,822,0.29075425790754256,-0.38073719817358675,0.9656471943997895,-0.020470305136578274,-16.82659082226732,54.179849319095595,0
US500,H1@H4,dynamic,M15,24,100.0,True,0.0,2.0,False,795,0.3069182389937107,0.877988597449699,1.0817594656945542,0.051772411969239214,41.15906751554518,35.92136189706279,0
US500,H1@H4,dynamic,M15,48,100.0,False,0.0,2.0,False,890,0.2898876404494382,-0.5131214639494779,0.9121720446261444,-0.026399530471782017,-23.49558211988601,46.75170132365898,0
US500,H1@H4,dynamic,M15,48,100.0,True,0.0,2.0,False,856,0.3107476635514019,0.9482842742013854,1.0807504236144283,0.053456784753494885,45.75900774899163,26.776906196814465,0
US500,H1@H4,dynamic,M15,24,100.0,False,0.0,2.0,True,0,0.0,0.0,0.0,0.0,0.0,0.0,0
US500,H1@H4,dynamic,M15,24,100.0,True,0.0,2.0,True,0,0.0,0.0,0.0,0.0,0.0,0.0,0
US500,H1@H4,dynamic,M15,48,100.0,False,0.0,2.0,True,0,0.0,0.0,0.0,0.0,0.0,0.0,0
US500,H1@H4,dynamic,M15,48,100.0,True,0.0,2.0,True,0,0.0,0.0,0.0,0.0,0.0,0.0,0
US500,H1@H4,dynamic,M15,24,100.0,False,0.0,3.0,False,819,0.2844932844932845,-0.5575223559376982,0.957341678939384,-0.030126237634669033,-24.673388622793922,56.09007947174574,0
US500,H1@H4,dynamic,M15,24,100.0,True,0.0,3.0,False,791,0.3034134007585335,0.7407026498853014,1.0754587267688311,0.04349291010314797,34.402891891590045,36.145389451674006,0
US500,H1@H4,dynamic,M15,48,100.0,False,0.0,3.0,False,888,0.28153153153153154,-0.8324850936432652,0.9003160261036183,-0.04293303039284073,-38.12453098884256,55.256876269286494,0
US500,H1@H4,dynamic,M15,48,100.0,True,0.0,3.0,False,853,0.3048065650644783,0.7195872203084439,1.0702399902191522,0.04041646680805,34.47524618726665,28.945973622517453,0
US500,H1@H4,dynamic,M15,24,100.0,False,0.0,3.0,True,0,0.0,0.0,0.0,0.0,0.0,0.0,0
US500,H1@H4,dynamic,M15,24,100.0,True,0.0,3.0,True,0,0.0,0.0,0.0,0.0,0.0,0.0,0
US500,H1@H4,dynamic,M15,48,100.0,False,0.0,3.0,True,0,0.0,0.0,0.0,0.0,0.0,0.0,0
US500,H1@H4,dynamic,M15,48,100.0,True,0.0,3.0,True,0,0.0,0.0,0.0,0.0,0.0,0.0,0
US500,H1@H4,dynamic,M15,24,100.0,False,0.0,5.0,False,798,0.2869674185463659,0.014056590728112155,0.9728616145728655,0.0007873535136335601,0.6283081038795846,41.082223300535745,0
US500,H1@H4,dynamic,M15,24,100.0,True,0.0,5.0,False,778,0.3149100257069409,1.4561437102295676,1.1014487926034682,0.08649251825315028,67.29117920095092,23.886891852951138,0
US500,H1@H4,dynamic,M15,48,100.0,False,0.0,5.0,False,868,0.2857142857142857,-0.12010990729657689,0.9245314433978412,-0.006422878045491182,-5.575058143486332,31.397780959958464,0
US500,H1@H4,dynamic,M15,48,100.0,True,0.0,5.0,False,842,0.3194774346793349,1.6232039291526847,1.1051218585070073,0.09219935322610016,77.63185541637635,27.06801593860329,0
US500,H1@H4,dynamic,M15,24,100.0,False,0.0,5.0,True,0,0.0,0.0,0.0,0.0,0.0,0.0,0
US500,H1@H4,dynamic,M15,24,100.0,True,0.0,5.0,True,0,0.0,0.0,0.0,0.0,0.0,0.0,0
US500,H1@H4,dynamic,M15,48,100.0,False,0.0,5.0,True,0,0.0,0.0,0.0,0.0,0.0,0.0,0
US500,H1@H4,dynamic,M15,48,100.0,True,0.0,5.0,True,0,0.0,0.0,0.0,0.0,0.0,0.0,0
US500,H1@H4,dynamic,M15,24,150.0,False,0.0,0.0,False,822,0.29075425790754256,-1.8018219909229762,0.8928159193248807,-0.09056462152172096,-74.44411889085467,93.21908009729816,0
US500,H1@H4,dynamic,M15,24,150.0,True,0.0,0.0,False,795,0.3069182389937107,-0.40712595294788095,1.0004321942774577,-0.022354443967708915,-17.771782954328565,44.298618984021495,0
US500,H1@H4,dynamic,M15,48,150.0,False,0.0,0.0,False,890,0.2910112359550562,-1.9731577895513424,0.8441142846154043,-0.09478181136519433,-84.35581211502299,95.56796506144009,0
US500,H1@H4,dynamic,M15,48,150.0,True,0.0,0.0,False,856,0.3119158878504673,-0.3330872791195764,1.0010671902696011,-0.017511571183152073,-14.989904932778186,37.40103404745346,0
US500,H1@H4,dynamic,M15,24,150.0,False,0.0,0.0,True,0,0.0,0.0,0.0,0.0,0.0,0.0,0
US500,H1@H4,dynamic,M15,24,150.0,True,0.0,0.0,True,0,0.0,0.0,0.0,0.0,0.0,0.0,0
US500,H1@H4,dynamic,M15,48,150.0,False,0.0,0.0,True,0,0.0,0.0,0.0,0.0,0.0,0.0,0
US500,H1@H4,dynamic,M15,48,150.0,True,0.0,0.0,True,0,0.0,0.0,0.0,0.0,0.0,0.0,0
US500,H1@H4,dynamic,M15,24,150.0,False,0.0,2.0,False,819,0.2844932844932845,-1.8362885978504067,0.8869962932402752,-0.09310442873833784,-76.25252713669872,95.40179470921687,0
US500,H1@H4,dynamic,M15,24,150.0,True,0.0,2.0,False,791,0.3034134007585335,-0.4420884205102271,0.9964209142714395,-0.02428842612905934,-19.21214506808594,50.04003184697534,0
US500,H1@H4,dynamic,M15,48,150.0,False,0.0,2.0,False,888,0.28153153153153154,-2.1981903881299223,0.8339851474308156,-0.1062263053862101,-94.3289591829546,105.4017833000442,0
US500,H1@H4,dynamic,M15,48,150.0,True,0.0,2.0,False,853,0.3048065650644783,-0.5206079065394531,0.9915593074561838,-0.027367527053275012,-23.3445005764436,43.35692846731878,0
US500,H1@H4,dynamic,M15,24,150.0,False,0.0,2.0,True,0,0.0,0.0,0.0,0.0,0.0,0.0,0
US500,H1@H4,dynamic,M15,24,150.0,True,0.0,2.0,True,0,0.0,0.0,0.0,0.0,0.0,0.0,0
US500,H1@H4,dynamic,M15,48,150.0,False,0.0,2.0,True,0,0.0,0.0,0.0,0.0,0.0,0.0,0
US500,H1@H4,dynamic,M15,48,150.0,True,0.0,2.0,True,0,0.0,0.0,0.0,0.0,0.0,0.0,0
US500,H1@H4,dynamic,M15,24,150.0,False,0.0,3.0,False,803,0.2851805728518057,-1.3431427995129854,0.8974542716585536,-0.07014446988808476,-56.326009320132115,78.29545013084142,0
US500,H1@H4,dynamic,M15,24,150.0,True,0.0,3.0,False,780,0.31153846153846154,0.17906326521206312,1.0158081144516928,0.009985493620808899,7.788685024230949,34.93233145623007,0
US500,H1@H4,dynamic,M15,48,150.0,False,0.0,3.0,False,873,0.284077892325315,-1.5661128181316153,0.8503388278205768,-0.07797605485809558,-68.07309589111748,84.8913199717773,0
US500,H1@H4,dynamic,M15,48,150.0,True,0.0,3.0,False,844,0.31516587677725116,0.21250920646379443,1.0143210561839884,0.01131536856324567,9.550171067379335,36.31733787612282,0
US500,H1@H4,dynamic,M15,24,150.0,False,0.0,3.0,True,0,0.0,0.0,0.0,0.0,0.0,0.0,0
US500,H1@H4,dynamic,M15,24,150.0,True,0.0,3.0,True,0,0.0,0.0,0.0,0.0,0.0,0.0,0
US500,H1@H4,dynamic,M15,48,150.0,False,0.0,3.0,True,0,0.0,0.0,0.0,0.0,0.0,0.0,0
US500,H1@H4,dynamic,M15,48,150.0,True,0.0,3.0,True,0,0.0,0.0,0.0,0.0,0.0,0.0,0
US500,H1@H4,dynamic,M15,24,150.0,False,0.0,5.0,False,770,0.2948051948051948,0.0594051310910594,0.9630967971335458,0.0033302031324647235,2.564256411997839,36.306327560866436,0
US500,H1@H4,dynamic,M15,24,150.0,True,0.0,5.0,False,762,0.32808398950131235,1.4730287883422264,1.0958114709637432,0.08512280713064048,64.86357903354808,25.054002646921873,0
US500,H1@H4,dynamic,M15,48,150.0,False,0.0,5.0,False,838,0.28758949880668255,-0.4240789792932909,0.9067715290439254,-0.022587293664402423,-18.928152090769334,45.3787284522877,0
US500,H1@H4,dynamic,M15,48,150.0,True,0.0,5.0,False,827,0.3313180169286578,1.5913020277496202,1.1039339335520004,0.08795731972222902,72.74070341028347,30.177013761439873,0
US500,H1@H4,dynamic,M15,24,150.0,False,0.0,5.0,True,0,0.0,0.0,0.0,0.0,0.0,0.0,0
US500,H1@H4,dynamic,M15,24,150.0,True,0.0,5.0,True,0,0.0,0.0,0.0,0.0,0.0,0.0,0
US500,H1@H4,dynamic,M15,48,150.0,False,0.0,5.0,True,0,0.0,0.0,0.0,0.0,0.0,0.0,0
US500,H1@H4,dynamic,M15,48,150.0,True,0.0,5.0,True,0,0.0,0.0,0.0,0.0,0.0,0.0,0
US500,H1@H4,dynamic,M15,24,200.0,False,0.0,0.0,False,822,0.29075425790754256,-3.09926625876482,0.8279634482642428,-0.1469523898002637,-120.79486441581687,136.21760579114175,0
US500,H1@H4,dynamic,M15,24,200.0,True,0.0,0.0,False,795,0.3069182389937107,-1.616911644194962,0.9278752803783973,-0.08337165083801305,-66.28046241622043,83.74377666714427,0
US500,H1@H4,dynamic,M15,48,200.0,False,0.0,0.0,False,890,0.2910112359550562,-3.3637712211201003,0.7825482182709772,-0.15218976448995866,-135.4488903960633,145.11636146161655,0
US500,H1@H4,dynamic,M15,48,200.0,True,0.0,0.0,False,856,0.3119158878504673,-1.6033921636305524,0.9284281295798613,-0.07919539403585156,-67.79125729468896,84.29211021717367,0
US500,H1@H4,dynamic,M15,24,200.0,False,0.0,0.0,True,0,0.0,0.0,0.0,0.0,0.0,0.0,0
US500,H1@H4,dynamic,M15,24,200.0,True,0.0,0.0,True,0,0.0,0.0,0.0,0.0,0.0,0.0,0
US500,H1@H4,dynamic,M15,48,200.0,False,0.0,0.0,True,0,0.0,0.0,0.0,0.0,0.0,0.0,0
US500,H1@H4,dynamic,M15,48,200.0,True,0.0,0.0,True,0,0.0,0.0,0.0,0.0,0.0,0.0,0
US500,H1@H4,dynamic,M15,24,200.0,False,0.0,2.0,False,805,0.28074534161490683,-2.8991438278772077,0.823152410690513,-0.1416249056613311,-114.00804905737151,130.49491617692343,0
US500,H1@H4,dynamic,M15,24,200.0,True,0.0,2.0,False,783,0.3065134099616858,-1.231480567632411,0.9343617552066831,-0.06447652624047043,-50.485120046288316,69.75969375978792,0
US500,H1@H4,dynamic,M15,48,200.0,False,0.0,2.0,False,876,0.2785388127853881,-3.308385775651874,0.775749177085092,-0.15357625624448026,-134.53280047016486,147.26000264469639,0
US500,H1@H4,dynamic,M15,48,200.0,True,0.0,2.0,False,846,0.3073286052009456,-1.4063322518012018,0.927138405116469,-0.07029757267900652,-59.471746486439535,75.96043358636369,0
US500,H1@H4,dynamic,M15,24,200.0,False,0.0,2.0,True,0,0.0,0.0,0.0,0.0,0.0,0.0,0
US500,H1@H4,dynamic,M15,24,200.0,True,0.0,2.0,True,0,0.0,0.0,0.0,0.0,0.0,0.0,0
US500,H1@H4,dynamic,M15,48,200.0,False,0.0,2.0,True,0,0.0,0.0,0.0,0.0,0.0,0.0,0
US500,H1@H4,dynamic,M15,48,200.0,True,0.0,2.0,True,0,0.0,0.0,0.0,0.0,0.0,0.0,0
US500,H1@H4,dynamic,M15,24,200.0,False,0.0,3.0,False,790,0.2848101265822785,-1.9485698451489184,0.8461959943451172,-0.09938357386818615,-78.51302335586708,93.82156780194893,0
US500,H1@H4,dynamic,M15,24,200.0,True,0.0,3.0,False,767,0.3155149934810952,-0.299431719904408,0.9675068087089628,-0.01616585853607224,-12.399213497167416,36.78298992935919,0
US500,H1@H4,dynamic,M15,48,200.0,False,0.0,3.0,False,860,0.28488372093023256,-2.111034828039213,0.8124256318585944,-0.10276101313905768,-88.37447129958963,97.20923976833913,0
US500,H1@H4,dynamic,M15,48,200.0,True,0.0,3.0,False,833,0.31812725090036015,-0.31175204405542445,0.9679823912607562,-0.016070150339881895,-13.386435233121642,35.99399031841438,0
US500,H1@H4,dynamic,M15,24,200.0,False,0.0,3.0,True,0,0.0,0.0,0.0,0.0,0.0,0.0,0
US500,H1@H4,dynamic,M15,24,200.0,True,0.0,3.0,True,0,0.0,0.0,0.0,0.0,0.0,0.0,0
US500,H1@H4,dynamic,M15,48,200.0,False,0.0,3.0,True,0,0.0,0.0,0.0,0.0,0.0,0.0,0
US500,H1@H4,dynamic,M15,48,200.0,True,0.0,3.0,True,0,0.0,0.0,0.0,0.0,0.0,0.0,0
US500,H1@H4,dynamic,M15,24,200.0,False,0.0,5.0,False,730,0.29178082191780824,-0.3380758379441966,0.934251724733268,-0.01916178238412021,-13.988101140407789,52.18909641146192,0
US500,H1@H4,dynamic,M15,24,200.0,True,0.0,5.0,False,728,0.35302197802197804,2.219687482641376,1.1620766983202382,0.1285299346929618,93.56979245647615,19.754939449632687,0
US500,H1@H4,dynamic,M15,48,200.0,False,0.0,5.0,False,795,0.28553459119496855,-0.7633111819999938,0.8888732315731418,-0.04114182426872842,-32.707750293638995,57.108330691240845,0
US500,H1@H4,dynamic,M15,48,200.0,True,0.0,5.0,False,793,0.3493064312736444,2.088471550925003,1.1456342416804275,0.11574504801048134,91.78582307231173,25.911959597771173,0
US500,H1@H4,dynamic,M15,24,200.0,False,0.0,5.0,True,0,0.0,0.0,0.0,0.0,0.0,0.0,0
US500,H1@H4,dynamic,M15,24,200.0,True,0.0,5.0,True,0,0.0,0.0,0.0,0.0,0.0,0.0,0
US500,H1@H4,dynamic,M15,48,200.0,False,0.0,5.0,True,0,0.0,0.0,0.0,0.0,0.0,0.0,0
US500,H1@H4,dynamic,M15,48,200.0,True,0.0,5.0,True,0,0.0,0.0,0.0,0.0,0.0,0.0,0
US500,H1@H4,dynamic,M5,24,0.0,False,0.0,0.0,False,359,0.34540389972144847,3.7962719448793942,1.433507273918087,0.3816155988857939,137.0,12.0,0
US500,H1@H4,dynamic,M5,24,0.0,True,0.0,0.0,False,341,0.36363636363636365,3.891415329698459,1.4826691807971122,0.443448453132883,151.2159225183129,12.41197671179136,0
US500,H1@H4,dynamic,M5,48,0.0,False,0.0,0.0,False,392,0.3469387755102041,4.027008427480626,1.4170320446675542,0.3877551020408163,152.0,15.0,0
US500,H1@H4,dynamic,M5,48,0.0,True,0.0,0.0,False,373,0.36193029490616624,4.3293407894563725,1.5432445046722483,0.5112578743162979,190.6991871199789,14.36890756302499,0
US500,H1@H4,dynamic,M5,24,0.0,False,0.0,0.0,True,0,0.0,0.0,0.0,0.0,0.0,0.0,0
US500,H1@H4,dynamic,M5,24,0.0,True,0.0,0.0,True,0,0.0,0.0,0.0,0.0,0.0,0.0,0
US500,H1@H4,dynamic,M5,48,0.0,False,0.0,0.0,True,0,0.0,0.0,0.0,0.0,0.0,0.0,0
US500,H1@H4,dynamic,M5,48,0.0,True,0.0,0.0,True,0,0.0,0.0,0.0,0.0,0.0,0.0,0
US500,H1@H4,dynamic,M5,24,0.0,False,0.0,2.0,False,359,0.34540389972144847,3.7962719448793942,1.433507273918087,0.3816155988857939,137.0,12.0,0
US500,H1@H4,dynamic,M5,24,0.0,True,0.0,2.0,False,341,0.36363636363636365,3.891415329698459,1.4826691807971122,0.443448453132883,151.2159225183129,12.41197671179136,0
US500,H1@H4,dynamic,M5,48,0.0,False,0.0,2.0,False,392,0.3469387755102041,4.027008427480626,1.4170320446675542,0.3877551020408163,152.0,15.0,0
US500,H1@H4,dynamic,M5,48,0.0,True,0.0,2.0,False,373,0.36193029490616624,4.3293407894563725,1.5432445046722483,0.5112578743162979,190.6991871199789,14.36890756302499,0
US500,H1@H4,dynamic,M5,24,0.0,False,0.0,2.0,True,0,0.0,0.0,0.0,0.0,0.0,0.0,0
US500,H1@H4,dynamic,M5,24,0.0,True,0.0,2.0,True,0,0.0,0.0,0.0,0.0,0.0,0.0,0
US500,H1@H4,dynamic,M5,48,0.0,False,0.0,2.0,True,0,0.0,0.0,0.0,0.0,0.0,0.0,0
US500,H1@H4,dynamic,M5,48,0.0,True,0.0,2.0,True,0,0.0,0.0,0.0,0.0,0.0,0.0,0
US500,H1@H4,dynamic,M5,24,0.0,False,0.0,3.0,False,359,0.34540389972144847,3.7962719448793942,1.433507273918087,0.3816155988857939,137.0,12.0,0
US500,H1@H4,dynamic,M5,24,0.0,True,0.0,3.0,False,341,0.36363636363636365,3.891415329698459,1.4826691807971122,0.443448453132883,151.2159225183129,12.41197671179136,0
US500,H1@H4,dynamic,M5,48,0.0,False,0.0,3.0,False,392,0.3469387755102041,4.027008427480626,1.4170320446675542,0.3877551020408163,152.0,15.0,0
US500,H1@H4,dynamic,M5,48,0.0,True,0.0,3.0,False,373,0.36193029490616624,4.3293407894563725,1.5432445046722483,0.5112578743162979,190.6991871199789,14.36890756302499,0
US500,H1@H4,dynamic,M5,24,0.0,False,0.0,3.0,True,0,0.0,0.0,0.0,0.0,0.0,0.0,0
US500,H1@H4,dynamic,M5,24,0.0,True,0.0,3.0,True,0,0.0,0.0,0.0,0.0,0.0,0.0,0
US500,H1@H4,dynamic,M5,48,0.0,False,0.0,3.0,True,0,0.0,0.0,0.0,0.0,0.0,0.0,0
US500,H1@H4,dynamic,M5,48,0.0,True,0.0,3.0,True,0,0.0,0.0,0.0,0.0,0.0,0.0,0
US500,H1@H4,dynamic,M5,24,0.0,False,0.0,5.0,False,359,0.34540389972144847,3.7962719448793942,1.433507273918087,0.3816155988857939,137.0,12.0,0
US500,H1@H4,dynamic,M5,24,0.0,True,0.0,5.0,False,341,0.36363636363636365,3.891415329698459,1.4826691807971122,0.443448453132883,151.2159225183129,12.41197671179136,0
US500,H1@H4,dynamic,M5,48,0.0,False,0.0,5.0,False,392,0.3469387755102041,4.027008427480626,1.4170320446675542,0.3877551020408163,152.0,15.0,0
US500,H1@H4,dynamic,M5,48,0.0,True,0.0,5.0,False,373,0.36193029490616624,4.3293407894563725,1.5432445046722483,0.5112578743162979,190.6991871199789,14.36890756302499,0
US500,H1@H4,dynamic,M5,24,0.0,False,0.0,5.0,True,0,0.0,0.0,0.0,0.0,0.0,0.0,0
US500,H1@H4,dynamic,M5,24,0.0,True,0.0,5.0,True,0,0.0,0.0,0.0,0.0,0.0,0.0,0
US500,H1@H4,dynamic,M5,48,0.0,False,0.0,5.0,True,0,0.0,0.0,0.0,0.0,0.0,0.0,0
US500,H1@H4,dynamic,M5,48,0.0,True,0.0,5.0,True,0,0.0,0.0,0.0,0.0,0.0,0.0,0
US500,H1@H4,dynamic,M5,24,100.0,False,0.0,0.0,False,359,0.34540389972144847,0.959433637565716,1.1390597982015613,0.07620254900677136,27.356715093430928,21.38715286380971,0
US500,H1@H4,dynamic,M5,24,100.0,True,0.0,0.0,False,341,0.36363636363636365,1.3737766121339179,1.176534850208693,0.12187387234061892,41.55899046815106,19.198991885313053,0
US500,H1@H4,dynamic,M5,48,100.0,False,0.0,0.0,False,392,0.3469387755102041,1.012874501017209,1.1244394616824869,0.07680788574467133,30.108691211911157,21.617368841710157,0
US500,H1@H4,dynamic,M5,48,100.0,True,0.0,0.0,False,373,0.36193029490616624,1.8370549757186405,1.2241627591304418,0.16504448336965133,61.561592296879965,18.37636326163694,0
US500,H1@H4,dynamic,M5,24,100.0,False,0.0,0.0,True,0,0.0,0.0,0.0,0.0,0.0,0.0,0
US500,H1@H4,dynamic,M5,24,100.0,True,0.0,0.0,True,0,0.0,0.0,0.0,0.0,0.0,0.0,0
US500,H1@H4,dynamic,M5,48,100.0,False,0.0,0.0,True,0,0.0,0.0,0.0,0.0,0.0,0.0,0
US500,H1@H4,dynamic,M5,48,100.0,True,0.0,0.0,True,0,0.0,0.0,0.0,0.0,0.0,0.0,0
US500,H1@H4,dynamic,M5,24,100.0,False,0.0,2.0,False,359,0.3426183844011142,1.059320450353478,1.1464310099881294,0.08489206155711017,30.47625009900254,21.36722377410547,0
US500,H1@H4,dynamic,M5,24,100.0,True,0.0,2.0,False,341,0.36070381231671556,1.4124526207730093,1.1792732033044748,0.12514678090667994,42.675052289177856,20.696654332276847,0
US500,H1@H4,dynamic,M5,48,100.0,False,0.0,2.0,False,392,0.34183673469387754,1.062333200908034,1.1271145315893396,0.0813158532593766,31.875814477675604,22.95070217504349,0
US500,H1@H4,dynamic,M5,48,100.0,True,0.0,2.0,False,373,0.35656836461126007,1.8139014000101028,1.221048702731625,0.16204188019067875,60.441621311123214,19.536822725313492,0
US500,H1@H4,dynamic,M5,24,100.0,False,0.0,2.0,True,0,0.0,0.0,0.0,0.0,0.0,0.0,0
US500,H1@H4,dynamic,M5,24,100.0,True,0.0,2.0,True,0,0.0,0.0,0.0,0.0,0.0,0.0,0
US500,H1@H4,dynamic,M5,48,100.0,False,0.0,2.0,True,0,0.0,0.0,0.0,0.0,0.0,0.0,0
US500,H1@H4,dynamic,M5,48,100.0,True,0.0,2.0,True,0,0.0,0.0,0.0,0.0,0.0,0.0,0
US500,H1@H4,dynamic,M5,24,100.0,False,0.0,3.0,False,358,0.329608938547486,0.9059686658187756,1.1354125371978625,0.07374878157420557,26.402063803565603,23.462796903812915,0
US500,H1@H4,dynamic,M5,24,100.0,True,0.0,3.0,False,340,0.35,1.325311681663197,1.1747981539898729,0.11819565259848173,40.186521883483785,23.02624643827302,0
US500,H1@H4,dynamic,M5,48,100.0,False,0.0,3.0,False,390,0.33076923076923076,0.9647332694299652,1.1165034041283912,0.07513451664475798,29.302461491455624,24.472262957054582,0
US500,H1@H4,dynamic,M5,48,100.0,True,0.0,3.0,False,371,0.3423180592991914,1.4822921387909371,1.1937983558347676,0.13069840380756492,48.48910781260663,25.015671788755782,0
US500,H1@H4,dynamic,M5,24,100.0,False,0.0,3.0,True,0,0.0,0.0,0.0,0.0,0.0,0.0,0
US500,H1@H4,dynamic,M5,24,100.0,True,0.0,3.0,True,0,0.0,0.0,0.0,0.0,0.0,0.0,0
US500,H1@H4,dynamic,M5,48,100.0,False,0.0,3.0,True,0,0.0,0.0,0.0,0.0,0.0,0.0,0
US500,H1@H4,dynamic,M5,48,100.0,True,0.0,3.0,True,0,0.0,0.0,0.0,0.0,0.0,0.0,0
US500,H1@H4,dynamic,M5,24,100.0,False,0.0,5.0,False,350,0.3,0.3090239865843851,1.0770663210151001,0.02595338551911288,9.083684931689515,33.42548350780122,0
US500,H1@H4,dynamic,M5,24,100.0,True,0.0,5.0,False,333,0.3303303303303303,1.0251316174482508,1.1467625469060638,0.09197243974200367,30.626822434087217,29.200256708982273,0
US500,H1@H4,dynamic,M5,48,100.0,False,0.0,5.0,False,379,0.3007915567282322,0.3470847488755437,1.0636564859682516,0.028012424613790745,10.616708928626698,35.381030194124975,0
US500,H1@H4,dynamic,M5,48,100.0,True,0.0,5.0,False,363,0.3278236914600551,1.2212153399433896,1.1662146147530987,0.1074208420178746,38.993765652488484,30.369651367362252,0
US500,H1@H4,dynamic,M5,24,100.0,False,0.0,5.0,True,0,0.0,0.0,0.0,0.0,0.0,0.0,0
US500,H1@H4,dynamic,M5,24,100.0,True,0.0,5.0,True,0,0.0,0.0,0.0,0.0,0.0,0.0,0
US500,H1@H4,dynamic,M5,48,100.0,False,0.0,5.0,True,0,0.0,0.0,0.0,0.0,0.0,0.0,0
US500,H1@H4,dynamic,M5,48,100.0,True,0.0,5.0,True,0,0.0,0.0,0.0,0.0,0.0,0.0,0
US500,H1@H4,dynamic,M5,24,150.0,False,0.0,0.0,False,359,0.34540389972144847,-0.3077770628837881,1.0226768767418861,-0.022427721105978623,-8.051551877046322,29.951173540466815,0
US500,H1@H4,dynamic,M5,24,150.0,True,0.0,0.0,False,341,0.36363636363636365,0.21980481114150735,1.0553133665469168,0.017787304004942175,6.065470665685286,28.59290758243385,0
US500,H1@H4,dynamic,M5,48,150.0,False,0.0,0.0,False,392,0.3469387755102041,-0.3297583558734062,1.0087974616074395,-0.022923439917421982,-8.985988447629428,29.552869130391223,0
US500,H1@H4,dynamic,M5,48,150.0,True,0.0,0.0,False,373,0.36193029490616624,0.6693808072930104,1.0982604139231242,0.05453157336882354,20.34027686657118,28.58877111170535,0
US500,H1@H4,dynamic,M5,24,150.0,False,0.0,0.0,True,0,0.0,0.0,0.0,0.0,0.0,0.0,0
US500,H1@H4,dynamic,M5,24,150.0,True,0.0,0.0,True,0,0.0,0.0,0.0,0.0,0.0,0.0,0
US500,H1@H4,dynamic,M5,48,150.0,False,0.0,0.0,True,0,0.0,0.0,0.0,0.0,0.0,0.0,0
US500,H1@H4,dynamic,M5,48,150.0,True,0.0,0.0,True,0,0.0,0.0,0.0,0.0,0.0,0.0,0
US500,H1@H4,dynamic,M5,24,150.0,False,0.0,2.0,False,358,0.329608938547486,-0.19191780648217374,1.0244331851425814,-0.014399293919722661,-5.154947223260725,31.5048468388313,0
US500,H1@H4,dynamic,M5,24,150.0,True,0.0,2.0,False,340,0.35,0.30730488365438624,1.0587525853704127,0.02519232276116314,8.565389738795464,31.821137434789694,0
US500,H1@H4,dynamic,M5,48,150.0,False,0.0,2.0,False,390,0.33076923076923076,-0.19437267344003606,1.0071886382496364,-0.013941317162901949,-5.43711369353177,30.68884026204887,0
US500,H1@H4,dynamic,M5,48,150.0,True,0.0,2.0,False,371,0.3423180592991914,0.4485487861964447,1.0765237002074834,0.03633330005125736,13.479654319016488,33.285802367707056,0
US500,H1@H4,dynamic,M5,24,150.0,False,0.0,2.0,True,0,0.0,0.0,0.0,0.0,0.0,0.0,0
US500,H1@H4,dynamic,M5,24,150.0,True,0.0,2.0,True,0,0.0,0.0,0.0,0.0,0.0,0.0,0
US500,H1@H4,dynamic,M5,48,150.0,False,0.0,2.0,True,0,0.0,0.0,0.0,0.0,0.0,0.0,0
US500,H1@H4,dynamic,M5,48,150.0,True,0.0,2.0,True,0,0.0,0.0,0.0,0.0,0.0,0.0,0
US500,H1@H4,dynamic,M5,24,150.0,False,0.0,3.0,False,352,0.29261363636363635,-1.0095827924552438,0.949273446902728,-0.07753701827830771,-27.293030433964322,46.73621077968201,0
US500,H1@H4,dynamic,M5,24,150.0,True,0.0,3.0,False,336,0.3244047619047619,-0.14887931333574791,1.013306125586896,-0.012277141011289025,-4.125119379793111,44.49641952275695,0
US500,H1@H4,dynamic,M5,48,150.0,False,0.0,3.0,False,381,0.29396325459317585,-1.006179388095147,0.9386360015133673,-0.07428487373378029,-28.30253689257029,46.139209549930975,0
US500,H1@H4,dynamic,M5,48,150.0,True,0.0,3.0,False,364,0.31868131868131866,-0.020261279785242597,1.0292665443472264,-0.001648812129322789,-0.6001676150735031,45.2939913322983,0
US500,H1@H4,dynamic,M5,24,150.0,False,0.0,3.0,True,0,0.0,0.0,0.0,0.0,0.0,0.0,0
US500,H1@H4,dynamic,M5,24,150.0,True,0.0,3.0,True,0,0.0,0.0,0.0,0.0,0.0,0.0,0
US500,H1@H4,dynamic,M5,48,150.0,False,0.0,3.0,True,0,0.0,0.0,0.0,0.0,0.0,0.0,0
US500,H1@H4,dynamic,M5,48,150.0,True,0.0,3.0,True,0,0.0,0.0,0.0,0.0,0.0,0.0,0
US500,H1@H4,dynamic,M5,24,150.0,False,0.0,5.0,False,336,0.3333333333333333,1.4093478099286159,1.1859226566767775,0.12228224064485255,41.08683285667047,18.262708666370976,0
US500,H1@H4,dynamic,M5,24,150.0,True,0.0,5.0,False,321,0.3582554517133956,1.7597220883219877,1.2391299769237907,0.15965078071047265,51.24790060806173,17.470530066005814,0
US500,H1@H4,dynamic,M5,48,150.0,False,0.0,5.0,False,364,0.3269230769230769,1.213189131748706,1.1487224125578135,0.10061529397930072,36.62396700846547,24.33333333333333,0
US500,H1@H4,dynamic,M5,48,150.0,True,0.0,5.0,False,348,0.3649425287356322,2.1984748837421764,1.2961220494562435,0.19581757054731594,68.14451455046597,24.251744351720088,0
US500,H1@H4,dynamic,M5,24,150.0,False,0.0,5.0,True,0,0.0,0.0,0.0,0.0,0.0,0.0,0
US500,H1@H4,dynamic,M5,24,150.0,True,0.0,5.0,True,0,0.0,0.0,0.0,0.0,0.0,0.0,0
US500,H1@H4,dynamic,M5,48,150.0,False,0.0,5.0,True,0,0.0,0.0,0.0,0.0,0.0,0.0,0
US500,H1@H4,dynamic,M5,48,150.0,True,0.0,5.0,True,0,0.0,0.0,0.0,0.0,0.0,0.0,0
US500,H1@H4,dynamic,M5,24,200.0,False,0.0,0.0,False,359,0.34540389972144847,-1.5053425131928808,0.9214865602741785,-0.1017885691016669,-36.54209630749842,41.615753922386155,0
US500,H1@H4,dynamic,M5,24,200.0,True,0.0,0.0,False,341,0.36070381231671556,-0.8821440577879327,0.9498187317035758,-0.06591909068374592,-22.47840992315735,39.41332265757775,0
US500,H1@H4,dynamic,M5,48,200.0,False,0.0,0.0,False,392,0.3469387755102041,-1.5978959345549324,0.9082549191664687,-0.10300379197036166,-40.37748645238176,43.56816245143876,0
US500,H1@H4,dynamic,M5,48,200.0,True,0.0,0.0,False,373,0.35924932975871315,-0.45224017485385687,0.9888940410824721,-0.0338783592998012,-12.636628018825842,41.879225396674755,0
US500,H1@H4,dynamic,M5,24,200.0,False,0.0,0.0,True,0,0.0,0.0,0.0,0.0,0.0,0.0,0
US500,H1@H4,dynamic,M5,24,200.0,True,0.0,0.0,True,0,0.0,0.0,0.0,0.0,0.0,0.0,0
US500,H1@H4,dynamic,M5,48,200.0,False,0.0,0.0,True,0,0.0,0.0,0.0,0.0,0.0,0.0,0
US500,H1@H4,dynamic,M5,48,200.0,True,0.0,0.0,True,0,0.0,0.0,0.0,0.0,0.0,0.0,0
US500,H1@H4,dynamic,M5,24,200.0,False,0.0,2.0,False,354,0.307909604519774,-1.5409082054887295,0.8994048176292506,-0.11017733387375876,-39.00277619131063,48.58887866375157,0
US500,H1@H4,dynamic,M5,24,200.0,True,0.0,2.0,False,337,0.3293768545994065,-0.972690935873553,0.9299583466996274,-0.07477109678991568,-25.19785961820158,48.87779054075769,0
US500,H1@H4,dynamic,M5,48,200.0,False,0.0,2.0,False,384,0.3125,-1.4442732336019222,0.896684985851441,-0.09927924644372582,-38.12323063439075,47.11097743169513,0
US500,H1@H4,dynamic,M5,48,200.0,True,0.0,2.0,False,366,0.32786885245901637,-0.7232181364004208,0.9559892331620169,-0.054861869953501466,-20.079444402981547,53.54145522904571,0
US500,H1@H4,dynamic,M5,24,200.0,False,0.0,2.0,True,0,0.0,0.0,0.0,0.0,0.0,0.0,0
US500,H1@H4,dynamic,M5,24,200.0,True,0.0,2.0,True,0,0.0,0.0,0.0,0.0,0.0,0.0,0
US500,H1@H4,dynamic,M5,48,200.0,False,0.0,2.0,True,0,0.0,0.0,0.0,0.0,0.0,0.0,0
US500,H1@H4,dynamic,M5,48,200.0,True,0.0,2.0,True,0,0.0,0.0,0.0,0.0,0.0,0.0,0
US500,H1@H4,dynamic,M5,24,200.0,False,0.0,3.0,False,350,0.3142857142857143,-0.41382160818470765,0.981534022118778,-0.03174831603607767,-11.111910612627184,32.07480602774889,0
US500,H1@H4,dynamic,M5,24,200.0,True,0.0,3.0,False,328,0.3445121951219512,0.34469892893245235,1.051664450704524,0.028233027163614217,9.260432909665457,21.842431073884264,0
US500,H1@H4,dynamic,M5,48,200.0,False,0.0,3.0,False,378,0.31746031746031744,-0.3052674626184017,0.983640864704315,-0.022579248212044503,-8.534955824152815,43.16627172235654,0
US500,H1@H4,dynamic,M5,48,200.0,True,0.0,3.0,False,356,0.3455056179775281,0.4834096189334819,1.0684530666397836,0.03855219482137575,13.724581356409754,35.22439149514267,0
US500,H1@H4,dynamic,M5,24,200.0,False,0.0,3.0,True,0,0.0,0.0,0.0,0.0,0.0,0.0,0
US500,H1@H4,dynamic,M5,24,200.0,True,0.0,3.0,True,0,0.0,0.0,0.0,0.0,0.0,0.0,0
US500,H1@H4,dynamic,M5,48,200.0,False,0.0,3.0,True,0,0.0,0.0,0.0,0.0,0.0,0.0,0
US500,H1@H4,dynamic,M5,48,200.0,True,0.0,3.0,True,0,0.0,0.0,0.0,0.0,0.0,0.0,0
US500,H1@H4,dynamic,M5,24,200.0,False,0.0,5.0,False,321,0.3302180685358255,1.2129623275434986,1.1677622131797887,0.10693010585792866,34.324563980395084,19.0,0
US500,H1@H4,dynamic,M5,24,200.0,True,0.0,5.0,False,310,0.3709677419354839,1.9120972816022619,1.27297440165735,0.17089192665033734,52.97649726160456,17.90210959486392,0
US500,H1@H4,dynamic,M5,48,200.0,False,0.0,5.0,False,348,0.3275862068965517,1.1607018727839853,1.154288617170228,0.09805510417194953,34.12317625183842,23.666666666666664,0
US500,H1@H4,dynamic,M5,48,200.0,True,0.0,5.0,False,333,0.3813813813813814,2.444072005024443,1.3483872486347457,0.21516836120367586,71.65106428082406,21.623904973556808,0
US500,H1@H4,dynamic,M5,24,200.0,False,0.0,5.0,True,0,0.0,0.0,0.0,0.0,0.0,0.0,0
US500,H1@H4,dynamic,M5,24,200.0,True,0.0,5.0,True,0,0.0,0.0,0.0,0.0,0.0,0.0,0
US500,H1@H4,dynamic,M5,48,200.0,False,0.0,5.0,True,0,0.0,0.0,0.0,0.0,0.0,0.0,0
US500,H1@H4,dynamic,M5,48,200.0,True,0.0,5.0,True,0,0.0,0.0,0.0,0.0,0.0,0.0,0
US500,M5@M15,none,,48,0.0,False,0.0,0.0,False,2019,0.29321446260525014,4.276441790339223,1.118612490113537,0.17333066519401744,349.9546130267212,28.0,0
US500,M5@M15,none,,48,0.0,True,0.0,0.0,False,2090,0.3220095693779904,6.169554418850785,1.3456971097967025,0.2599538511494094,543.3035489022683,26.799999999999955,0
US500,M5@M15,none,,48,0.0,False,0.0,2.0,False,2019,0.29321446260525014,4.276441790339223,1.118612490113537,0.17333066519401744,349.9546130267212,28.0,0
US500,M5@M15,none,,48,0.0,True,0.0,2.0,False,2090,0.3220095693779904,6.169554418850785,1.3456971097967025,0.2599538511494094,543.3035489022683,26.799999999999955,0
US500,M5@M15,none,,48,0.0,False,0.0,3.0,False,2019,0.29321446260525014,4.276441790339223,1.118612490113537,0.17333066519401744,349.9546130267212,28.0,0
US500,M5@M15,none,,48,0.0,True,0.0,3.0,False,2090,0.3220095693779904,6.169554418850785,1.3456971097967025,0.2599538511494094,543.3035489022683,26.799999999999955,0
US500,M5@M15,none,,48,0.0,False,0.0,5.0,False,2019,0.29321446260525014,4.276441790339223,1.118612490113537,0.17333066519401744,349.9546130267212,28.0,0
US500,M5@M15,none,,48,0.0,True,0.0,5.0,False,2090,0.3220095693779904,6.169554418850785,1.3456971097967025,0.2599538511494094,543.3035489022683,26.799999999999955,0
US500,M5@M15,none,,48,100.0,False,0.0,0.0,False,2019,0.29321446260525014,-0.03827266204735326,0.98716524088343,-0.0013324024351307822,-2.690120516529025,82.55273701839008,0
US500,M5@M15,none,,48,100.0,True,0.0,0.0,False,2090,0.3220095693779904,2.297337634783716,1.1828421010801768,0.08317917393334166,173.84447352068403,27.669296787012343,0
US500,M5@M15,none,,48,100.0,False,0.0,2.0,False,2005,0.2887780548628429,-0.20211250437076833,0.984346360343836,-0.007076001647678849,-14.18738330359612,83.54959900770201,0
US500,M5@M15,none,,48,100.0,True,0.0,2.0,False,2077,0.32113625421280695,2.3582594219982584,1.1835362493735282,0.0858622620233363,178.33591822246947,27.669296787012343,0
US500,M5@M15,none,,48,100.0,False,0.0,3.0,False,1968,0.2896341463414634,0.1403996072005038,0.9924435098451383,0.0050019140941614665,9.843766937309766,79.81699233685605,0
US500,M5@M15,none,,48,100.0,True,0.0,3.0,False,2038,0.32433758586849853,2.7256144572058805,1.187848463699259,0.10062676554497606,205.07734818066118,27.669296787012314,0
US500,M5@M15,none,,48,100.0,False,0.0,5.0,False,1873,0.2856380138814736,0.37047313689122874,0.9878031414640039,0.013745133472188932,25.74463499341,73.83539775984745,0
US500,M5@M15,none,,48,100.0,True,0.0,5.0,False,1891,0.3199365415124273,2.834737608271736,1.188939311002161,0.10960369775814531,207.260592460653,27.669296787012314,0
US500,M5@M15,none,,48,150.0,False,0.0,0.0,False,2019,0.29321446260525014,-1.9529648849043464,0.9295449464481123,-0.06413649673196029,-129.49158690182787,153.27524167346056,0
US500,M5@M15,none,,48,150.0,True,0.0,0.0,False,2090,0.3215311004784689,0.5239205755123323,1.1118693817340728,0.017871403502662093,37.351233320563765,40.282966738558144,0
US500,M5@M15,none,,48,150.0,False,0.0,2.0,False,1968,0.2896341463414634,-1.6100963428570085,0.9358155718566402,-0.05420398413046381,-106.67344076875283,126.42016243051422,0
US500,M5@M15,none,,48,150.0,True,0.0,2.0,False,2038,0.32433758586849853,1.0534044390749908,1.1180497284288209,0.036685613521144446,74.76528035609239,34.004680801614846,0
US500,M5@M15,none,,48,150.0,False,0.0,3.0,False,1905,0.28818897637795277,-1.0938068847614706,0.9377864624692194,-0.03805548522074507,-72.49569934551936,112.6306154118555,0
US500,M5@M15,none,,48,150.0,True,0.0,3.0,False,1937,0.3200826019617966,1.3603760119823383,1.1214997944406409,0.04926876024435335,95.43358859331248,28.36070420596385,0
US500,M5@M15,none,,48,150.0,False,0.0,5.0,False,1636,0.27444987775061125,-1.1459618108571077,0.9366558839329483,-0.04408270246444707,-72.11930123183546,109.26201608026899,0
US500,M5@M15,none,,48,150.0,True,0.0,5.0,False,1683,0.3143196672608437,1.530608831678002,1.1239169756651939,0.06007877355619279,101.11257589507234,28.802111168172353,0
US500,M5@M15,none,,48,200.0,False,0.0,0.0,False,2019,0.29271916790490343,-3.761398727742456,0.8764744332602319,-0.11729874054953093,-236.82615716950326,251.18529889526593,0
US500,M5@M15,none,,48,200.0,True,0.0,0.0,False,2090,0.32105263157894737,-1.1721776473028744,1.0467221738838133,-0.03791572379198486,-79.24386272524836,116.71363431089637,0
US500,M5@M15,none,,48,200.0,False,0.0,2.0,False,1925,0.28623376623376623,-3.0621219019172083,0.8819752485730304,-0.10007346450060749,-192.64141916366935,208.22363256244608,0
US500,M5@M15,none,,48,200.0,True,0.0,2.0,False,1985,0.3209068010075567,-0.3312817013914841,1.0537079828091105,-0.011194456756239833,-22.220996661136073,71.27895127492609,0
US500,M5@M15,none,,48,200.0,False,0.0,3.0,False,1759,0.28368391131324616,-2.1564334552630338,0.8920387955227124,-0.07580624685382976,-133.34318821588656,157.52291246564843,0
US500,M5@M15,none,,48,200.0,True,0.0,3.0,False,1825,0.31945205479452055,0.35219551989050357,1.0692641657033721,0.012605685048934716,23.00537521430582,56.02340795546727,0
US500,M5@M15,none,,48,200.0,False,0.0,5.0,False,1408,0.27769886363636365,-1.1526968087149128,0.9138051898064016,-0.04723523347491883,-66.5072087326858,105.91216899558603,0
US500,M5@M15,none,,48,200.0,True,0.0,5.0,False,1482,0.32186234817813764,1.4678679344598142,1.1024062643029677,0.060114961175598426,89.0903724622368,33.964136566088726,0
US500,M1@M5,none,,48,0.0,False,0.0,0.0,False,2232,0.2576164874551971,0.8262863425669967,0.9507358020485093,0.0306002504063823,68.2997589070453,73.0,0
US500,M1@M5,none,,48,0.0,True,0.0,0.0,False,2232,0.2576164874551971,0.8347904182728801,0.9510634872946199,0.030913978494623656,69.0,73.0,0
US500,M1@M5,none,,48,0.0,False,0.0,2.0,False,2232,0.2576164874551971,0.8262863425669967,0.9507358020485093,0.0306002504063823,68.2997589070453,73.0,0
US500,M1@M5,none,,48,0.0,True,0.0,2.0,False,2232,0.2576164874551971,0.8347904182728801,0.9510634872946199,0.030913978494623656,69.0,73.0,0
US500,M1@M5,none,,48,0.0,False,0.0,3.0,False,2232,0.2576164874551971,0.8262863425669967,0.9507358020485093,0.0306002504063823,68.2997589070453,73.0,0
US500,M1@M5,none,,48,0.0,True,0.0,3.0,False,2232,0.2576164874551971,0.8347904182728801,0.9510634872946199,0.030913978494623656,69.0,73.0,0
US500,M1@M5,none,,48,0.0,False,0.0,5.0,False,2232,0.2576164874551971,0.8262863425669967,0.9507358020485093,0.0306002504063823,68.2997589070453,73.0,0
US500,M1@M5,none,,48,0.0,True,0.0,5.0,False,2232,0.2576164874551971,0.8347904182728801,0.9510634872946199,0.030913978494623656,69.0,73.0,0
US500,M1@M5,none,,48,100.0,False,0.0,0.0,False,2232,0.2576164874551971,-6.297444402983967,0.7786412116677399,-0.1868493061443004,-417.04765131407794,430.64866679977655,0
US500,M1@M5,none,,48,100.0,True,0.0,0.0,False,2232,0.2576164874551971,-6.28635656134763,0.7789363398022546,-0.18651437110593147,-416.30007630843846,430.64866679977655,0
US500,M1@M5,none,,48,100.0,False,0.0,2.0,False,2167,0.2551915089986156,-5.70180769304081,0.7869352897453555,-0.1742426305250883,-377.5837803478656,398.55653271397273,0
US500,M1@M5,none,,48,100.0,True,0.0,2.0,False,2167,0.2551915089986156,-5.690712571196684,0.7872351277662294,-0.17389764898118448,-376.83620534222615,398.55653271397273,0
US500,M1@M5,none,,48,100.0,False,0.0,3.0,False,2039,0.25404610102991665,-4.847496715486251,0.7990515120882923,-0.15596472349647977,-318.01207120932173,330.7195250560897,0
US500,M1@M5,none,,48,100.0,True,0.0,3.0,False,2039,0.25404610102991665,-4.836284571954066,0.7993589636959244,-0.15559808543584244,-317.26449620368226,330.7195250560897,0
US500,M1@M5,none,,48,100.0,False,0.0,5.0,False,1706,0.2473622508792497,-3.9590016829664134,0.7971328475272311,-0.14342703707640894,-244.68652525235314,256.57457156899966,0
US500,M1@M5,none,,48,100.0,True,0.0,5.0,False,1706,0.2473622508792497,-3.9470842243357565,0.7974495026467582,-0.1429888336733377,-243.93895024671363,256.57457156899966,0
US500,M1@M5,none,,48,150.0,False,0.0,0.0,False,2232,0.2576164874551971,-9.362640451312949,0.708645715086901,-0.25654254928721487,-572.602970009065,575.4249558227804,0
US500,M1@M5,none,,48,150.0,True,0.0,0.0,False,2232,0.2576164874551971,-9.350357467156087,0.7089242181329047,-0.25619933852808213,-571.8369235946807,575.4249558227804,0
US500,M1@M5,none,,48,150.0,False,0.0,2.0,False,2039,0.25404610102991665,-7.332164141117066,0.7327379775839785,-0.21914787487604442,-446.8425168722542,447.5375496300575,0
US500,M1@M5,none,,48,150.0,True,0.0,2.0,False,2039,0.25404610102991665,-7.319842037788122,0.7330315560260827,-0.21877217776256513,-446.0764704578699,447.5375496300575,0
US500,M1@M5,none,,48,150.0,False,0.0,3.0,False,1755,0.2547008547008547,-5.411941970353731,0.7610227343019647,-0.1815569800849116,-318.63250004902,322.48127677017357,0
US500,M1@M5,none,,48,150.0,True,0.0,3.0,False,1755,0.2547008547008547,-5.399171536397357,0.761342696630534,-0.18112048640150177,-317.8664536346357,322.48127677017357,0
US500,M1@M5,none,,48,150.0,False,0.0,5.0,False,1338,0.2414050822122571,-4.481611601836998,0.7597190362673624,-0.178744141254567,-239.15966099861024,243.66364640109933,0
US500,M1@M5,none,,48,150.0,True,0.0,5.0,False,1338,0.2406576980568012,-4.4871847310942945,0.7594975094428464,-0.17896052676243235,-239.44918480813405,243.66364640109933,0
US500,M1@M5,none,,48,200.0,False,0.0,0.0,False,2232,0.25627240143369173,-12.233338730428933,0.6468679470561678,-0.3128366044109879,-698.2513010453256,699.0613818186708,0
US500,M1@M5,none,,48,200.0,True,0.0,0.0,False,2232,0.25627240143369173,-12.219868022651667,0.64713013767511,-0.3124862465117527,-697.4693022142327,699.0613818186708,0
US500,M1@M5,none,,48,200.0,False,0.0,2.0,False,1843,0.24579489962018447,-8.872281419215538,0.6726157099264183,-0.2673050256401198,-492.64316225473937,492.9366133163326,0
US500,M1@M5,none,,48,200.0,True,0.0,2.0,False,1843,0.24579489962018447,-8.858476525413524,0.6729017574279325,-0.26688071808119795,-491.8611634236465,492.9366133163326,0
US500,M1@M5,none,,48,200.0,False,0.0,3.0,False,1554,0.2413127413127413,-7.013383746613206,0.6911453093105306,-0.24035253730218836,-373.50784296760065,379.36467637111247,0
US500,M1@M5,none,,48,200.0,True,0.0,3.0,False,1554,0.2413127413127413,-7.000133980020165,0.6914523567076445,-0.23989128523379344,-372.79105725331493,379.36467637111247,0
US500,M1@M5,none,,48,200.0,False,0.0,5.0,False,1055,0.23033175355450236,-5.124542811110208,0.7067171817974284,-0.22423420171267355,-236.5670828068701,236.07589233067964,0
US500,M1@M5,none,,48,200.0,True,0.0,5.0,False,1055,0.22938388625592418,-5.128475899942086,0.7065322520832029,-0.22440052985530504,-236.7425589973463,236.07589233067964,0
US500,M1@M15,none,,48,0.0,False,0.0,0.0,False,866,0.2517321016166282,0.1360185663733141,0.9745031673904154,0.008027194458559607,6.95155040111262,41.0,0
US500,M1@M15,none,,48,0.0,True,0.0,0.0,False,850,0.27294117647058824,1.5753268860426908,1.0974419756683071,0.10451444275092396,88.83727633828532,20.549912204966354,0
US500,M1@M15,none,,48,0.0,False,0.0,2.0,False,866,0.2517321016166282,0.1360185663733141,0.9745031673904154,0.008027194458559607,6.95155040111262,41.0,0
US500,M1@M15,none,,48,0.0,True,0.0,2.0,False,850,0.27294117647058824,1.5753268860426908,1.0974419756683071,0.10451444275092396,88.83727633828532,20.549912204966354,0
US500,M1@M15,none,,48,0.0,False,0.0,3.0,False,866,0.2517321016166282,0.1360185663733141,0.9745031673904154,0.008027194458559607,6.95155040111262,41.0,0
US500,M1@M15,none,,48,0.0,True,0.0,3.0,False,850,0.27294117647058824,1.5753268860426908,1.0974419756683071,0.10451444275092396,88.83727633828532,20.549912204966354,0
US500,M1@M15,none,,48,0.0,False,0.0,5.0,False,866,0.2517321016166282,0.1360185663733141,0.9745031673904154,0.008027194458559607,6.95155040111262,41.0,0
US500,M1@M15,none,,48,0.0,True,0.0,5.0,False,850,0.27294117647058824,1.5753268860426908,1.0974419756683071,0.10451444275092396,88.83727633828532,20.549912204966354,0
US500,M1@M15,none,,48,100.0,False,0.0,0.0,False,866,0.2517321016166282,-2.5293273829443472,0.8601719700504808,-0.12974438163135046,-112.35863449274954,119.2418772182565,0
US500,M1@M15,none,,48,100.0,True,0.0,0.0,False,850,0.27294117647058824,-0.8048118665481581,0.9686774920476416,-0.0458128329615281,-38.94090801729888,60.74397176068168,0
US500,M1@M15,none,,48,100.0,False,0.0,2.0,False,857,0.2508751458576429,-2.468522400082923,0.860625114309229,-0.12768926932404015,-109.4297038107024,116.31294653620937,0
US500,M1@M15,none,,48,100.0,True,0.0,2.0,False,846,0.27423167848699764,-0.714037484528971,0.9707870524381963,-0.04080000394264719,-34.51680333547952,58.79196172612809,0
US500,M1@M15,none,,48,100.0,False,0.0,3.0,False,846,0.2541371158392435,-2.134367786427965,0.8650101418184996,-0.111994980557885,-94.74775355197069,105.98045905024675,0
US500,M1@M15,none,,48,100.0,True,0.0,3.0,False,838,0.2756563245823389,-0.5637997279236588,0.9726338434270627,-0.032475338151151,-27.21433337066452,56.761413010963885,0
US500,M1@M15,none,,48,100.0,False,0.0,5.0,False,786,0.24936386768447838,-1.949982849204167,0.8822385845210885,-0.10776114800678416,-84.70026233333233,91.26630116494172,0
US500,M1@M15,none,,48,100.0,True,0.0,5.0,False,774,0.2713178294573643,-0.538605623516894,0.9725287095161754,-0.03234412388698546,-25.03435188852675,52.42510000745664,0
US500,M1@M15,none,,48,150.0,False,0.0,0.0,False,866,0.2517321016166282,-3.724554444000048,0.8101723674960291,-0.18079780739769602,-156.57090120640487,162.70224268483946,0
US500,M1@M15,none,,48,150.0,True,0.0,0.0,False,850,0.27294117647058824,-1.9062917299855275,0.9123814243235225,-0.10212983766544244,-86.81036201562607,102.05294173473126,0
US500,M1@M15,none,,48,150.0,False,0.0,2.0,False,846,0.2541371158392435,-3.265512476320719,0.8156871897363052,-0.16224983704149024,-137.26336213710067,146.74118959844873,0
US500,M1@M15,none,,48,150.0,True,0.0,2.0,False,838,0.2756563245823389,-1.625831690188139,0.9167691047461238,-0.08823841473349803,-73.94379154667136,94.23395361853545,0
US500,M1@M15,none,,48,150.0,False,0.0,3.0,False,800,0.25,-2.9820025749200196,0.8295182847573137,-0.15484001310120413,-123.87201048096328,129.61424466243682,0
US500,M1@M15,none,,48,150.0,True,0.0,3.0,False,793,0.27112232030264816,-1.5411918278612937,0.9190684052033617,-0.08656519905809208,-68.64620285306698,85.88477350850957,0
US500,M1@M15,none,,48,150.0,False,0.0,5.0,False,712,0.24297752808988765,-2.68857963297075,0.8206101933120017,-0.15104803490081078,-107.5462008493773,113.4174328759083,0
US500,M1@M15,none,,48,150.0,True,0.0,5.0,False,718,0.27158774373259054,-1.173824571541088,0.9164019925595419,-0.06935621055172966,-49.797759176141916,64.03397227639181,0
US500,M1@M15,none,,48,200.0,False,0.0,0.0,False,866,0.2517321016166282,-4.8586797283061784,0.7641836387605759,-0.22449723309562128,-194.41460386080806,199.90105868286665,0
US500,M1@M15,none,,48,200.0,True,0.0,0.0,False,850,0.27294117647058824,-2.964264109889413,0.860609664553805,-0.1504476401651076,-127.88049414034154,140.45612948862376,0
US500,M1@M15,none,,48,200.0,False,0.0,2.0,False,819,0.25518925518925517,-3.879771952682677,0.7820944677738839,-0.18920497616038018,-154.95887547535133,163.73918136218913,0
US500,M1@M15,none,,48,200.0,True,0.0,2.0,False,810,0.2765432098765432,-2.3321769276317714,0.8752099593450648,-0.12307206636600257,-99.68837375646208,117.20325228546365,0
US500,M1@M15,none,,48,200.0,False,0.0,3.0,False,770,0.24415584415584415,-3.8787569688708783,0.7740062240506195,-0.19787627010780007,-152.36472798300605,156.74483400127667,0
US500,M1@M15,none,,48,200.0,True,0.0,3.0,False,759,0.2740447957839262,-2.0102479510346667,0.87547856878203,-0.11052472503914973,-83.88826630471465,97.60906430730567,0
US500,M1@M15,none,,48,200.0,False,0.0,5.0,False,613,0.2528548123980424,-2.1694440234326304,0.8221305576877319,-0.13090065241734283,-80.24209993183116,86.28887261676844,0
US500,M1@M15,none,,48,200.0,True,0.0,5.0,False,657,0.2831050228310502,-0.8838575544224683,0.9679999877760187,-0.053632673198167474,-35.23666629119598,56.85630023414812,0
USTEC,H1@H4,none,,48,0.0,False,0.0,0.0,False,1396,0.39040114613180515,4.33632233393789,1.1996491219701613,0.16982078839649395,237.06982060150557,29.0,0
USTEC,H1@H4,none,,48,0.0,True,0.0,0.0,False,2354,0.5514018691588785,25.051674217039512,3.291805318405349,0.8912561403363549,2098.016954351781,9.657319271386086,0
USTEC,H1@H4,none,,48,100.0,False,0.0,0.0,False,1396,0.39040114613180515,3.838259049190263,1.1829568748603019,0.1474821865944481,205.8851324858496,33.856131185868,0
USTEC,H1@H4,none,,48,100.0,True,0.0,0.0,False,2354,0.5514018691588785,24.551214173927885,3.2476264353631974,0.857664024857408,2018.9411145143367,9.671713617370187,0
USTEC,H1@H4,none,,48,150.0,False,0.0,0.0,False,1396,0.39040114613180515,3.5946846240433064,1.1747238065254781,0.13688734203309505,191.09472947820066,36.124559218132674,0
USTEC,H1@H4,none,,48,150.0,True,0.0,0.0,False,2354,0.5514018691588785,24.301294257575837,3.2258591235325755,0.8417119835834469,1981.390009355434,9.67886440123948,0
USTEC,H1@H4,none,,48,200.0,False,0.0,0.0,False,1396,0.39040114613180515,3.354495501528121,1.1665647531874184,0.12663657515759832,176.7846589200073,38.297559479852076,0
USTEC,H1@H4,none,,48,200.0,True,0.0,0.0,False,2354,0.5514018691588785,24.052086614233648,3.2043024093769685,0.826266052575899,1945.0302877636677,9.6859845242343,0
USTEC,H1@H4,static,M15,48,0.0,False,0.0,0.0,False,1358,0.4418262150220913,14.229427376112746,1.9578508096503864,0.7673048600883653,1042.0,16.0,0
USTEC,H1@H4,static,M15,48,0.0,True,0.0,0.0,False,1197,0.45614035087719296,13.329880623798848,2.307806536388497,0.8570133442300166,1025.844973043334,17.693960407032023,0
USTEC,H1@H4,static,M15,48,0.0,False,0.0,0.0,True,41,0.3902439024390244,1.818309654596818,1.7191565795273058,0.5609756097560976,23.0,8.0,0
USTEC,H1@H4,static,M15,48,0.0,True,0.0,0.0,True,37,0.35135135135135137,1.0082730982070305,1.2930946572666766,0.3268652916236116,12.09401579007363,8.0,0
USTEC,H1@H4,static,M15,48,0.0,False,0.0,2.0,False,1358,0.4418262150220913,14.229427376112746,1.9578508096503864,0.7673048600883653,1042.0,16.0,0
USTEC,H1@H4,static,M15,48,0.0,True,0.0,2.0,False,1197,0.45614035087719296,13.329880623798848,2.307806536388497,0.8570133442300166,1025.844973043334,17.693960407032023,0
USTEC,H1@H4,static,M15,48,0.0,False,0.0,2.0,True,41,0.3902439024390244,1.818309654596818,1.7191565795273058,0.5609756097560976,23.0,8.0,0
USTEC,H1@H4,static,M15,48,0.0,True,0.0,2.0,True,37,0.35135135135135137,1.0082730982070305,1.2930946572666766,0.3268652916236116,12.09401579007363,8.0,0
USTEC,H1@H4,static,M15,48,0.0,False,0.0,3.0,False,1358,0.4418262150220913,14.229427376112746,1.9578508096503864,0.7673048600883653,1042.0,16.0,0
USTEC,H1@H4,static,M15,48,0.0,True,0.0,3.0,False,1197,0.45614035087719296,13.329880623798848,2.307806536388497,0.8570133442300166,1025.844973043334,17.693960407032023,0
USTEC,H1@H4,static,M15,48,0.0,False,0.0,3.0,True,41,0.3902439024390244,1.818309654596818,1.7191565795273058,0.5609756097560976,23.0,8.0,0
USTEC,H1@H4,static,M15,48,0.0,True,0.0,3.0,True,37,0.35135135135135137,1.0082730982070305,1.2930946572666766,0.3268652916236116,12.09401579007363,8.0,0
USTEC,H1@H4,static,M15,48,0.0,False,0.0,5.0,False,1358,0.4418262150220913,14.229427376112746,1.9578508096503864,0.7673048600883653,1042.0,16.0,0
USTEC,H1@H4,static,M15,48,0.0,True,0.0,5.0,False,1197,0.45614035087719296,13.329880623798848,2.307806536388497,0.8570133442300166,1025.844973043334,17.693960407032023,0
USTEC,H1@H4,static,M15,48,0.0,False,0.0,5.0,True,41,0.3902439024390244,1.818309654596818,1.7191565795273058,0.5609756097560976,23.0,8.0,0
USTEC,H1@H4,static,M15,48,0.0,True,0.0,5.0,True,37,0.35135135135135137,1.0082730982070305,1.2930946572666766,0.3268652916236116,12.09401579007363,8.0,0
USTEC,H1@H4,static,M15,48,100.0,False,0.0,0.0,False,1358,0.4418262150220913,13.416137456518706,1.8956743808119072,0.6939021150296749,942.3190722102987,16.829216333501563,0
USTEC,H1@H4,static,M15,48,100.0,True,0.0,0.0,False,1197,0.45614035087719296,12.726980870814481,2.233701587859083,0.7825590854065996,936.7232252316993,18.17720848608144,0
USTEC,H1@H4,static,M15,48,100.0,False,0.0,0.0,True,41,0.3902439024390244,1.6761640189652736,1.6451627323395026,0.49577812995827236,20.326903328289166,8.193464693557107,0
USTEC,H1@H4,static,M15,48,100.0,True,0.0,0.0,True,37,0.35135135135135137,0.8692791175341171,1.235989589619064,0.2698021391082575,9.982679147005527,8.193464693557107,0
USTEC,H1@H4,static,M15,48,100.0,False,0.0,2.0,False,1358,0.4418262150220913,13.416137456518706,1.8956743808119072,0.6939021150296749,942.3190722102987,16.829216333501563,0
USTEC,H1@H4,static,M15,48,100.0,True,0.0,2.0,False,1197,0.45614035087719296,12.726980870814481,2.233701587859083,0.7825590854065996,936.7232252316993,18.17720848608144,0
USTEC,H1@H4,static,M15,48,100.0,False,0.0,2.0,True,41,0.3902439024390244,1.6761640189652736,1.6451627323395026,0.49577812995827236,20.326903328289166,8.193464693557107,0
USTEC,H1@H4,static,M15,48,100.0,True,0.0,2.0,True,37,0.35135135135135137,0.8692791175341171,1.235989589619064,0.2698021391082575,9.982679147005527,8.193464693557107,0
USTEC,H1@H4,static,M15,48,100.0,False,0.0,3.0,False,1358,0.4418262150220913,13.416137456518706,1.8956743808119072,0.6939021150296749,942.3190722102987,16.829216333501563,0
USTEC,H1@H4,static,M15,48,100.0,True,0.0,3.0,False,1197,0.45614035087719296,12.726980870814481,2.233701587859083,0.7825590854065996,936.7232252316993,18.17720848608144,0
USTEC,H1@H4,static,M15,48,100.0,False,0.0,3.0,True,41,0.3902439024390244,1.6761640189652736,1.6451627323395026,0.49577812995827236,20.326903328289166,8.193464693557107,0
USTEC,H1@H4,static,M15,48,100.0,True,0.0,3.0,True,37,0.35135135135135137,0.8692791175341171,1.235989589619064,0.2698021391082575,9.982679147005527,8.193464693557107,0
USTEC,H1@H4,static,M15,48,100.0,False,0.0,5.0,False,1358,0.4418262150220913,13.416392287008888,1.8956789256140107,0.6939212417056498,942.3450462362727,16.829216333501563,0
USTEC,H1@H4,static,M15,48,100.0,True,0.0,5.0,False,1197,0.45614035087719296,12.726980870814481,2.2336978071441767,0.7825590854065996,936.7232252316993,18.17720848608144,0
USTEC,H1@H4,static,M15,48,100.0,False,0.0,5.0,True,41,0.3902439024390244,1.6761640189652736,1.6451627323395026,0.49577812995827236,20.326903328289166,8.193464693557107,0
USTEC,H1@H4,static,M15,48,100.0,True,0.0,5.0,True,37,0.35135135135135137,0.8692791175341171,1.235989589619064,0.2698021391082575,9.982679147005527,8.193464693557107,0
USTEC,H1@H4,static,M15,48,150.0,False,0.0,0.0,False,1358,0.4418262150220913,13.015272829597116,1.8656289413096694,0.6603463718153179,896.7503729252021,17.210747624740293,0
USTEC,H1@H4,static,M15,48,150.0,True,0.0,0.0,False,1197,0.45614035087719296,12.425604234327635,2.1979428370698084,0.7483955028663327,895.8294169310005,18.40396178791218,0
USTEC,H1@H4,static,M15,48,150.0,False,0.0,0.0,True,41,0.3902439024390244,1.6061578631678377,1.6098795207681782,0.4657957863176322,19.09762723902292,8.283344886383759,0
USTEC,H1@H4,static,M15,48,150.0,True,0.0,0.0,True,37,0.35135135135135137,0.801181857026595,1.2087496320706377,0.24359636813964342,9.013065621166806,8.283344886383759,0
USTEC,H1@H4,static,M15,48,150.0,False,0.0,2.0,False,1358,0.4418262150220913,13.015272829597116,1.8656289413096694,0.6603463718153179,896.7503729252021,17.210747624740293,0
USTEC,H1@H4,static,M15,48,150.0,True,0.0,2.0,False,1197,0.45614035087719296,12.425604234327635,2.1979428370698084,0.7483955028663327,895.8294169310005,18.40396178791218,0
USTEC,H1@H4,static,M15,48,150.0,False,0.0,2.0,True,41,0.3902439024390244,1.6061578631678377,1.6098795207681782,0.4657957863176322,19.09762723902292,8.283344886383759,0
USTEC,H1@H4,static,M15,48,150.0,True,0.0,2.0,True,37,0.35135135135135137,0.801181857026595,1.2087496320706377,0.24359636813964342,9.013065621166806,8.283344886383759,0
USTEC,H1@H4,static,M15,48,150.0,False,0.0,3.0,False,1358,0.4418262150220913,13.015272829597116,1.8656289413096694,0.6603463718153179,896.7503729252021,17.210747624740293,0
USTEC,H1@H4,static,M15,48,150.0,True,0.0,3.0,False,1197,0.45614035087719296,12.425604234327635,2.1979428370698084,0.7483955028663327,895.8294169310005,18.40396178791218,0
USTEC,H1@H4,static,M15,48,150.0,False,0.0,3.0,True,41,0.3902439024390244,1.6061578631678377,1.6098795207681782,0.4657957863176322,19.09762723902292,8.283344886383759,0
USTEC,H1@H4,static,M15,48,150.0,True,0.0,3.0,True,37,0.35135135135135137,0.801181857026595,1.2087496320706377,0.24359636813964342,9.013065621166806,8.283344886383759,0
USTEC,H1@H4,static,M15,48,150.0,False,0.0,5.0,False,1358,0.4418262150220913,13.029708944594457,1.8661008494587352,0.6613936587956468,898.1725886444889,17.210747624740293,0
USTEC,H1@H4,static,M15,48,150.0,True,0.0,5.0,False,1197,0.45614035087719296,12.425625888880965,2.197101336170831,0.7482202699732995,895.6196631580398,18.40396178791218,0
USTEC,H1@H4,static,M15,48,150.0,False,0.0,5.0,True,41,0.3902439024390244,1.6091028868098682,1.612077754252783,0.46694316428956445,19.144669735872142,8.283344886383759,0
USTEC,H1@H4,static,M15,48,150.0,True,0.0,5.0,True,37,0.35135135135135137,0.8041081993047383,1.2103404053615918,0.24458171773580958,9.049523556224955,8.283344886383759,0
USTEC,H1@H4,static,M15,48,200.0,False,0.0,0.0,False,1358,0.4418262150220913,12.618657537130487,1.8362479379947347,0.6285895450754844,853.6246022125088,17.57275629020927,0
USTEC,H1@H4,static,M15,48,200.0,True,0.0,0.0,False,1197,0.45614035087719296,12.12485802955848,2.1630068779884506,0.7159996124790533,857.0515361374273,18.62169326074809,0
USTEC,H1@H4,static,M15,48,200.0,False,0.0,0.0,True,41,0.3902439024390244,1.5368376611434025,1.5756692969318653,0.4373117758299056,17.92978280902613,8.369078473662789,0
USTEC,H1@H4,static,M15,48,200.0,True,0.0,0.0,True,37,0.35135135135135137,0.7338660580102906,1.1823318994031242,0.21872343701472205,8.092767169544716,8.369078473662789,0
USTEC,H1@H4,static,M15,48,200.0,False,0.0,2.0,False,1358,0.4418262150220913,12.618657537130487,1.8362479379947347,0.6285895450754844,853.6246022125088,17.57275629020927,0
USTEC,H1@H4,static,M15,48,200.0,True,0.0,2.0,False,1197,0.45614035087719296,12.12485802955848,2.1630068779884506,0.7159996124790533,857.0515361374273,18.62169326074809,0
USTEC,H1@H4,static,M15,48,200.0,False,0.0,2.0,True,41,0.3902439024390244,1.5368376611434025,1.5756692969318653,0.4373117758299056,17.92978280902613,8.369078473662789,0
USTEC,H1@H4,static,M15,48,200.0,True,0.0,2.0,True,37,0.35135135135135137,0.7338660580102906,1.1823318994031242,0.21872343701472205,8.092767169544716,8.369078473662789,0
USTEC,H1@H4,static,M15,48,200.0,False,0.0,3.0,False,1358,0.4418262150220913,12.622871581430614,1.8363291614899062,0.6288677061523714,854.0023449549212,17.57275629020927,0
USTEC,H1@H4,static,M15,48,200.0,True,0.0,3.0,False,1197,0.45614035087719296,12.125430233172253,2.1627976007022145,0.7160218431468045,857.0781462467255,18.62169326074809,0
USTEC,H1@H4,static,M15,48,200.0,False,0.0,3.0,True,41,0.3902439024390244,1.5368376611434025,1.5756692969318653,0.4373117758299056,17.92978280902613,8.369078473662789,0
USTEC,H1@H4,static,M15,48,200.0,True,0.0,3.0,True,37,0.35135135135135137,0.7338660580102906,1.1823318994031242,0.21872343701472205,8.092767169544716,8.369078473662789,0
USTEC,H1@H4,static,M15,48,200.0,False,0.0,5.0,False,1354,0.44165435745937964,12.651761717864707,1.8378790982121684,0.6325167103551518,856.4276258208764,16.57275629020927,0
USTEC,H1@H4,static,M15,48,200.0,True,0.0,5.0,False,1195,0.4577405857740586,12.212724617988982,2.163650532398087,0.721398551147219,862.0712686209271,17.62169326074809,0
USTEC,H1@H4,static,M15,48,200.0,False,0.0,5.0,True,41,0.3902439024390244,1.5518807952808233,1.5869573203600902,0.44295872511787626,18.161307729832927,8.369078473662789,0
USTEC,H1@H4,static,M15,48,200.0,True,0.0,5.0,True,37,0.35135135135135137,0.7486938947839016,1.1905015267797092,0.22357294549108064,8.272198983169984,8.369078473662789,0
USTEC,H1@H4,static,M5,48,0.0,False,0.0,0.0,False,518,0.5038610038610039,11.54474139439556,2.411820074435416,1.0154440154440154,526.0,8.0,0
USTEC,H1@H4,static,M5,48,0.0,True,0.0,0.0,False,446,0.5201793721973094,10.739706541361922,2.7955890706359114,1.280199899333163,570.9691551025911,8.0,0
USTEC,H1@H4,static,M5,48,0.0,False,0.0,0.0,True,13,0.6153846153846154,2.6016821481495387,1.7580063832775357,1.4615384615384615,19.0,1.0,0
USTEC,H1@H4,static,M5,48,0.0,True,0.0,0.0,True,12,0.6666666666666666,2.6739764500680363,1.8153676084807564,1.8936692751898938,22.724031302278732,1.0,0
USTEC,H1@H4,static,M5,48,0.0,False,0.0,2.0,False,518,0.5038610038610039,11.54474139439556,2.411820074435416,1.0154440154440154,526.0,8.0,0
USTEC,H1@H4,static,M5,48,0.0,True,0.0,2.0,False,446,0.5201793721973094,10.739706541361922,2.7955890706359114,1.280199899333163,570.9691551025911,8.0,0
USTEC,H1@H4,static,M5,48,0.0,False,0.0,2.0,True,13,0.6153846153846154,2.6016821481495387,1.7580063832775357,1.4615384615384615,19.0,1.0,0
USTEC,H1@H4,static,M5,48,0.0,True,0.0,2.0,True,12,0.6666666666666666,2.6739764500680363,1.8153676084807564,1.8936692751898938,22.724031302278732,1.0,0
USTEC,H1@H4,static,M5,48,0.0,False,0.0,3.0,False,518,0.5038610038610039,11.54474139439556,2.411820074435416,1.0154440154440154,526.0,8.0,0
USTEC,H1@H4,static,M5,48,0.0,True,0.0,3.0,False,446,0.5201793721973094,10.739706541361922,2.7955890706359114,1.280199899333163,570.9691551025911,8.0,0
USTEC,H1@H4,static,M5,48,0.0,False,0.0,3.0,True,13,0.6153846153846154,2.6016821481495387,1.7580063832775357,1.4615384615384615,19.0,1.0,0
USTEC,H1@H4,static,M5,48,0.0,True,0.0,3.0,True,12,0.6666666666666666,2.6739764500680363,1.8153676084807564,1.8936692751898938,22.724031302278732,1.0,0
USTEC,H1@H4,static,M5,48,0.0,False,0.0,5.0,False,518,0.5038610038610039,11.54474139439556,2.411820074435416,1.0154440154440154,526.0,8.0,0
USTEC,H1@H4,static,M5,48,0.0,True,0.0,5.0,False,446,0.5201793721973094,10.739706541361922,2.7955890706359114,1.280199899333163,570.9691551025911,8.0,0
USTEC,H1@H4,static,M5,48,0.0,False,0.0,5.0,True,13,0.6153846153846154,2.6016821481495387,1.7580063832775357,1.4615384615384615,19.0,1.0,0
USTEC,H1@H4,static,M5,48,0.0,True,0.0,5.0,True,12,0.6666666666666666,2.6739764500680363,1.8153676084807564,1.8936692751898938,22.724031302278732,1.0,0
USTEC,H1@H4,static,M5,48,100.0,False,0.0,0.0,False,518,0.5038610038610039,10.883693877796574,2.3135953116031773,0.906680120238998,469.6603022838007,8.17864206510226,0
USTEC,H1@H4,static,M5,48,100.0,True,0.0,0.0,False,446,0.5201793721973094,10.269065566635716,2.684692121763087,1.1561784439908231,515.6555860199072,8.0,0
USTEC,H1@H4,static,M5,48,100.0,False,0.0,0.0,True,13,0.6153846153846154,2.4083486523466506,1.66493472939972,1.2296140729465983,15.984982948305777,1.0,0
USTEC,H1@H4,static,M5,48,100.0,True,0.0,0.0,True,12,0.6666666666666666,2.5833235048705125,1.7215130091472257,1.5873444205146414,19.04813304617569,1.0,0
USTEC,H1@H4,static,M5,48,100.0,False,0.0,2.0,False,518,0.5038610038610039,10.883693877796574,2.3135953116031773,0.906680120238998,469.6603022838007,8.17864206510226,0
USTEC,H1@H4,static,M5,48,100.0,True,0.0,2.0,False,446,0.5201793721973094,10.269065566635716,2.684692121763087,1.1561784439908231,515.6555860199072,8.0,0
USTEC,H1@H4,static,M5,48,100.0,False,0.0,2.0,True,13,0.6153846153846154,2.4083486523466506,1.66493472939972,1.2296140729465983,15.984982948305777,1.0,0
USTEC,H1@H4,static,M5,48,100.0,True,0.0,2.0,True,12,0.6666666666666666,2.5833235048705125,1.7215130091472257,1.5873444205146414,19.04813304617569,1.0,0
USTEC,H1@H4,static,M5,48,100.0,False,0.0,3.0,False,518,0.5038610038610039,10.883693877796574,2.3135953116031773,0.906680120238998,469.6603022838007,8.17864206510226,0
USTEC,H1@H4,static,M5,48,100.0,True,0.0,3.0,False,446,0.5201793721973094,10.269065566635716,2.684692121763087,1.1561784439908231,515.6555860199072,8.0,0
USTEC,H1@H4,static,M5,48,100.0,False,0.0,3.0,True,13,0.6153846153846154,2.4083486523466506,1.66493472939972,1.2296140729465983,15.984982948305777,1.0,0
USTEC,H1@H4,static,M5,48,100.0,True,0.0,3.0,True,12,0.6666666666666666,2.5833235048705125,1.7215130091472257,1.5873444205146414,19.04813304617569,1.0,0
USTEC,H1@H4,static,M5,48,100.0,False,0.0,5.0,False,518,0.5038610038610039,10.885356993134437,2.313912752953346,0.9068951763862719,469.7717013680886,8.17864206510226,0
USTEC,H1@H4,static,M5,48,100.0,True,0.0,5.0,False,446,0.5201793721973094,10.268442951520079,2.6849583787228797,1.1557979767900064,515.485897648343,8.0,0
USTEC,H1@H4,static,M5,48,100.0,False,0.0,5.0,True,13,0.6153846153846154,2.4083486523466506,1.66493472939972,1.2296140729465983,15.984982948305777,1.0,0
USTEC,H1@H4,static,M5,48,100.0,True,0.0,5.0,True,12,0.6666666666666666,2.5833235048705125,1.7215130091472257,1.5873444205146414,19.04813304617569,1.0,0
USTEC,H1@H4,static,M5,48,150.0,False,0.0,0.0,False,518,0.5038610038610039,10.556245029816141,2.266564358342051,0.8579865594789422,444.4370378100921,8.262110111209555,0
USTEC,H1@H4,static,M5,48,150.0,True,0.0,0.0,False,446,0.5201793721973094,10.03479663607883,2.6315883832785603,1.1007398131180233,490.9299566506385,8.0,0
USTEC,H1@H4,static,M5,48,150.0,False,0.0,0.0,True,13,0.6153846153846154,2.3113228792184675,1.620307161828891,1.132742467134487,14.725652072748332,1.0,0
USTEC,H1@H4,static,M5,48,150.0,True,0.0,0.0,True,12,0.6666666666666666,2.528868949325941,1.6762962247360682,1.461242553258937,17.534910639107245,1.0,0
USTEC,H1@H4,static,M5,48,150.0,False,0.0,2.0,False,518,0.5038610038610039,10.556245029816141,2.266564358342051,0.8579865594789422,444.4370378100921,8.262110111209555,0
USTEC,H1@H4,static,M5,48,150.0,True,0.0,2.0,False,446,0.5201793721973094,10.03479663607883,2.6315883832785603,1.1007398131180233,490.9299566506385,8.0,0
USTEC,H1@H4,static,M5,48,150.0,False,0.0,2.0,True,13,0.6153846153846154,2.3113228792184675,1.620307161828891,1.132742467134487,14.725652072748332,1.0,0
USTEC,H1@H4,static,M5,48,150.0,True,0.0,2.0,True,12,0.6666666666666666,2.528868949325941,1.6762962247360682,1.461242553258937,17.534910639107245,1.0,0
USTEC,H1@H4,static,M5,48,150.0,False,0.0,3.0,False,518,0.5038610038610039,10.556245029816141,2.266564358342051,0.8579865594789422,444.4370378100921,8.262110111209555,0
USTEC,H1@H4,static,M5,48,150.0,True,0.0,3.0,False,446,0.5201793721973094,10.03479663607883,2.6315883832785603,1.1007398131180233,490.9299566506385,8.0,0
USTEC,H1@H4,static,M5,48,150.0,False,0.0,3.0,True,13,0.6153846153846154,2.3113228792184675,1.620307161828891,1.132742467134487,14.725652072748332,1.0,0
USTEC,H1@H4,static,M5,48,150.0,True,0.0,3.0,True,12,0.6666666666666666,2.528868949325941,1.6762962247360682,1.461242553258937,17.534910639107245,1.0,0
USTEC,H1@H4,static,M5,48,150.0,False,0.0,5.0,False,518,0.5038610038610039,10.578089636628263,2.268527778244331,0.8606703656453448,445.82724940428864,8.262110111209557,0
USTEC,H1@H4,static,M5,48,150.0,True,0.0,5.0,False,446,0.5201793721973094,10.026003761532632,2.6328585818837817,1.0978959879410732,489.6616106217189,8.0,0
USTEC,H1@H4,static,M5,48,150.0,False,0.0,5.0,True,13,0.6153846153846154,2.351681433600043,1.686220626259971,1.1678785127052256,15.182420665167935,1.0,0
USTEC,H1@H4,static,M5,48,150.0,True,0.0,5.0,True,12,0.6666666666666666,2.5201945175036795,1.7205910541380955,1.3871375915195134,16.64565109823416,1.0,0
USTEC,H1@H4,static,M5,48,200.0,False,0.0,0.0,False,518,0.5038610038610039,10.231791146726541,2.2208437047136846,0.8124644825478324,420.8566019597773,8.342009796137706,0
USTEC,H1@H4,static,M5,48,200.0,True,0.0,0.0,False,446,0.5201793721973094,9.80205000432283,2.579960892671795,1.0489446883254192,467.8293309931368,8.0,0
USTEC,H1@H4,static,M5,48,200.0,False,0.0,0.0,True,13,0.6153846153846154,2.215157746689339,1.5768831490538797,1.0456568032117672,13.59353844175297,1.0,0
USTEC,H1@H4,static,M5,48,200.0,True,0.0,0.0,True,12,0.6666666666666666,2.469738010838054,1.6321650279324857,1.3488628867846728,16.186354641416074,1.0,0
USTEC,H1@H4,static,M5,48,200.0,False,0.0,2.0,False,518,0.5038610038610039,10.231791146726541,2.2208437047136846,0.8124644825478324,420.8566019597773,8.342009796137706,0
USTEC,H1@H4,static,M5,48,200.0,True,0.0,2.0,False,446,0.5201793721973094,9.80205000432283,2.579960892671795,1.0489446883254192,467.8293309931368,8.0,0
USTEC,H1@H4,static,M5,48,200.0,False,0.0,2.0,True,13,0.6153846153846154,2.215157746689339,1.5768831490538797,1.0456568032117672,13.59353844175297,1.0,0
USTEC,H1@H4,static,M5,48,200.0,True,0.0,2.0,True,12,0.6666666666666666,2.469738010838054,1.6321650279324857,1.3488628867846728,16.186354641416074,1.0,0
USTEC,H1@H4,static,M5,48,200.0,False,0.0,3.0,False,518,0.5038610038610039,10.244464834990808,2.2221101862583232,0.8138506670603253,421.57464553724867,8.342009796137706,0
USTEC,H1@H4,static,M5,48,200.0,True,0.0,3.0,False,446,0.5201793721973094,9.801094935426171,2.5808480389931345,1.0483014674198965,467.5424544692737,8.0,0
USTEC,H1@H4,static,M5,48,200.0,False,0.0,3.0,True,13,0.6153846153846154,2.226061696150895,1.5875959365390064,1.0536276096187691,13.697158925043999,1.0,0
USTEC,H1@H4,static,M5,48,200.0,True,0.0,3.0,True,12,0.6666666666666666,2.465690383758149,1.6395114806331192,1.3411055764421524,16.093266917305833,1.0,0
USTEC,H1@H4,static,M5,48,200.0,False,0.0,5.0,False,517,0.5009671179883946,10.182499948743848,2.223928616204442,0.8132476952593914,420.4490584491054,8.342009796137708,0
USTEC,H1@H4,static,M5,48,200.0,True,0.0,5.0,False,445,0.5168539325842697,9.738077805926585,2.5819504268923237,1.043717105700792,464.4541120368524,8.0,0
USTEC,H1@H4,static,M5,48,200.0,False,0.0,5.0,True,13,0.6153846153846154,2.3299140329614785,1.7788941354072927,1.1411429914373157,14.834858888685103,1.0,0
USTEC,H1@H4,static,M5,48,200.0,True,0.0,5.0,True,12,0.6666666666666666,2.4627762294550135,1.7747950574830729,1.2388117240945011,14.865740689134014,1.0,0
USTEC,H1@H4,dynamic,M15,24,0.0,False,0.0,0.0,False,841,0.3258026159334126,4.687626721725872,1.3775442951193972,0.3032104637336504,255.0,21.0,0
USTEC,H1@H4,dynamic,M15,24,0.0,True,0.0,0.0,False,808,0.3551980198019802,5.636272670513452,1.5716979818770027,0.40411702477574185,326.52655601879957,16.62613688806192,0
USTEC,H1@H4,dynamic,M15,48,0.0,False,0.0,0.0,False,885,0.32655367231638416,4.853593281864069,1.3538501859172238,0.30621468926553674,271.0,20.0,0
USTEC,H1@H4,dynamic,M15,48,0.0,True,0.0,0.0,False,831,0.35980746089049337,5.967727168893632,1.6556771588279162,0.4622750852384147,384.1505958331232,19.482834074910556,0
USTEC,H1@H4,dynamic,M15,24,0.0,False,0.0,0.0,True,0,0.0,0.0,0.0,0.0,0.0,0.0,0
USTEC,H1@H4,dynamic,M15,24,0.0,True,0.0,0.0,True,0,0.0,0.0,0.0,0.0,0.0,0.0,0
USTEC,H1@H4,dynamic,M15,48,0.0,False,0.0,0.0,True,0,0.0,0.0,0.0,0.0,0.0,0.0,0
USTEC,H1@H4,dynamic,M15,48,0.0,True,0.0,0.0,True,0,0.0,0.0,0.0,0.0,0.0,0.0,0
USTEC,H1@H4,dynamic,M15,24,0.0,False,0.0,2.0,False,841,0.3258026159334126,4.687626721725872,1.3775442951193972,0.3032104637336504,255.0,21.0,0
USTEC,H1@H4,dynamic,M15,24,0.0,True,0.0,2.0,False,808,0.3551980198019802,5.636272670513452,1.5716979818770027,0.40411702477574185,326.52655601879957,16.62613688806192,0
USTEC,H1@H4,dynamic,M15,48,0.0,False,0.0,2.0,False,885,0.32655367231638416,4.853593281864069,1.3538501859172238,0.30621468926553674,271.0,20.0,0
USTEC,H1@H4,dynamic,M15,48,0.0,True,0.0,2.0,False,831,0.35980746089049337,5.967727168893632,1.6556771588279162,0.4622750852384147,384.1505958331232,19.482834074910556,0
USTEC,H1@H4,dynamic,M15,24,0.0,False,0.0,2.0,True,0,0.0,0.0,0.0,0.0,0.0,0.0,0
USTEC,H1@H4,dynamic,M15,24,0.0,True,0.0,2.0,True,0,0.0,0.0,0.0,0.0,0.0,0.0,0
USTEC,H1@H4,dynamic,M15,48,0.0,False,0.0,2.0,True,0,0.0,0.0,0.0,0.0,0.0,0.0,0
USTEC,H1@H4,dynamic,M15,48,0.0,True,0.0,2.0,True,0,0.0,0.0,0.0,0.0,0.0,0.0,0
USTEC,H1@H4,dynamic,M15,24,0.0,False,0.0,3.0,False,841,0.3258026159334126,4.687626721725872,1.3775442951193972,0.3032104637336504,255.0,21.0,0
USTEC,H1@H4,dynamic,M15,24,0.0,True,0.0,3.0,False,808,0.3551980198019802,5.636272670513452,1.5716979818770027,0.40411702477574185,326.52655601879957,16.62613688806192,0
USTEC,H1@H4,dynamic,M15,48,0.0,False,0.0,3.0,False,885,0.32655367231638416,4.853593281864069,1.3538501859172238,0.30621468926553674,271.0,20.0,0
USTEC,H1@H4,dynamic,M15,48,0.0,True,0.0,3.0,False,831,0.35980746089049337,5.967727168893632,1.6556771588279162,0.4622750852384147,384.1505958331232,19.482834074910556,0
USTEC,H1@H4,dynamic,M15,24,0.0,False,0.0,3.0,True,0,0.0,0.0,0.0,0.0,0.0,0.0,0
USTEC,H1@H4,dynamic,M15,24,0.0,True,0.0,3.0,True,0,0.0,0.0,0.0,0.0,0.0,0.0,0
USTEC,H1@H4,dynamic,M15,48,0.0,False,0.0,3.0,True,0,0.0,0.0,0.0,0.0,0.0,0.0,0
USTEC,H1@H4,dynamic,M15,48,0.0,True,0.0,3.0,True,0,0.0,0.0,0.0,0.0,0.0,0.0,0
USTEC,H1@H4,dynamic,M15,24,0.0,False,0.0,5.0,False,841,0.3258026159334126,4.687626721725872,1.3775442951193972,0.3032104637336504,255.0,21.0,0
USTEC,H1@H4,dynamic,M15,24,0.0,True,0.0,5.0,False,808,0.3551980198019802,5.636272670513452,1.5716979818770027,0.40411702477574185,326.52655601879957,16.62613688806192,0
USTEC,H1@H4,dynamic,M15,48,0.0,False,0.0,5.0,False,885,0.32655367231638416,4.853593281864069,1.3538501859172238,0.30621468926553674,271.0,20.0,0
USTEC,H1@H4,dynamic,M15,48,0.0,True,0.0,5.0,False,831,0.35980746089049337,5.967727168893632,1.6556771588279162,0.4622750852384147,384.1505958331232,19.482834074910556,0
USTEC,H1@H4,dynamic,M15,24,0.0,False,0.0,5.0,True,0,0.0,0.0,0.0,0.0,0.0,0.0,0
USTEC,H1@H4,dynamic,M15,24,0.0,True,0.0,5.0,True,0,0.0,0.0,0.0,0.0,0.0,0.0,0
USTEC,H1@H4,dynamic,M15,48,0.0,False,0.0,5.0,True,0,0.0,0.0,0.0,0.0,0.0,0.0,0
USTEC,H1@H4,dynamic,M15,48,0.0,True,0.0,5.0,True,0,0.0,0.0,0.0,0.0,0.0,0.0,0
USTEC,H1@H4,dynamic,M15,24,100.0,False,0.0,0.0,False,841,0.3258026159334126,3.9947869398792553,1.3262302758398912,0.2475006505681019,208.14804712777365,23.60322118675427,0
USTEC,H1@H4,dynamic,M15,24,100.0,True,0.0,0.0,False,808,0.3551980198019802,5.026459170403753,1.5121309771179696,0.3436039855897122,277.6320203564877,17.19913700908819,0
USTEC,H1@H4,dynamic,M15,48,100.0,False,0.0,0.0,False,885,0.32655367231638416,4.138129145758873,1.3038723051805456,0.2499948811138466,221.24546978575412,21.241507195268156,0
USTEC,H1@H4,dynamic,M15,48,100.0,True,0.0,0.0,False,831,0.35980746089049337,5.4073427695467675,1.5923457125069715,0.3978250792212763,330.59264083288065,19.9585976697324,0
USTEC,H1@H4,dynamic,M15,24,100.0,False,0.0,0.0,True,0,0.0,0.0,0.0,0.0,0.0,0.0,0
USTEC,H1@H4,dynamic,M15,24,100.0,True,0.0,0.0,True,0,0.0,0.0,0.0,0.0,0.0,0.0,0
USTEC,H1@H4,dynamic,M15,48,100.0,False,0.0,0.0,True,0,0.0,0.0,0.0,0.0,0.0,0.0,0
USTEC,H1@H4,dynamic,M15,48,100.0,True,0.0,0.0,True,0,0.0,0.0,0.0,0.0,0.0,0.0,0
USTEC,H1@H4,dynamic,M15,24,100.0,False,0.0,2.0,False,841,0.3258026159334126,3.9947869398792553,1.3262302758398912,0.2475006505681019,208.14804712777365,23.60322118675427,0
USTEC,H1@H4,dynamic,M15,24,100.0,True,0.0,2.0,False,808,0.3551980198019802,5.026459170403753,1.5121309771179696,0.3436039855897122,277.6320203564877,17.19913700908819,0
USTEC,H1@H4,dynamic,M15,48,100.0,False,0.0,2.0,False,885,0.32655367231638416,4.138129145758873,1.3038723051805456,0.2499948811138466,221.24546978575412,21.241507195268156,0
USTEC,H1@H4,dynamic,M15,48,100.0,True,0.0,2.0,False,831,0.35980746089049337,5.4073427695467675,1.5923457125069715,0.3978250792212763,330.59264083288065,19.9585976697324,0
USTEC,H1@H4,dynamic,M15,24,100.0,False,0.0,2.0,True,0,0.0,0.0,0.0,0.0,0.0,0.0,0
USTEC,H1@H4,dynamic,M15,24,100.0,True,0.0,2.0,True,0,0.0,0.0,0.0,0.0,0.0,0.0,0
USTEC,H1@H4,dynamic,M15,48,100.0,False,0.0,2.0,True,0,0.0,0.0,0.0,0.0,0.0,0.0,0
USTEC,H1@H4,dynamic,M15,48,100.0,True,0.0,2.0,True,0,0.0,0.0,0.0,0.0,0.0,0.0,0
USTEC,H1@H4,dynamic,M15,24,100.0,False,0.0,3.0,False,841,0.3258026159334126,3.9947869398792553,1.3262302758398912,0.2475006505681019,208.14804712777365,23.60322118675427,0
USTEC,H1@H4,dynamic,M15,24,100.0,True,0.0,3.0,False,808,0.3551980198019802,5.026459170403753,1.5121309771179696,0.3436039855897122,277.6320203564877,17.19913700908819,0
USTEC,H1@H4,dynamic,M15,48,100.0,False,0.0,3.0,False,885,0.32655367231638416,4.138129145758873,1.3038723051805456,0.2499948811138466,221.24546978575412,21.241507195268156,0
USTEC,H1@H4,dynamic,M15,48,100.0,True,0.0,3.0,False,831,0.35980746089049337,5.4073427695467675,1.5923457125069715,0.3978250792212763,330.59264083288065,19.9585976697324,0
USTEC,H1@H4,dynamic,M15,24,100.0,False,0.0,3.0,True,0,0.0,0.0,0.0,0.0,0.0,0.0,0
USTEC,H1@H4,dynamic,M15,24,100.0,True,0.0,3.0,True,0,0.0,0.0,0.0,0.0,0.0,0.0,0
USTEC,H1@H4,dynamic,M15,48,100.0,False,0.0,3.0,True,0,0.0,0.0,0.0,0.0,0.0,0.0,0
USTEC,H1@H4,dynamic,M15,48,100.0,True,0.0,3.0,True,0,0.0,0.0,0.0,0.0,0.0,0.0,0
USTEC,H1@H4,dynamic,M15,24,100.0,False,0.0,5.0,False,841,0.3258026159334126,3.9947869398792553,1.3262302758398912,0.2475006505681019,208.14804712777365,23.60322118675427,0
USTEC,H1@H4,dynamic,M15,24,100.0,True,0.0,5.0,False,808,0.3551980198019802,5.026459170403753,1.5121309771179696,0.3436039855897122,277.6320203564877,17.19913700908819,0
USTEC,H1@H4,dynamic,M15,48,100.0,False,0.0,5.0,False,885,0.32655367231638416,4.138129145758873,1.3038723051805456,0.2499948811138466,221.24546978575412,21.241507195268156,0
USTEC,H1@H4,dynamic,M15,48,100.0,True,0.0,5.0,False,831,0.35980746089049337,5.4073427695467675,1.5923457125069715,0.3978250792212763,330.59264083288065,19.9585976697324,0
USTEC,H1@H4,dynamic,M15,24,100.0,False,0.0,5.0,True,0,0.0,0.0,0.0,0.0,0.0,0.0,0
USTEC,H1@H4,dynamic,M15,24,100.0,True,0.0,5.0,True,0,0.0,0.0,0.0,0.0,0.0,0.0,0
USTEC,H1@H4,dynamic,M15,48,100.0,False,0.0,5.0,True,0,0.0,0.0,0.0,0.0,0.0,0.0,0
USTEC,H1@H4,dynamic,M15,48,100.0,True,0.0,5.0,True,0,0.0,0.0,0.0,0.0,0.0,0.0,0
USTEC,H1@H4,dynamic,M15,24,150.0,False,0.0,0.0,False,841,0.3258026159334126,3.6565707620800882,1.3016201267808205,0.22207552947292936,186.76552028673356,24.768870640782566,0
USTEC,H1@H4,dynamic,M15,24,150.0,True,0.0,0.0,False,808,0.3551980198019802,4.725405370075885,1.4835838800475307,0.31599138475577127,255.32103888266317,17.474267165094545,0
USTEC,H1@H4,dynamic,M15,48,150.0,False,0.0,0.0,False,885,0.32655367231638416,3.7889571214509927,1.279888517341536,0.22435605040881582,198.55510461180202,21.836038683333612,0
USTEC,H1@H4,dynamic,M15,48,150.0,True,0.0,0.0,False,831,0.35980746089049337,5.128665753974501,1.5620173194056297,0.36848329578943434,306.20961880101993,20.18616242830285,0
USTEC,H1@H4,dynamic,M15,24,150.0,False,0.0,0.0,True,0,0.0,0.0,0.0,0.0,0.0,0.0,0
USTEC,H1@H4,dynamic,M15,24,150.0,True,0.0,0.0,True,0,0.0,0.0,0.0,0.0,0.0,0.0,0
USTEC,H1@H4,dynamic,M15,48,150.0,False,0.0,0.0,True,0,0.0,0.0,0.0,0.0,0.0,0.0,0
USTEC,H1@H4,dynamic,M15,48,150.0,True,0.0,0.0,True,0,0.0,0.0,0.0,0.0,0.0,0.0,0
USTEC,H1@H4,dynamic,M15,24,150.0,False,0.0,2.0,False,841,0.3258026159334126,3.6565707620800882,1.3016201267808205,0.22207552947292936,186.76552028673356,24.768870640782566,0
USTEC,H1@H4,dynamic,M15,24,150.0,True,0.0,2.0,False,808,0.3551980198019802,4.725405370075885,1.4835838800475307,0.31599138475577127,255.32103888266317,17.474267165094545,0
USTEC,H1@H4,dynamic,M15,48,150.0,False,0.0,2.0,False,885,0.32655367231638416,3.7889571214509927,1.279888517341536,0.22435605040881582,198.55510461180202,21.836038683333612,0
USTEC,H1@H4,dynamic,M15,48,150.0,True,0.0,2.0,False,831,0.35980746089049337,5.128665753974501,1.5620173194056297,0.36848329578943434,306.20961880101993,20.18616242830285,0
USTEC,H1@H4,dynamic,M15,24,150.0,False,0.0,2.0,True,0,0.0,0.0,0.0,0.0,0.0,0.0,0
USTEC,H1@H4,dynamic,M15,24,150.0,True,0.0,2.0,True,0,0.0,0.0,0.0,0.0,0.0,0.0,0
USTEC,H1@H4,dynamic,M15,48,150.0,False,0.0,2.0,True,0,0.0,0.0,0.0,0.0,0.0,0.0,0
USTEC,H1@H4,dynamic,M15,48,150.0,True,0.0,2.0,True,0,0.0,0.0,0.0,0.0,0.0,0.0,0
USTEC,H1@H4,dynamic,M15,24,150.0,False,0.0,3.0,False,841,0.3258026159334126,3.6565707620800882,1.3016201267808205,0.22207552947292936,186.76552028673356,24.768870640782566,0
USTEC,H1@H4,dynamic,M15,24,150.0,True,0.0,3.0,False,808,0.3551980198019802,4.725405370075885,1.4835838800475307,0.31599138475577127,255.32103888266317,17.474267165094545,0
USTEC,H1@H4,dynamic,M15,48,150.0,False,0.0,3.0,False,885,0.32655367231638416,3.7889571214509927,1.279888517341536,0.22435605040881582,198.55510461180202,21.836038683333612,0
USTEC,H1@H4,dynamic,M15,48,150.0,True,0.0,3.0,False,831,0.35980746089049337,5.128665753974501,1.5620173194056297,0.36848329578943434,306.20961880101993,20.18616242830285,0
USTEC,H1@H4,dynamic,M15,24,150.0,False,0.0,3.0,True,0,0.0,0.0,0.0,0.0,0.0,0.0,0
USTEC,H1@H4,dynamic,M15,24,150.0,True,0.0,3.0,True,0,0.0,0.0,0.0,0.0,0.0,0.0,0
USTEC,H1@H4,dynamic,M15,48,150.0,False,0.0,3.0,True,0,0.0,0.0,0.0,0.0,0.0,0.0,0
USTEC,H1@H4,dynamic,M15,48,150.0,True,0.0,3.0,True,0,0.0,0.0,0.0,0.0,0.0,0.0,0
USTEC,H1@H4,dynamic,M15,24,150.0,False,0.0,5.0,False,841,0.3258026159334126,3.665152500830179,1.3018682305149816,0.22268737269790453,187.28008043893774,24.768870640782566,0
USTEC,H1@H4,dynamic,M15,24,150.0,True,0.0,5.0,False,808,0.3551980198019802,4.725119202158872,1.4833073436587936,0.31594466681529526,255.28329078675858,17.474267165094545,0
USTEC,H1@H4,dynamic,M15,48,150.0,False,0.0,5.0,False,885,0.32655367231638416,3.798665769576432,1.2801784534962213,0.2250301632683744,199.15169449251138,21.836038683333612,0
USTEC,H1@H4,dynamic,M15,48,150.0,True,0.0,5.0,False,831,0.35980746089049337,5.119681094154694,1.5617377230501523,0.3672569525327642,305.19052755472717,20.18616242830285,0
USTEC,H1@H4,dynamic,M15,24,150.0,False,0.0,5.0,True,0,0.0,0.0,0.0,0.0,0.0,0.0,0
USTEC,H1@H4,dynamic,M15,24,150.0,True,0.0,5.0,True,0,0.0,0.0,0.0,0.0,0.0,0.0,0
USTEC,H1@H4,dynamic,M15,48,150.0,False,0.0,5.0,True,0,0.0,0.0,0.0,0.0,0.0,0.0,0
USTEC,H1@H4,dynamic,M15,48,150.0,True,0.0,5.0,True,0,0.0,0.0,0.0,0.0,0.0,0.0,0
USTEC,H1@H4,dynamic,M15,24,200.0,False,0.0,0.0,False,841,0.3258026159334126,3.3234716136461504,1.2776704261163372,0.19803926686243933,166.5510234313114,25.858210080953782,0
USTEC,H1@H4,dynamic,M15,24,200.0,True,0.0,0.0,False,808,0.3551980198019802,4.4270194192653305,1.4558160518896304,0.28989362463179114,234.23404870248717,17.742237074978874,0
USTEC,H1@H4,dynamic,M15,48,200.0,False,0.0,0.0,False,885,0.32655367231638416,3.445110270693067,1.256539367879181,0.20012690890026547,177.1123143767349,22.41412722277161,0
USTEC,H1@H4,dynamic,M15,48,200.0,True,0.0,0.0,False,831,0.35980746089049337,4.851355613720205,1.5325309729632313,0.34078446038955873,283.19188658372315,20.407248250067795,0
USTEC,H1@H4,dynamic,M15,24,200.0,False,0.0,0.0,True,0,0.0,0.0,0.0,0.0,0.0,0.0,0
USTEC,H1@H4,dynamic,M15,24,200.0,True,0.0,0.0,True,0,0.0,0.0,0.0,0.0,0.0,0.0,0
USTEC,H1@H4,dynamic,M15,48,200.0,False,0.0,0.0,True,0,0.0,0.0,0.0,0.0,0.0,0.0,0
USTEC,H1@H4,dynamic,M15,48,200.0,True,0.0,0.0,True,0,0.0,0.0,0.0,0.0,0.0,0.0,0
USTEC,H1@H4,dynamic,M15,24,200.0,False,0.0,2.0,False,841,0.3258026159334126,3.3234716136461504,1.2776704261163372,0.19803926686243933,166.5510234313114,25.858210080953782,0
USTEC,H1@H4,dynamic,M15,24,200.0,True,0.0,2.0,False,808,0.3551980198019802,4.4270194192653305,1.4558160518896304,0.28989362463179114,234.23404870248717,17.742237074978874,0
USTEC,H1@H4,dynamic,M15,48,200.0,False,0.0,2.0,False,885,0.32655367231638416,3.445110270693067,1.256539367879181,0.20012690890026547,177.1123143767349,22.41412722277161,0
USTEC,H1@H4,dynamic,M15,48,200.0,True,0.0,2.0,False,831,0.35980746089049337,4.851355613720205,1.5325309729632313,0.34078446038955873,283.19188658372315,20.407248250067795,0
USTEC,H1@H4,dynamic,M15,24,200.0,False,0.0,2.0,True,0,0.0,0.0,0.0,0.0,0.0,0.0,0
USTEC,H1@H4,dynamic,M15,24,200.0,True,0.0,2.0,True,0,0.0,0.0,0.0,0.0,0.0,0.0,0
USTEC,H1@H4,dynamic,M15,48,200.0,False,0.0,2.0,True,0,0.0,0.0,0.0,0.0,0.0,0.0,0
USTEC,H1@H4,dynamic,M15,48,200.0,True,0.0,2.0,True,0,0.0,0.0,0.0,0.0,0.0,0.0,0
USTEC,H1@H4,dynamic,M15,24,200.0,False,0.0,3.0,False,841,0.3258026159334126,3.3234716136461504,1.2776211426456396,0.19803926686243933,166.5510234313114,25.858210080953782,0
USTEC,H1@H4,dynamic,M15,24,200.0,True,0.0,3.0,False,808,0.3551980198019802,4.4270194192653305,1.4557538887066566,0.28989362463179114,234.23404870248717,17.742237074978874,0
USTEC,H1@H4,dynamic,M15,48,200.0,False,0.0,3.0,False,885,0.32655367231638416,3.4477534125263714,1.2566463538450257,0.2003010392784443,177.2664197614232,22.41412722277161,0
USTEC,H1@H4,dynamic,M15,48,200.0,True,0.0,3.0,False,831,0.35980746089049337,4.848833201571777,1.5325275678045647,0.3404606217085756,282.92277663982617,20.407248250067795,0
USTEC,H1@H4,dynamic,M15,24,200.0,False,0.0,3.0,True,0,0.0,0.0,0.0,0.0,0.0,0.0,0
USTEC,H1@H4,dynamic,M15,24,200.0,True,0.0,3.0,True,0,0.0,0.0,0.0,0.0,0.0,0.0,0
USTEC,H1@H4,dynamic,M15,48,200.0,False,0.0,3.0,True,0,0.0,0.0,0.0,0.0,0.0,0.0,0
USTEC,H1@H4,dynamic,M15,48,200.0,True,0.0,3.0,True,0,0.0,0.0,0.0,0.0,0.0,0.0,0
USTEC,H1@H4,dynamic,M15,24,200.0,False,0.0,5.0,False,840,0.3238095238095238,3.264078617622142,1.276434401918062,0.19487469779815259,163.69474615044808,27.993988336570922,0
USTEC,H1@H4,dynamic,M15,24,200.0,True,0.0,5.0,False,807,0.3543990086741016,4.407125635885928,1.4545487396640187,0.2887400409483692,233.0132130453339,17.742237074978874,0
USTEC,H1@H4,dynamic,M15,48,200.0,False,0.0,5.0,False,885,0.32429378531073444,3.3710396211251408,1.2550759972656114,0.1960490228464585,173.50338521911573,24.266370067540535,0
USTEC,H1@H4,dynamic,M15,48,200.0,True,0.0,5.0,False,831,0.3574007220216607,4.755255136393099,1.5285889050621935,0.33305106153933367,276.7654321391861,20.407248250067795,0
USTEC,H1@H4,dynamic,M15,24,200.0,False,0.0,5.0,True,0,0.0,0.0,0.0,0.0,0.0,0.0,0
USTEC,H1@H4,dynamic,M15,24,200.0,True,0.0,5.0,True,0,0.0,0.0,0.0,0.0,0.0,0.0,0
USTEC,H1@H4,dynamic,M15,48,200.0,False,0.0,5.0,True,0,0.0,0.0,0.0,0.0,0.0,0.0,0
USTEC,H1@H4,dynamic,M15,48,200.0,True,0.0,5.0,True,0,0.0,0.0,0.0,0.0,0.0,0.0,0
USTEC,H1@H4,dynamic,M5,24,0.0,False,0.0,0.0,False,352,0.32954545454545453,3.170491502070146,1.659840240404147,0.3181818181818182,112.0,11.0,0
USTEC,H1@H4,dynamic,M5,24,0.0,True,0.0,0.0,False,340,0.34411764705882353,3.8079741990491907,1.7735130266538202,0.4588344888194849,156.00372619862483,11.0,0
USTEC,H1@H4,dynamic,M5,48,0.0,False,0.0,0.0,False,377,0.3395225464190981,3.6657516713854283,1.6578992208078889,0.35809018567639256,135.0,12.0,0
USTEC,H1@H4,dynamic,M5,48,0.0,True,0.0,0.0,False,359,0.3593314763231198,4.338378114153153,1.8335684759039819,0.5219863174272995,187.39308795640042,12.0,0
USTEC,H1@H4,dynamic,M5,24,0.0,False,0.0,0.0,True,0,0.0,0.0,0.0,0.0,0.0,0.0,0
USTEC,H1@H4,dynamic,M5,24,0.0,True,0.0,0.0,True,0,0.0,0.0,0.0,0.0,0.0,0.0,0
USTEC,H1@H4,dynamic,M5,48,0.0,False,0.0,0.0,True,0,0.0,0.0,0.0,0.0,0.0,0.0,0
USTEC,H1@H4,dynamic,M5,48,0.0,True,0.0,0.0,True,0,0.0,0.0,0.0,0.0,0.0,0.0,0
USTEC,H1@H4,dynamic,M5,24,0.0,False,0.0,2.0,False,352,0.32954545454545453,3.170491502070146,1.659840240404147,0.3181818181818182,112.0,11.0,0
USTEC,H1@H4,dynamic,M5,24,0.0,True,0.0,2.0,False,340,0.34411764705882353,3.8079741990491907,1.7735130266538202,0.4588344888194849,156.00372619862483,11.0,0
USTEC,H1@H4,dynamic,M5,48,0.0,False,0.0,2.0,False,377,0.3395225464190981,3.6657516713854283,1.6578992208078889,0.35809018567639256,135.0,12.0,0
USTEC,H1@H4,dynamic,M5,48,0.0,True,0.0,2.0,False,359,0.3593314763231198,4.338378114153153,1.8335684759039819,0.5219863174272995,187.39308795640042,12.0,0
USTEC,H1@H4,dynamic,M5,24,0.0,False,0.0,2.0,True,0,0.0,0.0,0.0,0.0,0.0,0.0,0
USTEC,H1@H4,dynamic,M5,24,0.0,True,0.0,2.0,True,0,0.0,0.0,0.0,0.0,0.0,0.0,0
USTEC,H1@H4,dynamic,M5,48,0.0,False,0.0,2.0,True,0,0.0,0.0,0.0,0.0,0.0,0.0,0
USTEC,H1@H4,dynamic,M5,48,0.0,True,0.0,2.0,True,0,0.0,0.0,0.0,0.0,0.0,0.0,0
USTEC,H1@H4,dynamic,M5,24,0.0,False,0.0,3.0,False,352,0.32954545454545453,3.170491502070146,1.659840240404147,0.3181818181818182,112.0,11.0,0
USTEC,H1@H4,dynamic,M5,24,0.0,True,0.0,3.0,False,340,0.34411764705882353,3.8079741990491907,1.7735130266538202,0.4588344888194849,156.00372619862483,11.0,0
USTEC,H1@H4,dynamic,M5,48,0.0,False,0.0,3.0,False,377,0.3395225464190981,3.6657516713854283,1.6578992208078889,0.35809018567639256,135.0,12.0,0
USTEC,H1@H4,dynamic,M5,48,0.0,True,0.0,3.0,False,359,0.3593314763231198,4.338378114153153,1.8335684759039819,0.5219863174272995,187.39308795640042,12.0,0
USTEC,H1@H4,dynamic,M5,24,0.0,False,0.0,3.0,True,0,0.0,0.0,0.0,0.0,0.0,0.0,0
USTEC,H1@H4,dynamic,M5,24,0.0,True,0.0,3.0,True,0,0.0,0.0,0.0,0.0,0.0,0.0,0
USTEC,H1@H4,dynamic,M5,48,0.0,False,0.0,3.0,True,0,0.0,0.0,0.0,0.0,0.0,0.0,0
USTEC,H1@H4,dynamic,M5,48,0.0,True,0.0,3.0,True,0,0.0,0.0,0.0,0.0,0.0,0.0,0
USTEC,H1@H4,dynamic,M5,24,0.0,False,0.0,5.0,False,352,0.32954545454545453,3.170491502070146,1.659840240404147,0.3181818181818182,112.0,11.0,0
USTEC,H1@H4,dynamic,M5,24,0.0,True,0.0,5.0,False,340,0.34411764705882353,3.8079741990491907,1.7735130266538202,0.4588344888194849,156.00372619862483,11.0,0
USTEC,H1@H4,dynamic,M5,48,0.0,False,0.0,5.0,False,377,0.3395225464190981,3.6657516713854283,1.6578992208078889,0.35809018567639256,135.0,12.0,0
USTEC,H1@H4,dynamic,M5,48,0.0,True,0.0,5.0,False,359,0.3593314763231198,4.338378114153153,1.8335684759039819,0.5219863174272995,187.39308795640042,12.0,0
USTEC,H1@H4,dynamic,M5,24,0.0,False,0.0,5.0,True,0,0.0,0.0,0.0,0.0,0.0,0.0,0
USTEC,H1@H4,dynamic,M5,24,0.0,True,0.0,5.0,True,0,0.0,0.0,0.0,0.0,0.0,0.0,0
USTEC,H1@H4,dynamic,M5,48,0.0,False,0.0,5.0,True,0,0.0,0.0,0.0,0.0,0.0,0.0,0
USTEC,H1@H4,dynamic,M5,48,0.0,True,0.0,5.0,True,0,0.0,0.0,0.0,0.0,0.0,0.0,0
USTEC,H1@H4,dynamic,M5,24,100.0,False,0.0,0.0,False,352,0.32954545454545453,2.59106567335143,1.5782713856314652,0.24602178382484324,86.59966790634479,11.0,0
USTEC,H1@H4,dynamic,M5,24,100.0,True,0.0,0.0,False,340,0.34411764705882353,3.3225626748583457,1.6860821494975642,0.3755722003879346,127.69454813189773,11.0,0
USTEC,H1@H4,dynamic,M5,48,100.0,False,0.0,0.0,False,377,0.3395225464190981,3.0592789852679063,1.5774092459340114,0.2824686389606662,106.49067688817115,12.0,0
USTEC,H1@H4,dynamic,M5,48,100.0,True,0.0,0.0,False,359,0.3593314763231198,3.8575334869322853,1.744917359444721,0.43532947948658574,156.28328313568434,12.029467215559905,0
USTEC,H1@H4,dynamic,M5,24,100.0,False,0.0,0.0,True,0,0.0,0.0,0.0,0.0,0.0,0.0,0
USTEC,H1@H4,dynamic,M5,24,100.0,True,0.0,0.0,True,0,0.0,0.0,0.0,0.0,0.0,0.0,0
USTEC,H1@H4,dynamic,M5,48,100.0,False,0.0,0.0,True,0,0.0,0.0,0.0,0.0,0.0,0.0,0
USTEC,H1@H4,dynamic,M5,48,100.0,True,0.0,0.0,True,0,0.0,0.0,0.0,0.0,0.0,0.0,0
USTEC,H1@H4,dynamic,M5,24,100.0,False,0.0,2.0,False,352,0.32954545454545453,2.59106567335143,1.5782713856314652,0.24602178382484324,86.59966790634479,11.0,0
USTEC,H1@H4,dynamic,M5,24,100.0,True,0.0,2.0,False,340,0.34411764705882353,3.3225626748583457,1.6860821494975642,0.3755722003879346,127.69454813189773,11.0,0
USTEC,H1@H4,dynamic,M5,48,100.0,False,0.0,2.0,False,377,0.3395225464190981,3.0592789852679063,1.5774092459340114,0.2824686389606662,106.49067688817115,12.0,0
USTEC,H1@H4,dynamic,M5,48,100.0,True,0.0,2.0,False,359,0.3593314763231198,3.8575334869322853,1.744917359444721,0.43532947948658574,156.28328313568434,12.029467215559905,0
USTEC,H1@H4,dynamic,M5,24,100.0,False,0.0,2.0,True,0,0.0,0.0,0.0,0.0,0.0,0.0,0
USTEC,H1@H4,dynamic,M5,24,100.0,True,0.0,2.0,True,0,0.0,0.0,0.0,0.0,0.0,0.0,0
USTEC,H1@H4,dynamic,M5,48,100.0,False,0.0,2.0,True,0,0.0,0.0,0.0,0.0,0.0,0.0,0
USTEC,H1@H4,dynamic,M5,48,100.0,True,0.0,2.0,True,0,0.0,0.0,0.0,0.0,0.0,0.0,0
USTEC,H1@H4,dynamic,M5,24,100.0,False,0.0,3.0,False,352,0.32954545454545453,2.59106567335143,1.5782713856314652,0.24602178382484324,86.59966790634479,11.0,0
USTEC,H1@H4,dynamic,M5,24,100.0,True,0.0,3.0,False,340,0.34411764705882353,3.3225626748583457,1.6860821494975642,0.3755722003879346,127.69454813189773,11.0,0
USTEC,H1@H4,dynamic,M5,48,100.0,False,0.0,3.0,False,377,0.3395225464190981,3.0592789852679063,1.5774092459340114,0.2824686389606662,106.49067688817115,12.0,0
USTEC,H1@H4,dynamic,M5,48,100.0,True,0.0,3.0,False,359,0.3593314763231198,3.8575334869322853,1.744917359444721,0.43532947948658574,156.28328313568434,12.029467215559905,0
USTEC,H1@H4,dynamic,M5,24,100.0,False,0.0,3.0,True,0,0.0,0.0,0.0,0.0,0.0,0.0,0
USTEC,H1@H4,dynamic,M5,24,100.0,True,0.0,3.0,True,0,0.0,0.0,0.0,0.0,0.0,0.0,0
USTEC,H1@H4,dynamic,M5,48,100.0,False,0.0,3.0,True,0,0.0,0.0,0.0,0.0,0.0,0.0,0
USTEC,H1@H4,dynamic,M5,48,100.0,True,0.0,3.0,True,0,0.0,0.0,0.0,0.0,0.0,0.0,0
USTEC,H1@H4,dynamic,M5,24,100.0,False,0.0,5.0,False,352,0.32954545454545453,2.59106567335143,1.5782096282091471,0.24602178382484324,86.59966790634479,11.0,0
USTEC,H1@H4,dynamic,M5,24,100.0,True,0.0,5.0,False,340,0.34411764705882353,3.3225626748583457,1.6860120905542801,0.3755722003879346,127.69454813189773,11.0,0
USTEC,H1@H4,dynamic,M5,48,100.0,False,0.0,5.0,False,377,0.3395225464190981,3.0592789852679063,1.5773520656227966,0.2824686389606662,106.49067688817115,12.0,0
USTEC,H1@H4,dynamic,M5,48,100.0,True,0.0,5.0,False,359,0.3593314763231198,3.8575334869322853,1.744848946710396,0.43532947948658574,156.28328313568434,12.029467215559905,0
USTEC,H1@H4,dynamic,M5,24,100.0,False,0.0,5.0,True,0,0.0,0.0,0.0,0.0,0.0,0.0,0
USTEC,H1@H4,dynamic,M5,24,100.0,True,0.0,5.0,True,0,0.0,0.0,0.0,0.0,0.0,0.0,0
USTEC,H1@H4,dynamic,M5,48,100.0,False,0.0,5.0,True,0,0.0,0.0,0.0,0.0,0.0,0.0,0
USTEC,H1@H4,dynamic,M5,48,100.0,True,0.0,5.0,True,0,0.0,0.0,0.0,0.0,0.0,0.0,0
USTEC,H1@H4,dynamic,M5,24,150.0,False,0.0,0.0,False,352,0.32954545454545453,2.30931119431881,1.5397633117534903,0.21380890004009495,75.26073281411345,11.0,0
USTEC,H1@H4,dynamic,M5,24,150.0,True,0.0,0.0,False,340,0.34411764705882353,3.08293965458243,1.6448147821207224,0.3385046334989337,115.0915753896375,11.0,0
USTEC,H1@H4,dynamic,M5,48,150.0,False,0.0,0.0,False,377,0.3395225464190981,2.7640378333496374,1.5393607037054717,0.24874552224913996,93.77706188792578,12.0,0
USTEC,H1@H4,dynamic,M5,48,150.0,True,0.0,0.0,False,359,0.3593314763231198,3.619624221337397,1.7030087084293335,0.3967222355820397,142.42328257395218,12.0902285079773,0
USTEC,H1@H4,dynamic,M5,24,150.0,False,0.0,0.0,True,0,0.0,0.0,0.0,0.0,0.0,0.0,0
USTEC,H1@H4,dynamic,M5,24,150.0,True,0.0,0.0,True,0,0.0,0.0,0.0,0.0,0.0,0.0,0
USTEC,H1@H4,dynamic,M5,48,150.0,False,0.0,0.0,True,0,0.0,0.0,0.0,0.0,0.0,0.0,0
USTEC,H1@H4,dynamic,M5,48,150.0,True,0.0,0.0,True,0,0.0,0.0,0.0,0.0,0.0,0.0,0
USTEC,H1@H4,dynamic,M5,24,150.0,False,0.0,2.0,False,352,0.32954545454545453,2.30931119431881,1.5397633117534903,0.21380890004009495,75.26073281411345,11.0,0
USTEC,H1@H4,dynamic,M5,24,150.0,True,0.0,2.0,False,340,0.34411764705882353,3.08293965458243,1.6448147821207224,0.3385046334989337,115.0915753896375,11.0,0
USTEC,H1@H4,dynamic,M5,48,150.0,False,0.0,2.0,False,377,0.3395225464190981,2.7640378333496374,1.5393607037054717,0.24874552224913996,93.77706188792578,12.0,0
USTEC,H1@H4,dynamic,M5,48,150.0,True,0.0,2.0,False,359,0.3593314763231198,3.619624221337397,1.7030087084293335,0.3967222355820397,142.42328257395218,12.0902285079773,0
USTEC,H1@H4,dynamic,M5,24,150.0,False,0.0,2.0,True,0,0.0,0.0,0.0,0.0,0.0,0.0,0
USTEC,H1@H4,dynamic,M5,24,150.0,True,0.0,2.0,True,0,0.0,0.0,0.0,0.0,0.0,0.0,0
USTEC,H1@H4,dynamic,M5,48,150.0,False,0.0,2.0,True,0,0.0,0.0,0.0,0.0,0.0,0.0,0
USTEC,H1@H4,dynamic,M5,48,150.0,True,0.0,2.0,True,0,0.0,0.0,0.0,0.0,0.0,0.0,0
USTEC,H1@H4,dynamic,M5,24,150.0,False,0.0,3.0,False,352,0.32954545454545453,2.30931119431881,1.5397633117534903,0.21380890004009495,75.26073281411345,11.0,0
USTEC,H1@H4,dynamic,M5,24,150.0,True,0.0,3.0,False,340,0.34411764705882353,3.08293965458243,1.6448147821207224,0.3385046334989337,115.0915753896375,11.0,0
USTEC,H1@H4,dynamic,M5,48,150.0,False,0.0,3.0,False,377,0.3395225464190981,2.7640378333496374,1.5393607037054717,0.24874552224913996,93.77706188792578,12.0,0
USTEC,H1@H4,dynamic,M5,48,150.0,True,0.0,3.0,False,359,0.3593314763231198,3.619624221337397,1.7030087084293335,0.3967222355820397,142.42328257395218,12.0902285079773,0
USTEC,H1@H4,dynamic,M5,24,150.0,False,0.0,3.0,True,0,0.0,0.0,0.0,0.0,0.0,0.0,0
USTEC,H1@H4,dynamic,M5,24,150.0,True,0.0,3.0,True,0,0.0,0.0,0.0,0.0,0.0,0.0,0
USTEC,H1@H4,dynamic,M5,48,150.0,False,0.0,3.0,True,0,0.0,0.0,0.0,0.0,0.0,0.0,0
USTEC,H1@H4,dynamic,M5,48,150.0,True,0.0,3.0,True,0,0.0,0.0,0.0,0.0,0.0,0.0,0
USTEC,H1@H4,dynamic,M5,24,150.0,False,0.0,5.0,False,352,0.32954545454545453,2.3257710461305012,1.5401511047969259,0.21559231436189255,75.8884946553862,11.0,0
USTEC,H1@H4,dynamic,M5,24,150.0,True,0.0,5.0,False,340,0.34411764705882353,3.0752318531403313,1.6441490373601304,0.3370769889932853,114.60617625771705,11.0,0
USTEC,H1@H4,dynamic,M5,48,150.0,False,0.0,5.0,False,377,0.3395225464190981,2.7795038630350923,1.53913349870113,0.2504106730217467,94.40482372919854,12.0,0
USTEC,H1@H4,dynamic,M5,48,150.0,True,0.0,5.0,False,359,0.3593314763231198,3.6128194618525966,1.701427125747636,0.3953701488635983,141.93788344203176,12.0902285079773,0
USTEC,H1@H4,dynamic,M5,24,150.0,False,0.0,5.0,True,0,0.0,0.0,0.0,0.0,0.0,0.0,0
USTEC,H1@H4,dynamic,M5,24,150.0,True,0.0,5.0,True,0,0.0,0.0,0.0,0.0,0.0,0.0,0
USTEC,H1@H4,dynamic,M5,48,150.0,False,0.0,5.0,True,0,0.0,0.0,0.0,0.0,0.0,0.0,0
USTEC,H1@H4,dynamic,M5,48,150.0,True,0.0,5.0,True,0,0.0,0.0,0.0,0.0,0.0,0.0,0
USTEC,H1@H4,dynamic,M5,24,200.0,False,0.0,0.0,False,352,0.32954545454545453,2.0325529392567945,1.5026619336201215,0.1837475670807372,64.67914361241952,11.658313224015664,0
USTEC,H1@H4,dynamic,M5,24,200.0,True,0.0,0.0,False,340,0.34411764705882353,2.8455383982176574,1.6050598353768935,0.3039708624381489,103.35009322897068,12.120378102193541,0
USTEC,H1@H4,dynamic,M5,48,200.0,False,0.0,0.0,False,377,0.3395225464190981,2.473882205592792,1.5026718065009486,0.2172968160299108,81.92089964327639,12.0,0
USTEC,H1@H4,dynamic,M5,48,200.0,True,0.0,0.0,False,359,0.3593314763231198,3.383597283059111,1.6625962778337702,0.36074110999629944,129.50605848867156,12.439577838717655,0
USTEC,H1@H4,dynamic,M5,24,200.0,False,0.0,0.0,True,0,0.0,0.0,0.0,0.0,0.0,0.0,0
USTEC,H1@H4,dynamic,M5,24,200.0,True,0.0,0.0,True,0,0.0,0.0,0.0,0.0,0.0,0.0,0
USTEC,H1@H4,dynamic,M5,48,200.0,False,0.0,0.0,True,0,0.0,0.0,0.0,0.0,0.0,0.0,0
USTEC,H1@H4,dynamic,M5,48,200.0,True,0.0,0.0,True,0,0.0,0.0,0.0,0.0,0.0,0.0,0
USTEC,H1@H4,dynamic,M5,24,200.0,False,0.0,2.0,False,352,0.32954545454545453,2.0325529392567945,1.5026619336201215,0.1837475670807372,64.67914361241952,11.658313224015664,0
USTEC,H1@H4,dynamic,M5,24,200.0,True,0.0,2.0,False,340,0.34411764705882353,2.8455383982176574,1.6050598353768935,0.3039708624381489,103.35009322897068,12.120378102193541,0
USTEC,H1@H4,dynamic,M5,48,200.0,False,0.0,2.0,False,377,0.3395225464190981,2.473882205592792,1.5026718065009486,0.2172968160299108,81.92089964327639,12.0,0
USTEC,H1@H4,dynamic,M5,48,200.0,True,0.0,2.0,False,359,0.3593314763231198,3.383597283059111,1.6625962778337702,0.36074110999629944,129.50605848867156,12.439577838717655,0
USTEC,H1@H4,dynamic,M5,24,200.0,False,0.0,2.0,True,0,0.0,0.0,0.0,0.0,0.0,0.0,0
USTEC,H1@H4,dynamic,M5,24,200.0,True,0.0,2.0,True,0,0.0,0.0,0.0,0.0,0.0,0.0,0
USTEC,H1@H4,dynamic,M5,48,200.0,False,0.0,2.0,True,0,0.0,0.0,0.0,0.0,0.0,0.0,0
USTEC,H1@H4,dynamic,M5,48,200.0,True,0.0,2.0,True,0,0.0,0.0,0.0,0.0,0.0,0.0,0
USTEC,H1@H4,dynamic,M5,24,200.0,False,0.0,3.0,False,352,0.32954545454545453,2.0375073302352034,1.5027728334606414,0.18425268923536214,64.85694661084749,11.658313224015664,0
USTEC,H1@H4,dynamic,M5,24,200.0,True,0.0,3.0,False,340,0.34411764705882353,2.845895998742284,1.6049512604175795,0.3039351235355568,103.33794200208935,12.120378102193541,0
USTEC,H1@H4,dynamic,M5,48,200.0,False,0.0,3.0,False,377,0.3395225464190981,2.478554023787452,1.5027746271712334,0.2177684420204359,82.09870264170436,12.0,0
USTEC,H1@H4,dynamic,M5,48,200.0,True,0.0,3.0,False,359,0.3593314763231198,3.384019208989105,1.6624749635563452,0.36070726256766067,129.4939072617902,12.439577838717655,0
USTEC,H1@H4,dynamic,M5,24,200.0,False,0.0,3.0,True,0,0.0,0.0,0.0,0.0,0.0,0.0,0
USTEC,H1@H4,dynamic,M5,24,200.0,True,0.0,3.0,True,0,0.0,0.0,0.0,0.0,0.0,0.0,0
USTEC,H1@H4,dynamic,M5,48,200.0,False,0.0,3.0,True,0,0.0,0.0,0.0,0.0,0.0,0.0,0
USTEC,H1@H4,dynamic,M5,48,200.0,True,0.0,3.0,True,0,0.0,0.0,0.0,0.0,0.0,0.0,0
USTEC,H1@H4,dynamic,M5,24,200.0,False,0.0,5.0,False,352,0.32954545454545453,2.109541399073626,1.5075210975812212,0.19178466466815153,67.50820196318934,11.279582254617218,0
USTEC,H1@H4,dynamic,M5,24,200.0,True,0.0,5.0,False,338,0.34615384615384615,2.9302286830819324,1.6150879820807187,0.312437843063937,105.60399095561074,11.0,0
USTEC,H1@H4,dynamic,M5,48,200.0,False,0.0,5.0,False,377,0.3395225464190981,2.5553746252977407,1.5071989037098876,0.22575476614299333,85.10954683590852,12.0,0
USTEC,H1@H4,dynamic,M5,48,200.0,True,0.0,5.0,False,357,0.36134453781512604,3.471564484923905,1.6699337909591128,0.36965103611590094,131.9654198933766,12.1485539201649,0
USTEC,H1@H4,dynamic,M5,24,200.0,False,0.0,5.0,True,0,0.0,0.0,0.0,0.0,0.0,0.0,0
USTEC,H1@H4,dynamic,M5,24,200.0,True,0.0,5.0,True,0,0.0,0.0,0.0,0.0,0.0,0.0,0
USTEC,H1@H4,dynamic,M5,48,200.0,False,0.0,5.0,True,0,0.0,0.0,0.0,0.0,0.0,0.0,0
USTEC,H1@H4,dynamic,M5,48,200.0,True,0.0,5.0,True,0,0.0,0.0,0.0,0.0,0.0,0.0,0
USTEC,M5@M15,none,,48,0.0,False,0.0,0.0,False,2063,0.28259815802229765,3.2646363863862375,1.1247361651277952,0.12941128514995576,266.97548126435873,40.0,0
USTEC,M5@M15,none,,48,0.0,True,0.0,0.0,False,1982,0.31029263370333,4.897083781109238,1.2582526932284515,0.20718613273946312,410.642915089617,33.22695450179094,0
USTEC,M5@M15,none,,48,0.0,False,0.0,2.0,False,2063,0.28259815802229765,3.2646363863862375,1.1247361651277952,0.12941128514995576,266.97548126435873,40.0,0
USTEC,M5@M15,none,,48,0.0,True,0.0,2.0,False,1982,0.31029263370333,4.897083781109238,1.2582526932284515,0.20718613273946312,410.642915089617,33.22695450179094,0
USTEC,M5@M15,none,,48,0.0,False,0.0,3.0,False,2063,0.28259815802229765,3.2646363863862375,1.1247361651277952,0.12941128514995576,266.97548126435873,40.0,0
USTEC,M5@M15,none,,48,0.0,True,0.0,3.0,False,1982,0.31029263370333,4.897083781109238,1.2582526932284515,0.20718613273946312,410.642915089617,33.22695450179094,0
USTEC,M5@M15,none,,48,0.0,False,0.0,5.0,False,2063,0.28259815802229765,3.2646363863862375,1.1247361651277952,0.12941128514995576,266.97548126435873,40.0,0
USTEC,M5@M15,none,,48,0.0,True,0.0,5.0,False,1982,0.31029263370333,4.897083781109238,1.2582526932284515,0.20718613273946312,410.642915089617,33.22695450179094,0
USTEC,M5@M15,none,,48,100.0,False,0.0,0.0,False,2063,0.28259815802229765,2.3565521219304326,1.0957523767877002,0.09022056039662218,186.12501609823158,46.83416476864599,0
USTEC,M5@M15,none,,48,100.0,True,0.0,0.0,False,1982,0.31029263370333,4.057326682280812,1.2249631434252979,0.16571805285407346,328.4531807567736,34.79470626068871,0
USTEC,M5@M15,none,,48,100.0,False,0.0,2.0,False,2063,0.28259815802229765,2.3565521219304326,1.0957523767877002,0.09022056039662218,186.12501609823158,46.83416476864599,0
USTEC,M5@M15,none,,48,100.0,True,0.0,2.0,False,1982,0.31029263370333,4.057326682280812,1.2249631434252979,0.16571805285407346,328.4531807567736,34.79470626068871,0
USTEC,M5@M15,none,,48,100.0,False,0.0,3.0,False,2063,0.28259815802229765,2.3565521219304326,1.0957523767877002,0.09022056039662218,186.12501609823158,46.83416476864599,0
USTEC,M5@M15,none,,48,100.0,True,0.0,3.0,False,1982,0.31029263370333,4.057326682280812,1.2249631434252979,0.16571805285407346,328.4531807567736,34.79470626068871,0
USTEC,M5@M15,none,,48,100.0,False,0.0,5.0,False,2063,0.28259815802229765,2.3587068861177083,1.0957807571278546,0.09030872446150015,186.30689856407486,46.83416476864599,0
USTEC,M5@M15,none,,48,100.0,True,0.0,5.0,False,1982,0.31029263370333,4.059339376293701,1.224991748666945,0.16580981999122946,328.63506322261685,34.794706260688685,0
USTEC,M5@M15,none,,48,150.0,False,0.0,0.0,False,2063,0.28259815802229765,1.9164290015541152,1.0816714314691713,0.0721988145026362,148.9461543189384,49.96508809855269,0
USTEC,M5@M15,none,,48,150.0,True,0.0,0.0,False,1982,0.31029263370333,3.6488227282369987,1.208800159354393,0.1466115706901489,290.58413310787506,35.51906613866879,0
USTEC,M5@M15,none,,48,150.0,False,0.0,2.0,False,2063,0.28259815802229765,1.9164290015541152,1.0816714314691713,0.0721988145026362,148.9461543189384,49.96508809855269,0
USTEC,M5@M15,none,,48,150.0,True,0.0,2.0,False,1982,0.31029263370333,3.6488227282369987,1.208800159354393,0.1466115706901489,290.58413310787506,35.51906613866879,0
USTEC,M5@M15,none,,48,150.0,False,0.0,3.0,False,2063,0.28259815802229765,1.9182800875182466,1.0816875640575432,0.0722718943625207,149.0969180698801,49.96508809855269,0
USTEC,M5@M15,none,,48,150.0,True,0.0,3.0,False,1982,0.31029263370333,3.650561480481692,1.208816182523361,0.14668763716388336,290.73489685881674,35.51906613866879,0
USTEC,M5@M15,none,,48,150.0,False,0.0,5.0,False,2060,0.2820388349514563,1.8975086049840344,1.0830936033685863,0.07158031594103216,147.4554508385262,49.96181816993269,0
USTEC,M5@M15,none,,48,150.0,True,0.0,5.0,False,1966,0.30925737538148523,3.651887108924838,1.2125088722493702,0.14785149187672758,290.6760330296465,35.51906613866879,0
USTEC,M5@M15,none,,48,200.0,False,0.0,0.0,False,2063,0.28259815802229765,1.484532440099212,1.0678541905238155,0.05507367813678055,113.6169979961782,52.92986797613684,0
USTEC,M5@M15,none,,48,200.0,True,0.0,0.0,False,1982,0.31029263370333,3.2470695526227775,1.1929460914877206,0.12843646986239385,254.56108326726454,37.17554779104776,0
USTEC,M5@M15,none,,48,200.0,False,0.0,2.0,False,2063,0.28259815802229765,1.4853779289658542,1.0678581246890113,0.055106035951679046,113.68375216831377,52.92986797613684,0
USTEC,M5@M15,none,,48,200.0,True,0.0,2.0,False,1982,0.31029263370333,3.2478679290192125,1.1929495445218181,0.1284701500703331,254.6278374394001,37.17554779104776,0
USTEC,M5@M15,none,,48,200.0,False,0.0,3.0,False,2062,0.2822502424830262,1.467404454637214,1.0677779199242272,0.05445845249947787,112.29332905392333,52.92986797613684,0
USTEC,M5@M15,none,,48,200.0,True,0.0,3.0,False,1981,0.3099444724886421,3.238010099159143,1.192906815105837,0.12814795043993846,253.861089821518,37.090939572759055,0
USTEC,M5@M15,none,,48,200.0,False,0.0,5.0,False,2053,0.2810521188504627,1.417917718368316,1.0687276061823903,0.052788927805174884,108.37566878402406,54.14029320037017,0
USTEC,M5@M15,none,,48,200.0,True,0.0,5.0,False,1965,0.3094147582697201,3.306966505660792,1.2000056537887251,0.1319619624960462,259.3052563047307,36.255848499678706,0
USTEC,M1@M5,none,,48,0.0,False,0.0,0.0,False,2316,0.2659758203799655,1.7493646709236068,0.9626736092549959,0.06425530319152598,148.81528219157417,54.0,0
USTEC,M1@M5,none,,48,0.0,True,0.0,0.0,False,2316,0.2659758203799655,1.7515430865802366,0.9630126756933859,0.06433506044905009,149.0,54.0,0
USTEC,M1@M5,none,,48,0.0,False,0.0,2.0,False,2316,0.2659758203799655,1.7493646709236068,0.9626736092549959,0.06425530319152598,148.81528219157417,54.0,0
USTEC,M1@M5,none,,48,0.0,True,0.0,2.0,False,2316,0.2659758203799655,1.7515430865802366,0.9630126756933859,0.06433506044905009,149.0,54.0,0
USTEC,M1@M5,none,,48,0.0,False,0.0,3.0,False,2316,0.2659758203799655,1.7493646709236068,0.9626736092549959,0.06425530319152598,148.81528219157417,54.0,0
USTEC,M1@M5,none,,48,0.0,True,0.0,3.0,False,2316,0.2659758203799655,1.7515430865802366,0.9630126756933859,0.06433506044905009,149.0,54.0,0
USTEC,M1@M5,none,,48,0.0,False,0.0,5.0,False,2316,0.2659758203799655,1.7493646709236068,0.9626736092549959,0.06425530319152598,148.81528219157417,54.0,0
USTEC,M1@M5,none,,48,0.0,True,0.0,5.0,False,2316,0.2659758203799655,1.7515430865802366,0.9630126756933859,0.06433506044905009,149.0,54.0,0
USTEC,M1@M5,none,,48,100.0,False,0.0,0.0,False,2316,0.2659758203799655,0.12124918603648492,0.9227032399527598,0.004207630525659532,9.744872297427468,86.87212204010058,0
USTEC,M1@M5,none,,48,100.0,True,0.0,0.0,False,2316,0.2659758203799655,0.12364432756585081,0.9230348058619472,0.004290734689898641,9.937341541805239,86.87212204010058,0
USTEC,M1@M5,none,,48,100.0,False,0.0,2.0,False,2316,0.2659758203799655,0.12124918603648492,0.9227032399527598,0.004207630525659532,9.744872297427468,86.87212204010058,0
USTEC,M1@M5,none,,48,100.0,True,0.0,2.0,False,2316,0.2659758203799655,0.12364432756585081,0.9230348058619472,0.004290734689898641,9.937341541805239,86.87212204010058,0
USTEC,M1@M5,none,,48,100.0,False,0.0,3.0,False,2316,0.2659758203799655,0.12290092801913505,0.9227020114696874,0.004265119504899551,9.878016773347353,86.73897756418069,0
USTEC,M1@M5,none,,48,100.0,True,0.0,3.0,False,2316,0.2659758203799655,0.12529597941651247,0.9230335675022027,0.004348223669138659,10.070486017725123,86.73897756418069,0
USTEC,M1@M5,none,,48,100.0,False,0.0,5.0,False,2311,0.2661185633924708,0.16575522101075849,0.923229069394981,0.005763994231392182,13.320590668747384,88.65610115151816,0
USTEC,M1@M5,none,,48,100.0,True,0.0,5.0,False,2311,0.2661185633924708,0.16815073014317308,0.9235609059279927,0.005847278196938602,13.513059913125154,88.65610115151816,0
USTEC,M1@M5,none,,48,150.0,False,0.0,0.0,False,2316,0.2659758203799655,-0.6544560709433039,0.9036089195114952,-0.022143415790878373,-51.28415097167427,125.27389000381483,0
USTEC,M1@M5,none,,48,150.0,True,0.0,0.0,False,2316,0.2659758203799655,-0.6519527275698931,0.903936701221749,-0.02205866192633298,-51.08786102138715,125.27389000381483,0
USTEC,M1@M5,none,,48,150.0,False,0.0,2.0,False,2316,0.2659758203799655,-0.6524450437008429,0.9036082443754244,-0.02207627398882137,-51.128650558110245,125.1183895902508,0
USTEC,M1@M5,none,,48,150.0,True,0.0,2.0,False,2316,0.2659758203799655,-0.649941798935105,0.903936016651788,-0.02199152012427598,-50.93236060782312,125.1183895902508,0
USTEC,M1@M5,none,,48,150.0,False,0.0,3.0,False,2315,0.2660907127429806,-0.6203177182933739,0.9038904305739022,-0.02100628147640308,-48.629541617873066,123.25617834656896,0
USTEC,M1@M5,none,,48,150.0,True,0.0,3.0,False,2315,0.2660907127429806,-0.6178153702171683,0.9042182731812622,-0.020921491001117065,-48.43325166758594,123.25617834656896,0
USTEC,M1@M5,none,,48,150.0,False,0.0,5.0,False,2279,0.26810004387889425,-0.27718131838703497,0.908259796651962,-0.009515948598437188,-21.68684685583835,98.63236980385683,0
USTEC,M1@M5,none,,48,150.0,True,0.0,5.0,False,2279,0.26810004387889425,-0.2746733022034674,0.9085901676801705,-0.009429818738723667,-21.49055690555123,98.63236980385683,0
USTEC,M1@M5,none,,48,200.0,False,0.0,0.0,False,2316,0.2659758203799655,-1.4087939306408077,0.8850737263683064,-0.046547560908486524,-107.80415106405472,171.69611001198246,0
USTEC,M1@M5,none,,48,200.0,True,0.0,0.0,False,2316,0.2659758203799655,-1.4061819107525084,0.8853977103168189,-0.0464611728807233,-107.60407639175509,171.69611001198246,0
USTEC,M1@M5,none,,48,200.0,False,0.0,2.0,False,2315,0.2660907127429806,-1.3800495844389242,0.8852633425965752,-0.04562821714730903,-105.62932269602032,170.02241184755837,0
USTEC,M1@M5,none,,48,200.0,True,0.0,2.0,False,2315,0.2660907127429806,-1.377438166790547,0.8855873842795573,-0.045541791802903145,-105.42924802372069,170.02241184755837,0
USTEC,M1@M5,none,,48,200.0,False,0.0,3.0,False,2309,0.26548289302728456,-1.3704043710220244,0.885343072044226,-0.04542121534677139,-104.87758623569505,169.97852453972266,0
USTEC,M1@M5,none,,48,200.0,True,0.0,3.0,False,2309,0.26548289302728456,-1.3677926095529633,0.8856671534121773,-0.04533456542373127,-104.67751156339541,169.97852453972266,0
USTEC,M1@M5,none,,48,200.0,False,0.0,5.0,False,2212,0.26446654611211573,-1.0999966352341983,0.8906090817965087,-0.03759866958155991,-83.16825711441052,131.97078256005602,0
USTEC,M1@M5,none,,48,200.0,True,0.0,5.0,False,2212,0.26446654611211573,-1.0973528165854198,0.8909376071144062,-0.037508219910538376,-82.96818244211089,131.97078256005602,0
USTEC,M1@M15,none,,48,0.0,False,0.0,0.0,False,837,0.2640382317801673,0.8823976010772405,1.0713614974012085,0.05373136153021678,44.973149600791444,41.0,0
USTEC,M1@M15,none,,48,0.0,True,0.0,0.0,False,898,0.26837416481069043,0.7393139958312138,1.0926332711071742,0.04460571930505838,40.05593593594244,46.249915189953555,0
USTEC,M1@M15,none,,48,0.0,False,0.0,2.0,False,837,0.2640382317801673,0.8823976010772405,1.0713614974012085,0.05373136153021678,44.973149600791444,41.0,0
USTEC,M1@M15,none,,48,0.0,True,0.0,2.0,False,898,0.26837416481069043,0.7393139958312138,1.0926332711071742,0.04460571930505838,40.05593593594244,46.249915189953555,0
USTEC,M1@M15,none,,48,0.0,False,0.0,3.0,False,837,0.2640382317801673,0.8823976010772405,1.0713614974012085,0.05373136153021678,44.973149600791444,41.0,0
USTEC,M1@M15,none,,48,0.0,True,0.0,3.0,False,898,0.26837416481069043,0.7393139958312138,1.0926332711071742,0.04460571930505838,40.05593593594244,46.249915189953555,0
USTEC,M1@M15,none,,48,0.0,False,0.0,5.0,False,837,0.2640382317801673,0.8823976010772405,1.0713614974012085,0.05373136153021678,44.973149600791444,41.0,0
USTEC,M1@M15,none,,48,0.0,True,0.0,5.0,False,898,0.26837416481069043,0.7393139958312138,1.0926332711071742,0.04460571930505838,40.05593593594244,46.249915189953555,0
USTEC,M1@M15,none,,48,100.0,False,0.0,0.0,False,837,0.2640382317801673,0.3446829819838751,1.0446666524117776,0.020332929463728708,17.01866196114093,43.13895443471596,0
USTEC,M1@M15,none,,48,100.0,True,0.0,0.0,False,898,0.26837416481069043,0.18636080448663023,1.0642752127223931,0.010867308347657974,9.758842896196837,53.282829364736386,0
USTEC,M1@M15,none,,48,100.0,False,0.0,2.0,False,837,0.2640382317801673,0.3446829819838751,1.0446666524117776,0.020332929463728708,17.01866196114093,43.13895443471596,0
USTEC,M1@M15,none,,48,100.0,True,0.0,2.0,False,898,0.26837416481069043,0.18636080448663023,1.0642752127223931,0.010867308347657974,9.758842896196837,53.282829364736386,0
USTEC,M1@M15,none,,48,100.0,False,0.0,3.0,False,837,0.2640382317801673,0.3446829819838751,1.0446666524117776,0.020332929463728708,17.01866196114093,43.13895443471596,0
USTEC,M1@M15,none,,48,100.0,True,0.0,3.0,False,898,0.26837416481069043,0.18636080448663023,1.0642752127223931,0.010867308347657974,9.758842896196837,53.282829364736386,0
USTEC,M1@M15,none,,48,100.0,False,0.0,5.0,False,837,0.2640382317801673,0.3488119800187596,1.0447959338998296,0.02058036625285688,17.225766553641208,43.13895443471596,0
USTEC,M1@M15,none,,48,100.0,True,0.0,5.0,False,898,0.26837416481069043,0.1902838793672351,1.0644015352796843,0.011097937069818632,9.965947488697116,53.0757247722361,0
USTEC,M1@M15,none,,48,150.0,False,0.0,0.0,False,837,0.2640382317801673,0.08478531639017509,1.0316894898833673,0.0049284993782308705,4.125153979579226,44.13556973218083,0
USTEC,M1@M15,none,,48,150.0,True,0.0,0.0,False,898,0.26837416481069043,-0.08225790351488495,1.0505053129256008,-0.0047214328069311515,-4.23984666062416,57.08017872910017,0
USTEC,M1@M15,none,,48,150.0,False,0.0,2.0,False,837,0.2640382317801673,0.08478531639017509,1.0316894898833673,0.0049284993782308705,4.125153979579226,44.13556973218083,0
USTEC,M1@M15,none,,48,150.0,True,0.0,2.0,False,898,0.26837416481069043,-0.08225790351488495,1.0505053129256008,-0.0047214328069311515,-4.23984666062416,57.08017872910017,0
USTEC,M1@M15,none,,48,150.0,False,0.0,3.0,False,837,0.2640382317801673,0.08850485950729395,1.0317725431731346,0.005145465671819924,4.30675476731326,44.13556973218083,0
USTEC,M1@M15,none,,48,150.0,True,0.0,3.0,False,898,0.26837416481069043,-0.07872432977169866,1.0505864349071485,-0.004519204758229554,-4.058245872890133,56.89857794136614,0
USTEC,M1@M15,none,,48,150.0,False,0.0,5.0,False,836,0.2631578947368421,0.05230465323767408,1.0316507999804143,0.0030426405574546073,2.5436475060320327,44.13556973218082,0
USTEC,M1@M15,none,,48,150.0,True,0.0,5.0,False,898,0.26837416481069043,-0.07374084414094607,1.0508062494585149,-0.0042337476482102905,-3.8019053880928415,56.64223745656885,0
USTEC,M1@M15,none,,48,200.0,False,0.0,0.0,False,837,0.2640382317801673,-0.17004503370055876,1.0189501211314733,-0.009746338741659082,-8.157685526768647,45.089089914538626,0
USTEC,M1@M15,none,,48,200.0,True,0.0,0.0,False,898,0.26837416481069043,-0.346338107537257,1.0369977724786383,-0.01958000899679193,-17.582848079119138,63.402894413039554,0
USTEC,M1@M15,none,,48,200.0,False,0.0,2.0,False,837,0.2640382317801673,-0.16792961973242343,1.0189877933093532,-0.009625778159430793,-8.056776319443559,45.08908991453862,0
USTEC,M1@M15,none,,48,200.0,True,0.0,2.0,False,898,0.26837416481069043,-0.3443283732551705,1.0370345550957685,-0.01946763794186422,-17.481938871794064,63.30198520571448,0
USTEC,M1@M15,none,,48,200.0,False,0.0,3.0,False,837,0.2640382317801673,-0.16093886738222737,1.0191662740167355,-0.009227530449355127,-7.72344298611023,45.089089914538626,0
USTEC,M1@M15,none,,48,200.0,True,0.0,3.0,False,898,0.26837416481069043,-0.33768198306760194,1.0372088213021369,-0.01909644269316341,-17.148605538460735,62.96865187238115,0
USTEC,M1@M15,none,,48,200.0,False,0.0,5.0,False,832,0.2644230769230769,-0.09630826513060307,1.0214060350379164,-0.005551399621778603,-4.618764485319801,45.08908991453862,0
USTEC,M1@M15,none,,48,200.0,True,0.0,5.0,False,898,0.2717149220489978,-0.13843949515468013,1.0441468491551393,-0.007848403802809113,-7.047866614922583,57.60379987822691,0
